source_res,source_fps,nodes,scene,transport,effective_utilization,bandwidth_mib_s,throughput_fps,p50_latency_ms,p95_latency_ms,p99_latency_ms,deadline_misses,context_bytes,output_transport_bytes,total_transfer_bytes,avg_bytes_per_display_frame,avg_mib_s_over_clip,ingress_busy_fraction,egress_busy_fraction,link_busy_fraction,max_node_busy_fraction,required_effective_tops,available_effective_tops,compute_capacity_ratio,reconstructed_gop,authoritative_gop,stale_replays_rejected,bottleneck
360p,5,4,optimistic,owner_only,0.4,12.5,60.736793175333105,46.89322248968688,56.82996565374924,66.76670881781138,0,20556800,15000000,35556800,59261.333333333336,3.390960693359375,0.15916677692778497,0.12070518287841413,0.15916677692778497,0.09192778945399169,0.02025713664,0.8,39.49225471581753,0.342171648,0.2875392,1,HEADROOM
360p,5,4,optimistic,owner_only,0.4,25,60.902326850303524,27.539429986405935,34.959792226408354,42.63276502640838,0,20556800,15000000,35556800,59261.333333333336,3.390960693359375,0.08000329490815852,0.06295317107453767,0.08000329490815852,0.09217833190157033,0.02025713664,0.8,39.49225471581753,0.342171648,0.2875392,1,HEADROOM
360p,5,4,optimistic,owner_only,0.4,50,60.953794626203575,19.22079595320281,26.64115819320523,34.314130993205254,0,20556800,15000000,35556800,59261.333333333336,3.390960693359375,0.04023863164910427,0.033941337781352145,0.04023863164910427,0.09225623062850753,0.02025713664,0.8,39.49225471581753,0.342171648,0.2875392,1,HEADROOM
360p,5,4,optimistic,owner_only,0.4,100,60.979561149011616,15.061478936601247,22.481841176603666,30.15481397660369,0,20556800,15000000,35556800,59261.333333333336,3.390960693359375,0.020331085910043043,0.019417025215305316,0.020331085910043043,0.0922952293862592,0.02025713664,0.8,39.49225471581753,0.342171648,0.2875392,1,HEADROOM
360p,5,4,optimistic,owner_only,0.4,125,60.984717067893804,14.229615533280935,21.649977773283354,29.32295057328338,0,20556800,15000000,35556800,59261.333333333336,3.390960693359375,0.016347556904644928,0.016510689037622032,0.016510689037622032,0.09230303309469792,0.02025713664,0.8,39.49225471581753,0.342171648,0.2875392,1,HEADROOM
360p,5,4,optimistic,owner_only,0.4,200,60.99245258120373,12.981820428300466,20.402182668302885,28.07515546830291,0,20556800,15000000,35556800,59261.333333333336,3.390960693359375,0.010371000184913623,0.01215026314666122,0.01215026314666122,0.09231474113197972,0.02025713664,0.8,39.49225471581753,0.342171648,0.2875392,1,HEADROOM
360p,5,4,optimistic,owner_only,0.4,400,60.998900341508396,11.941991174150075,19.362353414152494,27.03532621415252,0,20556800,15000000,35556800,59261.333333333336,3.390960693359375,0.005389377940573353,0.008515729813865652,0.008515729813865652,0.09232450009883901,0.02025713664,0.8,39.49225471581753,0.342171648,0.2875392,1,HEADROOM
360p,5,4,optimistic,owner_only,0.4,800,61.00212473290199,11.42207654707488,18.8424387870773,26.515411587077324,0,20556800,15000000,35556800,59261.333333333336,3.390960693359375,0.002898171826859088,0.006698174966256428,0.006698174966256428,0.09232938035605463,0.02025713664,0.8,39.49225471581753,0.342171648,0.2875392,1,HEADROOM
360p,5,4,optimistic,owner_only,0.4,1600,61.00373705643275,11.162119233537283,18.5824814735397,26.255454273539726,0,20556800,15000000,35556800,59261.333333333336,3.390960693359375,0.0016524700038461557,0.0057893254838195475,0.0057893254838195475,0.09233182067814472,0.02025713664,0.8,39.49225471581753,0.342171648,0.2875392,1,HEADROOM
360p,5,4,optimistic,finishing_owner,0.4,12.5,60.09519348707326,46.89322248968688,56.82996565374924,66.76670881781138,0,20967936,16382400,37350336,62250.56,3.562005615234375,0.1606351094821255,0.1299937088452876,0.1606351094821255,0.09080299737239036,0.02025713664,3.2,157.96901886327012,0.342171648,0.2875392,1,HEADROOM
360p,5,4,optimistic,finishing_owner,0.4,25,59.040659250227556,27.539429986405935,87.44585754281434,198.08297912484522,0,40702464,89649600,130352064,217253.44,12.431341552734375,0.15356433958020638,0.3412413169540354,0.3412413169540354,0.08242430464217311,0.02025713664,3.2,157.96901886327012,0.342171648,0.2875392,1,HEADROOM
360p,5,4,optimistic,finishing_owner,0.4,50,59.459959036191485,44.61022605140579,100.12878684242241,182.01453513343768,0,41113600,225124800,266238400,443730.6666666667,25.390472412109375,0.07850495294675507,0.4302834597411444,0.4302834597411444,0.06690439005059602,0.02025713664,3.2,157.96901886327012,0.342171648,0.2875392,1,HEADROOM
360p,5,4,optimistic,finishing_owner,0.4,100,60.076348136566374,37.17725325140577,78.32012739691345,132.6465952924209,0,61670400,363364800,425035200,708392.0,40.534515380859375,0.060081831667822105,0.35177873589399905,0.35177873589399905,0.052232478684772043,0.02025713664,3.2,157.96901886327012,0.342171648,0.2875392,1,HEADROOM
360p,5,4,optimistic,finishing_owner,0.4,125,60.23393544681743,30.267926746405692,73.80910106281226,106.80340037921815,0,61670400,429720000,491390400,818984.0,46.862640380859375,0.04843087619312384,0.3339473202359094,0.3339473202359094,0.04619197528509835,0.02025713664,3.2,157.96901886327012,0.342171648,0.2875392,1,HEADROOM
360p,5,4,optimistic,finishing_owner,0.4,200,60.55299513432774,26.386930070253356,53.750164018007126,81.11339796576067,0,81404928,497457600,578862528,964770.88,55.20463256835937,0.04075710536751862,0.2442367397914206,0.2442367397914206,0.038822343126858685,0.02025713664,3.2,157.96901886327012,0.342171648,0.2875392,1,HEADROOM
360p,5,4,optimistic,finishing_owner,0.4,400,60.85525537154808,17.67626539740172,31.557882371278538,45.43949934515513,0,82227200,566577600,648804800,1081341.3333333333,61.874847412109375,0.021482404349423275,0.14187654913553824,0.14187654913553824,0.031259407053033185,0.02025713664,3.2,157.96901886327012,0.342171648,0.2875392,1,HEADROOM
360p,5,4,optimistic,finishing_owner,0.4,800,61.01836225312703,11.57337919745055,17.06623846563889,24.207046952577002,0,82227200,569342400,651569600,1085949.3333333333,62.138519287109375,0.011571365699227721,0.07390432475732507,0.07390432475732507,0.029797951096141025,0.02025713664,3.2,157.96901886327012,0.342171648,0.2875392,1,HEADROOM
360p,5,4,optimistic,finishing_owner,0.4,1600,61.1104993789009,6.873986878725077,10.644391122194065,13.59082075628794,0,82227200,634315200,716542400,1194237.3333333333,68.33480834960938,0.00659700373221863,0.0433967372435094,0.0433967372435094,0.02370610225122197,0.02025713664,3.2,157.96901886327012,0.342171648,0.2875392,1,HEADROOM
360p,5,4,optimistic,independent_au,0.4,12.5,60.64253827438925,51.566226640077616,64.84082991156174,78.11543318304575,0,20967936,20250000,41217936,68696.56,3.9308486938476563,0.16209816808520475,0.16100112739366393,0.16209816808520475,0.09163002769545832,0.02025713664,3.2,157.96901886327012,0.342171648,0.2875392,1,HEADROOM
360p,5,4,optimistic,independent_au,0.4,25,60.91110144455407,27.873215997148122,35.37905456429871,42.216356200040536,0,40702464,20250000,60952464,101587.44,5.812879943847657,0.15842934657610294,0.08329351470834231,0.15842934657610294,0.08503555423183871,0.02025713664,3.2,157.96901886327012,0.342171648,0.2875392,1,HEADROOM
360p,5,4,optimistic,independent_au,0.4,50,61.03553146488911,18.576824562147976,22.36974384572386,25.997186802149372,0,41113600,20250000,61363600,102272.66666666667,5.852088928222656,0.08058518040375391,0.04417325517092337,0.08058518040375391,0.06867722531707156,0.02025713664,3.2,157.96901886327012,0.342171648,0.2875392,1,HEADROOM
360p,5,4,optimistic,independent_au,0.4,100,61.09965683884468,12.075736319286989,14.943905278574675,17.611229316788013,0,61670400,20250000,81920400,136534.0,7.812538146972656,0.06110523377366815,0.024553818592706944,0.06110523377366815,0.05312217906832715,0.02025713664,3.2,157.96901886327012,0.342171648,0.2875392,1,HEADROOM
360p,5,4,optimistic,independent_au,0.4,125,61.11199044144157,11.227183615429567,13.436762306289893,15.830967295431037,0,61670400,20250000,81920400,136534.0,7.812538146972656,0.04913687311030921,0.02062481187660166,0.04913687311030921,0.04686533481755737,0.02025713664,3.2,157.96901886327012,0.342171648,0.2875392,1,HEADROOM
360p,5,4,optimistic,independent_au,0.4,200,61.132279610762495,8.419759999643475,10.419189057680342,12.770933119643502,0,81404928,20250000,101654928,169424.88,9.694569396972657,0.04114701107559209,0.014728755457236262,0.04114701107559209,0.03919373979621127,0.02025713664,3.2,157.96901886327012,0.342171648,0.2875392,1,HEADROOM
360p,5,4,optimistic,independent_au,0.4,400,61.14884418888978,5.984940830268556,7.692313218572053,9.953888289197494,0,82227200,20250000,102477200,170795.33333333334,9.772987365722656,0.021586043610290664,0.009812326969122152,0.021586043610290664,0.031410214280633675,0.02025713664,3.2,157.96901886327012,0.342171648,0.2875392,1,HEADROOM
360p,5,4,optimistic,independent_au,0.4,800,61.15560775492374,4.899759169285915,6.576113119911497,8.539060593973772,0,82227200,20250000,102477200,170795.33333333334,9.772987365722656,0.011597392584139441,0.007352930456866184,0.011597392584139441,0.02986497411347044,0.02025713664,3.2,157.96901886327012,0.342171648,0.2875392,1,HEADROOM
360p,5,4,optimistic,independent_au,0.4,1600,61.16031607122871,4.144474144642743,5.779185272254836,8.098145519956233,0,82227200,20250000,102477200,170795.33333333334,9.772987365722656,0.006602381546318557,0.00612316091909769,0.006602381546318557,0.023725427238157827,0.02025713664,3.2,157.96901886327012,0.342171648,0.2875392,1,HEADROOM
360p,5,4,optimistic,raw_gather,0.4,12.5,4.211603845870341,66366.8277652504,125742.0010465006,131239.2335465003,600,20967936,1866240000,1887207936,3145346.56,179.978173828125,0.01125766314442848,0.9997702628257308,0.9997702628257308,0.0063636745429961105,0.02025713664,3.2,157.96901886327012,0.342171648,0.2875392,1,INTERCONNECT
360p,5,4,optimistic,raw_gather,0.4,25,8.41066801288773,30737.001313310277,58176.001782060746,60825.57803206079,599,40702464,1866240000,1906942464,3178237.44,181.860205078125,0.0218760883640115,0.9986183256733266,0.9986183256733266,0.011741797455213325,0.02025713664,3.2,157.96901886327012,0.342171648,0.2875392,1,INTERCONNECT
360p,5,4,optimistic,raw_gather,0.4,50,16.76270141955314,12931.30795393503,24411.5681883105,25637.31631331054,599,41113600,1866240000,1907353600,3178922.6666666665,181.8994140625,0.022131785953662383,0.9958079216192954,0.9958079216192954,0.01886140408191066,0.02025713664,3.2,157.96901886327012,0.342171648,0.2875392,1,INTERCONNECT
360p,5,4,optimistic,raw_gather,0.4,100,33.29330004595841,4028.461274247482,7559.09447737251,8043.18545393505,596,61670400,1866240000,1927910400,3213184.0,183.85986328125,0.03329633892660064,0.9902454844099164,0.9902454844099164,0.028946359739495865,0.02025713664,3.2,157.96901886327012,0.342171648,0.2875392,1,INTERCONNECT
360p,5,4,optimistic,raw_gather,0.4,125,41.4730620763481,2255.0390476849816,4176.718500809962,4524.359282059961,592,61670400,1866240000,1927910400,3213184.0,183.85986328125,0.03334626435861549,0.9874930485356939,0.9874930485356939,0.031804706835393104,0.02025713664,3.2,157.96901886327012,0.342171648,0.2875392,1,INTERCONNECT
360p,5,4,optimistic,raw_gather,0.4,200,59.133455201226624,107.9558445599996,182.51355940374924,257.0712742474989,0,81404928,1866240000,1947644928,3246074.88,185.74189453125,0.03980163919283218,0.8817710581237402,0.8817710581237402,0.03791223345775187,0.02025713664,3.2,157.96901886327012,0.342171648,0.2875392,1,INTERCONNECT_HEADROOM_LOW
360p,5,4,optimistic,raw_gather,0.4,400,60.15039063336897,55.065219559999605,92.54407698187424,130.02293440374888,0,82227200,1866240000,1948467200,3247445.3333333335,185.8203125,0.021233581314752493,0.4508735828836211,0.4508735828836211,0.03089734047992384,0.02025713664,3.2,157.96901886327012,0.342171648,0.2875392,1,HEADROOM
360p,5,4,optimistic,raw_gather,0.4,800,60.67208851439423,28.61990705999949,47.55933577093674,66.49876448187388,0,82227200,1866240000,1948467200,3247445.3333333335,185.8203125,0.011505699235642644,0.22981893903240994,0.22981893903240994,0.029628850393473294,0.02025713664,3.2,157.96901886327012,0.342171648,0.2875392,1,HEADROOM
360p,5,4,optimistic,raw_gather,0.4,1600,60.93634583813254,15.397250809999491,25.06696516546799,34.73667952093638,0,82227200,1866240000,1948467200,3247445.3333333335,185.8203125,0.006578203500341871,0.11784741162416017,0.11784741162416017,0.023638544275312312,0.02025713664,3.2,157.96901886327012,0.342171648,0.2875392,1,HEADROOM
360p,5,4,median,owner_only,0.4,12.5,60.54644291687785,56.87717549280751,72.90970541281513,89.65444781280166,0,20556800,15000000,35556800,59261.333333333336,3.390960693359375,0.15866794523875863,0.12032689055251757,0.15866794523875863,0.1991734236204669,0.08514035712000001,0.8,9.396249053459455,1.443446784,1.1501568,1,HEADROOM
360p,5,4,median,owner_only,0.4,25,60.64826401384608,40.23990742640126,56.27243734640888,73.01717974639541,0,20556800,15000000,35556800,59261.333333333336,3.390960693359375,0.0796695496297512,0.06269055284573828,0.0796695496297512,0.19950837404039157,0.08514035712000001,0.8,9.396249053459455,1.443446784,1.1501568,1,HEADROOM
360p,5,4,median,owner_only,0.4,50,60.69930309499262,31.921273393198135,47.95380331320575,64.69854571319229,0,20556800,15000000,35556800,59261.333333333336,3.390960693359375,0.04007062913104919,0.03379962744032587,0.04007062913104919,0.1996762720710712,0.08514035712000001,0.8,9.396249053459455,1.443446784,1.1501568,1,HEADROOM
360p,5,4,median,owner_only,0.4,100,60.72485486341818,27.761956376596572,43.79448629660419,60.539228696590726,0,20556800,15000000,35556800,59261.333333333336,3.390960693359375,0.02024616474503869,0.019335922001758415,0.02024616474503869,0.19976032710307134,0.08514035712000001,0.8,9.396249053459455,1.443446784,1.1501568,1,HEADROOM
360p,5,4,median,owner_only,0.4,125,60.72996779880479,26.93009297327626,42.96262289328388,59.70736529327041,0,20556800,15000000,35556800,59261.333333333336,3.390960693359375,0.01627926884210931,0.01644171952908422,0.01644171952908422,0.19977714660223006,0.08514035712000001,0.8,9.396249053459455,1.443446784,1.1501568,1,HEADROOM
360p,5,4,median,owner_only,0.4,200,60.737638816467225,25.68229786829579,41.71482778830341,58.459570188289945,0,20556800,15000000,35556800,59261.333333333336,3.390960693359375,0.010327672305981679,0.012099501877620301,0.012099501877620301,0.1998023811622946,0.08514035712000001,0.8,9.396249053459455,1.443446784,1.1501568,1,HEADROOM
360p,5,4,median,owner_only,0.4,400,60.74403281168731,24.6424686141454,40.67499853415302,57.419740934139554,0,20556800,15000000,35556800,59261.333333333336,3.390960693359375,0.005366859871636108,0.008480149122900198,0.008480149122900198,0.19982341483260196,0.08514035712000001,0.8,9.396249053459455,1.443446784,1.1501568,1,HEADROOM
360p,5,4,median,owner_only,0.4,800,60.74723031415721,24.122553987070205,40.155083907077824,56.89982630706436,0,20556800,15000000,35556800,59261.333333333336,3.390960693359375,0.0028860619564822073,0.00667018696711459,0.00667018696711459,0.19983393332854132,0.08514035712000001,0.8,9.396249053459455,1.443446784,1.1501568,1,HEADROOM
360p,5,4,median,owner_only,0.4,1600,60.748829191630364,23.862596673532607,39.895126593540226,56.63986899352676,0,20556800,15000000,35556800,59261.333333333336,3.390960693359375,0.0016455650563682541,0.005765134431452358,0.005765134431452358,0.1998391929917839,0.08514035712000001,0.8,9.396249053459455,1.443446784,1.1501568,1,HEADROOM
360p,5,4,median,finishing_owner,0.4,12.5,56.43850034153665,56.87717549280751,176.36746819843938,502.7104613624924,11,40702464,91032000,131734464,219557.44,12.563177490234375,0.2928472969057539,0.6578086340905781,0.6578086340905781,0.1684010571709925,0.08514035712000001,3.2,37.58499621383782,1.443446784,1.1501568,1,BURST_OR_PER_FRAME_LATENCY
360p,5,4,median,finishing_owner,0.4,25,52.03538483504841,653.4184955991241,1202.9697541440291,1513.4756672299627,555,41524736,291480000,333004736,555007.8933333333,31.757806396484376,0.13807094758806518,0.968472139901887,0.968472139901887,0.11605234779809623,0.08514035712000001,3.2,37.58499621383782,1.443446784,1.1501568,1,INTERCONNECT
360p,5,4,median,finishing_owner,0.4,50,58.82658660412861,74.15426586281137,182.40720165382754,264.2929499448419,0,61670400,429720000,491390400,818984.0,46.862640380859375,0.11649522393699524,0.808302648799453,0.808302648799453,0.09843377551385007,0.08514035712000001,3.2,37.58499621383782,1.443446784,1.1501568,1,INTERCONNECT_HEADROOM_LOW
360p,5,4,median,finishing_owner,0.4,100,59.82665206316587,52.49361950050661,106.82008739601497,161.1465552915215,0,81404928,500222400,581627328,969378.88,55.46830444335937,0.07897296461704094,0.4804571291330298,0.4804571291330298,0.08307688034813415,0.08514035712000001,3.2,37.58499621383782,1.443446784,1.1501568,1,HEADROOM
360p,5,4,median,finishing_owner,0.4,125,60.093213269436006,53.594295159686226,97.13546947609302,140.676643792498,0,81816064,566577600,648393664,1080656.1066666667,61.835638427734374,0.06409612549052353,0.43774340766484887,0.43774340766484887,0.06734710831030302,0.08514035712000001,3.2,37.58499621383782,1.443446784,1.1501568,1,HEADROOM
360p,5,4,median,finishing_owner,0.4,200,60.500452475029014,34.99229015480341,62.355524102557865,89.7187580503105,0,82227200,566577600,648804800,1081341.3333333333,61.874847412109375,0.04112516681457476,0.2772587033731022,0.2772587033731022,0.0678035056536154,0.08514035712000001,3.2,37.58499621383782,1.443446784,1.1501568,1,HEADROOM
360p,5,4,median,finishing_owner,0.4,400,60.82372985330002,22.78651775490107,36.66813472877857,47.25385326515425,0,82227200,634315200,716542400,1194237.3333333333,68.33480834960938,0.021471275582873945,0.158174672885939,0.158174672885939,0.05153067050303251,0.08514035712000001,3.2,37.58499621383782,1.443446784,1.1501568,1,HEADROOM
360p,5,4,median,finishing_owner,0.4,800,61.00710553673421,13.387733117449898,20.52854160438892,26.021400872576123,0,82227200,635697600,717924800,1196541.3333333333,68.46664428710938,0.011569231004405638,0.08193361978083454,0.08193361978083454,0.05134551272481881,0.08514035712000001,3.2,37.58499621383782,1.443446784,1.1501568,1,HEADROOM
360p,5,4,median,finishing_owner,0.4,1600,61.08412437116998,9.18576080582352,13.391484881081851,17.16469971353399,0,82227200,635697600,717924800,1196541.3333333333,68.46664428710938,0.0065941564960447065,0.04346189369244853,0.04346189369244853,0.05141033421583662,0.08514035712000001,3.2,37.58499621383782,1.443446784,1.1501568,1,HEADROOM
360p,5,4,median,independent_au,0.4,12.5,60.51070814157987,59.388728753436226,76.95486644874927,94.5210041440605,0,40702464,27000000,67702464,112837.44,6.456610107421875,0.3139771114731959,0.21258788625117006,0.3139771114731959,0.180551700692655,0.08514035712000001,3.2,37.58499621383782,1.443446784,1.1501568,1,HEADROOM
360p,5,4,median,independent_au,0.4,25,60.807430346017114,38.46936351906152,47.45243236671831,56.43550121437329,0,41524736,27000000,68524736,114207.89333333333,6.535028076171875,0.16134673655021967,0.10924746664946752,0.16134673655021967,0.1356162749174357,0.08514035712000001,3.2,37.58499621383782,1.443446784,1.1501568,1,HEADROOM
360p,5,4,median,independent_au,0.4,50,60.96185715890409,25.60484615976202,31.11600143953183,36.589998484525495,0,61670400,27000000,88670400,147784.0,8.456268310546875,0.12072373413627958,0.057200930280298254,0.12072373413627958,0.10200669644268999,0.08514035712000001,3.2,37.58499621383782,1.443446784,1.1501568,1,HEADROOM
360p,5,4,median,independent_au,0.4,100,61.029932739892075,17.9058457998799,21.70368519976637,26.339330109882866,0,81404928,27000000,108404928,180674.88,10.338299560546876,0.0805613309893918,0.031073600342907685,0.0805613309893918,0.08474778790117693,0.08514035712000001,3.2,37.58499621383782,1.443446784,1.1501568,1,HEADROOM
360p,5,4,median,independent_au,0.4,125,61.041024410825365,16.639146233905194,19.98809471390632,23.760365947809987,0,81816064,27000000,108816064,181360.10666666666,10.377508544921875,0.06510707196109122,0.025840054554849556,0.06510707196109122,0.06840933041699351,0.08514035712000001,3.2,37.58499621383782,1.443446784,1.1501568,1,HEADROOM
360p,5,4,median,independent_au,0.4,200,61.06386898198604,12.381871379939184,16.025396581133464,21.120217558687727,0,82227200,27000000,109227200,182045.33333333334,10.416717529296875,0.04150814903845575,0.017987994307975208,0.04150814903845575,0.06843493257278709,0.08514035712000001,3.2,37.58499621383782,1.443446784,1.1501568,1,HEADROOM
360p,5,4,median,independent_au,0.4,400,61.078265604321686,10.065859148719028,13.762819758096157,17.992255369967097,0,82227200,27000000,109227200,182045.33333333334,10.416717529296875,0.02156112879097317,0.011439248233062242,0.02156112879097317,0.051746316566645745,0.08514035712000001,3.2,37.58499621383782,1.443446784,1.1501568,1,HEADROOM
360p,5,4,median,independent_au,0.4,800,61.08862637324255,8.541878054358676,11.890826534360713,17.448498884981746,0,82227200,27000000,109227200,182045.33333333334,10.416717529296875,0.011584690406731641,0.008164139397173635,0.011584690406731641,0.051414123243404324,0.08514035712000001,3.2,37.58499621383782,1.443446784,1.1501568,1,HEADROOM
360p,5,4,median,independent_au,0.4,1600,61.094226013893426,7.7798875071785005,11.128835987180537,17.17662064248907,0,82227200,27000000,109227200,182045.33333333334,10.416717529296875,0.006595246989092962,0.006526212918834894,0.006595246989092962,0.05141883607837272,0.08514035712000001,3.2,37.58499621383782,1.443446784,1.1501568,1,HEADROOM
360p,5,4,median,raw_gather,0.4,12.5,4.2115637961536985,66368.18251725039,125743.35579850062,131240.5882985003,600,40702464,1866240000,1906942464,3178237.44,181.860205078125,0.02185290300036639,0.9997607556362609,0.9997607556362609,0.012566453596808146,0.08514035712000001,3.2,37.58499621383782,1.443446784,1.1501568,1,INTERCONNECT
360p,5,4,median,raw_gather,0.4,25,8.410454108007457,30738.815667230272,58177.81613598074,60827.392385980784,599,41524736,1866240000,1907764736,3179607.8933333335,181.938623046875,0.022316340544413015,0.9985929282455522,0.9985929282455522,0.018757484899486872,0.08514035712000001,3.2,37.58499621383782,1.443446784,1.1501568,1,INTERCONNECT
360p,5,4,median,raw_gather,0.4,50,16.761851776008257,12933.122307855032,24413.3825422305,25639.130667230544,599,61670400,1866240000,1927910400,3213184.0,183.85986328125,0.033193761341028735,0.9957574475488357,0.9957574475488357,0.028047392346919366,0.08514035712000001,3.2,37.58499621383782,1.443446784,1.1501568,1,INTERCONNECT
360p,5,4,median,raw_gather,0.4,100,33.28994853436923,4030.275628167481,7560.908831292509,8044.999807855049,596,81404928,1866240000,1947644928,3246074.88,185.74189453125,0.04394372469534334,0.9901458001126991,0.9901458001126991,0.046227307994192106,0.08514035712000001,3.2,37.58499621383782,1.443446784,1.1501568,1,INTERCONNECT
360p,5,4,median,raw_gather,0.4,125,41.46786153566105,2256.8534016049816,4178.532854729963,4526.173635979962,592,81816064,1866240000,1948056064,3246760.1066666665,185.781103515625,0.044230107065438506,0.9873692212241819,0.9873692212241819,0.046473476958490904,0.08514035712000001,3.2,37.58499621383782,1.443446784,1.1501568,1,INTERCONNECT
360p,5,4,median,raw_gather,0.4,200,59.122883141276716,109.77019847999873,184.32791332374927,258.885628167498,0,82227200,1866240000,1948467200,3247445.3333333335,185.8203125,0.040188764418698654,0.8816134123975291,0.8816134123975291,0.06625964893373594,0.08514035712000001,3.2,37.58499621383782,1.443446784,1.1501568,1,INTERCONNECT_HEADROOM_LOW
360p,5,4,median,raw_gather,0.4,400,60.13945185874431,56.879573479998726,94.35843090187427,131.837288323748,0,82227200,1866240000,1948467200,3247445.3333333335,185.8203125,0.021229719837577852,0.45079158832871563,0.45079158832871563,0.050950941111971286,0.08514035712000001,3.2,37.58499621383782,1.443446784,1.1501568,1,HEADROOM
360p,5,4,median,raw_gather,0.4,800,60.66095918554577,30.434260979998726,49.37368969093677,68.313118401873,0,82227200,1866240000,1948467200,3247445.3333333335,185.8203125,0.01150358869826771,0.22977678240634478,0.22977678240634478,0.051054184989742214,0.08514035712000001,3.2,37.58499621383782,1.443446784,1.1501568,1,HEADROOM
360p,5,4,median,raw_gather,0.4,1600,60.9251193595267,17.211604729998726,26.88131908546802,36.5510334409355,0,82227200,1866240000,1948467200,3247445.3333333335,185.8203125,0.006576991578953318,0.11782570025589291,0.11782570025589291,0.05127651056075887,0.08514035712000001,3.2,37.58499621383782,1.443446784,1.1501568,1,HEADROOM
360p,5,4,adversarial,owner_only,0.4,12.5,59.79015350254987,95.5018001328117,137.5628945328117,181.89665453281123,0,20556800,15000000,35556800,59261.333333333336,3.390960693359375,0.1566860139873722,0.11882387981894228,0.1566860139873722,0.5188208777253736,0.3042164736,0.8,2.6297063749804774,5.1757056,3.9105331199999998,1,HEADROOM
360p,5,4,adversarial,owner_only,0.4,25,59.889444693175456,78.86453206640545,120.92562646640545,165.25938646640498,0,20556800,15000000,35556800,59261.333333333336,3.390960693359375,0.07867273967135932,0.06190618080316823,0.07867273967135932,0.5196824634489923,0.3042164736,0.8,2.6297063749804774,5.1757056,3.9105331199999998,1,HEADROOM
360p,5,4,adversarial,owner_only,0.4,50,59.93921405803192,70.54589803320232,112.60699243320232,156.94075243320185,0,20556800,15000000,35556800,59261.333333333336,3.390960693359375,0.039568856551239436,0.03337638162100332,0.039568856551239436,0.520114330304085,0.3042164736,0.8,2.6297063749804774,5.1757056,3.9105331199999998,1,HEADROOM
360p,5,4,adversarial,owner_only,0.4,100,59.96412977288164,66.38658101660076,108.44767541660076,152.7814354166003,0,20556800,15000000,35556800,59261.333333333336,3.390960693359375,0.019992532759530803,0.019093692999342864,0.019992532759530803,0.5203305330112237,0.3042164736,0.8,2.6297063749804774,5.1757056,3.9105331199999998,1,HEADROOM
360p,5,4,adversarial,owner_only,0.4,125,59.9691154017479,65.55471761328045,107.61581201328045,151.94957201327998,0,20556800,15000000,35556800,59261.333333333336,3.390960693359375,0.016075314827809696,0.016235730259389812,0.016235730259389812,0.5203737951236765,0.3042164736,0.8,2.6297063749804774,5.1757056,3.9105331199999998,1,HEADROOM
360p,5,4,adversarial,owner_only,0.4,200,59.976595399701424,64.30692250829998,106.36801690829998,150.7017769082995,0,20556800,15000000,35556800,59261.333333333336,3.390960693359375,0.01019826643555046,0.011947894959249087,0.011947894959249087,0.5204387017826546,0.3042164736,0.8,2.6297063749804774,5.1757056,3.9105331199999998,1,HEADROOM
360p,5,4,adversarial,owner_only,0.4,400,59.98283015687343,63.267093254149586,105.32818765414959,149.66194765414912,0,20556800,15000000,35556800,59261.333333333336,3.390960693359375,0.00529960605602317,0.008373881696672823,0.008373881696672823,0.5204928030350999,0.3042164736,0.8,2.6297063749804774,5.1757056,3.9105331199999998,1,HEADROOM
360p,5,4,adversarial,owner_only,0.4,800,59.98594802157678,62.74717862707439,104.80827302707439,149.14203302707392,0,20556800,15000000,35556800,59261.333333333336,3.390960693359375,0.0028498939229538063,0.0065865964033966305,0.0065865964033966305,0.5205198578795392,0.3042164736,0.8,2.6297063749804774,5.1757056,3.9105331199999998,1,HEADROOM
360p,5,4,adversarial,owner_only,0.4,1600,59.9875070754799,62.48722131353679,104.5483157135368,148.88207571353632,0,20556800,15000000,35556800,59261.333333333336,3.390960693359375,0.0016249423532207479,0.005692884078587122,0.005692884078587122,0.520533386356505,0.3042164736,0.8,2.6297063749804774,5.1757056,3.9105331199999998,1,HEADROOM
360p,5,4,adversarial,finishing_owner,0.4,12.5,26.334756164570745,6027.5675731288875,11624.534543343936,12549.780002328363,590,41524736,294244800,335769536,559615.8933333333,32.021478271484376,0.13940241453630742,0.9874259257839175,0.9874259257839175,0.14990331421987255,0.3042164736,3.2,10.51882549992191,5.1757056,3.9105331199999998,1,INTERCONNECT
360p,5,4,adversarial,finishing_owner,0.4,25,35.83338773339263,3300.2601113749824,6184.172215867149,6727.021080613249,590,61670400,431102400,492772800,821288.0,46.994476318359375,0.1412109639438272,0.9850151245401513,0.9850151245401513,0.15168262478195663,0.3042164736,3.2,10.51882549992191,5.1757056,3.9105331199999998,1,INTERCONNECT
360p,5,4,adversarial,finishing_owner,0.4,50,54.11765731560288,540.8106289531115,964.1744363261387,1178.1446475077737,562,81816064,566577600,648393664,1080656.1066666667,61.835638427734374,0.14217408301206175,0.9790434501465571,0.9790434501465571,0.16054404292631935,0.3042164736,3.2,10.51882549992191,5.1757056,3.9105331199999998,1,INTERCONNECT
360p,5,4,adversarial,finishing_owner,0.4,100,59.791857026176864,84.6970290996087,125.83990324511615,180.1663711406236,0,82227200,567960000,650187200,1083645.3333333333,62.006683349609375,0.07971646570760789,0.5445532065502483,0.5445532065502483,0.16562242606593536,0.3042164736,3.2,10.51882549992191,5.1757056,3.9105331199999998,1,HEADROOM
360p,5,4,adversarial,finishing_owner,0.4,125,59.996680794675775,69.65897367968682,102.65327299609271,146.1944473124986,0,82227200,569342400,651569600,1085949.3333333333,62.138519287109375,0.06430681734434837,0.4391494841644302,0.4391494841644302,0.16530315826870828,0.3042164736,3.2,10.51882549992191,5.1757056,3.9105331199999998,1,HEADROOM
360p,5,4,adversarial,finishing_owner,0.4,200,60.42666785744048,47.10189054980401,74.46512449755755,95.2365615703111,0,82227200,634315200,716542400,1194237.3333333333,68.33480834960938,0.041075011739983694,0.30945005943463905,0.30945005943463905,0.13527526508196072,0.3042164736,3.2,10.51882549992191,5.1757056,3.9105331199999998,1,HEADROOM
360p,5,4,adversarial,finishing_owner,0.4,400,60.78972677609654,28.304321274901667,42.18593824877826,52.771656785154846,0,82227200,635697600,717924800,1196541.3333333333,68.46664428710938,0.021459272217689625,0.15842017439311495,0.15842017439311495,0.13541994571884167,0.3042164736,3.2,10.51882549992191,5.1757056,3.9105331199999998,1,HEADROOM
360p,5,4,adversarial,finishing_owner,0.4,800,60.87147498743444,22.38923169164991,31.99109656455039,46.09929515988733,0,82227200,635697600,717924800,1196541.3333333333,68.46664428710938,0.011543510374942917,0.0817514655586464,0.0817514655586464,0.1356020544225502,0.3042164736,3.2,10.51882549992191,5.1757056,3.9105331199999998,1,HEADROOM
360p,5,4,adversarial,finishing_owner,0.4,1600,60.88422463817324,20.221367845824716,29.08811984582462,44.280194779943486,0,82227200,635697600,717924800,1196541.3333333333,68.46664428710938,0.006572576909917084,0.04331966326786453,0.04331966326786453,0.13563045654084463,0.3042164736,3.2,10.51882549992191,5.1757056,3.9105331199999998,1,HEADROOM
360p,5,4,adversarial,independent_au,0.4,12.5,60.102443933710106,90.12237909374926,119.1326085859364,148.14283807812353,0,41524736,45000000,86524736,144207.89333333334,8.251641845703125,0.3181508783120643,0.34871713831164974,0.34871713831164974,0.34211653535255254,0.3042164736,3.2,10.51882549992191,5.1757056,3.9105331199999998,1,HEADROOM
360p,5,4,adversarial,independent_au,0.4,25,60.568137570343204,59.098556199218365,73.84735409765563,88.55246884374901,0,61670400,45000000,106670400,177784.0,10.172882080078125,0.238684802961574,0.17813228258581654,0.238684802961574,0.2563847480226643,0.3042164736,3.2,10.51882549992191,5.1757056,3.9105331199999998,1,HEADROOM
360p,5,4,adversarial,independent_au,0.4,50,60.752088077481375,42.06445097460892,51.114003974218576,61.687865224608686,0,81816064,45000000,126816064,211360.10666666666,12.094122314453125,0.15960359043468145,0.09176672614751594,0.15960359043468145,0.18022557368466627,0.3042164736,3.2,10.51882549992191,5.1757056,3.9105331199999998,1,HEADROOM
360p,5,4,adversarial,independent_au,0.4,100,60.823607897103194,30.531455049804208,39.398207049804114,52.26585748730395,0,82227200,45000000,127227200,212045.33333333334,12.133331298828125,0.08109202982305233,0.04837032314374174,0.08109202982305233,0.1684803584138745,0.3042164736,3.2,10.51882549992191,5.1757056,3.9105331199999998,1,HEADROOM
360p,5,4,adversarial,independent_au,0.4,125,60.83031634249947,28.03586483984327,37.554821429686854,48.98608758984301,0,82227200,45000000,127227200,212045.33333333334,12.133331298828125,0.06520034092257958,0.03967381152022532,0.06520034092257958,0.16759999514493346,0.3042164736,3.2,10.51882549992191,5.1757056,3.9105331199999998,1,HEADROOM
360p,5,4,adversarial,independent_au,0.4,200,60.85484460863034,24.292479524901864,33.36464301230444,46.81183708740173,0,82227200,45000000,127227200,212045.33333333334,12.133331298828125,0.04136606477510064,0.026631775943244763,0.04136606477510064,0.13623381079650831,0.3042164736,3.2,10.51882549992191,5.1757056,3.9105331199999998,1,HEADROOM
360p,5,4,adversarial,independent_au,0.4,400,60.87856059032176,21.172991762450692,30.0397437624506,45.652798543700555,0,82227200,45000000,127227200,212045.33333333334,12.133331298828125,0.02149063128282601,0.015756219782495473,0.02149063128282601,0.13561783886523934,0.3042164736,3.2,10.51882549992191,5.1757056,3.9105331199999998,1,HEADROOM
360p,5,4,adversarial,independent_au,0.4,800,60.885827023182664,19.613247881225107,28.479999881225012,44.510950585912724,0,82227200,45000000,127227200,212045.33333333334,12.133331298828125,0.011546232058187743,0.010314483299213549,0.011546232058187743,0.1356340261389084,0.3042164736,3.2,10.51882549992191,5.1757056,3.9105331199999998,1,HEADROOM
360p,5,4,adversarial,independent_au,0.4,1600,60.889131547548786,18.833375940612314,27.70012794061222,43.48602249295618,0,82227200,45000000,127227200,212045.33333333334,12.133331298828125,0.006573106620847172,0.007593086816234079,0.007593086816234079,0.1356413875556151,0.3042164736,3.2,10.51882549992191,5.1757056,3.9105331199999998,1,HEADROOM
360p,5,4,adversarial,raw_gather,0.4,12.5,4.211446811751622,66372.1398676504,125747.3131489006,131244.5456489003,600,41524736,1866240000,1907764736,3179607.8933333335,181.938623046875,0.022293194992222525,0.9997329853305316,0.9997329853305316,0.023972495921249934,0.3042164736,3.2,10.51882549992191,5.1757056,3.9105331199999998,1,INTERCONNECT
360p,5,4,adversarial,raw_gather,0.4,25,8.409803648474508,30744.333470750273,58183.333939500735,60832.91018950078,599,61670400,1866240000,1927910400,3213184.0,183.85986328125,0.03314106075080178,0.9985156976606906,0.9985156976606906,0.03559867408553045,0.3042164736,3.2,10.51882549992191,5.1757056,3.9105331199999998,1,INTERCONNECT
360p,5,4,adversarial,raw_gather,0.4,50,16.759268373761245,12938.640111375029,24418.900345750495,25644.648470750537,599,81816064,1866240000,1948056064,3246760.1066666665,185.781103515625,0.04402876493889873,0.9956039775109276,0.9956039775109276,0.049717612229956853,0.3042164736,3.2,10.51882549992191,5.1757056,3.9105331199999998,1,INTERCONNECT
360p,5,4,adversarial,raw_gather,0.4,100,33.279760080298985,4035.7934316874816,7566.426634812509,8050.5176113750495,597,82227200,1866240000,1948467200,3247445.3333333335,185.8203125,0.044369668131182365,0.9898427640477174,0.9898427640477174,0.09218436886779229,0.3042164736,3.2,10.51882549992191,5.1757056,3.9105331199999998,1,INTERCONNECT
360p,5,4,adversarial,raw_gather,0.4,125,41.45205369050294,2262.3712051249813,4184.050658249962,4531.69143949996,594,82227200,1866240000,1948467200,3247445.3333333335,185.8203125,0.04442995195593969,0.9869928290210398,0.9869928290210398,0.1142089079096568,0.3042164736,3.2,10.51882549992191,5.1757056,3.9105331199999998,1,INTERCONNECT
360p,5,4,adversarial,raw_gather,0.4,200,59.09075466550344,115.28800199999932,189.84571684374896,264.4034316874986,0,82227200,1866240000,1948467200,3247445.3333333335,185.8203125,0.04016692509565856,0.8811343272505155,0.8811343272505155,0.13228459858365044,0.3042164736,3.2,10.51882549992191,5.1757056,3.9105331199999998,1,INTERCONNECT_HEADROOM_LOW
360p,5,4,adversarial,raw_gather,0.4,400,60.10620935038804,62.397376999999324,99.87623442187396,137.3550918437486,0,82227200,1866240000,1948467200,3247445.3333333335,185.8203125,0.021217984959435637,0.45054241008250956,0.45054241008250956,0.13389728888854768,0.3042164736,3.2,10.51882549992191,5.1757056,3.9105331199999998,1,HEADROOM
360p,5,4,adversarial,raw_gather,0.4,800,60.62713780581697,35.952064499999324,54.89149321093646,73.8309219218736,0,82227200,1866240000,1948467200,3247445.3333333335,185.8203125,0.011497174898571303,0.22964867088428895,0.22964867088428895,0.13505774982329438,0.3042164736,3.2,10.51882549992191,5.1757056,3.9105331199999998,1,HEADROOM
360p,5,4,adversarial,raw_gather,0.4,1600,60.864088069256795,23.86038876562452,33.53010312109291,45.29526188046839,0,82227200,1866240000,1948467200,3247445.3333333335,185.8203125,0.006570403126006856,0.11770766922716178,0.11770766922716178,0.13558559874637433,0.3042164736,3.2,10.51882549992191,5.1757056,3.9105331199999998,1,HEADROOM
360p,5,8,optimistic,owner_only,0.4,12.5,60.736793175333105,46.89322248968688,56.82996565374924,66.76670881781138,0,20556800,15000000,35556800,59261.333333333336,3.390960693359375,0.15916677692778497,0.12070518287841413,0.15916677692778497,0.09192778945399169,0.02025713664,0.8,39.49225471581753,0.342171648,0.2875392,1,HEADROOM
360p,5,8,optimistic,owner_only,0.4,25,60.902326850303524,27.539429986405935,34.959792226408354,42.63276502640838,0,20556800,15000000,35556800,59261.333333333336,3.390960693359375,0.08000329490815852,0.06295317107453767,0.08000329490815852,0.09217833190157033,0.02025713664,0.8,39.49225471581753,0.342171648,0.2875392,1,HEADROOM
360p,5,8,optimistic,owner_only,0.4,50,60.953794626203575,19.22079595320281,26.64115819320523,34.314130993205254,0,20556800,15000000,35556800,59261.333333333336,3.390960693359375,0.04023863164910427,0.033941337781352145,0.04023863164910427,0.09225623062850753,0.02025713664,0.8,39.49225471581753,0.342171648,0.2875392,1,HEADROOM
360p,5,8,optimistic,owner_only,0.4,100,60.979561149011616,15.061478936601247,22.481841176603666,30.15481397660369,0,20556800,15000000,35556800,59261.333333333336,3.390960693359375,0.020331085910043043,0.019417025215305316,0.020331085910043043,0.0922952293862592,0.02025713664,0.8,39.49225471581753,0.342171648,0.2875392,1,HEADROOM
360p,5,8,optimistic,owner_only,0.4,125,60.984717067893804,14.229615533280935,21.649977773283354,29.32295057328338,0,20556800,15000000,35556800,59261.333333333336,3.390960693359375,0.016347556904644928,0.016510689037622032,0.016510689037622032,0.09230303309469792,0.02025713664,0.8,39.49225471581753,0.342171648,0.2875392,1,HEADROOM
360p,5,8,optimistic,owner_only,0.4,200,60.99245258120373,12.981820428300466,20.402182668302885,28.07515546830291,0,20556800,15000000,35556800,59261.333333333336,3.390960693359375,0.010371000184913623,0.01215026314666122,0.01215026314666122,0.09231474113197972,0.02025713664,0.8,39.49225471581753,0.342171648,0.2875392,1,HEADROOM
360p,5,8,optimistic,owner_only,0.4,400,60.998900341508396,11.941991174150075,19.362353414152494,27.03532621415252,0,20556800,15000000,35556800,59261.333333333336,3.390960693359375,0.005389377940573353,0.008515729813865652,0.008515729813865652,0.09232450009883901,0.02025713664,0.8,39.49225471581753,0.342171648,0.2875392,1,HEADROOM
360p,5,8,optimistic,owner_only,0.4,800,61.00212473290199,11.42207654707488,18.8424387870773,26.515411587077324,0,20556800,15000000,35556800,59261.333333333336,3.390960693359375,0.002898171826859088,0.006698174966256428,0.006698174966256428,0.09232938035605463,0.02025713664,0.8,39.49225471581753,0.342171648,0.2875392,1,HEADROOM
360p,5,8,optimistic,owner_only,0.4,1600,61.00373705643275,11.162119233537283,18.5824814735397,26.255454273539726,0,20556800,15000000,35556800,59261.333333333336,3.390960693359375,0.0016524700038461557,0.0057893254838195475,0.0057893254838195475,0.09233182067814472,0.02025713664,0.8,39.49225471581753,0.342171648,0.2875392,1,HEADROOM
360p,5,8,optimistic,finishing_owner,0.4,12.5,60.09519348707326,46.89322248968688,56.82996565374924,66.76670881781138,0,20967936,16382400,37350336,62250.56,3.562005615234375,0.1606351094821255,0.1299937088452876,0.1606351094821255,0.09080299737239036,0.02025713664,6.4,315.93803772654024,0.342171648,0.2875392,1,HEADROOM
360p,5,8,optimistic,finishing_owner,0.4,25,59.040659250227556,27.539429986405935,87.44585754281434,198.08297912484522,0,40702464,89649600,130352064,217253.44,12.431341552734375,0.15356433958020638,0.3412413169540354,0.3412413169540354,0.08242430464217311,0.02025713664,6.4,315.93803772654024,0.342171648,0.2875392,1,HEADROOM
360p,5,8,optimistic,finishing_owner,0.4,50,59.459959036191485,44.61022605140579,100.12878684242241,182.01453513343768,0,41113600,225124800,266238400,443730.6666666667,25.390472412109375,0.07850495294675507,0.4302834597411444,0.4302834597411444,0.06690439005059602,0.02025713664,6.4,315.93803772654024,0.342171648,0.2875392,1,HEADROOM
360p,5,8,optimistic,finishing_owner,0.4,100,60.076348136566374,37.17725325140577,78.32012739691345,132.6465952924209,0,61670400,363364800,425035200,708392.0,40.534515380859375,0.060081831667822105,0.35177873589399905,0.35177873589399905,0.052232478684772043,0.02025713664,6.4,315.93803772654024,0.342171648,0.2875392,1,HEADROOM
360p,5,8,optimistic,finishing_owner,0.4,125,60.23393544681743,30.267926746405692,73.80910106281226,106.80340037921815,0,61670400,429720000,491390400,818984.0,46.862640380859375,0.04843087619312384,0.3339473202359094,0.3339473202359094,0.04619197528509835,0.02025713664,6.4,315.93803772654024,0.342171648,0.2875392,1,HEADROOM
360p,5,8,optimistic,finishing_owner,0.4,200,60.5127387278778,26.386930070253356,53.750164018007126,81.11339796576067,0,82227200,498840000,581067200,968445.3333333334,55.414886474609375,0.041141586756912894,0.2447391808831518,0.2447391808831518,0.03864176266998552,0.02025713664,6.4,315.93803772654024,0.342171648,0.2875392,1,HEADROOM
360p,5,8,optimistic,finishing_owner,0.4,400,60.81459620401779,17.67626539740172,31.557882371278538,48.73539778265513,0,102784000,569342400,672126400,1120210.6666666667,64.09896850585938,0.026841145621811478,0.14244988639190748,0.14244988639190748,0.030927435904916485,0.02025713664,6.4,315.93803772654024,0.342171648,0.2875392,1,HEADROOM
360p,5,8,optimistic,finishing_owner,0.4,800,60.99791673504828,11.57337919745055,18.71418768438889,27.502945390077002,0,142664192,637080000,779744192,1299573.6533333333,74.36220092773438,0.02007125976077883,0.08208881483999553,0.08208881483999553,0.023376086601725653,0.02025713664,6.4,315.93803772654024,0.342171648,0.2875392,1,HEADROOM
360p,5,8,optimistic,finishing_owner,0.4,1600,61.10024400847494,6.873986878725077,11.468365731569065,15.23876997503794,0,163220992,703435200,866656192,1444426.9866666666,82.65077514648438,0.013100634935977082,0.04758487534799972,0.04758487534799972,0.015914173073821425,0.02025713664,6.4,315.93803772654024,0.342171648,0.2875392,1,HEADROOM
360p,5,8,optimistic,independent_au,0.4,12.5,60.64253827438925,51.566226640077616,64.84082991156174,78.11543318304575,0,20967936,20250000,41217936,68696.56,3.9308486938476563,0.16209816808520475,0.16100112739366393,0.16209816808520475,0.09163002769545832,0.02025713664,6.4,315.93803772654024,0.342171648,0.2875392,1,HEADROOM
360p,5,8,optimistic,independent_au,0.4,25,60.91110144455407,27.873215997148122,35.37905456429871,42.216356200040536,0,40702464,20250000,60952464,101587.44,5.812879943847657,0.15842934657610294,0.08329351470834231,0.15842934657610294,0.08503555423183871,0.02025713664,6.4,315.93803772654024,0.342171648,0.2875392,1,HEADROOM
360p,5,8,optimistic,independent_au,0.4,50,61.03553146488911,18.576824562147976,22.36974384572386,25.997186802149372,0,41113600,20250000,61363600,102272.66666666667,5.852088928222656,0.08058518040375391,0.04417325517092337,0.08058518040375391,0.06867722531707156,0.02025713664,6.4,315.93803772654024,0.342171648,0.2875392,1,HEADROOM
360p,5,8,optimistic,independent_au,0.4,100,61.09965683884468,12.075736319286989,14.943905278574675,17.611229316788013,0,61670400,20250000,81920400,136534.0,7.812538146972656,0.06110523377366815,0.024553818592706944,0.06110523377366815,0.05312217906832715,0.02025713664,6.4,315.93803772654024,0.342171648,0.2875392,1,HEADROOM
360p,5,8,optimistic,independent_au,0.4,125,61.11199044144157,11.227183615429567,13.436762306289893,15.830967295431037,0,61670400,20250000,81920400,136534.0,7.812538146972656,0.04913687311030921,0.02062481187660166,0.04913687311030921,0.04686533481755737,0.02025713664,6.4,315.93803772654024,0.342171648,0.2875392,1,HEADROOM
360p,5,8,optimistic,independent_au,0.4,200,61.13703749089354,8.419759999643475,10.419189057680342,12.500658437144011,0,82227200,20250000,102477200,170795.33333333334,9.772987365722656,0.04156603691833011,0.014729901785385503,0.04156603691833011,0.03904042260742619,0.02025713664,6.4,315.93803772654024,0.342171648,0.2875392,1,HEADROOM
360p,5,8,optimistic,independent_au,0.4,400,61.16136655645874,5.984940830268556,7.378409538393498,9.037099366518618,0,102784000,20250000,123034000,205056.66666666666,11.733436584472656,0.026994196272611976,0.009814336386743104,0.026994196272611976,0.03110378695414263,0.02025713664,6.4,315.93803772654024,0.342171648,0.2875392,1,HEADROOM
360p,5,8,optimistic,independent_au,0.4,800,61.1761087284308,4.505389218660639,5.534595390357936,6.8287236799108655,0,142664192,20250000,162914192,271523.6533333333,15.536708068847656,0.020129893530223885,0.007355395353186068,0.020129893530223885,0.02344437469568035,0.02025713664,6.4,315.93803772654024,0.342171648,0.2875392,1,HEADROOM
360p,5,8,optimistic,independent_au,0.4,1600,61.182887508088726,3.5944784075671805,4.34470727986627,5.454129119911158,0,163220992,20250000,183470992,305784.9866666667,17.497157287597656,0.013118354706754458,0.006125420693882179,0.013118354706754458,0.0159356984044911,0.02025713664,6.4,315.93803772654024,0.342171648,0.2875392,1,HEADROOM
360p,5,8,optimistic,raw_gather,0.4,12.5,4.211603845870341,66366.8277652504,125742.0010465006,131239.2335465003,600,20967936,1866240000,1887207936,3145346.56,179.978173828125,0.01125766314442848,0.9997702628257308,0.9997702628257308,0.0063636745429961105,0.02025713664,6.4,315.93803772654024,0.342171648,0.2875392,1,INTERCONNECT
360p,5,8,optimistic,raw_gather,0.4,25,8.41066801288773,30737.001313310277,58176.001782060746,60825.57803206079,599,40702464,1866240000,1906942464,3178237.44,181.860205078125,0.0218760883640115,0.9986183256733266,0.9986183256733266,0.011741797455213325,0.02025713664,6.4,315.93803772654024,0.342171648,0.2875392,1,INTERCONNECT
360p,5,8,optimistic,raw_gather,0.4,50,16.76270141955314,12931.30795393503,24411.5681883105,25637.31631331054,599,41113600,1866240000,1907353600,3178922.6666666665,181.8994140625,0.022131785953662383,0.9958079216192954,0.9958079216192954,0.01886140408191066,0.02025713664,6.4,315.93803772654024,0.342171648,0.2875392,1,INTERCONNECT
360p,5,8,optimistic,raw_gather,0.4,100,33.29330004595841,4028.461274247482,7559.09447737251,8043.18545393505,596,61670400,1866240000,1927910400,3213184.0,183.85986328125,0.03329633892660064,0.9902454844099164,0.9902454844099164,0.028946359739495865,0.02025713664,6.4,315.93803772654024,0.342171648,0.2875392,1,INTERCONNECT
360p,5,8,optimistic,raw_gather,0.4,125,41.4730620763481,2255.0390476849816,4176.718500809962,4524.359282059961,592,61670400,1866240000,1927910400,3213184.0,183.85986328125,0.03334626435861549,0.9874930485356939,0.9874930485356939,0.031804706835393104,0.02025713664,6.4,315.93803772654024,0.342171648,0.2875392,1,INTERCONNECT
360p,5,8,optimistic,raw_gather,0.4,200,59.133455201226624,107.9558445599996,182.51355940374924,257.0712742474989,0,82227200,1866240000,1948467200,3247445.3333333335,185.8203125,0.04020383523438995,0.8817710581237402,0.8817710581237402,0.03776099032664219,0.02025713664,6.4,315.93803772654024,0.342171648,0.2875392,1,INTERCONNECT_HEADROOM_LOW
360p,5,8,optimistic,raw_gather,0.4,400,60.15039063336897,55.065219559999605,92.54407698187424,130.02293440374888,0,102784000,1866240000,1969024000,3281706.6666666665,187.78076171875,0.026547991682503966,0.4508735828836211,0.4508735828836211,0.030589652272431024,0.02025713664,6.4,315.93803772654024,0.342171648,0.2875392,1,HEADROOM
360p,5,8,optimistic,raw_gather,0.4,800,60.67208851439423,28.61990705999949,47.55933577093674,66.49876448187388,0,142664192,1866240000,2008904192,3348173.6533333333,191.584033203125,0.01996404654425955,0.22981893903240994,0.22981893903240994,0.023251220227413577,0.02025713664,6.4,315.93803772654024,0.342171648,0.2875392,1,HEADROOM
360p,5,8,optimistic,raw_gather,0.4,1600,60.93634583813254,15.397250809999491,25.06696516546799,34.73667952093638,0,163220992,1866240000,2029460992,3382434.986666667,193.544482421875,0.01306549317621533,0.11784741162416017,0.11784741162416017,0.015871484146933512,0.02025713664,6.4,315.93803772654024,0.342171648,0.2875392,1,HEADROOM
360p,5,8,median,owner_only,0.4,12.5,60.54644291687785,56.87717549280751,72.90970541281513,89.65444781280166,0,20556800,15000000,35556800,59261.333333333336,3.390960693359375,0.15866794523875863,0.12032689055251757,0.15866794523875863,0.1991734236204669,0.08514035712000001,0.8,9.396249053459455,1.443446784,1.1501568,1,HEADROOM
360p,5,8,median,owner_only,0.4,25,60.64826401384608,40.23990742640126,56.27243734640888,73.01717974639541,0,20556800,15000000,35556800,59261.333333333336,3.390960693359375,0.0796695496297512,0.06269055284573828,0.0796695496297512,0.19950837404039157,0.08514035712000001,0.8,9.396249053459455,1.443446784,1.1501568,1,HEADROOM
360p,5,8,median,owner_only,0.4,50,60.69930309499262,31.921273393198135,47.95380331320575,64.69854571319229,0,20556800,15000000,35556800,59261.333333333336,3.390960693359375,0.04007062913104919,0.03379962744032587,0.04007062913104919,0.1996762720710712,0.08514035712000001,0.8,9.396249053459455,1.443446784,1.1501568,1,HEADROOM
360p,5,8,median,owner_only,0.4,100,60.72485486341818,27.761956376596572,43.79448629660419,60.539228696590726,0,20556800,15000000,35556800,59261.333333333336,3.390960693359375,0.02024616474503869,0.019335922001758415,0.02024616474503869,0.19976032710307134,0.08514035712000001,0.8,9.396249053459455,1.443446784,1.1501568,1,HEADROOM
360p,5,8,median,owner_only,0.4,125,60.72996779880479,26.93009297327626,42.96262289328388,59.70736529327041,0,20556800,15000000,35556800,59261.333333333336,3.390960693359375,0.01627926884210931,0.01644171952908422,0.01644171952908422,0.19977714660223006,0.08514035712000001,0.8,9.396249053459455,1.443446784,1.1501568,1,HEADROOM
360p,5,8,median,owner_only,0.4,200,60.737638816467225,25.68229786829579,41.71482778830341,58.459570188289945,0,20556800,15000000,35556800,59261.333333333336,3.390960693359375,0.010327672305981679,0.012099501877620301,0.012099501877620301,0.1998023811622946,0.08514035712000001,0.8,9.396249053459455,1.443446784,1.1501568,1,HEADROOM
360p,5,8,median,owner_only,0.4,400,60.74403281168731,24.6424686141454,40.67499853415302,57.419740934139554,0,20556800,15000000,35556800,59261.333333333336,3.390960693359375,0.005366859871636108,0.008480149122900198,0.008480149122900198,0.19982341483260196,0.08514035712000001,0.8,9.396249053459455,1.443446784,1.1501568,1,HEADROOM
360p,5,8,median,owner_only,0.4,800,60.74723031415721,24.122553987070205,40.155083907077824,56.89982630706436,0,20556800,15000000,35556800,59261.333333333336,3.390960693359375,0.0028860619564822073,0.00667018696711459,0.00667018696711459,0.19983393332854132,0.08514035712000001,0.8,9.396249053459455,1.443446784,1.1501568,1,HEADROOM
360p,5,8,median,owner_only,0.4,1600,60.748829191630364,23.862596673532607,39.895126593540226,56.63986899352676,0,20556800,15000000,35556800,59261.333333333336,3.390960693359375,0.0016455650563682541,0.005765134431452358,0.005765134431452358,0.1998391929917839,0.08514035712000001,0.8,9.396249053459455,1.443446784,1.1501568,1,HEADROOM
360p,5,8,median,finishing_owner,0.4,12.5,56.43850034153665,56.87717549280751,176.36746819843938,502.7104613624924,11,40702464,91032000,131734464,219557.44,12.563177490234375,0.2928472969057539,0.6578086340905781,0.6578086340905781,0.1684010571709925,0.08514035712000001,6.4,75.16999242767564,1.443446784,1.1501568,1,BURST_OR_PER_FRAME_LATENCY
360p,5,8,median,finishing_owner,0.4,25,52.03538483504841,653.4184955991241,1202.9697541440291,1513.4756672299627,555,41524736,291480000,333004736,555007.8933333333,31.757806396484376,0.13807094758806518,0.968472139901887,0.968472139901887,0.11605234779809623,0.08514035712000001,6.4,75.16999242767564,1.443446784,1.1501568,1,INTERCONNECT
360p,5,8,median,finishing_owner,0.4,50,58.82658660412861,74.15426586281137,182.40720165382754,264.2929499448419,0,61670400,429720000,491390400,818984.0,46.862640380859375,0.11649522393699524,0.808302648799453,0.808302648799453,0.09843377551385007,0.08514035712000001,6.4,75.16999242767564,1.443446784,1.1501568,1,INTERCONNECT_HEADROOM_LOW
360p,5,8,median,finishing_owner,0.4,100,59.82665206316587,52.49361950050661,106.82008739601497,161.1465552915215,0,82227200,500222400,582449600,970749.3333333334,55.546722412109375,0.07977083247957553,0.4804571291330298,0.4804571291330298,0.08307688034813415,0.08514035712000001,6.4,75.16999242767564,1.443446784,1.1501568,1,HEADROOM
360p,5,8,median,finishing_owner,0.4,125,60.02980222769749,53.594295159686226,97.13546947609302,140.676643792498,0,102372864,567960000,670332864,1117221.44,63.927923583984374,0.08012007306235946,0.43833670721241114,0.43833670721241114,0.0669409816845184,0.08514035712000001,6.4,75.16999242767564,1.443446784,1.1501568,1,HEADROOM
360p,5,8,median,finishing_owner,0.4,200,60.42013263063255,34.99229015480341,62.355524102557865,96.3105549253105,0,103606272,569342400,672948672,1121581.12,64.17738647460938,0.051755201164584756,0.27821820807280556,0.27821820807280556,0.06359645283829908,0.08514035712000001,6.4,75.16999242767564,1.443446784,1.1501568,1,HEADROOM
360p,5,8,median,finishing_owner,0.4,400,60.78311278703267,22.78651775490107,36.66813472877857,53.84565014015425,0,143075328,638462400,781537728,1302562.88,74.53324584960937,0.037344958506359285,0.15907072132561945,0.15907072132561945,0.047087373119140206,0.08514035712000001,6.4,75.16999242767564,1.443446784,1.1501568,1,HEADROOM
360p,5,8,median,finishing_owner,0.4,800,60.98666756030741,13.387733117449898,22.17649082313892,29.317299310076123,0,164043264,703435200,867478464,1445797.44,82.72919311523438,0.023064630092958706,0.09011391059575384,0.09011391059575384,0.03457622041064706,0.08514035712000001,6.4,75.16999242767564,1.443446784,1.1501568,1,HEADROOM
360p,5,8,median,finishing_owner,0.4,1600,61.08383256255467,9.512315408099312,13.282719651569096,17.05312389503706,0,164454400,706200000,870654400,1451090.6666666667,83.03207397460938,0.013180105478404156,0.047739865869405824,0.047739865869405824,0.03402192692236147,0.08514035712000001,6.4,75.16999242767564,1.443446784,1.1501568,1,HEADROOM
360p,5,8,median,independent_au,0.4,12.5,60.51070814157987,59.388728753436226,76.95486644874927,94.5210041440605,0,40702464,27000000,67702464,112837.44,6.456610107421875,0.3139771114731959,0.21258788625117006,0.3139771114731959,0.180551700692655,0.08514035712000001,6.4,75.16999242767564,1.443446784,1.1501568,1,HEADROOM
360p,5,8,median,independent_au,0.4,25,60.807430346017114,38.46936351906152,47.45243236671831,56.43550121437329,0,41524736,27000000,68524736,114207.89333333333,6.535028076171875,0.16134673655021967,0.10924746664946752,0.16134673655021967,0.1356162749174357,0.08514035712000001,6.4,75.16999242767564,1.443446784,1.1501568,1,HEADROOM
360p,5,8,median,independent_au,0.4,50,60.96185715890409,25.60484615976202,31.11600143953183,36.589998484525495,0,61670400,27000000,88670400,147784.0,8.456268310546875,0.12072373413627958,0.057200930280298254,0.12072373413627958,0.10200669644268999,0.08514035712000001,6.4,75.16999242767564,1.443446784,1.1501568,1,HEADROOM
360p,5,8,median,independent_au,0.4,100,61.044583935749884,17.9058457998799,21.70368519976637,25.907642674879753,0,82227200,27000000,109227200,182045.33333333334,10.416717529296875,0.08139478160641046,0.03108106004971371,0.08139478160641046,0.08476813294144343,0.08514035712000001,6.4,75.16999242767564,1.443446784,1.1501568,1,HEADROOM
360p,5,8,median,independent_au,0.4,125,61.06001963640027,16.639146233905194,19.85586498390603,23.468136217812543,0,102372864,27000000,129372864,215621.44,12.337957763671875,0.08149507499460468,0.025848095666050997,0.08149507499460468,0.06808980713667398,0.08514035712000001,6.4,75.16999242767564,1.443446784,1.1501568,1,HEADROOM
360p,5,8,median,independent_au,0.4,200,61.096413830886924,12.381871379939184,15.31318410113363,18.66213258113021,0,103606272,27000000,130606272,217677.12,12.455584716796874,0.05233449597972468,0.017997581262856097,0.05233449597972468,0.0643082865199683,0.08514035712000001,6.4,75.16999242767564,1.443446784,1.1501568,1,HEADROOM
360p,5,8,median,independent_au,0.4,400,61.12630374369931,9.024648248065205,11.145097466815969,13.931094409968864,0,143075328,27000000,170075328,283458.88,16.219647216796876,0.03755581398000669,0.011448245217432346,0.03755581398000669,0.04735323578866647,0.08514035712000001,6.4,75.16999242767564,1.443446784,1.1501568,1,HEADROOM
360p,5,8,median,independent_au,0.4,800,61.13653085730527,7.401653444983822,8.541878054360495,11.320714229670557,0,164043264,27000000,191043264,318405.44,18.219305419921874,0.023121307095458454,0.008170541552678788,0.023121307095458454,0.03466118498726276,0.08514035712000001,6.4,75.16999242767564,1.443446784,1.1501568,1,HEADROOM
360p,5,8,median,independent_au,0.4,1600,61.14693887667429,5.731163636553902,7.7798875071803195,10.478723682490454,0,164454400,27000000,191454400,319090.6666666667,18.258514404296875,0.013193721976281858,0.00653184381701488,0.013193721976281858,0.034057075312978885,0.08514035712000001,6.4,75.16999242767564,1.443446784,1.1501568,1,HEADROOM
360p,5,8,median,raw_gather,0.4,12.5,4.2115637961536985,66368.18251725039,125743.35579850062,131240.5882985003,600,40702464,1866240000,1906942464,3178237.44,181.860205078125,0.02185290300036639,0.9997607556362609,0.9997607556362609,0.012566453596808146,0.08514035712000001,6.4,75.16999242767564,1.443446784,1.1501568,1,INTERCONNECT
360p,5,8,median,raw_gather,0.4,25,8.410454108007457,30738.815667230272,58177.81613598074,60827.392385980784,599,41524736,1866240000,1907764736,3179607.8933333335,181.938623046875,0.022316340544413015,0.9985929282455522,0.9985929282455522,0.018757484899486872,0.08514035712000001,6.4,75.16999242767564,1.443446784,1.1501568,1,INTERCONNECT
360p,5,8,median,raw_gather,0.4,50,16.761851776008257,12933.122307855032,24413.3825422305,25639.130667230544,599,61670400,1866240000,1927910400,3213184.0,183.85986328125,0.033193761341028735,0.9957574475488357,0.9957574475488357,0.028047392346919366,0.08514035712000001,6.4,75.16999242767564,1.443446784,1.1501568,1,INTERCONNECT
360p,5,8,median,raw_gather,0.4,100,33.28994853436923,4030.275628167481,7560.908831292509,8044.999807855049,596,82227200,1866240000,1948467200,3247445.3333333335,185.8203125,0.04438769037226206,0.9901458001126991,0.9901458001126991,0.046227307994192106,0.08514035712000001,6.4,75.16999242767564,1.443446784,1.1501568,1,INTERCONNECT
360p,5,8,median,raw_gather,0.4,125,41.46786153566105,2256.8534016049816,4178.532854729963,4526.173635979962,592,102372864,1866240000,1968612864,3281021.44,187.741552734375,0.05534597770911904,0.9873692212241819,0.9873692212241819,0.0462420207387264,0.08514035712000001,6.4,75.16999242767564,1.443446784,1.1501568,1,INTERCONNECT
360p,5,8,median,raw_gather,0.4,200,59.122883141276716,109.77019847999873,184.32791332374927,258.885628167498,0,103606272,1866240000,1969846272,3283077.12,187.8591796875,0.05064399194740692,0.8816134123975291,0.8816134123975291,0.0622310062168281,0.08514035712000001,6.4,75.16999242767564,1.443446784,1.1501568,1,INTERCONNECT_HEADROOM_LOW
360p,5,8,median,raw_gather,0.4,400,60.13945185874431,56.879573479998726,94.35843090187427,131.837288323748,0,143075328,1866240000,2009315328,3348858.88,191.6232421875,0.03694949520155431,0.45079158832871563,0.45079158832871563,0.046588742810443805,0.08514035712000001,6.4,75.16999242767564,1.443446784,1.1501568,1,HEADROOM
360p,5,8,median,raw_gather,0.4,800,60.66095918554577,30.434260979998726,49.37368969093677,68.313118401873,0,164043264,1866240000,2030283264,3383805.44,193.622900390625,0.022941450003234547,0.22977678240634478,0.22977678240634478,0.0343915609595594,0.08514035712000001,6.4,75.16999242767564,1.443446784,1.1501568,1,HEADROOM
360p,5,8,median,raw_gather,0.4,1600,60.9251193595267,17.211604729998726,26.88131908546802,36.5510334409355,0,164454400,1866240000,2030694400,3384490.6666666665,193.662109375,0.013145859808658698,0.11782570025589291,0.11782570025589291,0.03393352826156196,0.08514035712000001,6.4,75.16999242767564,1.443446784,1.1501568,1,HEADROOM
360p,5,8,adversarial,owner_only,0.4,12.5,59.79015350254987,95.5018001328117,137.5628945328117,181.89665453281123,0,20556800,15000000,35556800,59261.333333333336,3.390960693359375,0.1566860139873722,0.11882387981894228,0.1566860139873722,0.5188208777253736,0.3042164736,0.8,2.6297063749804774,5.1757056,3.9105331199999998,1,HEADROOM
360p,5,8,adversarial,owner_only,0.4,25,59.889444693175456,78.86453206640545,120.92562646640545,165.25938646640498,0,20556800,15000000,35556800,59261.333333333336,3.390960693359375,0.07867273967135932,0.06190618080316823,0.07867273967135932,0.5196824634489923,0.3042164736,0.8,2.6297063749804774,5.1757056,3.9105331199999998,1,HEADROOM
360p,5,8,adversarial,owner_only,0.4,50,59.93921405803192,70.54589803320232,112.60699243320232,156.94075243320185,0,20556800,15000000,35556800,59261.333333333336,3.390960693359375,0.039568856551239436,0.03337638162100332,0.039568856551239436,0.520114330304085,0.3042164736,0.8,2.6297063749804774,5.1757056,3.9105331199999998,1,HEADROOM
360p,5,8,adversarial,owner_only,0.4,100,59.96412977288164,66.38658101660076,108.44767541660076,152.7814354166003,0,20556800,15000000,35556800,59261.333333333336,3.390960693359375,0.019992532759530803,0.019093692999342864,0.019992532759530803,0.5203305330112237,0.3042164736,0.8,2.6297063749804774,5.1757056,3.9105331199999998,1,HEADROOM
360p,5,8,adversarial,owner_only,0.4,125,59.9691154017479,65.55471761328045,107.61581201328045,151.94957201327998,0,20556800,15000000,35556800,59261.333333333336,3.390960693359375,0.016075314827809696,0.016235730259389812,0.016235730259389812,0.5203737951236765,0.3042164736,0.8,2.6297063749804774,5.1757056,3.9105331199999998,1,HEADROOM
360p,5,8,adversarial,owner_only,0.4,200,59.976595399701424,64.30692250829998,106.36801690829998,150.7017769082995,0,20556800,15000000,35556800,59261.333333333336,3.390960693359375,0.01019826643555046,0.011947894959249087,0.011947894959249087,0.5204387017826546,0.3042164736,0.8,2.6297063749804774,5.1757056,3.9105331199999998,1,HEADROOM
360p,5,8,adversarial,owner_only,0.4,400,59.98283015687343,63.267093254149586,105.32818765414959,149.66194765414912,0,20556800,15000000,35556800,59261.333333333336,3.390960693359375,0.00529960605602317,0.008373881696672823,0.008373881696672823,0.5204928030350999,0.3042164736,0.8,2.6297063749804774,5.1757056,3.9105331199999998,1,HEADROOM
360p,5,8,adversarial,owner_only,0.4,800,59.98594802157678,62.74717862707439,104.80827302707439,149.14203302707392,0,20556800,15000000,35556800,59261.333333333336,3.390960693359375,0.0028498939229538063,0.0065865964033966305,0.0065865964033966305,0.5205198578795392,0.3042164736,0.8,2.6297063749804774,5.1757056,3.9105331199999998,1,HEADROOM
360p,5,8,adversarial,owner_only,0.4,1600,59.9875070754799,62.48722131353679,104.5483157135368,148.88207571353632,0,20556800,15000000,35556800,59261.333333333336,3.390960693359375,0.0016249423532207479,0.005692884078587122,0.005692884078587122,0.520533386356505,0.3042164736,0.8,2.6297063749804774,5.1757056,3.9105331199999998,1,HEADROOM
360p,5,8,adversarial,finishing_owner,0.4,12.5,26.334756164570745,6027.5675731288875,11624.534543343936,12549.780002328363,590,41524736,294244800,335769536,559615.8933333333,32.021478271484376,0.13940241453630742,0.9874259257839175,0.9874259257839175,0.14990331421987255,0.3042164736,6.4,21.03765099984382,5.1757056,3.9105331199999998,1,INTERCONNECT
360p,5,8,adversarial,finishing_owner,0.4,25,35.7208876965654,3300.2601113749824,6184.172215867149,6727.021080613249,590,62081536,432484800,494566336,824277.2266666667,47.165521240234376,0.14170611032787772,0.9850621700233645,0.9850621700233645,0.15067853203655826,0.3042164736,6.4,21.03765099984382,5.1757056,3.9105331199999998,1,INTERCONNECT
360p,5,8,adversarial,finishing_owner,0.4,50,53.989259122169905,540.8106289531115,964.1744363261387,1178.1446475077737,562,102372864,567960000,670332864,1117221.44,63.927923583984374,0.17747775970622542,0.9790931711299707,0.9790931711299707,0.1593652912133781,0.3042164736,6.4,21.03765099984382,5.1757056,3.9105331199999998,1,INTERCONNECT
360p,5,8,adversarial,finishing_owner,0.4,100,59.55712110457205,84.6970290996087,139.02349699511615,193.3499648906236,0,123340800,637080000,760420800,1267368.0,72.51937866210938,0.11910923258671799,0.607846761049166,0.607846761049166,0.13179396663310242,0.3042164736,6.4,21.03765099984382,5.1757056,3.9105331199999998,1,HEADROOM
360p,5,8,adversarial,finishing_owner,0.4,125,59.870398658830254,69.65897367968682,113.20014799609271,167.2881973124986,0,142664192,637080000,779744192,1299573.6533333333,74.36220092773438,0.11133912502711854,0.4897932123366269,0.4897932123366269,0.1324872186030946,0.3042164736,6.4,21.03765099984382,5.1757056,3.9105331199999998,1,HEADROOM
360p,5,8,adversarial,finishing_owner,0.4,200,60.34654367541126,47.10189054980401,81.05692137255755,108.4201553203111,0,163220992,703435200,866656192,1444426.9866666666,82.65077514648438,0.0814254244067468,0.34218908324622155,0.34218908324622155,0.09073465307078027,0.3042164736,6.4,21.03765099984382,5.1757056,3.9105331199999998,1,HEADROOM
360p,5,8,adversarial,finishing_owner,0.4,400,60.72888955667742,31.600219712401667,45.48183668627826,59.363453660154846,0,164454400,706200000,870654400,1451090.6666666667,83.03207397460938,0.04286749517508421,0.17527491188829872,0.17527491188829872,0.08951463972537213,0.3042164736,6.4,21.03765099984382,5.1757056,3.9105331199999998,1,HEADROOM
360p,5,8,adversarial,finishing_owner,0.4,800,60.94227970442568,20.553485856200496,27.69429434313861,36.48305204882672,0,164454400,706200000,870654400,1451090.6666666667,83.03207397460938,0.023105749562409645,0.0903830890329409,0.0903830890329409,0.08982917770451304,0.3042164736,6.4,21.03765099984382,5.1757056,3.9105331199999998,1,HEADROOM
360p,5,8,adversarial,finishing_owner,0.4,1600,61.02618739717845,15.03011892809991,20.221367845824716,26.546690779943674,0,164454400,706200000,870654400,1451090.6666666667,83.03207397460938,0.01316766733678623,0.04769481348242171,0.04769481348242171,0.08995285799805672,0.3042164736,6.4,21.03765099984382,5.1757056,3.9105331199999998,1,HEADROOM
360p,5,8,adversarial,independent_au,0.4,12.5,60.102443933710106,90.12237909374926,119.1326085859364,148.14283807812353,0,41524736,45000000,86524736,144207.89333333334,8.251641845703125,0.3181508783120643,0.34871713831164974,0.34871713831164974,0.34211653535255254,0.3042164736,6.4,21.03765099984382,5.1757056,3.9105331199999998,1,HEADROOM
360p,5,8,adversarial,independent_au,0.4,25,60.568137570343204,59.098556199218365,73.84735409765563,88.55246884374901,0,62081536,45000000,107081536,178469.22666666665,10.212091064453125,0.2402760888196623,0.17813228258581654,0.2402760888196623,0.2554896769311008,0.3042164736,6.4,21.03765099984382,5.1757056,3.9105331199999998,1,HEADROOM
360p,5,8,adversarial,independent_au,0.4,50,60.80198505534741,42.06445097460892,50.1690488492186,60.546312323827806,0,102372864,45000000,147372864,245621.44,14.054571533203125,0.19987309084749577,0.0918420961051309,0.19987309084749577,0.17947506989807824,0.3042164736,6.4,21.03765099984382,5.1757056,3.9105331199999998,1,HEADROOM
360p,5,8,adversarial,independent_au,0.4,100,60.9244371973,29.666499924804157,34.71515448691389,43.25970671191317,0,123340800,45000000,168340800,280568.0,16.054229736328125,0.12184374976095047,0.04845050822321167,0.12184374976095047,0.1348197007209789,0.3042164736,6.4,21.03765099984382,5.1757056,3.9105331199999998,1,HEADROOM
360p,5,8,adversarial,independent_au,0.4,125,60.95009335511957,25.60255033984322,31.252583589843198,38.80162992968758,0,142664192,45000000,187664192,312773.6533333333,17.897052001953124,0.11334699979451901,0.03975193063761391,0.11334699979451901,0.13487647523836482,0.3042164736,6.4,21.03765099984382,5.1757056,3.9105331199999998,1,HEADROOM
360p,5,8,adversarial,independent_au,0.4,200,60.98006812302261,21.54707518115174,25.627973618651595,32.45427639990157,0,163220992,45000000,208220992,347034.9866666667,19.857501220703124,0.08228023719099285,0.026686577242953414,0.08228023719099285,0.09168719512977636,0.3042164736,6.4,21.03765099984382,5.1757056,3.9105331199999998,1,HEADROOM
360p,5,8,adversarial,independent_au,0.4,400,61.011071559757596,16.547138199950496,21.172991762450692,27.919294543700744,0,164454400,45000000,209454400,349090.6666666667,19.975128173828125,0.04306668267454021,0.015790515467836535,0.04306668267454021,0.08993057718984908,0.3042164736,6.4,21.03765099984382,5.1757056,3.9105331199999998,1,HEADROOM
360p,5,8,adversarial,independent_au,0.4,800,61.03291836949716,13.02694509997491,19.613247881225107,26.777446585912912,0,164454400,45000000,209454400,349090.6666666667,19.975128173828125,0.023140114445147377,0.010339401598088624,0.023140114445147377,0.08996277947968613,0.3042164736,6.4,21.03765099984382,5.1757056,3.9105331199999998,1,HEADROOM
360p,5,8,adversarial,independent_au,0.4,1600,61.04384764258748,11.266848549987117,18.833375940612314,25.75251849295637,0,164454400,45000000,209454400,349090.6666666667,19.975128173828125,0.013171477901505252,0.007612380452251537,0.013171477901505252,0.0899788892743865,0.3042164736,6.4,21.03765099984382,5.1757056,3.9105331199999998,1,HEADROOM
360p,5,8,adversarial,raw_gather,0.4,12.5,4.211446811751622,66372.1398676504,125747.3131489006,131244.5456489003,600,41524736,1866240000,1907764736,3179607.8933333335,181.938623046875,0.022293194992222525,0.9997329853305316,0.9997329853305316,0.023972495921249934,0.3042164736,6.4,21.03765099984382,5.1757056,3.9105331199999998,1,INTERCONNECT
360p,5,8,adversarial,raw_gather,0.4,25,8.409803648474508,30744.333470750273,58183.333939500735,60832.91018950078,599,62081536,1866240000,1928321536,3213869.2266666666,183.899072265625,0.03336200863118814,0.9985156976606906,0.9985156976606906,0.03547439467999758,0.3042164736,6.4,21.03765099984382,5.1757056,3.9105331199999998,1,INTERCONNECT
360p,5,8,adversarial,raw_gather,0.4,50,16.759268373761245,12938.640111375029,24418.900345750495,25644.648470750537,599,102372864,1866240000,1968612864,3281021.44,187.741552734375,0.05509239159144431,0.9956039775109276,0.9956039775109276,0.04946994510267088,0.3042164736,6.4,21.03765099984382,5.1757056,3.9105331199999998,1,INTERCONNECT
360p,5,8,adversarial,raw_gather,0.4,100,33.279760080298985,4035.7934316874816,7566.426634812509,8050.5176113750495,597,123340800,1866240000,1989580800,3315968.0,189.7412109375,0.06655672084744546,0.9898427640477174,0.9898427640477174,0.07364478853635978,0.3042164736,6.4,21.03765099984382,5.1757056,3.9105331199999998,1,INTERCONNECT
360p,5,8,adversarial,raw_gather,0.4,125,41.45205369050294,2262.3712051249813,4184.050658249962,4531.69143949996,594,142664192,1866240000,2008904192,3348173.6533333333,191.584033203125,0.07708709966635639,0.9869928290210398,0.9869928290210398,0.09172925889697386,0.3042164736,6.4,21.03765099984382,5.1757056,3.9105331199999998,1,INTERCONNECT
360p,5,8,adversarial,raw_gather,0.4,200,59.09075466550344,115.28800199999932,189.84571684374896,264.4034316874986,0,163220992,1866240000,2029460992,3382434.986666667,193.544482421875,0.0797309917703548,0.8811343272505155,0.8811343272505155,0.08884649886667277,0.3042164736,6.4,21.03765099984382,5.1757056,3.9105331199999998,1,INTERCONNECT_HEADROOM_LOW
360p,5,8,adversarial,raw_gather,0.4,400,60.10620935038804,62.397376999999324,99.87623442187396,137.3550918437486,0,164454400,1866240000,2030694400,3384490.6666666665,193.662109375,0.04242795575762427,0.45054241008250956,0.45054241008250956,0.0885968064711004,0.3042164736,6.4,21.03765099984382,5.1757056,3.9105331199999998,1,HEADROOM
360p,5,8,adversarial,raw_gather,0.4,800,60.62713780581697,35.952064499999324,54.89149321093646,73.8309219218736,0,164454400,1866240000,2030694400,3384490.6666666665,193.662109375,0.02298626617876874,0.22964867088428895,0.22964867088428895,0.08936465721480442,0.3042164736,6.4,21.03765099984382,5.1757056,3.9105331199999998,1,HEADROOM
360p,5,8,adversarial,raw_gather,0.4,1600,60.89100285745534,22.729408249999324,32.39912260546771,42.068836960936096,0,164454400,1866240000,2030694400,3384490.6666666665,193.662109375,0.013138498464797468,0.11775972088992534,0.11775972088992534,0.08975359541548536,0.3042164736,6.4,21.03765099984382,5.1757056,3.9105331199999998,1,HEADROOM
360p,5,16,optimistic,owner_only,0.4,12.5,60.736793175333105,46.89322248968688,56.82996565374924,66.76670881781138,0,20556800,15000000,35556800,59261.333333333336,3.390960693359375,0.15916677692778497,0.12070518287841413,0.15916677692778497,0.09192778945399169,0.02025713664,0.8,39.49225471581753,0.342171648,0.2875392,1,HEADROOM
360p,5,16,optimistic,owner_only,0.4,25,60.902326850303524,27.539429986405935,34.959792226408354,42.63276502640838,0,20556800,15000000,35556800,59261.333333333336,3.390960693359375,0.08000329490815852,0.06295317107453767,0.08000329490815852,0.09217833190157033,0.02025713664,0.8,39.49225471581753,0.342171648,0.2875392,1,HEADROOM
360p,5,16,optimistic,owner_only,0.4,50,60.953794626203575,19.22079595320281,26.64115819320523,34.314130993205254,0,20556800,15000000,35556800,59261.333333333336,3.390960693359375,0.04023863164910427,0.033941337781352145,0.04023863164910427,0.09225623062850753,0.02025713664,0.8,39.49225471581753,0.342171648,0.2875392,1,HEADROOM
360p,5,16,optimistic,owner_only,0.4,100,60.979561149011616,15.061478936601247,22.481841176603666,30.15481397660369,0,20556800,15000000,35556800,59261.333333333336,3.390960693359375,0.020331085910043043,0.019417025215305316,0.020331085910043043,0.0922952293862592,0.02025713664,0.8,39.49225471581753,0.342171648,0.2875392,1,HEADROOM
360p,5,16,optimistic,owner_only,0.4,125,60.984717067893804,14.229615533280935,21.649977773283354,29.32295057328338,0,20556800,15000000,35556800,59261.333333333336,3.390960693359375,0.016347556904644928,0.016510689037622032,0.016510689037622032,0.09230303309469792,0.02025713664,0.8,39.49225471581753,0.342171648,0.2875392,1,HEADROOM
360p,5,16,optimistic,owner_only,0.4,200,60.99245258120373,12.981820428300466,20.402182668302885,28.07515546830291,0,20556800,15000000,35556800,59261.333333333336,3.390960693359375,0.010371000184913623,0.01215026314666122,0.01215026314666122,0.09231474113197972,0.02025713664,0.8,39.49225471581753,0.342171648,0.2875392,1,HEADROOM
360p,5,16,optimistic,owner_only,0.4,400,60.998900341508396,11.941991174150075,19.362353414152494,27.03532621415252,0,20556800,15000000,35556800,59261.333333333336,3.390960693359375,0.005389377940573353,0.008515729813865652,0.008515729813865652,0.09232450009883901,0.02025713664,0.8,39.49225471581753,0.342171648,0.2875392,1,HEADROOM
360p,5,16,optimistic,owner_only,0.4,800,61.00212473290199,11.42207654707488,18.8424387870773,26.515411587077324,0,20556800,15000000,35556800,59261.333333333336,3.390960693359375,0.002898171826859088,0.006698174966256428,0.006698174966256428,0.09232938035605463,0.02025713664,0.8,39.49225471581753,0.342171648,0.2875392,1,HEADROOM
360p,5,16,optimistic,owner_only,0.4,1600,61.00373705643275,11.162119233537283,18.5824814735397,26.255454273539726,0,20556800,15000000,35556800,59261.333333333336,3.390960693359375,0.0016524700038461557,0.0057893254838195475,0.0057893254838195475,0.09233182067814472,0.02025713664,0.8,39.49225471581753,0.342171648,0.2875392,1,HEADROOM
360p,5,16,optimistic,finishing_owner,0.4,12.5,60.09519348707326,46.89322248968688,56.82996565374924,66.76670881781138,0,20967936,16382400,37350336,62250.56,3.562005615234375,0.1606351094821255,0.1299937088452876,0.1606351094821255,0.09080299737239036,0.02025713664,12.8,631.8760754530805,0.342171648,0.2875392,1,HEADROOM
360p,5,16,optimistic,finishing_owner,0.4,25,59.040659250227556,27.539429986405935,87.44585754281434,198.08297912484522,0,40702464,89649600,130352064,217253.44,12.431341552734375,0.15356433958020638,0.3412413169540354,0.3412413169540354,0.08242430464217311,0.02025713664,12.8,631.8760754530805,0.342171648,0.2875392,1,HEADROOM
360p,5,16,optimistic,finishing_owner,0.4,50,59.459959036191485,44.61022605140579,100.12878684242241,182.01453513343768,0,41113600,225124800,266238400,443730.6666666667,25.390472412109375,0.07850495294675507,0.4302834597411444,0.4302834597411444,0.06690439005059602,0.02025713664,12.8,631.8760754530805,0.342171648,0.2875392,1,HEADROOM
360p,5,16,optimistic,finishing_owner,0.4,100,60.076348136566374,37.17725325140577,78.32012739691345,132.6465952924209,0,61670400,363364800,425035200,708392.0,40.534515380859375,0.060081831667822105,0.35177873589399905,0.35177873589399905,0.052232478684772043,0.02025713664,12.8,631.8760754530805,0.342171648,0.2875392,1,HEADROOM
360p,5,16,optimistic,finishing_owner,0.4,125,60.23393544681743,30.267926746405692,73.80910106281226,106.80340037921815,0,61670400,429720000,491390400,818984.0,46.862640380859375,0.04843087619312384,0.3339473202359094,0.3339473202359094,0.04619197528509835,0.02025713664,12.8,631.8760754530805,0.342171648,0.2875392,1,HEADROOM
360p,5,16,optimistic,finishing_owner,0.4,200,60.5127387278778,26.386930070253356,53.750164018007126,81.11339796576067,0,82227200,498840000,581067200,968445.3333333334,55.414886474609375,0.041141586756912894,0.2447391808831518,0.2447391808831518,0.03864176266998552,0.02025713664,12.8,631.8760754530805,0.342171648,0.2875392,1,HEADROOM
360p,5,16,optimistic,finishing_owner,0.4,400,60.81459620401779,17.67626539740172,31.557882371278538,48.73539778265513,0,102784000,569342400,672126400,1120210.6666666667,64.09896850585938,0.026841145621811478,0.14244988639190748,0.14244988639190748,0.030927435904916485,0.02025713664,12.8,631.8760754530805,0.342171648,0.2875392,1,HEADROOM
360p,5,16,optimistic,finishing_owner,0.4,800,60.99791673504828,11.57337919745055,18.71418768438889,27.502945390077002,0,143486464,637080000,780566464,1300944.1066666667,74.44061889648438,0.020187178637082016,0.08208881483999553,0.08208881483999553,0.023376086601725653,0.02025713664,12.8,631.8760754530805,0.342171648,0.2875392,1,HEADROOM
360p,5,16,optimistic,finishing_owner,0.4,1600,61.0951176139215,6.873986878725077,11.468365731569065,15.23876997503794,0,164865536,704817600,869683136,1449471.8933333333,82.93944702148437,0.013231931400401745,0.04766478428759338,0.04766478428759338,0.015756577460912618,0.02025713664,12.8,631.8760754530805,0.342171648,0.2875392,1,HEADROOM
360p,5,16,optimistic,independent_au,0.4,12.5,60.64253827438925,51.566226640077616,64.84082991156174,78.11543318304575,0,20967936,20250000,41217936,68696.56,3.9308486938476563,0.16209816808520475,0.16100112739366393,0.16209816808520475,0.09163002769545832,0.02025713664,12.8,631.8760754530805,0.342171648,0.2875392,1,HEADROOM
360p,5,16,optimistic,independent_au,0.4,25,60.91110144455407,27.873215997148122,35.37905456429871,42.216356200040536,0,40702464,20250000,60952464,101587.44,5.812879943847657,0.15842934657610294,0.08329351470834231,0.15842934657610294,0.08503555423183871,0.02025713664,12.8,631.8760754530805,0.342171648,0.2875392,1,HEADROOM
360p,5,16,optimistic,independent_au,0.4,50,61.03553146488911,18.576824562147976,22.36974384572386,25.997186802149372,0,41113600,20250000,61363600,102272.66666666667,5.852088928222656,0.08058518040375391,0.04417325517092337,0.08058518040375391,0.06867722531707156,0.02025713664,12.8,631.8760754530805,0.342171648,0.2875392,1,HEADROOM
360p,5,16,optimistic,independent_au,0.4,100,61.09965683884468,12.075736319286989,14.943905278574675,17.611229316788013,0,61670400,20250000,81920400,136534.0,7.812538146972656,0.06110523377366815,0.024553818592706944,0.06110523377366815,0.05312217906832715,0.02025713664,12.8,631.8760754530805,0.342171648,0.2875392,1,HEADROOM
360p,5,16,optimistic,independent_au,0.4,125,61.11199044144157,11.227183615429567,13.436762306289893,15.830967295431037,0,61670400,20250000,81920400,136534.0,7.812538146972656,0.04913687311030921,0.02062481187660166,0.04913687311030921,0.04686533481755737,0.02025713664,12.8,631.8760754530805,0.342171648,0.2875392,1,HEADROOM
360p,5,16,optimistic,independent_au,0.4,200,61.13703749089354,8.419759999643475,10.419189057680342,12.500658437144011,0,82227200,20250000,102477200,170795.33333333334,9.772987365722656,0.04156603691833011,0.014729901785385503,0.04156603691833011,0.03904042260742619,0.02025713664,12.8,631.8760754530805,0.342171648,0.2875392,1,HEADROOM
360p,5,16,optimistic,independent_au,0.4,400,61.16136655645874,5.984940830268556,7.378409538393498,9.037099366518618,0,102784000,20250000,123034000,205056.66666666666,11.733436584472656,0.026994196272611976,0.009814336386743104,0.026994196272611976,0.03110378695414263,0.02025713664,12.8,631.8760754530805,0.342171648,0.2875392,1,HEADROOM
360p,5,16,optimistic,independent_au,0.4,800,61.17781871205054,4.505389218660639,5.534595390357936,6.785838437410348,0,143486464,20250000,163736464,272894.1066666667,15.615126037597657,0.020246716954803318,0.00735560094987785,0.020246716954803318,0.023445030008637287,0.02025713664,12.8,631.8760754530805,0.342171648,0.2875392,1,HEADROOM
360p,5,16,optimistic,independent_au,0.4,1600,61.18840621061172,3.5944784075671805,4.34470727986627,5.204698754017983,0,164865536,20250000,185115536,308525.8933333333,17.653993225097658,0.013252135769589562,0.006125973207436451,0.013252135769589562,0.01578063681389166,0.02025713664,12.8,631.8760754530805,0.342171648,0.2875392,1,HEADROOM
360p,5,16,optimistic,raw_gather,0.4,12.5,4.211603845870341,66366.8277652504,125742.0010465006,131239.2335465003,600,20967936,1866240000,1887207936,3145346.56,179.978173828125,0.01125766314442848,0.9997702628257308,0.9997702628257308,0.0063636745429961105,0.02025713664,12.8,631.8760754530805,0.342171648,0.2875392,1,INTERCONNECT
360p,5,16,optimistic,raw_gather,0.4,25,8.41066801288773,30737.001313310277,58176.001782060746,60825.57803206079,599,40702464,1866240000,1906942464,3178237.44,181.860205078125,0.0218760883640115,0.9986183256733266,0.9986183256733266,0.011741797455213325,0.02025713664,12.8,631.8760754530805,0.342171648,0.2875392,1,INTERCONNECT
360p,5,16,optimistic,raw_gather,0.4,50,16.76270141955314,12931.30795393503,24411.5681883105,25637.31631331054,599,41113600,1866240000,1907353600,3178922.6666666665,181.8994140625,0.022131785953662383,0.9958079216192954,0.9958079216192954,0.01886140408191066,0.02025713664,12.8,631.8760754530805,0.342171648,0.2875392,1,INTERCONNECT
360p,5,16,optimistic,raw_gather,0.4,100,33.29330004595841,4028.461274247482,7559.09447737251,8043.18545393505,596,61670400,1866240000,1927910400,3213184.0,183.85986328125,0.03329633892660064,0.9902454844099164,0.9902454844099164,0.028946359739495865,0.02025713664,12.8,631.8760754530805,0.342171648,0.2875392,1,INTERCONNECT
360p,5,16,optimistic,raw_gather,0.4,125,41.4730620763481,2255.0390476849816,4176.718500809962,4524.359282059961,592,61670400,1866240000,1927910400,3213184.0,183.85986328125,0.03334626435861549,0.9874930485356939,0.9874930485356939,0.031804706835393104,0.02025713664,12.8,631.8760754530805,0.342171648,0.2875392,1,INTERCONNECT
360p,5,16,optimistic,raw_gather,0.4,200,59.133455201226624,107.9558445599996,182.51355940374924,257.0712742474989,0,82227200,1866240000,1948467200,3247445.3333333335,185.8203125,0.04020383523438995,0.8817710581237402,0.8817710581237402,0.03776099032664219,0.02025713664,12.8,631.8760754530805,0.342171648,0.2875392,1,INTERCONNECT_HEADROOM_LOW
360p,5,16,optimistic,raw_gather,0.4,400,60.15039063336897,55.065219559999605,92.54407698187424,130.02293440374888,0,102784000,1866240000,1969024000,3281706.6666666665,187.78076171875,0.026547991682503966,0.4508735828836211,0.4508735828836211,0.030589652272431024,0.02025713664,12.8,631.8760754530805,0.342171648,0.2875392,1,HEADROOM
360p,5,16,optimistic,raw_gather,0.4,800,60.67208851439423,28.61990705999949,47.55933577093674,66.49876448187388,0,143486464,1866240000,2009726464,3349544.1066666665,191.662451171875,0.020079346224970037,0.22981893903240994,0.22981893903240994,0.023251220227413577,0.02025713664,12.8,631.8760754530805,0.342171648,0.2875392,1,HEADROOM
360p,5,16,optimistic,raw_gather,0.4,1600,60.93634583813254,15.397250809999491,25.06696516546799,34.73667952093638,0,164865536,1866240000,2031105536,3385175.8933333335,193.701318359375,0.013197544736988878,0.11784741162416017,0.11784741162416017,0.015715629838884384,0.02025713664,12.8,631.8760754530805,0.342171648,0.2875392,1,HEADROOM
360p,5,16,median,owner_only,0.4,12.5,60.54644291687785,56.87717549280751,72.90970541281513,89.65444781280166,0,20556800,15000000,35556800,59261.333333333336,3.390960693359375,0.15866794523875863,0.12032689055251757,0.15866794523875863,0.1991734236204669,0.08514035712000001,0.8,9.396249053459455,1.443446784,1.1501568,1,HEADROOM
360p,5,16,median,owner_only,0.4,25,60.64826401384608,40.23990742640126,56.27243734640888,73.01717974639541,0,20556800,15000000,35556800,59261.333333333336,3.390960693359375,0.0796695496297512,0.06269055284573828,0.0796695496297512,0.19950837404039157,0.08514035712000001,0.8,9.396249053459455,1.443446784,1.1501568,1,HEADROOM
360p,5,16,median,owner_only,0.4,50,60.69930309499262,31.921273393198135,47.95380331320575,64.69854571319229,0,20556800,15000000,35556800,59261.333333333336,3.390960693359375,0.04007062913104919,0.03379962744032587,0.04007062913104919,0.1996762720710712,0.08514035712000001,0.8,9.396249053459455,1.443446784,1.1501568,1,HEADROOM
360p,5,16,median,owner_only,0.4,100,60.72485486341818,27.761956376596572,43.79448629660419,60.539228696590726,0,20556800,15000000,35556800,59261.333333333336,3.390960693359375,0.02024616474503869,0.019335922001758415,0.02024616474503869,0.19976032710307134,0.08514035712000001,0.8,9.396249053459455,1.443446784,1.1501568,1,HEADROOM
360p,5,16,median,owner_only,0.4,125,60.72996779880479,26.93009297327626,42.96262289328388,59.70736529327041,0,20556800,15000000,35556800,59261.333333333336,3.390960693359375,0.01627926884210931,0.01644171952908422,0.01644171952908422,0.19977714660223006,0.08514035712000001,0.8,9.396249053459455,1.443446784,1.1501568,1,HEADROOM
360p,5,16,median,owner_only,0.4,200,60.737638816467225,25.68229786829579,41.71482778830341,58.459570188289945,0,20556800,15000000,35556800,59261.333333333336,3.390960693359375,0.010327672305981679,0.012099501877620301,0.012099501877620301,0.1998023811622946,0.08514035712000001,0.8,9.396249053459455,1.443446784,1.1501568,1,HEADROOM
360p,5,16,median,owner_only,0.4,400,60.74403281168731,24.6424686141454,40.67499853415302,57.419740934139554,0,20556800,15000000,35556800,59261.333333333336,3.390960693359375,0.005366859871636108,0.008480149122900198,0.008480149122900198,0.19982341483260196,0.08514035712000001,0.8,9.396249053459455,1.443446784,1.1501568,1,HEADROOM
360p,5,16,median,owner_only,0.4,800,60.74723031415721,24.122553987070205,40.155083907077824,56.89982630706436,0,20556800,15000000,35556800,59261.333333333336,3.390960693359375,0.0028860619564822073,0.00667018696711459,0.00667018696711459,0.19983393332854132,0.08514035712000001,0.8,9.396249053459455,1.443446784,1.1501568,1,HEADROOM
360p,5,16,median,owner_only,0.4,1600,60.748829191630364,23.862596673532607,39.895126593540226,56.63986899352676,0,20556800,15000000,35556800,59261.333333333336,3.390960693359375,0.0016455650563682541,0.005765134431452358,0.005765134431452358,0.1998391929917839,0.08514035712000001,0.8,9.396249053459455,1.443446784,1.1501568,1,HEADROOM
360p,5,16,median,finishing_owner,0.4,12.5,56.43850034153665,56.87717549280751,176.36746819843938,502.7104613624924,11,40702464,91032000,131734464,219557.44,12.563177490234375,0.2928472969057539,0.6578086340905781,0.6578086340905781,0.1684010571709925,0.08514035712000001,12.8,150.33998485535128,1.443446784,1.1501568,1,BURST_OR_PER_FRAME_LATENCY
360p,5,16,median,finishing_owner,0.4,25,52.03538483504841,653.4184955991241,1202.9697541440291,1513.4756672299627,555,41524736,291480000,333004736,555007.8933333333,31.757806396484376,0.13807094758806518,0.968472139901887,0.968472139901887,0.11605234779809623,0.08514035712000001,12.8,150.33998485535128,1.443446784,1.1501568,1,INTERCONNECT
360p,5,16,median,finishing_owner,0.4,50,58.82658660412861,74.15426586281137,182.40720165382754,264.2929499448419,0,61670400,429720000,491390400,818984.0,46.862640380859375,0.11649522393699524,0.808302648799453,0.808302648799453,0.09843377551385007,0.08514035712000001,12.8,150.33998485535128,1.443446784,1.1501568,1,INTERCONNECT_HEADROOM_LOW
360p,5,16,median,finishing_owner,0.4,100,59.82665206316587,52.49361950050661,106.82008739601497,161.1465552915215,0,82227200,500222400,582449600,970749.3333333334,55.546722412109375,0.07977083247957553,0.4804571291330298,0.4804571291330298,0.08307688034813415,0.08514035712000001,12.8,150.33998485535128,1.443446784,1.1501568,1,HEADROOM
360p,5,16,median,finishing_owner,0.4,125,60.02980222769749,53.594295159686226,97.13546947609302,140.676643792498,0,102372864,567960000,670332864,1117221.44,63.927923583984374,0.08012007306235946,0.43833670721241114,0.43833670721241114,0.0669409816845184,0.08514035712000001,12.8,150.33998485535128,1.443446784,1.1501568,1,HEADROOM
360p,5,16,median,finishing_owner,0.4,200,60.42013263063255,34.99229015480341,62.355524102557865,96.3105549253105,0,103606272,569342400,672948672,1121581.12,64.17738647460938,0.051755201164584756,0.27821820807280556,0.27821820807280556,0.06359645283829908,0.08514035712000001,12.8,150.33998485535128,1.443446784,1.1501568,1,HEADROOM
360p,5,16,median,finishing_owner,0.4,400,60.78311278703267,22.78651775490107,36.66813472877857,53.84565014015425,0,144308736,638462400,782771136,1304618.56,74.65087280273437,0.03766717726641542,0.15907072132561945,0.15907072132561945,0.047087373119140206,0.08514035712000001,12.8,150.33998485535128,1.443446784,1.1501568,1,HEADROOM
360p,5,16,median,finishing_owner,0.4,800,60.97645370642533,13.387733117449898,22.17649082313892,30.965248528826123,0,185422336,704817600,890239936,1483733.2266666666,84.89989624023437,0.026073597603145256,0.09026629543556039,0.09026629543556039,0.03423008469152754,0.08514035712000001,12.8,150.33998485535128,1.443446784,1.1501568,1,HEADROOM
360p,5,16,median,finishing_owner,0.4,1600,61.078708921401706,9.512315408099312,13.282719651569096,17.87709850441206,0,226535936,707582400,934118336,1556863.8933333333,89.08446655273437,0.018167448663442658,0.04781974034693728,0.04781974034693728,0.030270577650955192,0.08514035712000001,12.8,150.33998485535128,1.443446784,1.1501568,1,HEADROOM
360p,5,16,median,independent_au,0.4,12.5,60.51070814157987,59.388728753436226,76.95486644874927,94.5210041440605,0,40702464,27000000,67702464,112837.44,6.456610107421875,0.3139771114731959,0.21258788625117006,0.3139771114731959,0.180551700692655,0.08514035712000001,12.8,150.33998485535128,1.443446784,1.1501568,1,HEADROOM
360p,5,16,median,independent_au,0.4,25,60.807430346017114,38.46936351906152,47.45243236671831,56.43550121437329,0,41524736,27000000,68524736,114207.89333333333,6.535028076171875,0.16134673655021967,0.10924746664946752,0.16134673655021967,0.1356162749174357,0.08514035712000001,12.8,150.33998485535128,1.443446784,1.1501568,1,HEADROOM
360p,5,16,median,independent_au,0.4,50,60.96185715890409,25.60484615976202,31.11600143953183,36.589998484525495,0,61670400,27000000,88670400,147784.0,8.456268310546875,0.12072373413627958,0.057200930280298254,0.12072373413627958,0.10200669644268999,0.08514035712000001,12.8,150.33998485535128,1.443446784,1.1501568,1,HEADROOM
360p,5,16,median,independent_au,0.4,100,61.044583935749884,17.9058457998799,21.70368519976637,25.907642674879753,0,82227200,27000000,109227200,182045.33333333334,10.416717529296875,0.08139478160641046,0.03108106004971371,0.08139478160641046,0.08476813294144343,0.08514035712000001,12.8,150.33998485535128,1.443446784,1.1501568,1,HEADROOM
360p,5,16,median,independent_au,0.4,125,61.06001963640027,16.639146233905194,19.85586498390603,23.468136217812543,0,102372864,27000000,129372864,215621.44,12.337957763671875,0.08149507499460468,0.025848095666050997,0.08149507499460468,0.06808980713667398,0.08514035712000001,12.8,150.33998485535128,1.443446784,1.1501568,1,HEADROOM
360p,5,16,median,independent_au,0.4,200,61.096413830886924,12.381871379939184,15.31318410113363,18.66213258113021,0,103606272,27000000,130606272,217677.12,12.455584716796874,0.05233449597972468,0.017997581262856097,0.05233449597972468,0.0643082865199683,0.08514035712000001,12.8,150.33998485535128,1.443446784,1.1501568,1,HEADROOM
360p,5,16,median,independent_au,0.4,400,61.129684469745364,9.024648248065205,11.145097466815969,13.452835046160544,0,144308736,27000000,171308736,285514.56,16.337274169921876,0.03788194706693547,0.011448878388071133,0.03788194706693547,0.04735585476458667,0.08514035712000001,12.8,150.33998485535128,1.443446784,1.1501568,1,HEADROOM
360p,5,16,median,independent_au,0.4,800,61.15345205161367,7.401653444983822,8.541878054360495,10.414052621235442,0,185422336,27000000,212422336,354037.2266666667,20.258172607421876,0.026149282287123148,0.008172802971821795,0.026149282287123148,0.03432944547717156,0.08514035712000001,12.8,150.33998485535128,1.443446784,1.1501568,1,HEADROOM
360p,5,16,median,independent_au,0.4,1600,61.16781524282352,5.731163636553902,7.03138824592952,8.113378793108495,0,226535936,27000000,253535936,422559.8933333333,24.179071044921876,0.0181939527357881,0.006534073874081655,0.0181939527357881,0.030314738699369966,0.08514035712000001,12.8,150.33998485535128,1.443446784,1.1501568,1,HEADROOM
360p,5,16,median,raw_gather,0.4,12.5,4.2115637961536985,66368.18251725039,125743.35579850062,131240.5882985003,600,40702464,1866240000,1906942464,3178237.44,181.860205078125,0.02185290300036639,0.9997607556362609,0.9997607556362609,0.012566453596808146,0.08514035712000001,12.8,150.33998485535128,1.443446784,1.1501568,1,INTERCONNECT
360p,5,16,median,raw_gather,0.4,25,8.410454108007457,30738.815667230272,58177.81613598074,60827.392385980784,599,41524736,1866240000,1907764736,3179607.8933333335,181.938623046875,0.022316340544413015,0.9985929282455522,0.9985929282455522,0.018757484899486872,0.08514035712000001,12.8,150.33998485535128,1.443446784,1.1501568,1,INTERCONNECT
360p,5,16,median,raw_gather,0.4,50,16.761851776008257,12933.122307855032,24413.3825422305,25639.130667230544,599,61670400,1866240000,1927910400,3213184.0,183.85986328125,0.033193761341028735,0.9957574475488357,0.9957574475488357,0.028047392346919366,0.08514035712000001,12.8,150.33998485535128,1.443446784,1.1501568,1,INTERCONNECT
360p,5,16,median,raw_gather,0.4,100,33.28994853436923,4030.275628167481,7560.908831292509,8044.999807855049,596,82227200,1866240000,1948467200,3247445.3333333335,185.8203125,0.04438769037226206,0.9901458001126991,0.9901458001126991,0.046227307994192106,0.08514035712000001,12.8,150.33998485535128,1.443446784,1.1501568,1,INTERCONNECT
360p,5,16,median,raw_gather,0.4,125,41.46786153566105,2256.8534016049816,4178.532854729963,4526.173635979962,592,102372864,1866240000,1968612864,3281021.44,187.741552734375,0.05534597770911904,0.9873692212241819,0.9873692212241819,0.0462420207387264,0.08514035712000001,12.8,150.33998485535128,1.443446784,1.1501568,1,INTERCONNECT
360p,5,16,median,raw_gather,0.4,200,59.122883141276716,109.77019847999873,184.32791332374927,258.885628167498,0,103606272,1866240000,1969846272,3283077.12,187.8591796875,0.05064399194740692,0.8816134123975291,0.8816134123975291,0.0622310062168281,0.08514035712000001,12.8,150.33998485535128,1.443446784,1.1501568,1,INTERCONNECT_HEADROOM_LOW
360p,5,16,median,raw_gather,0.4,400,60.13945185874431,56.879573479998726,94.35843090187427,131.837288323748,0,144308736,1866240000,2010548736,3350914.56,191.740869140625,0.037268301835829125,0.45079158832871563,0.45079158832871563,0.046588742810443805,0.08514035712000001,12.8,150.33998485535128,1.443446784,1.1501568,1,HEADROOM
360p,5,16,median,raw_gather,0.4,800,60.66095918554577,30.434260979998726,49.37368969093677,68.313118401873,0,185422336,1866240000,2051662336,3419437.2266666666,195.661767578125,0.02593869180453952,0.22977678240634478,0.22977678240634478,0.03405297691445977,0.08514035712000001,12.8,150.33998485535128,1.443446784,1.1501568,1,HEADROOM
360p,5,16,median,raw_gather,0.4,1600,60.9251193595267,17.211604729998726,26.88131908546802,36.5510334409355,0,226535936,1866240000,2092775936,3487959.8933333335,199.582666015625,0.0181217644875673,0.11782570025589291,0.11782570025589291,0.03019445874076184,0.08514035712000001,12.8,150.33998485535128,1.443446784,1.1501568,1,HEADROOM
360p,5,16,adversarial,owner_only,0.4,12.5,59.79015350254987,95.5018001328117,137.5628945328117,181.89665453281123,0,20556800,15000000,35556800,59261.333333333336,3.390960693359375,0.1566860139873722,0.11882387981894228,0.1566860139873722,0.5188208777253736,0.3042164736,0.8,2.6297063749804774,5.1757056,3.9105331199999998,1,HEADROOM
360p,5,16,adversarial,owner_only,0.4,25,59.889444693175456,78.86453206640545,120.92562646640545,165.25938646640498,0,20556800,15000000,35556800,59261.333333333336,3.390960693359375,0.07867273967135932,0.06190618080316823,0.07867273967135932,0.5196824634489923,0.3042164736,0.8,2.6297063749804774,5.1757056,3.9105331199999998,1,HEADROOM
360p,5,16,adversarial,owner_only,0.4,50,59.93921405803192,70.54589803320232,112.60699243320232,156.94075243320185,0,20556800,15000000,35556800,59261.333333333336,3.390960693359375,0.039568856551239436,0.03337638162100332,0.039568856551239436,0.520114330304085,0.3042164736,0.8,2.6297063749804774,5.1757056,3.9105331199999998,1,HEADROOM
360p,5,16,adversarial,owner_only,0.4,100,59.96412977288164,66.38658101660076,108.44767541660076,152.7814354166003,0,20556800,15000000,35556800,59261.333333333336,3.390960693359375,0.019992532759530803,0.019093692999342864,0.019992532759530803,0.5203305330112237,0.3042164736,0.8,2.6297063749804774,5.1757056,3.9105331199999998,1,HEADROOM
360p,5,16,adversarial,owner_only,0.4,125,59.9691154017479,65.55471761328045,107.61581201328045,151.94957201327998,0,20556800,15000000,35556800,59261.333333333336,3.390960693359375,0.016075314827809696,0.016235730259389812,0.016235730259389812,0.5203737951236765,0.3042164736,0.8,2.6297063749804774,5.1757056,3.9105331199999998,1,HEADROOM
360p,5,16,adversarial,owner_only,0.4,200,59.976595399701424,64.30692250829998,106.36801690829998,150.7017769082995,0,20556800,15000000,35556800,59261.333333333336,3.390960693359375,0.01019826643555046,0.011947894959249087,0.011947894959249087,0.5204387017826546,0.3042164736,0.8,2.6297063749804774,5.1757056,3.9105331199999998,1,HEADROOM
360p,5,16,adversarial,owner_only,0.4,400,59.98283015687343,63.267093254149586,105.32818765414959,149.66194765414912,0,20556800,15000000,35556800,59261.333333333336,3.390960693359375,0.00529960605602317,0.008373881696672823,0.008373881696672823,0.5204928030350999,0.3042164736,0.8,2.6297063749804774,5.1757056,3.9105331199999998,1,HEADROOM
360p,5,16,adversarial,owner_only,0.4,800,59.98594802157678,62.74717862707439,104.80827302707439,149.14203302707392,0,20556800,15000000,35556800,59261.333333333336,3.390960693359375,0.0028498939229538063,0.0065865964033966305,0.0065865964033966305,0.5205198578795392,0.3042164736,0.8,2.6297063749804774,5.1757056,3.9105331199999998,1,HEADROOM
360p,5,16,adversarial,owner_only,0.4,1600,59.9875070754799,62.48722131353679,104.5483157135368,148.88207571353632,0,20556800,15000000,35556800,59261.333333333336,3.390960693359375,0.0016249423532207479,0.005692884078587122,0.005692884078587122,0.520533386356505,0.3042164736,0.8,2.6297063749804774,5.1757056,3.9105331199999998,1,HEADROOM
360p,5,16,adversarial,finishing_owner,0.4,12.5,26.334756164570745,6027.5675731288875,11624.534543343936,12549.780002328363,590,41524736,294244800,335769536,559615.8933333333,32.021478271484376,0.13940241453630742,0.9874259257839175,0.9874259257839175,0.14990331421987255,0.3042164736,12.8,42.07530199968764,5.1757056,3.9105331199999998,1,INTERCONNECT
360p,5,16,adversarial,finishing_owner,0.4,25,35.7208876965654,3300.2601113749824,6184.172215867149,6727.021080613249,590,62081536,432484800,494566336,824277.2266666667,47.165521240234376,0.14170611032787772,0.9850621700233645,0.9850621700233645,0.15067853203655826,0.3042164736,12.8,42.07530199968764,5.1757056,3.9105331199999998,1,INTERCONNECT
360p,5,16,adversarial,finishing_owner,0.4,50,53.989259122169905,540.8106289531115,964.1744363261387,1178.1446475077737,562,102372864,567960000,670332864,1117221.44,63.927923583984374,0.17747775970622542,0.9790931711299707,0.9790931711299707,0.1593652912133781,0.3042164736,12.8,42.07530199968764,5.1757056,3.9105331199999998,1,INTERCONNECT
360p,5,16,adversarial,finishing_owner,0.4,100,59.55712110457205,84.6970290996087,139.02349699511615,193.3499648906236,0,123751936,637080000,760831936,1268053.2266666666,72.55858764648437,0.11950636924133345,0.607846761049166,0.607846761049166,0.13179396663310242,0.3042164736,12.8,42.07530199968764,5.1757056,3.9105331199999998,1,HEADROOM
360p,5,16,adversarial,finishing_owner,0.4,125,59.870398658830254,69.65897367968682,113.20014799609271,167.2881973124986,0,143486464,637080000,780566464,1300944.1066666667,74.44061889648438,0.11198107914023797,0.4897932123366269,0.4897932123366269,0.1324872186030946,0.3042164736,12.8,42.07530199968764,5.1757056,3.9105331199999998,1,HEADROOM
360p,5,16,adversarial,finishing_owner,0.4,200,60.30656121353177,47.10189054980401,81.05692137255755,108.4201553203111,0,164865536,704817600,869683136,1449471.8933333333,82.93944702148437,0.08219182601965237,0.3426249143361425,0.3426249143361425,0.08978333150074919,0.3042164736,12.8,42.07530199968764,5.1757056,3.9105331199999998,1,HEADROOM
360p,5,16,adversarial,finishing_owner,0.4,400,60.708637534402236,31.600219712401667,45.48183668627826,62.659352097654846,0,206801408,707582400,914383808,1523973.0133333334,87.20243530273437,0.0538943943405412,0.17554994327743284,0.17554994327743284,0.08858764077020156,0.3042164736,12.8,42.07530199968764,5.1757056,3.9105331199999998,1,HEADROOM
360p,5,16,adversarial,finishing_owner,0.4,800,60.93208071176473,20.553485856200496,29.34224356188861,36.48305204882672,0,247092736,772555200,1019647936,1699413.2266666666,97.24120483398437,0.03471478307131326,0.09840100095933231,0.09840100095933231,0.04659257246503406,0.3042164736,12.8,42.07530199968764,5.1757056,3.9105331199999998,1,HEADROOM
360p,5,16,adversarial,finishing_owner,0.4,1600,61.04442023849692,15.03011892809991,19.624497780943784,23.39490202441266,0,247915008,773937600,1021852608,1703087.68,97.45145874023437,0.019860686126286862,0.051816819238331306,0.051816819238331306,0.04577636490536204,0.3042164736,12.8,42.07530199968764,5.1757056,3.9105331199999998,1,HEADROOM
360p,5,16,adversarial,independent_au,0.4,12.5,60.102443933710106,90.12237909374926,119.1326085859364,148.14283807812353,0,41524736,45000000,86524736,144207.89333333334,8.251641845703125,0.3181508783120643,0.34871713831164974,0.34871713831164974,0.34211653535255254,0.3042164736,12.8,42.07530199968764,5.1757056,3.9105331199999998,1,HEADROOM
360p,5,16,adversarial,independent_au,0.4,25,60.568137570343204,59.098556199218365,73.84735409765563,88.55246884374901,0,62081536,45000000,107081536,178469.22666666665,10.212091064453125,0.2402760888196623,0.17813228258581654,0.2402760888196623,0.2554896769311008,0.3042164736,12.8,42.07530199968764,5.1757056,3.9105331199999998,1,HEADROOM
360p,5,16,adversarial,independent_au,0.4,50,60.80198505534741,42.06445097460892,50.1690488492186,60.546312323827806,0,102372864,45000000,147372864,245621.44,14.054571533203125,0.19987309084749577,0.0918420961051309,0.19987309084749577,0.17947506989807824,0.3042164736,12.8,42.07530199968764,5.1757056,3.9105331199999998,1,HEADROOM
360p,5,16,adversarial,independent_au,0.4,100,60.929788549349325,29.666499924804157,34.71515448691389,43.25970671191317,0,123751936,45000000,168751936,281253.2266666667,16.093438720703126,0.12226074184126286,0.04845476391663123,0.12226074184126286,0.13483154272912756,0.3042164736,12.8,42.07530199968764,5.1757056,3.9105331199999998,1,HEADROOM
360p,5,16,adversarial,independent_au,0.4,125,60.95979583045697,25.60255033984322,31.252583589843198,38.80162992968758,0,143486464,45000000,188486464,314144.1066666667,17.975469970703124,0.11401867824804164,0.039758258636561815,0.11401867824804164,0.1348979458482123,0.3042164736,12.8,42.07530199968764,5.1757056,3.9105331199999998,1,HEADROOM
360p,5,16,adversarial,independent_au,0.4,200,61.014039480605625,21.54707518115174,25.627973618651595,31.349321274902422,0,164865536,45000000,209865536,349775.8933333333,20.014337158203126,0.08315604831105658,0.026701444055767697,0.08315604831105658,0.09083661251203681,0.3042164736,12.8,42.07530199968764,5.1757056,3.9105331199999998,1,HEADROOM
360p,5,16,adversarial,independent_au,0.4,400,61.06193321161313,16.547138199950496,19.727812028075277,23.293440981200547,0,206801408,45000000,251801408,419669.0133333333,24.013653564453126,0.05420803433181299,0.015803679172059593,0.05420803433181299,0.08910317911547719,0.3042164736,12.8,42.07530199968764,5.1757056,3.9105331199999998,1,HEADROOM
360p,5,16,adversarial,independent_au,0.4,800,61.08801606936112,13.02694509997491,15.307394318724619,19.04313557653768,0,247092736,45000000,292092736,486821.2266666667,27.856134033203126,0.03480362399138152,0.01034873553232024,0.03480362399138152,0.046711810629295004,0.3042164736,12.8,42.07530199968764,5.1757056,3.9105331199999998,1,HEADROOM
360p,5,16,adversarial,independent_au,0.4,1600,61.10098758924475,10.94179239764344,12.567073159361826,18.18326363592496,0,247915008,45000000,292915008,488191.68,27.934552001953126,0.01987909020636181,0.0076195060026513625,0.01987909020636181,0.045818783977890624,0.3042164736,12.8,42.07530199968764,5.1757056,3.9105331199999998,1,HEADROOM
360p,5,16,adversarial,raw_gather,0.4,12.5,4.211446811751622,66372.1398676504,125747.3131489006,131244.5456489003,600,41524736,1866240000,1907764736,3179607.8933333335,181.938623046875,0.022293194992222525,0.9997329853305316,0.9997329853305316,0.023972495921249934,0.3042164736,12.8,42.07530199968764,5.1757056,3.9105331199999998,1,INTERCONNECT
360p,5,16,adversarial,raw_gather,0.4,25,8.409803648474508,30744.333470750273,58183.333939500735,60832.91018950078,599,62081536,1866240000,1928321536,3213869.2266666666,183.899072265625,0.03336200863118814,0.9985156976606906,0.9985156976606906,0.03547439467999758,0.3042164736,12.8,42.07530199968764,5.1757056,3.9105331199999998,1,INTERCONNECT
360p,5,16,adversarial,raw_gather,0.4,50,16.759268373761245,12938.640111375029,24418.900345750495,25644.648470750537,599,102372864,1866240000,1968612864,3281021.44,187.741552734375,0.05509239159144431,0.9956039775109276,0.9956039775109276,0.04946994510267088,0.3042164736,12.8,42.07530199968764,5.1757056,3.9105331199999998,1,INTERCONNECT
360p,5,16,adversarial,raw_gather,0.4,100,33.279760080298985,4035.7934316874816,7566.426634812509,8050.5176113750495,597,123751936,1866240000,1989991936,3316653.2266666666,189.780419921875,0.06677863574762152,0.9898427640477174,0.9898427640477174,0.07364478853635978,0.3042164736,12.8,42.07530199968764,5.1757056,3.9105331199999998,1,INTERCONNECT
360p,5,16,adversarial,raw_gather,0.4,125,41.45205369050294,2262.3712051249813,4184.050658249962,4531.69143949996,594,143486464,1866240000,2009726464,3349544.1066666665,191.662451171875,0.07753156499413054,0.9869928290210398,0.9869928290210398,0.09172925889697386,0.3042164736,12.8,42.07530199968764,5.1757056,3.9105331199999998,1,INTERCONNECT
360p,5,16,adversarial,raw_gather,0.4,200,59.09075466550344,115.28800199999932,189.84571684374896,264.4034316874986,0,164865536,1866240000,2031105536,3385175.8933333335,193.701318359375,0.0805348029983053,0.8811343272505155,0.8811343272505155,0.08797326042148633,0.3042164736,12.8,42.07530199968764,5.1757056,3.9105331199999998,1,INTERCONNECT_HEADROOM_LOW
360p,5,16,adversarial,raw_gather,0.4,400,60.10620935038804,62.397376999999324,99.87623442187396,137.3550918437486,0,206801408,1866240000,2073041408,3455069.013333333,197.700634765625,0.053359585729612996,0.45054241008250956,0.45054241008250956,0.0877085617178171,0.3042164736,12.8,42.07530199968764,5.1757056,3.9105331199999998,1,HEADROOM
360p,5,16,adversarial,raw_gather,0.4,800,60.62713780581697,35.952064499999324,54.89149321093646,73.8309219218736,0,247092736,1866240000,2113332736,3522221.2266666666,201.543115234375,0.034541048206108364,0.22964867088428895,0.22964867088428895,0.04635939358328407,0.3042164736,12.8,42.07530199968764,5.1757056,3.9105331199999998,1,HEADROOM
360p,5,16,adversarial,raw_gather,0.4,1600,60.89100285745534,22.729408249999324,32.39912260546771,42.068836960936096,0,247915008,1866240000,2114155008,3523591.68,201.621533203125,0.019810772072892963,0.11775972088992534,0.11775972088992534,0.04566131933707018,0.3042164736,12.8,42.07530199968764,5.1757056,3.9105331199999998,1,HEADROOM
360p,10,4,optimistic,owner_only,0.4,12.5,60.272173361546784,40.931176591249596,44.90587385687468,44.905873856875246,0,41113600,15000000,56113600,93522.66666666667,5.351409912109375,0.31589838945551074,0.11978182132670828,0.31589838945551074,0.08995578478245958,0.0199839744,0.8,40.0320769025805,0.342171648,0.2875392,1,HEADROOM
360p,10,4,optimistic,owner_only,0.4,25,60.40212595962911,22.935646306405943,25.752224866407232,25.752224866407232,0,41113600,15000000,56113600,93522.66666666667,5.351409912109375,0.15869242921065355,0.062436126260804,0.15869242921065355,0.09014973809943873,0.0199839744,0.8,40.0320769025805,0.342171648,0.2875392,1,HEADROOM
360p,10,4,optimistic,owner_only,0.4,50,60.45275142923633,14.617012273202818,17.433590833204107,17.433590833204107,0,41113600,15000000,56113600,93522.66666666667,5.351409912109375,0.0798157362262128,0.033662338311415886,0.0798157362262128,0.09022529624832412,0.0199839744,0.8,40.0320769025805,0.342171648,0.2875392,1,HEADROOM
360p,10,4,optimistic,owner_only,0.4,100,60.47809600082507,10.457695256601255,13.274273816602545,13.274273816602545,0,41113600,15000000,56113600,93522.66666666667,5.351409912109375,0.040327786632112644,0.019257349395350797,0.040327786632112644,0.0902631228389394,0.0199839744,0.8,40.0320769025805,0.342171648,0.2875392,1,HEADROOM
360p,10,4,optimistic,owner_only,0.4,125,60.48316746550286,9.625831853280943,12.442410413282232,12.442410413282232,0,41113600,15000000,56113600,93522.66666666667,5.351409912109375,0.032426223140945516,0.016374902074589956,0.032426223140945516,0.09027069196345645,0.0199839744,0.8,40.0320769025805,0.342171648,0.2875392,1,HEADROOM
360p,10,4,optimistic,owner_only,0.4,200,60.49077625749718,8.378036748300474,11.194615308301763,11.194615308301763,0,41113600,15000000,56113600,93522.66666666667,5.351409912109375,0.020571392859365233,0.012050324562631191,0.020571392859365233,0.09028204803072469,0.0199839744,0.8,40.0320769025805,0.342171648,0.2875392,1,HEADROOM
360p,10,4,optimistic,owner_only,0.4,400,60.49711838001515,7.338207494150083,10.154786054151373,10.154786054151373,0,41113600,15000000,56113600,93522.66666666667,5.351409912109375,0.01069008895046077,0.00844567872137669,0.01069008895046077,0.09029151360291948,0.0199839744,0.8,40.0320769025805,0.342171648,0.2875392,1,HEADROOM
360p,10,4,optimistic,owner_only,0.4,800,60.500289940002574,6.818292867074888,9.634871427076177,9.634871427076177,0,41113600,15000000,56113600,93522.66666666667,5.351409912109375,0.005748659955326128,0.006643072340541125,0.006643072340541125,0.09029624713336547,0.0199839744,0.8,40.0320769025805,0.342171648,0.2875392,1,HEADROOM
360p,10,4,optimistic,owner_only,0.4,1600,60.501875844701274,6.55833555353729,9.37491411353858,9.37491411353858,0,41113600,15000000,56113600,93522.66666666667,5.351409912109375,0.0032777511619429688,0.00574169827206808,0.00574169827206808,0.09029861408470977,0.0199839744,0.8,40.0320769025805,0.342171648,0.2875392,1,HEADROOM
360p,10,4,optimistic,finishing_owner,0.4,12.5,60.272173361546784,40.931176591249596,44.90587385687468,44.905873856875246,0,41113600,15000000,56113600,93522.66666666667,5.351409912109375,0.31589838945551074,0.11978182132670828,0.31589838945551074,0.08995578478245958,0.0199839744,3.2,160.128307610322,0.342171648,0.2875392,1,HEADROOM
360p,10,4,optimistic,finishing_owner,0.4,25,60.40212595962911,22.935646306405943,25.752224866407232,25.752224866407232,0,41113600,15000000,56113600,93522.66666666667,5.351409912109375,0.15869242921065355,0.062436126260804,0.15869242921065355,0.09014973809943873,0.0199839744,3.2,160.128307610322,0.342171648,0.2875392,1,HEADROOM
360p,10,4,optimistic,finishing_owner,0.4,50,60.004084243253146,14.617012273202818,17.433590833204107,17.433590833204107,0,41524736,19147200,60671936,101119.89333333333,5.786126708984375,0.08001559478598244,0.04132319845063228,0.08001559478598244,0.0890952539973606,0.0199839744,3.2,160.128307610322,0.342171648,0.2875392,1,HEADROOM
360p,10,4,optimistic,finishing_owner,0.4,100,60.132280742121424,23.038403764101304,36.85883467230451,36.85883467230485,0,82227200,291480000,373707200,622845.3333333334,35.639495849609375,0.08019438268815521,0.28340042224706596,0.28340042224706596,0.061493797189647544,0.0199839744,3.2,160.128307610322,0.342171648,0.2875392,1,HEADROOM
360p,10,4,optimistic,finishing_owner,0.4,125,60.22287588321134,18.90884715656216,29.997191883125197,29.997191883125197,0,82227200,291480000,373707200,622845.3333333334,35.639495849609375,0.06457335134414965,0.2280254800955579,0.2280254800955579,0.061586443587951345,0.0199839744,3.2,160.128307610322,0.342171648,0.2875392,1,HEADROOM
360p,10,4,optimistic,finishing_owner,0.4,200,60.31994205246937,12.605708451601231,26.187720780702875,26.18772078070333,0,122929664,428337600,551267264,918778.7733333333,52.572943115234374,0.0613267136946696,0.21016200088696996,0.21016200088696996,0.04641220946760448,0.0199839744,3.2,160.128307610322,0.342171648,0.2875392,1,HEADROOM
360p,10,4,optimistic,finishing_owner,0.4,400,60.434388001869955,10.665654588075768,14.24076231512663,14.2407623151272,0,123340800,431102400,554443200,924072.0,52.875823974609375,0.03202895478764967,0.10836169977084706,0.10836169977084706,0.04369762090211767,0.0199839744,3.2,160.128307610322,0.342171648,0.2875392,1,HEADROOM
360p,10,4,optimistic,finishing_owner,0.4,800,60.50243377224541,6.300124574037682,9.815627656313154,9.815627656313723,0,164043264,567960000,732003264,1220005.44,69.80927124023438,0.022921832019130874,0.07311326671659774,0.07311326671659774,0.030923429321755045,0.0199839744,3.2,160.128307610322,0.342171648,0.2875392,1,HEADROOM
360p,10,4,optimistic,finishing_owner,0.4,1600,60.54658114097222,4.941334176393639,5.955111108156416,5.955111108156984,0,164454400,567960000,732414400,1220690.6666666667,69.84848022460938,0.013096473836378951,0.039005171219678565,0.039005171219678565,0.030945993505564644,0.0199839744,3.2,160.128307610322,0.342171648,0.2875392,1,HEADROOM
360p,10,4,optimistic,independent_au,0.4,12.5,60.22774574428046,43.601464677187096,48.91130598578093,48.911305985781496,0,41113600,20250000,61363600,102272.66666666667,5.852088928222656,0.315665535520452,0.15989988613823003,0.315665535520452,0.08988947688356842,0.0199839744,3.2,160.128307610322,0.342171648,0.2875392,1,HEADROOM
360p,10,4,optimistic,independent_au,0.4,25,60.40009637700107,23.26943231714813,26.17148720429759,26.17148720429759,0,41113600,20250000,61363600,102272.66666666667,5.852088928222656,0.15868709695798178,0.08259473555149177,0.15868709695798178,0.09014670896197938,0.0199839744,3.2,160.128307610322,0.342171648,0.2875392,1,HEADROOM
360p,10,4,optimistic,independent_au,0.4,50,60.47537635300167,14.783905278573911,17.6004838385752,17.6004838385752,0,41524736,20250000,61774736,102957.89333333333,5.891297912597656,0.08064406398028914,0.04376785402017014,0.08064406398028914,0.08979503786631812,0.0199839744,3.2,160.128307610322,0.342171648,0.2875392,1,HEADROOM
360p,10,4,optimistic,independent_au,0.4,100,60.51794854499834,9.93825651678685,11.220240516787271,11.220240516787271,0,82227200,20250000,102477200,170795.33333333334,9.772987365722656,0.08070872192479665,0.02432005034162414,0.08070872192479665,0.06188819729155616,0.0199839744,3.2,160.128307610322,0.342171648,0.2875392,1,HEADROOM
360p,10,4,optimistic,independent_au,0.4,125,60.52661673573636,8.495486560859035,9.925000190859464,9.925000190859464,0,82227200,20250000,102477200,170795.33333333334,9.772987365722656,0.0648990343093024,0.020427252895614978,0.0648990343093024,0.06189706174766304,0.0199839744,3.2,160.128307610322,0.342171648,0.2875392,1,HEADROOM
360p,10,4,optimistic,independent_au,0.4,200,60.543815102967386,6.885165439643288,7.644264197143457,8.41975999964356,0,122929664,20250000,143179664,238632.77333333335,13.654676818847657,0.061554323304438475,0.014586975208147512,0.061554323304438475,0.046584464986431526,0.0199839744,3.2,160.128307610322,0.342171648,0.2875392,1,HEADROOM
360p,10,4,optimistic,independent_au,0.4,400,60.560361672554066,4.875734658571446,5.571863999822199,5.82447455982178,0,123340800,20250000,143590800,239318.0,13.693885803222656,0.03209571818405654,0.009717895374502626,0.03209571818405654,0.04378870728335201,0.0199839744,3.2,160.128307610322,0.342171648,0.2875392,1,HEADROOM
360p,10,4,optimistic,independent_au,0.4,800,60.56669620731191,3.759534559910662,4.0770363045985505,4.662890963348374,0,164043264,20250000,184293264,307155.44,17.575575256347655,0.022946178357780313,0.0072821237751275565,0.022946178357780313,0.03095627452722733,0.0199839744,3.2,160.128307610322,0.342171648,0.2875392,1,HEADROOM
360p,10,4,optimistic,independent_au,0.4,1600,60.571314277241314,2.93493573698629,3.594478407567294,3.670104194017938,0,164454400,20250000,184704400,307840.6666666667,17.614784240722656,0.01310182371519846,0.006064192081166542,0.01310182371519846,0.030958634871269066,0.0199839744,3.2,160.128307610322,0.342171648,0.2875392,1,HEADROOM
360p,10,4,optimistic,raw_gather,0.4,12.5,4.211603845870341,66366.8277652504,125842.0010465006,131139.2335465003,600,41113600,1866240000,1907353600,3178922.6666666665,181.8994140625,0.022073849302800923,0.9997702628257308,0.9997702628257308,0.006285788416413738,0.0199839744,3.2,160.128307610322,0.342171648,0.2875392,1,INTERCONNECT
360p,10,4,optimistic,raw_gather,0.4,25,8.420290157730395,30696.114874625273,58194.481515250736,60644.05776525078,598,41113600,1866240000,1907353600,3178922.6666666665,181.8994140625,0.022122338883930875,0.9997607854823982,0.9997607854823982,0.012567222434323368,0.0199839744,3.2,160.128307610322,0.342171648,0.2875392,1,INTERCONNECT
360p,10,4,optimistic,raw_gather,0.4,50,16.809663982603706,12881.30795393503,24411.5681883105,25437.31631331054,596,41524736,1866240000,1907764736,3179607.8933333335,181.938623046875,0.022415728507210363,0.9985977877115679,0.9985977877115679,0.024959322369939477,0.0199839744,3.2,160.128307610322,0.342171648,0.2875392,1,INTERCONNECT
360p,10,4,optimistic,raw_gather,0.4,100,33.479071508121756,3978.461274247482,7499.608305497499,7843.1854539350425,588,82227200,1866240000,1948467200,3247445.3333333335,185.8203125,0.044648788295265154,0.9957709009737759,0.9957709009737759,0.0342371053951398,0.0199839744,3.2,160.128307610322,0.342171648,0.2875392,1,INTERCONNECT
360p,10,4,optimistic,raw_gather,0.4,125,41.76172652242812,2202.650063309982,4129.097563309962,4324.359282059961,580,82227200,1866240000,1948467200,3247445.3333333335,185.8203125,0.044778576245689,0.9943662843083183,0.9943662843083183,0.042707296469811556,0.0199839744,3.2,160.128307610322,0.342171648,0.2875392,1,INTERCONNECT
360p,10,4,optimistic,raw_gather,0.4,200,59.59711150883015,63.221215653749596,93.04430159124968,93.04430159125025,0,122929664,1866240000,1989169664,3315282.7733333334,189.702001953125,0.060591818728076875,0.8886848890773025,0.8886848890773025,0.045856039128916434,0.0199839744,3.2,160.128307610322,0.342171648,0.2875392,1,INTERCONNECT_HEADROOM_LOW
360p,10,4,optimistic,raw_gather,0.4,400,60.08984449976632,32.577905106874596,47.56944807562468,47.569448075625246,0,123340800,1866240000,1989580800,3315968.0,189.7412109375,0.03184635397681803,0.45041974290187325,0.45041974290187325,0.04344849566337534,0.0199839744,3.2,160.128307610322,0.342171648,0.2875392,1,HEADROOM
360p,10,4,optimistic,raw_gather,0.4,800,60.33927901654108,17.256249833437096,24.832021317812178,24.832021317812746,0,164043264,1866240000,2030283264,3383805.44,193.622900390625,0.022860019532091835,0.22855829468062744,0.22855829468062744,0.030840039212598053,0.0199839744,3.2,160.128307610322,0.342171648,0.2875392,1,HEADROOM
360p,10,4,optimistic,raw_gather,0.4,1600,60.464774446938854,9.595422196718346,13.463307938905928,13.463307938906496,0,164454400,1866240000,2030694400,3384490.6666666665,193.662109375,0.013078778712924264,0.11693541949394937,0.11693541949394937,0.030904181245077565,0.0199839744,3.2,160.128307610322,0.342171648,0.2875392,1,HEADROOM
360p,10,4,median,owner_only,0.4,12.5,60.18319308428524,46.830330052809586,52.816014532813824,52.816014532813824,0,41113600,15000000,56113600,93522.66666666667,5.351409912109375,0.31543202621170313,0.11960498649434528,0.31543202621170313,0.1944065428010166,0.08367390720000001,0.8,9.560925583262353,1.443446784,1.1501568,1,HEADROOM
360p,10,4,median,owner_only,0.4,25,60.2837950750024,30.193061986403336,36.178746466407574,36.178746466407574,0,41113600,15000000,56113600,93522.66666666667,5.351409912109375,0.15838154254509795,0.06231381066452774,0.15838154254509795,0.19473151201936353,0.08367390720000001,0.8,9.560925583262353,1.443446784,1.1501568,1,HEADROOM
360p,10,4,median,owner_only,0.4,50,60.33422230028505,21.87442795320021,27.86011243320445,27.86011243320445,0,41113600,15000000,56113600,93522.66666666667,5.351409912109375,0.07965924227899235,0.033596336888086366,0.07965924227899235,0.1948944043822948,0.08367390720000001,0.8,9.560925583262353,1.443446784,1.1501568,1,HEADROOM
360p,10,4,median,owner_only,0.4,100,60.35946756283815,17.71511093659865,23.700795416602887,23.700795416602887,0,41113600,15000000,56113600,93522.66666666667,5.351409912109375,0.040248683243415156,0.019219575896685968,0.040248683243415156,0.194975952800774,0.08367390720000001,0.8,9.560925583262353,1.443446784,1.1501568,1,HEADROOM
360p,10,4,median,owner_only,0.4,125,60.36451915073222,16.883247533278336,22.868932013282574,22.868932013282574,0,41113600,15000000,56113600,93522.66666666667,5.351409912109375,0.03236261343114908,0.016342779839311976,0.03236261343114908,0.19499227067438313,0.08367390720000001,0.8,9.560925583262353,1.443446784,1.1501568,1,HEADROOM
360p,10,4,median,owner_only,0.4,200,60.372098118182755,15.635452428297867,21.621136908302105,21.621136908302105,0,41113600,15000000,56113600,93522.66666666667,5.351409912109375,0.02053103340659076,0.012026682774813157,0.02053103340659076,0.19501675260670592,0.08367390720000001,0.8,9.560925583262353,1.443446784,1.1501568,1,HEADROOM
360p,10,4,median,owner_only,0.4,400,60.37841537832311,14.595623174147477,20.581307654151715,20.581307654151715,0,41113600,15000000,56113600,93522.66666666667,5.351409912109375,0.010669113643194006,0.0084291072309917,0.010669113643194006,0.19503715891353218,0.08367390720000001,0.8,9.560925583262353,1.443446784,1.1501568,1,HEADROOM
360p,10,4,median,owner_only,0.4,800,60.381574504191825,14.075708547072281,20.06139302707652,20.06139302707652,0,41113600,15000000,56113600,93522.66666666667,5.351409912109375,0.00573737976687412,0.006630037109985837,0.006630037109985837,0.19504736366849673,0.08367390720000001,0.8,9.560925583262353,1.443446784,1.1501568,1,HEADROOM
360p,10,4,median,owner_only,0.4,1600,60.38315419109852,13.815751233534684,19.801435713538922,19.801435713538922,0,41113600,15000000,56113600,93522.66666666667,5.351409912109375,0.003271319294622969,0.005730431449282325,0.005730431449282325,0.1950524664464402,0.08367390720000001,0.8,9.560925583262353,1.443446784,1.1501568,1,HEADROOM
360p,10,4,median,finishing_owner,0.4,12.5,59.561038587565754,46.830330052809586,52.816014532813824,52.816014532813824,0,41524736,16382400,57907136,96511.89333333333,5.522454833984375,0.31529290327324866,0.1288382624201122,0.31529290327324866,0.19206438572833626,0.08367390720000001,3.2,38.24370233304941,1.443446784,1.1501568,1,HEADROOM
360p,10,4,median,finishing_owner,0.4,25,59.414358053242736,30.193061986403336,87.93197281640641,87.93197281640641,0,81816064,154622400,236438464,394064.1066666667,22.548529052734374,0.310633628084005,0.5888335673360006,0.5888335673360006,0.16541086795816992,0.08367390720000001,3.2,38.24370233304941,1.443446784,1.1501568,1,HEADROOM
360p,10,4,median,finishing_owner,0.4,50,59.668937776421,46.061454088905805,73.59742870460923,73.59742870460957,0,82227200,291480000,373707200,622845.3333333334,35.639495849609375,0.1575617349372735,0.5576599051699933,0.5576599051699933,0.1331479707094516,0.08367390720000001,3.2,38.24370233304941,1.443446784,1.1501568,1,HEADROOM
360p,10,4,median,finishing_owner,0.4,100,60.040118356383104,25.171176263202142,52.17520092140603,52.175200921406486,0,122929664,428337600,551267264,918778.7733333333,52.572943115234374,0.1196988451510378,0.4135709128505084,0.4135709128505084,0.10079948145683862,0.08367390720000001,3.2,38.24370233304941,1.443446784,1.1501568,1,HEADROOM
360p,10,4,median,finishing_owner,0.4,125,60.14572717491948,21.141465569842694,42.77668529640596,42.77668529640653,0,123340800,429720000,553060800,921768.0,52.743988037109375,0.09672792473768452,0.33345827837263997,0.33345827837263997,0.09364444211088292,0.08367390720000001,3.2,38.24370233304941,1.443446784,1.1501568,1,HEADROOM
360p,10,4,median,finishing_owner,0.4,200,60.26780288741194,21.211068536151288,34.793080865253614,34.79308086525418,0,163220992,565195200,728416192,1214026.9866666666,69.46718139648438,0.08135935821462761,0.27553040563776965,0.27553040563776965,0.06787916237822392,0.08367390720000001,3.2,38.24370233304941,1.443446784,1.1501568,1,HEADROOM
360p,10,4,median,finishing_owner,0.4,400,60.40329691750568,15.775906945575116,19.35101467262666,19.35101467262723,0,164043264,567960000,732003264,1220005.44,69.80927124023438,0.042571198603906076,0.14115466876293412,0.14115466876293412,0.06735747649645997,0.08367390720000001,3.2,38.24370233304941,1.443446784,1.1501568,1,HEADROOM
360p,10,4,median,finishing_owner,0.4,800,60.49136659162318,9.76242771278703,11.629981576313185,11.629981576313753,0,164454400,567960000,732414400,1220690.6666666667,69.84848022460938,0.022967051734194697,0.0730998927466897,0.0730998927466897,0.06745568555634825,0.08367390720000001,3.2,38.24370233304941,1.443446784,1.1501568,1,HEADROOM
360p,10,4,median,finishing_owner,0.4,1600,60.53304864090259,6.755688096392987,7.769465028156446,7.919620019306635,0,164454400,567960000,732414400,1220690.6666666667,69.84848022460938,0.013093546701109494,0.03899645334540227,0.03899645334540227,0.06750216642408129,0.08367390720000001,3.2,38.24370233304941,1.443446784,1.1501568,1,HEADROOM
360p,10,4,median,independent_au,0.4,12.5,60.159774501432096,48.849046136248944,55.87550121437471,55.87550121437528,0,41524736,27000000,68524736,114207.89333333333,6.535028076171875,0.3184623776318823,0.21135497652221946,0.3184623776318823,0.19399510836577258,0.08367390720000001,3.2,38.24370233304941,1.443446784,1.1501568,1,HEADROOM
360p,10,4,median,independent_au,0.4,25,60.33131161468625,30.956001439528336,36.10156368906337,36.10156368906337,0,81816064,27000000,108816064,181360.10666666666,10.377508544921875,0.3154276984216917,0.10839206518082674,0.3154276984216917,0.16796368666134917,0.08367390720000001,3.2,38.24370233304941,1.443446784,1.1501568,1,HEADROOM
360p,10,4,median,independent_au,0.4,50,60.42339117474681,20.130849114764715,23.1942045645319,23.1942045645319,0,82227200,27000000,109227200,182045.33333333334,10.416717529296875,0.15955394379500368,0.056695683940151384,0.15955394379500368,0.1348314921986112,0.08367390720000001,3.2,38.24370233304941,1.443446784,1.1501568,1,HEADROOM
360p,10,4,median,independent_au,0.4,100,60.476221248337595,14.55689731988059,15.657738197265644,17.9058457998799,0,122929664,27000000,149929664,249882.77333333335,14.298406982421875,0.12056828068785883,0.030791676230895793,0.12056828068785883,0.10153164099573078,0.08367390720000001,3.2,38.24370233304941,1.443446784,1.1501568,1,HEADROOM
360p,10,4,median,independent_au,0.4,125,60.48586741950031,12.974674463905103,13.845750237812354,15.846933753906242,0,123340800,27000000,150340800,250568.0,14.337615966796875,0.09727494713683829,0.025605043968431527,0.09727494713683829,0.09417402658744262,0.08367390720000001,3.2,38.24370233304941,1.443446784,1.1501568,1,HEADROOM
360p,10,4,median,independent_au,0.4,200,60.50991206803203,9.764872857440423,11.367948839882956,12.381871379939184,0,163220992,27000000,190220992,317034.9866666667,18.140887451171874,0.08168619686826027,0.01782481149658132,0.08168619686826027,0.06815184808430932,0.08367390720000001,3.2,38.24370233304941,1.443446784,1.1501568,1,HEADROOM
360p,10,4,median,independent_au,0.4,400,60.52404863945359,7.777135278094647,8.293422059346085,9.025372016845694,0,164043264,27000000,191043264,318405.44,18.219305419921874,0.04265630232835722,0.011335449846297772,0.04265630232835722,0.06749213026021267,0.08367390720000001,3.2,38.24370233304941,1.443446784,1.1501568,1,HEADROOM
360p,10,4,median,independent_au,0.4,800,60.53335438217159,5.763041879046796,7.401653444985641,7.401653444985641,0,164454400,27000000,191454400,319090.6666666667,18.258514404296875,0.022982993443104,0.008089930527084602,0.022982993443104,0.0675025073650794,0.08367390720000001,3.2,38.24370233304941,1.443446784,1.1501568,1,HEADROOM
360p,10,4,median,independent_au,0.4,1600,60.53800832670119,4.75599517952287,7.129775202492965,7.129775202492965,0,164454400,27000000,191454400,319090.6666666667,18.258514404296875,0.013094619501490191,0.006466796582911218,0.013094619501490191,0.06750769711423657,0.08367390720000001,3.2,38.24370233304941,1.443446784,1.1501568,1,HEADROOM
360p,10,4,median,raw_gather,0.4,12.5,4.2115637961536985,66368.18251725039,125843.35579850062,131140.5882985003,600,41524736,1866240000,1907764736,3179607.8933333335,181.938623046875,0.02229437578825258,0.9997607556362609,0.9997607556362609,0.013580881607273181,0.08367390720000001,3.2,38.24370233304941,1.443446784,1.1501568,1,INTERCONNECT
360p,10,4,median,raw_gather,0.4,25,8.420130071341559,30697.469626625272,58195.836267250736,60645.41251725078,598,81816064,1866240000,1948056064,3246760.1066666665,185.781103515625,0.044022617405984184,0.9997417780502492,0.9997417780502492,0.023441825663978184,0.08367390720000001,3.2,38.24370233304941,1.443446784,1.1501568,1,INTERCONNECT
360p,10,4,median,raw_gather,0.4,50,16.808809571770453,12883.122307855028,24413.382542230494,25439.130667230536,595,82227200,1866240000,1948467200,3247445.3333333335,185.8203125,0.04438532504604034,0.9985470304347559,0.9985470304347559,0.037507939104075044,0.08367390720000001,3.2,38.24370233304941,1.443446784,1.1501568,1,INTERCONNECT
360p,10,4,median,raw_gather,0.4,100,33.47568249225593,3980.275628167481,7501.422659417498,7844.999807855042,588,122929664,1866240000,1989169664,3315282.7733333334,189.702001953125,0.06673871812146169,0.9956701011836352,0.9956701011836352,0.05620127889495458,0.08367390720000001,3.2,38.24370233304941,1.443446784,1.1501568,1,INTERCONNECT
360p,10,4,median,raw_gather,0.4,125,41.7564533398808,2204.4644172299822,4130.911917229963,4326.173635979962,579,123340800,1866240000,1989580800,3315968.0,189.7412109375,0.0671538156688357,0.9942407273600622,0.9942407273600622,0.06501309338517423,0.08367390720000001,3.2,38.24370233304941,1.443446784,1.1501568,1,INTERCONNECT
360p,10,4,median,raw_gather,0.4,200,59.58637302619029,65.03556957374894,94.85865551124971,94.85865551125028,0,163220992,1866240000,2029460992,3382434.986666667,193.544482421875,0.08043945250177383,0.8885247617319988,0.8885247617319988,0.06711167317199476,0.08367390720000001,3.2,38.24370233304941,1.443446784,1.1501568,1,INTERCONNECT_HEADROOM_LOW
360p,10,4,median,raw_gather,0.4,400,60.078927733546706,34.392259026873944,49.38380199562471,49.38380199562528,0,164043264,1866240000,2030283264,3383805.44,193.622900390625,0.04234258881510327,0.4503379133169427,0.4503379133169427,0.0669957629675688,0.08367390720000001,3.2,38.24370233304941,1.443446784,1.1501568,1,HEADROOM
360p,10,4,median,raw_gather,0.4,800,60.32827143895122,19.070603753436444,26.646375237812208,26.646375237812777,0,164454400,1866240000,2030694400,3384490.6666666665,193.662109375,0.022905128603340316,0.22851659923441878,0.22851659923441878,0.06727381339914147,0.08367390720000001,3.2,38.24370233304941,1.443446784,1.1501568,1,HEADROOM
360p,10,4,median,raw_gather,0.4,1600,60.45372103815176,11.409776116717694,15.277661858905958,15.277661858906527,0,164454400,1866240000,2030694400,3384490.6666666665,193.662109375,0.01307638781526737,0.11691404283282429,0.11691404283282429,0.06741370590271095,0.08367390720000001,3.2,38.24370233304941,1.443446784,1.1501568,1,HEADROOM
360p,10,4,adversarial,owner_only,0.4,12.5,59.82831581219551,68.90154413281198,84.36238253281226,84.36238253281272,0,41113600,15000000,56113600,93522.66666666667,5.351409912109375,0.3135720441925541,0.11889972163284153,0.3135720441925541,0.5078212130090275,0.2978906112,0.8,2.685549560549561,5.1757056,3.9105331199999998,1,HEADROOM
360p,10,4,adversarial,owner_only,0.4,25,59.927733897986805,52.26427606640573,67.72511446640601,67.72511446640647,0,41113600,15000000,56113600,93522.66666666667,5.351409912109375,0.15744607525432783,0.061945759370777335,0.15744607525432783,0.5086650711761209,0.2978906112,0.8,2.685549560549561,5.1757056,3.9105331199999998,1,HEADROOM
360p,10,4,adversarial,owner_only,0.4,50,59.977566947901636,43.9456420332026,59.40648043320289,59.40648043320334,0,41113600,15000000,56113600,93522.66666666667,5.351409912109375,0.07918835040299853,0.033397737935207256,0.07918835040299853,0.5090880528280719,0.2978906112,0.8,2.685549560549561,5.1757056,3.9105331199999998,1,HEADROOM
360p,10,4,adversarial,owner_only,0.4,100,60.002514564879924,39.78632501660104,55.247163416601325,55.24716341660178,0,41113600,15000000,56113600,93522.66666666667,5.351409912109375,0.040010661128116486,0.019105915430270064,0.040010661128116486,0.5092998075623246,0.2978906112,0.8,2.685549560549561,5.1757056,3.9105331199999998,1,HEADROOM
360p,10,4,adversarial,owner_only,0.4,125,60.007506578948295,38.95446161328073,54.41530001328101,54.41530001328147,0,41113600,15000000,56113600,93522.66666666667,5.351409912109375,0.0321712119255419,0.016246124089500366,0.0321712119255419,0.5093421796499414,0.2978906112,0.8,2.685549560549561,5.1757056,3.9105331199999998,1,HEADROOM
360p,10,4,adversarial,owner_only,0.4,200,60.01499615769275,37.70666650830026,53.16750490830054,53.167504908301,0,41113600,15000000,56113600,93522.66666666667,5.351409912109375,0.020409592003874773,0.01195554474696675,0.020409592003874773,0.5094057510025911,0.2978906112,0.8,2.685549560549561,5.1757056,3.9105331199999998,1,HEADROOM
360p,10,4,adversarial,owner_only,0.4,400,60.0212389015971,36.66683725414987,52.12767565415015,52.12767565415061,0,41113600,15000000,56113600,93522.66666666667,5.351409912109375,0.010605999094774875,0.008379243735836239,0.010605999094774875,0.509458739253037,0.2978906112,0.8,2.685549560549561,5.1757056,3.9105331199999998,1,HEADROOM
360p,10,4,adversarial,owner_only,0.4,800,60.02436076060102,36.14692262707467,51.60776102707496,51.60776102707541,0,41113600,15000000,56113600,93522.66666666667,5.351409912109375,0.005703437775103353,0.0065908142113507645,0.0065908142113507645,0.5094852375123426,0.2978906112,0.8,2.685549560549561,5.1757056,3.9105331199999998,1,HEADROOM
360p,10,4,adversarial,owner_only,0.4,1600,60.02592181188808,35.886965313537075,51.34780371353736,51.347803713537814,0,41113600,15000000,56113600,93522.66666666667,5.351409912109375,0.0032519658641765115,0.0056965296816792145,0.0056965296816792145,0.5094984876757044,0.2978906112,0.8,2.685549560549561,5.1757056,3.9105331199999998,1,HEADROOM
360p,10,4,adversarial,finishing_owner,0.4,12.5,49.54675701057204,960.6161152085788,1742.3003217515288,1881.4430561265253,560,81816064,156004800,237820864,396368.1066666667,22.680364990234374,0.5167718756465846,0.9868245496432412,0.9868245496432412,0.3460550799669453,0.2978906112,3.2,10.742198242198244,5.1757056,3.9105331199999998,1,INTERCONNECT
360p,10,4,adversarial,finishing_owner,0.4,25,52.88470143223818,649.5584683085772,1172.4611416484004,1270.393793015588,526,82638336,291480000,374118336,623530.56,35.678704833984376,0.27926668661070325,0.9842794499648758,0.9842794499648758,0.2925788145105787,0.2978906112,3.2,10.742198242198244,5.1757056,3.9105331199999998,1,INTERCONNECT
360p,10,4,adversarial,finishing_owner,0.4,50,59.31873013926376,52.74804472460892,106.59609404101502,106.59609404101593,0,123340800,431102400,554443200,924072.0,52.875823974609375,0.2349475563590744,0.8176716931739695,0.8176716931739695,0.23986170692656159,0.2978906112,3.2,10.742198242198244,5.1757056,3.9105331199999998,1,INTERCONNECT_HEADROOM_LOW
360p,10,4,adversarial,finishing_owner,0.4,100,59.84726090485138,44.19099211230423,71.19501677050721,71.19501677050812,0,163632128,566577600,730209728,1217016.2133333334,69.63822631835937,0.1588144397835317,0.543742793035619,0.543742793035619,0.1773146487710324,0.2978906112,3.2,10.742198242198244,5.1757056,3.9105331199999998,1,HEADROOM
360p,10,4,adversarial,finishing_owner,0.4,125,59.985708176284625,37.20614408984329,58.84136381640565,58.841363816406556,0,164043264,567960000,732003264,1220005.44,69.80927124023438,0.1283005100392372,0.4380147331164336,0.4380147331164336,0.17706558688872223,0.2978906112,3.2,10.742198242198244,5.1757056,3.9105331199999998,1,HEADROOM
360p,10,4,adversarial,finishing_owner,0.4,200,60.19458430091051,33.320668931151886,40.3108843852533,40.31088438525421,0,164454400,567960000,732414400,1220690.6666666667,69.84848022460938,0.08185858383946269,0.2765183021644973,0.2765183021644973,0.17768214664467666,0.2978906112,3.2,10.742198242198244,5.1757056,3.9105331199999998,1,HEADROOM
360p,10,4,adversarial,finishing_owner,0.4,400,60.36976216617801,21.293710465575714,24.86881819262635,25.709438157226543,0,164454400,567960000,732414400,1220690.6666666667,69.84848022460938,0.042646190435598565,0.14107630239955218,0.14107630239955218,0.17819923600590165,0.2978906112,3.2,10.742198242198244,5.1757056,3.9105331199999998,1,HEADROOM
360p,10,4,adversarial,finishing_owner,0.4,800,60.42254485942496,15.280231232787628,18.468616872900384,18.848926855200176,0,164454400,567960000,732414400,1220690.6666666667,69.84848022460938,0.022940921851983497,0.07301672614745752,0.07301672614745752,0.17835503976052053,0.2978906112,3.2,10.742198242198244,5.1757056,3.9105331199999998,1,HEADROOM
360p,10,4,adversarial,finishing_owner,0.4,1600,60.43212413248257,12.273491616393585,18.153461313537264,18.15346131353772,0,164454400,567960000,732414400,1220690.6666666667,69.84848022460938,0.013071716315990065,0.03893143600409246,0.03893143600409246,0.17838331582256067,0.2978906112,3.2,10.742198242198244,5.1757056,3.9105331199999998,1,HEADROOM
360p,10,4,adversarial,independent_au,0.4,12.5,59.92012310427159,72.71624139843698,84.32033319531183,84.32033319531274,0,81816064,45000000,126816064,211360.10666666666,12.094122314453125,0.6249659165172305,0.34765930449100624,0.6249659165172305,0.4185069668243562,0.2978906112,3.2,10.742198242198244,5.1757056,3.9105331199999998,1,HEADROOM
360p,10,4,adversarial,independent_au,0.4,25,60.175071359926484,46.275985398437115,54.83998204843738,59.01855619921875,0,82638336,45000000,127638336,212730.56,12.172540283203125,0.3177647285535234,0.17697626584041853,0.3177647285535234,0.3329119871109699,0.2978906112,3.2,10.742198242198244,5.1757056,3.9105331199999998,1,HEADROOM
360p,10,4,adversarial,independent_au,0.4,50,60.29586455392671,33.759898749608965,36.780921698828024,39.711785374609406,0,123340800,45000000,168340800,280568.0,16.054229736328125,0.23881775625075174,0.09107759528019989,0.23881775625075174,0.24381285571291444,0.2978906112,3.2,10.742198242198244,5.1757056,3.9105331199999998,1,HEADROOM
360p,10,4,adversarial,independent_au,0.4,100,60.36582773939299,22.529658174804354,25.66560148730423,29.919000312109404,0,163632128,45000000,208632128,347720.2133333333,19.896710205078126,0.16019054121362017,0.04800627084689846,0.16019054121362017,0.17885105151930916,0.2978906112,3.2,10.742198242198244,5.1757056,3.9105331199999998,1,HEADROOM
360p,10,4,adversarial,independent_au,0.4,125,60.380988235025434,21.602427339843416,23.03803617968697,26.386603489843736,0,164043264,45000000,209043264,348405.44,19.935919189453124,0.12914595530756257,0.03938075766618494,0.12914595530756257,0.17823237307353584,0.2978906112,3.2,10.742198242198244,5.1757056,3.9105331199999998,1,HEADROOM
360p,10,4,adversarial,independent_au,0.4,200,60.40374326183939,17.466176743651886,20.41699257480468,21.939813924902325,0,164454400,45000000,209454400,349090.6666666667,19.975128173828125,0.08214301900149291,0.02643436142230244,0.08214301900149291,0.17829954127576228,0.2978906112,3.2,10.742198242198244,5.1757056,3.9105331199999998,1,HEADROOM
360p,10,4,adversarial,independent_au,0.4,400,60.42271888960864,13.366464371825714,19.052542543700838,19.052542543701293,0,164454400,45000000,209454400,349090.6666666667,19.975128173828125,0.04268359993385121,0.015638241598503976,0.04268359993385121,0.17835555346215962,0.2978906112,3.2,10.742198242198244,5.1757056,3.9105331199999998,1,HEADROOM
360p,10,4,adversarial,independent_au,0.4,800,60.43221117504169,11.316608185912628,18.473023271850252,18.473023271850707,0,164454400,45000000,209454400,349090.6666666667,19.975128173828125,0.02294459190910664,0.010237637614122875,0.02294459190910664,0.178383572754458,0.2978906112,3.2,10.742198242198244,5.1757056,3.9105331199999998,1,HEADROOM
360p,10,4,adversarial,independent_au,0.4,1600,60.436958436260014,10.291680092956085,18.18326363592496,18.183263635925414,0,164454400,45000000,209454400,349090.6666666667,19.975128173828125,0.013072761995725326,0.0075366992540744655,0.013072761995725326,0.1783975857021966,0.2978906112,3.2,10.742198242198244,5.1757056,3.9105331199999998,1,HEADROOM
360p,10,4,adversarial,raw_gather,0.4,12.5,4.211446811751622,66372.1398676504,125847.3131489006,131144.5456489003,600,81816064,1866240000,1948056064,3246760.1066666665,185.781103515625,0.04392532224925101,0.9997329853305316,0.9997329853305316,0.029414489487299297,0.2978906112,3.2,10.742198242198244,5.1757056,3.9105331199999998,1,INTERCONNECT
360p,10,4,adversarial,raw_gather,0.4,25,8.41966247970099,30701.426977025272,58199.793617650736,60649.36986765078,598,82638336,1866240000,1948878336,3248130.56,185.859521484375,0.044461463890447465,0.9996862597988466,0.9996862597988466,0.04658085987393763,0.2978906112,3.2,10.742198242198244,5.1757056,3.9105331199999998,1,INTERCONNECT
360p,10,4,adversarial,raw_gather,0.4,50,16.806211675731216,12888.640111375029,24418.900345750495,25444.648470750537,596,123340800,1866240000,1989580800,3315968.0,189.7412109375,0.06656545673847432,0.9983926993761356,0.9983926993761356,0.06795773628406995,0.2978906112,3.2,10.742198242198244,5.1757056,3.9105331199999998,1,INTERCONNECT
360p,10,4,adversarial,raw_gather,0.4,100,33.46538005014313,3985.7934316874816,7506.9404629374985,7850.517611375042,588,163632128,1866240000,2029872128,3383120.2133333334,193.58369140625,0.08880582844478398,0.995363674762508,0.995363674762508,0.09915077181250287,0.2978906112,3.2,10.742198242198244,5.1757056,3.9105331199999998,1,INTERCONNECT
360p,10,4,adversarial,raw_gather,0.4,125,41.74042474510267,2209.982220749982,4136.429720749962,4331.69143949996,580,164043264,1866240000,2030283264,3383805.44,193.622900390625,0.08927656181557422,0.9938590790049913,0.9938590790049913,0.12320922815074978,0.2978906112,3.2,10.742198242198244,5.1757056,3.9105331199999998,1,INTERCONNECT
360p,10,4,adversarial,raw_gather,0.4,200,59.55373897686017,70.55337309374954,100.3764590312494,100.3764590312503,0,164454400,1866240000,2030694400,3384490.6666666665,193.662109375,0.08098709861706023,0.8880381377031684,0.8880381377031684,0.1757905018369768,0.2978906112,3.2,10.742198242198244,5.1757056,3.9105331199999998,1,INTERCONNECT_HEADROOM_LOW
360p,10,4,adversarial,raw_gather,0.4,400,60.04575208334448,39.91006254687454,54.9016055156244,54.901605515625306,0,164454400,1866240000,2030694400,3384490.6666666665,193.662109375,0.042417304397294534,0.4500892362241812,0.4500892362241812,0.1772428242668557,0.2978906112,3.2,10.742198242198244,5.1757056,3.9105331199999998,1,HEADROOM
360p,10,4,adversarial,raw_gather,0.4,800,60.2948199182323,24.588407273437042,32.1641787578119,32.164178757812806,0,164454400,1866240000,2030694400,3384490.6666666665,193.662109375,0.022892427901567026,0.22838988869603308,0.22838988869603308,0.17797802176139743,0.2978906112,3.2,10.742198242198244,5.1757056,3.9105331199999998,1,HEADROOM
360p,10,4,adversarial,raw_gather,0.4,1600,60.41813458840413,16.927579636718292,20.795465378905647,20.795465378906556,0,164454400,1866240000,2030694400,3384490.6666666665,193.662109375,0.013068690320226908,0.11684522067202732,0.11684522067202732,0.17834202153917444,0.2978906112,3.2,10.742198242198244,5.1757056,3.9105331199999998,1,HEADROOM
360p,10,8,optimistic,owner_only,0.4,12.5,60.272173361546784,40.931176591249596,44.90587385687468,44.905873856875246,0,41113600,15000000,56113600,93522.66666666667,5.351409912109375,0.31589838945551074,0.11978182132670828,0.31589838945551074,0.08995578478245958,0.0199839744,0.8,40.0320769025805,0.342171648,0.2875392,1,HEADROOM
360p,10,8,optimistic,owner_only,0.4,25,60.40212595962911,22.935646306405943,25.752224866407232,25.752224866407232,0,41113600,15000000,56113600,93522.66666666667,5.351409912109375,0.15869242921065355,0.062436126260804,0.15869242921065355,0.09014973809943873,0.0199839744,0.8,40.0320769025805,0.342171648,0.2875392,1,HEADROOM
360p,10,8,optimistic,owner_only,0.4,50,60.45275142923633,14.617012273202818,17.433590833204107,17.433590833204107,0,41113600,15000000,56113600,93522.66666666667,5.351409912109375,0.0798157362262128,0.033662338311415886,0.0798157362262128,0.09022529624832412,0.0199839744,0.8,40.0320769025805,0.342171648,0.2875392,1,HEADROOM
360p,10,8,optimistic,owner_only,0.4,100,60.47809600082507,10.457695256601255,13.274273816602545,13.274273816602545,0,41113600,15000000,56113600,93522.66666666667,5.351409912109375,0.040327786632112644,0.019257349395350797,0.040327786632112644,0.0902631228389394,0.0199839744,0.8,40.0320769025805,0.342171648,0.2875392,1,HEADROOM
360p,10,8,optimistic,owner_only,0.4,125,60.48316746550286,9.625831853280943,12.442410413282232,12.442410413282232,0,41113600,15000000,56113600,93522.66666666667,5.351409912109375,0.032426223140945516,0.016374902074589956,0.032426223140945516,0.09027069196345645,0.0199839744,0.8,40.0320769025805,0.342171648,0.2875392,1,HEADROOM
360p,10,8,optimistic,owner_only,0.4,200,60.49077625749718,8.378036748300474,11.194615308301763,11.194615308301763,0,41113600,15000000,56113600,93522.66666666667,5.351409912109375,0.020571392859365233,0.012050324562631191,0.020571392859365233,0.09028204803072469,0.0199839744,0.8,40.0320769025805,0.342171648,0.2875392,1,HEADROOM
360p,10,8,optimistic,owner_only,0.4,400,60.49711838001515,7.338207494150083,10.154786054151373,10.154786054151373,0,41113600,15000000,56113600,93522.66666666667,5.351409912109375,0.01069008895046077,0.00844567872137669,0.01069008895046077,0.09029151360291948,0.0199839744,0.8,40.0320769025805,0.342171648,0.2875392,1,HEADROOM
360p,10,8,optimistic,owner_only,0.4,800,60.500289940002574,6.818292867074888,9.634871427076177,9.634871427076177,0,41113600,15000000,56113600,93522.66666666667,5.351409912109375,0.005748659955326128,0.006643072340541125,0.006643072340541125,0.09029624713336547,0.0199839744,0.8,40.0320769025805,0.342171648,0.2875392,1,HEADROOM
360p,10,8,optimistic,owner_only,0.4,1600,60.501875844701274,6.55833555353729,9.37491411353858,9.37491411353858,0,41113600,15000000,56113600,93522.66666666667,5.351409912109375,0.0032777511619429688,0.00574169827206808,0.00574169827206808,0.09029861408470977,0.0199839744,0.8,40.0320769025805,0.342171648,0.2875392,1,HEADROOM
360p,10,8,optimistic,finishing_owner,0.4,12.5,60.272173361546784,40.931176591249596,44.90587385687468,44.905873856875246,0,41113600,15000000,56113600,93522.66666666667,5.351409912109375,0.31589838945551074,0.11978182132670828,0.31589838945551074,0.08995578478245958,0.0199839744,6.4,320.256615220644,0.342171648,0.2875392,1,HEADROOM
360p,10,8,optimistic,finishing_owner,0.4,25,60.40212595962911,22.935646306405943,25.752224866407232,25.752224866407232,0,41113600,15000000,56113600,93522.66666666667,5.351409912109375,0.15869242921065355,0.062436126260804,0.15869242921065355,0.09014973809943873,0.0199839744,6.4,320.256615220644,0.342171648,0.2875392,1,HEADROOM
360p,10,8,optimistic,finishing_owner,0.4,50,60.004084243253146,14.617012273202818,17.433590833204107,17.433590833204107,0,41524736,19147200,60671936,101119.89333333333,5.786126708984375,0.08001559478598244,0.04132319845063228,0.08001559478598244,0.0890952539973606,0.0199839744,6.4,320.256615220644,0.342171648,0.2875392,1,HEADROOM
360p,10,8,optimistic,finishing_owner,0.4,100,60.132280742121424,23.038403764101304,36.85883467230451,36.85883467230485,0,82227200,291480000,373707200,622845.3333333334,35.639495849609375,0.08019438268815521,0.28340042224706596,0.28340042224706596,0.061493797189647544,0.0199839744,6.4,320.256615220644,0.342171648,0.2875392,1,HEADROOM
360p,10,8,optimistic,finishing_owner,0.4,125,60.22287588321134,18.90884715656216,29.997191883125197,29.997191883125197,0,82227200,291480000,373707200,622845.3333333334,35.639495849609375,0.06457335134414965,0.2280254800955579,0.2280254800955579,0.061586443587951345,0.0199839744,6.4,320.256615220644,0.342171648,0.2875392,1,HEADROOM
360p,10,8,optimistic,finishing_owner,0.4,200,60.31994205246937,12.605708451601231,26.187720780702875,26.18772078070333,0,122929664,428337600,551267264,918778.7733333333,52.572943115234374,0.0613267136946696,0.21016200088696996,0.21016200088696996,0.04641220946760448,0.0199839744,6.4,320.256615220644,0.342171648,0.2875392,1,HEADROOM
360p,10,8,optimistic,finishing_owner,0.4,400,60.434388001869955,10.665654588075768,14.24076231512663,14.2407623151272,0,123751936,431102400,554854336,924757.2266666667,52.915032958984376,0.03213574483000317,0.10836169977084706,0.10836169977084706,0.04369762090211767,0.0199839744,6.4,320.256615220644,0.342171648,0.2875392,1,HEADROOM
360p,10,8,optimistic,finishing_owner,0.4,800,60.50243377224541,6.300124574037682,9.815627656313154,9.815627656313723,0,164865536,567960000,732825536,1221375.8933333333,69.88768920898437,0.0230368092923212,0.07311326671659774,0.07311326671659774,0.030923429321755045,0.0199839744,6.4,320.256615220644,0.342171648,0.2875392,1,HEADROOM
360p,10,8,optimistic,finishing_owner,0.4,1600,60.541547227807754,4.941334176393639,5.955111108156416,5.955111108156984,0,206390272,569342400,775732672,1292887.7866666666,73.97963256835938,0.01644088338811216,0.03908506944726502,0.03908506944726502,0.02829064849370959,0.0199839744,6.4,320.256615220644,0.342171648,0.2875392,1,HEADROOM
360p,10,8,optimistic,independent_au,0.4,12.5,60.22774574428046,43.601464677187096,48.91130598578093,48.911305985781496,0,41113600,20250000,61363600,102272.66666666667,5.852088928222656,0.315665535520452,0.15989988613823003,0.315665535520452,0.08988947688356842,0.0199839744,6.4,320.256615220644,0.342171648,0.2875392,1,HEADROOM
360p,10,8,optimistic,independent_au,0.4,25,60.40009637700107,23.26943231714813,26.17148720429759,26.17148720429759,0,41113600,20250000,61363600,102272.66666666667,5.852088928222656,0.15868709695798178,0.08259473555149177,0.15868709695798178,0.09014670896197938,0.0199839744,6.4,320.256615220644,0.342171648,0.2875392,1,HEADROOM
360p,10,8,optimistic,independent_au,0.4,50,60.47537635300167,14.783905278573911,17.6004838385752,17.6004838385752,0,41524736,20250000,61774736,102957.89333333333,5.891297912597656,0.08064406398028914,0.04376785402017014,0.08064406398028914,0.08979503786631812,0.0199839744,6.4,320.256615220644,0.342171648,0.2875392,1,HEADROOM
360p,10,8,optimistic,independent_au,0.4,100,60.51794854499834,9.93825651678685,11.220240516787271,11.220240516787271,0,82227200,20250000,102477200,170795.33333333334,9.772987365722656,0.08070872192479665,0.02432005034162414,0.08070872192479665,0.06188819729155616,0.0199839744,6.4,320.256615220644,0.342171648,0.2875392,1,HEADROOM
360p,10,8,optimistic,independent_au,0.4,125,60.52661673573636,8.495486560859035,9.925000190859464,9.925000190859464,0,82227200,20250000,102477200,170795.33333333334,9.772987365722656,0.0648990343093024,0.020427252895614978,0.0648990343093024,0.06189706174766304,0.0199839744,6.4,320.256615220644,0.342171648,0.2875392,1,HEADROOM
360p,10,8,optimistic,independent_au,0.4,200,60.543815102967386,6.885165439643288,7.644264197143457,8.41975999964356,0,122929664,20250000,143179664,238632.77333333335,13.654676818847657,0.061554323304438475,0.014586975208147512,0.061554323304438475,0.046584464986431526,0.0199839744,6.4,320.256615220644,0.342171648,0.2875392,1,HEADROOM
360p,10,8,optimistic,independent_au,0.4,400,60.56198107764859,4.875734658571446,5.571863999822199,5.82447455982178,0,123751936,20250000,144001936,240003.22666666665,13.733094787597656,0.032203591939254456,0.009718155234398486,0.032203591939254456,0.04378987820858592,0.0199839744,6.4,320.256615220644,0.342171648,0.2875392,1,HEADROOM
360p,10,8,optimistic,independent_au,0.4,800,60.57259350491746,3.759534559910662,4.0770363045985505,4.505389218660639,0,164865536,20250000,185115536,308525.8933333333,17.653993225097658,0.02306352319919725,0.007282832825708016,0.02306352319919725,0.030959288697969305,0.0199839744,6.4,320.256615220644,0.342171648,0.2875392,1,HEADROOM
360p,10,8,optimistic,independent_au,0.4,1600,60.58008710352856,2.93493573698629,3.3418678475673005,3.585048041673872,0,206390272,20250000,226640272,377733.7866666667,21.614100646972656,0.016451349417335594,0.006065070386422675,0.016451349417335594,0.028308657912479575,0.0199839744,6.4,320.256615220644,0.342171648,0.2875392,1,HEADROOM
360p,10,8,optimistic,raw_gather,0.4,12.5,4.211603845870341,66366.8277652504,125842.0010465006,131139.2335465003,600,41113600,1866240000,1907353600,3178922.6666666665,181.8994140625,0.022073849302800923,0.9997702628257308,0.9997702628257308,0.006285788416413738,0.0199839744,6.4,320.256615220644,0.342171648,0.2875392,1,INTERCONNECT
360p,10,8,optimistic,raw_gather,0.4,25,8.420290157730395,30696.114874625273,58194.481515250736,60644.05776525078,598,41113600,1866240000,1907353600,3178922.6666666665,181.8994140625,0.022122338883930875,0.9997607854823982,0.9997607854823982,0.012567222434323368,0.0199839744,6.4,320.256615220644,0.342171648,0.2875392,1,INTERCONNECT
360p,10,8,optimistic,raw_gather,0.4,50,16.809663982603706,12881.30795393503,24411.5681883105,25437.31631331054,596,41524736,1866240000,1907764736,3179607.8933333335,181.938623046875,0.022415728507210363,0.9985977877115679,0.9985977877115679,0.024959322369939477,0.0199839744,6.4,320.256615220644,0.342171648,0.2875392,1,INTERCONNECT
360p,10,8,optimistic,raw_gather,0.4,100,33.479071508121756,3978.461274247482,7499.608305497499,7843.1854539350425,588,82227200,1866240000,1948467200,3247445.3333333335,185.8203125,0.044648788295265154,0.9957709009737759,0.9957709009737759,0.0342371053951398,0.0199839744,6.4,320.256615220644,0.342171648,0.2875392,1,INTERCONNECT
360p,10,8,optimistic,raw_gather,0.4,125,41.76172652242812,2202.650063309982,4129.097563309962,4324.359282059961,580,82227200,1866240000,1948467200,3247445.3333333335,185.8203125,0.044778576245689,0.9943662843083183,0.9943662843083183,0.042707296469811556,0.0199839744,6.4,320.256615220644,0.342171648,0.2875392,1,INTERCONNECT
360p,10,8,optimistic,raw_gather,0.4,200,59.59711150883015,63.221215653749596,93.04430159124968,93.04430159125025,0,122929664,1866240000,1989169664,3315282.7733333334,189.702001953125,0.060591818728076875,0.8886848890773025,0.8886848890773025,0.045856039128916434,0.0199839744,6.4,320.256615220644,0.342171648,0.2875392,1,INTERCONNECT_HEADROOM_LOW
360p,10,8,optimistic,raw_gather,0.4,400,60.08984449976632,32.577905106874596,47.56944807562468,47.569448075625246,0,123751936,1866240000,1989991936,3316653.2266666666,189.780419921875,0.03195253519667164,0.45041974290187325,0.45041974290187325,0.04344849566337534,0.0199839744,6.4,320.256615220644,0.342171648,0.2875392,1,HEADROOM
360p,10,8,optimistic,raw_gather,0.4,800,60.33927901654108,17.256249833437096,24.832021317812178,24.832021317812746,0,164865536,1866240000,2031105536,3385175.8933333335,193.701318359375,0.022974686750169514,0.22855829468062744,0.22855829468062744,0.030840039212598053,0.0199839744,6.4,320.256615220644,0.342171648,0.2875392,1,HEADROOM
360p,10,8,optimistic,raw_gather,0.4,1600,60.464774446938854,9.595422196718346,13.463307938905928,13.463307938906496,0,206390272,1866240000,2072630272,3454383.7866666666,197.66142578125,0.01642003469171368,0.11693541949394937,0.11693541949394937,0.02825477310140628,0.0199839744,6.4,320.256615220644,0.342171648,0.2875392,1,HEADROOM
360p,10,8,median,owner_only,0.4,12.5,60.18319308428524,46.830330052809586,52.816014532813824,52.816014532813824,0,41113600,15000000,56113600,93522.66666666667,5.351409912109375,0.31543202621170313,0.11960498649434528,0.31543202621170313,0.1944065428010166,0.08367390720000001,0.8,9.560925583262353,1.443446784,1.1501568,1,HEADROOM
360p,10,8,median,owner_only,0.4,25,60.2837950750024,30.193061986403336,36.178746466407574,36.178746466407574,0,41113600,15000000,56113600,93522.66666666667,5.351409912109375,0.15838154254509795,0.06231381066452774,0.15838154254509795,0.19473151201936353,0.08367390720000001,0.8,9.560925583262353,1.443446784,1.1501568,1,HEADROOM
360p,10,8,median,owner_only,0.4,50,60.33422230028505,21.87442795320021,27.86011243320445,27.86011243320445,0,41113600,15000000,56113600,93522.66666666667,5.351409912109375,0.07965924227899235,0.033596336888086366,0.07965924227899235,0.1948944043822948,0.08367390720000001,0.8,9.560925583262353,1.443446784,1.1501568,1,HEADROOM
360p,10,8,median,owner_only,0.4,100,60.35946756283815,17.71511093659865,23.700795416602887,23.700795416602887,0,41113600,15000000,56113600,93522.66666666667,5.351409912109375,0.040248683243415156,0.019219575896685968,0.040248683243415156,0.194975952800774,0.08367390720000001,0.8,9.560925583262353,1.443446784,1.1501568,1,HEADROOM
360p,10,8,median,owner_only,0.4,125,60.36451915073222,16.883247533278336,22.868932013282574,22.868932013282574,0,41113600,15000000,56113600,93522.66666666667,5.351409912109375,0.03236261343114908,0.016342779839311976,0.03236261343114908,0.19499227067438313,0.08367390720000001,0.8,9.560925583262353,1.443446784,1.1501568,1,HEADROOM
360p,10,8,median,owner_only,0.4,200,60.372098118182755,15.635452428297867,21.621136908302105,21.621136908302105,0,41113600,15000000,56113600,93522.66666666667,5.351409912109375,0.02053103340659076,0.012026682774813157,0.02053103340659076,0.19501675260670592,0.08367390720000001,0.8,9.560925583262353,1.443446784,1.1501568,1,HEADROOM
360p,10,8,median,owner_only,0.4,400,60.37841537832311,14.595623174147477,20.581307654151715,20.581307654151715,0,41113600,15000000,56113600,93522.66666666667,5.351409912109375,0.010669113643194006,0.0084291072309917,0.010669113643194006,0.19503715891353218,0.08367390720000001,0.8,9.560925583262353,1.443446784,1.1501568,1,HEADROOM
360p,10,8,median,owner_only,0.4,800,60.381574504191825,14.075708547072281,20.06139302707652,20.06139302707652,0,41113600,15000000,56113600,93522.66666666667,5.351409912109375,0.00573737976687412,0.006630037109985837,0.006630037109985837,0.19504736366849673,0.08367390720000001,0.8,9.560925583262353,1.443446784,1.1501568,1,HEADROOM
360p,10,8,median,owner_only,0.4,1600,60.38315419109852,13.815751233534684,19.801435713538922,19.801435713538922,0,41113600,15000000,56113600,93522.66666666667,5.351409912109375,0.003271319294622969,0.005730431449282325,0.005730431449282325,0.1950524664464402,0.08367390720000001,0.8,9.560925583262353,1.443446784,1.1501568,1,HEADROOM
360p,10,8,median,finishing_owner,0.4,12.5,59.561038587565754,46.830330052809586,52.816014532813824,52.816014532813824,0,41524736,16382400,57907136,96511.89333333333,5.522454833984375,0.31529290327324866,0.1288382624201122,0.31529290327324866,0.19206438572833626,0.08367390720000001,6.4,76.48740466609883,1.443446784,1.1501568,1,HEADROOM
360p,10,8,median,finishing_owner,0.4,25,59.414358053242736,30.193061986403336,87.93197281640641,87.93197281640641,0,81816064,154622400,236438464,394064.1066666667,22.548529052734374,0.310633628084005,0.5888335673360006,0.5888335673360006,0.16541086795816992,0.08367390720000001,6.4,76.48740466609883,1.443446784,1.1501568,1,HEADROOM
360p,10,8,median,finishing_owner,0.4,50,59.668937776421,46.061454088905805,73.59742870460923,73.59742870460957,0,82227200,291480000,373707200,622845.3333333334,35.639495849609375,0.1575617349372735,0.5576599051699933,0.5576599051699933,0.1331479707094516,0.08367390720000001,6.4,76.48740466609883,1.443446784,1.1501568,1,HEADROOM
360p,10,8,median,finishing_owner,0.4,100,60.040118356383104,25.171176263202142,52.17520092140603,52.175200921406486,0,122929664,428337600,551267264,918778.7733333333,52.572943115234374,0.1196988451510378,0.4135709128505084,0.4135709128505084,0.10079948145683862,0.08367390720000001,6.4,76.48740466609883,1.443446784,1.1501568,1,HEADROOM
360p,10,8,median,finishing_owner,0.4,125,60.14572717491948,21.141465569842694,42.77668529640596,42.77668529640653,0,123340800,429720000,553060800,921768.0,52.743988037109375,0.09672792473768452,0.33345827837263997,0.33345827837263997,0.09364444211088292,0.08367390720000001,6.4,76.48740466609883,1.443446784,1.1501568,1,HEADROOM
360p,10,8,median,finishing_owner,0.4,200,60.227924662037616,21.211068536151288,34.793080865253614,34.79308086525418,0,163632128,566577600,730209728,1217016.2133333334,69.63822631835937,0.08151034408635925,0.27600977539038524,0.27600977539038524,0.06749808081209778,0.08367390720000001,6.4,76.48740466609883,1.443446784,1.1501568,1,HEADROOM
360p,10,8,median,finishing_owner,0.4,400,60.38326143616755,15.775906945575116,19.35101467262666,19.35101467262723,0,205156864,569342400,774499264,1290832.1066666667,73.86200561523438,0.05322704790479296,0.1414395436039521,0.1414395436039521,0.06699810029472844,0.08367390720000001,6.4,76.48740466609883,1.443446784,1.1501568,1,HEADROOM
360p,10,8,median,finishing_owner,0.4,800,60.481317953260664,9.76242771278703,13.277930795063185,13.277930795063753,0,246270464,703435200,949705664,1582842.7733333334,90.57098999023438,0.03439948246907483,0.08936720592847588,0.08936720592847588,0.03436150644833274,0.08367390720000001,6.4,76.48740466609883,1.443446784,1.1501568,1,HEADROOM
360p,10,8,median,finishing_owner,0.4,1600,60.5304657345065,6.755688096392987,8.593439637531446,8.593439637532015,0,247092736,704817600,951910336,1586517.2266666666,90.78124389648437,0.019676310376661073,0.04722425792344138,0.04722425792344138,0.034051573299376116,0.08367390720000001,6.4,76.48740466609883,1.443446784,1.1501568,1,HEADROOM
360p,10,8,median,independent_au,0.4,12.5,60.159774501432096,48.849046136248944,55.87550121437471,55.87550121437528,0,41524736,27000000,68524736,114207.89333333333,6.535028076171875,0.3184623776318823,0.21135497652221946,0.3184623776318823,0.19399510836577258,0.08367390720000001,6.4,76.48740466609883,1.443446784,1.1501568,1,HEADROOM
360p,10,8,median,independent_au,0.4,25,60.33131161468625,30.956001439528336,36.10156368906337,36.10156368906337,0,81816064,27000000,108816064,181360.10666666666,10.377508544921875,0.3154276984216917,0.10839206518082674,0.3154276984216917,0.16796368666134917,0.08367390720000001,6.4,76.48740466609883,1.443446784,1.1501568,1,HEADROOM
360p,10,8,median,independent_au,0.4,50,60.42339117474681,20.130849114764715,23.1942045645319,23.1942045645319,0,82227200,27000000,109227200,182045.33333333334,10.416717529296875,0.15955394379500368,0.056695683940151384,0.15955394379500368,0.1348314921986112,0.08367390720000001,6.4,76.48740466609883,1.443446784,1.1501568,1,HEADROOM
360p,10,8,median,independent_au,0.4,100,60.476221248337595,14.55689731988059,15.657738197265644,17.9058457998799,0,122929664,27000000,149929664,249882.77333333335,14.298406982421875,0.12056828068785883,0.030791676230895793,0.12056828068785883,0.10153164099573078,0.08367390720000001,6.4,76.48740466609883,1.443446784,1.1501568,1,HEADROOM
360p,10,8,median,independent_au,0.4,125,60.48586741950031,12.974674463905103,13.845750237812354,15.846933753906242,0,123340800,27000000,150340800,250568.0,14.337615966796875,0.09727494713683829,0.025605043968431527,0.09727494713683829,0.09417402658744262,0.08367390720000001,6.4,76.48740466609883,1.443446784,1.1501568,1,HEADROOM
360p,10,8,median,independent_au,0.4,200,60.51610007767245,9.764872857440423,11.367948839882956,12.381871379939184,0,163632128,27000000,190632128,317720.2133333333,18.180096435546876,0.08190035050642823,0.0178266343401719,0.08190035050642823,0.0678210420896402,0.08367390720000001,6.4,76.48740466609883,1.443446784,1.1501568,1,HEADROOM
360p,10,8,median,independent_au,0.4,400,60.53790900037915,7.777135278094647,8.151711999286817,9.0056345393441,0,205156864,27000000,232156864,386928.1066666667,22.140203857421874,0.053363367691317776,0.011338045730572784,0.053363367691317776,0.06716968912201192,0.08367390720000001,6.4,76.48740466609883,1.443446784,1.1501568,1,HEADROOM
360p,10,8,median,independent_au,0.4,800,60.553813808759514,5.763041879046796,6.333154183735132,7.233378793110347,0,246270464,27000000,273270464,455450.7733333333,26.061102294921874,0.034440715365359274,0.00809266481038031,0.034440715365359274,0.034402693824707814,0.08367390720000001,6.4,76.48740466609883,1.443446784,1.1501568,1,HEADROOM
360p,10,8,median,independent_au,0.4,1600,60.558470899878,4.6938950042108445,5.081051331867457,5.674119613586413,0,247092736,27000000,274092736,456821.2266666667,26.139520263671876,0.019685413863959788,0.00646898243774779,0.019685413863959788,0.03406732767908949,0.08367390720000001,6.4,76.48740466609883,1.443446784,1.1501568,1,HEADROOM
360p,10,8,median,raw_gather,0.4,12.5,4.2115637961536985,66368.18251725039,125843.35579850062,131140.5882985003,600,41524736,1866240000,1907764736,3179607.8933333335,181.938623046875,0.02229437578825258,0.9997607556362609,0.9997607556362609,0.013580881607273181,0.08367390720000001,6.4,76.48740466609883,1.443446784,1.1501568,1,INTERCONNECT
360p,10,8,median,raw_gather,0.4,25,8.420130071341559,30697.469626625272,58195.836267250736,60645.41251725078,598,81816064,1866240000,1948056064,3246760.1066666665,185.781103515625,0.044022617405984184,0.9997417780502492,0.9997417780502492,0.023441825663978184,0.08367390720000001,6.4,76.48740466609883,1.443446784,1.1501568,1,INTERCONNECT
360p,10,8,median,raw_gather,0.4,50,16.808809571770453,12883.122307855028,24413.382542230494,25439.130667230536,595,82227200,1866240000,1948467200,3247445.3333333335,185.8203125,0.04438532504604034,0.9985470304347559,0.9985470304347559,0.037507939104075044,0.08367390720000001,6.4,76.48740466609883,1.443446784,1.1501568,1,INTERCONNECT
360p,10,8,median,raw_gather,0.4,100,33.47568249225593,3980.275628167481,7501.422659417498,7844.999807855042,588,122929664,1866240000,1989169664,3315282.7733333334,189.702001953125,0.06673871812146169,0.9956701011836352,0.9956701011836352,0.05620127889495458,0.08367390720000001,6.4,76.48740466609883,1.443446784,1.1501568,1,INTERCONNECT
360p,10,8,median,raw_gather,0.4,125,41.7564533398808,2204.4644172299822,4130.911917229963,4326.173635979962,579,123340800,1866240000,1989580800,3315968.0,189.7412109375,0.0671538156688357,0.9942407273600622,0.9942407273600622,0.06501309338517423,0.08367390720000001,6.4,76.48740466609883,1.443446784,1.1501568,1,INTERCONNECT
360p,10,8,median,raw_gather,0.4,200,59.58637302619029,65.03556957374894,94.85865551124971,94.85865551125028,0,163632128,1866240000,2029872128,3383120.2133333334,193.58369140625,0.08064209078225623,0.8885247617319988,0.8885247617319988,0.06677908701637014,0.08367390720000001,6.4,76.48740466609883,1.443446784,1.1501568,1,INTERCONNECT_HEADROOM_LOW
360p,10,8,median,raw_gather,0.4,400,60.078927733546706,34.392259026873944,49.38380199562471,49.38380199562528,0,205156864,1866240000,2071396864,3452328.1066666665,197.543798828125,0.052958781763097935,0.4503379133169427,0.4503379133169427,0.06666042757804665,0.08367390720000001,6.4,76.48740466609883,1.443446784,1.1501568,1,HEADROOM
360p,10,8,median,raw_gather,0.4,800,60.32827143895122,19.070603753436444,26.646375237812208,26.646375237812777,0,246270464,1866240000,2112510464,3520850.7733333334,201.464697265625,0.034312435409518206,0.22851659923441878,0.22851659923441878,0.03427455548617939,0.08367390720000001,6.4,76.48740466609883,1.443446784,1.1501568,1,HEADROOM
360p,10,8,median,raw_gather,0.4,1600,60.45372103815176,11.409776116717694,15.277661858905958,15.277661858906527,0,247092736,1866240000,2113332736,3522221.2266666666,201.543115234375,0.01965136339422975,0.11691404283282429,0.11691404283282429,0.034008400367835756,0.08367390720000001,6.4,76.48740466609883,1.443446784,1.1501568,1,HEADROOM
360p,10,8,adversarial,owner_only,0.4,12.5,59.82831581219551,68.90154413281198,84.36238253281226,84.36238253281272,0,41113600,15000000,56113600,93522.66666666667,5.351409912109375,0.3135720441925541,0.11889972163284153,0.3135720441925541,0.5078212130090275,0.2978906112,0.8,2.685549560549561,5.1757056,3.9105331199999998,1,HEADROOM
360p,10,8,adversarial,owner_only,0.4,25,59.927733897986805,52.26427606640573,67.72511446640601,67.72511446640647,0,41113600,15000000,56113600,93522.66666666667,5.351409912109375,0.15744607525432783,0.061945759370777335,0.15744607525432783,0.5086650711761209,0.2978906112,0.8,2.685549560549561,5.1757056,3.9105331199999998,1,HEADROOM
360p,10,8,adversarial,owner_only,0.4,50,59.977566947901636,43.9456420332026,59.40648043320289,59.40648043320334,0,41113600,15000000,56113600,93522.66666666667,5.351409912109375,0.07918835040299853,0.033397737935207256,0.07918835040299853,0.5090880528280719,0.2978906112,0.8,2.685549560549561,5.1757056,3.9105331199999998,1,HEADROOM
360p,10,8,adversarial,owner_only,0.4,100,60.002514564879924,39.78632501660104,55.247163416601325,55.24716341660178,0,41113600,15000000,56113600,93522.66666666667,5.351409912109375,0.040010661128116486,0.019105915430270064,0.040010661128116486,0.5092998075623246,0.2978906112,0.8,2.685549560549561,5.1757056,3.9105331199999998,1,HEADROOM
360p,10,8,adversarial,owner_only,0.4,125,60.007506578948295,38.95446161328073,54.41530001328101,54.41530001328147,0,41113600,15000000,56113600,93522.66666666667,5.351409912109375,0.0321712119255419,0.016246124089500366,0.0321712119255419,0.5093421796499414,0.2978906112,0.8,2.685549560549561,5.1757056,3.9105331199999998,1,HEADROOM
360p,10,8,adversarial,owner_only,0.4,200,60.01499615769275,37.70666650830026,53.16750490830054,53.167504908301,0,41113600,15000000,56113600,93522.66666666667,5.351409912109375,0.020409592003874773,0.01195554474696675,0.020409592003874773,0.5094057510025911,0.2978906112,0.8,2.685549560549561,5.1757056,3.9105331199999998,1,HEADROOM
360p,10,8,adversarial,owner_only,0.4,400,60.0212389015971,36.66683725414987,52.12767565415015,52.12767565415061,0,41113600,15000000,56113600,93522.66666666667,5.351409912109375,0.010605999094774875,0.008379243735836239,0.010605999094774875,0.509458739253037,0.2978906112,0.8,2.685549560549561,5.1757056,3.9105331199999998,1,HEADROOM
360p,10,8,adversarial,owner_only,0.4,800,60.02436076060102,36.14692262707467,51.60776102707496,51.60776102707541,0,41113600,15000000,56113600,93522.66666666667,5.351409912109375,0.005703437775103353,0.0065908142113507645,0.0065908142113507645,0.5094852375123426,0.2978906112,0.8,2.685549560549561,5.1757056,3.9105331199999998,1,HEADROOM
360p,10,8,adversarial,owner_only,0.4,1600,60.02592181188808,35.886965313537075,51.34780371353736,51.347803713537814,0,41113600,15000000,56113600,93522.66666666667,5.351409912109375,0.0032519658641765115,0.0056965296816792145,0.0056965296816792145,0.5094984876757044,0.2978906112,0.8,2.685549560549561,5.1757056,3.9105331199999998,1,HEADROOM
360p,10,8,adversarial,finishing_owner,0.4,12.5,49.54675701057204,960.6161152085788,1742.3003217515288,1881.4430561265253,560,81816064,156004800,237820864,396368.1066666667,22.680364990234374,0.5167718756465846,0.9868245496432412,0.9868245496432412,0.3460550799669453,0.2978906112,6.4,21.484396484396488,5.1757056,3.9105331199999998,1,INTERCONNECT
360p,10,8,adversarial,finishing_owner,0.4,25,52.88470143223818,649.5584683085772,1172.4611416484004,1270.393793015588,526,82638336,291480000,374118336,623530.56,35.678704833984376,0.27926668661070325,0.9842794499648758,0.9842794499648758,0.2925788145105787,0.2978906112,6.4,21.484396484396488,5.1757056,3.9105331199999998,1,INTERCONNECT
360p,10,8,adversarial,finishing_owner,0.4,50,59.31873013926376,52.74804472460892,106.59609404101502,106.59609404101593,0,123751936,431102400,554854336,924757.2266666667,52.915032958984376,0.2357307412441514,0.8176716931739695,0.8176716931739695,0.23986170692656159,0.2978906112,6.4,21.484396484396488,5.1757056,3.9105331199999998,1,INTERCONNECT_HEADROOM_LOW
360p,10,8,adversarial,finishing_owner,0.4,100,59.84726090485138,44.19099211230423,71.19501677050721,71.19501677050812,0,164454400,566577600,731032000,1218386.6666666667,69.71664428710938,0.15961258249234128,0.543742793035619,0.543742793035619,0.1773146487710324,0.2978906112,6.4,21.484396484396488,5.1757056,3.9105331199999998,1,HEADROOM
360p,10,8,adversarial,finishing_owner,0.4,125,59.985708176284625,37.20614408984329,58.84136381640565,58.841363816406556,0,164865536,567960000,732825536,1221375.8933333333,69.88768920898437,0.12894370054664614,0.4380147331164336,0.4380147331164336,0.17706558688872223,0.2978906112,6.4,21.484396484396488,5.1757056,3.9105331199999998,1,HEADROOM
360p,10,8,adversarial,finishing_owner,0.4,200,60.15480287979543,33.320668931151886,40.3108843852533,40.31088438525421,0,205979136,569342400,775321536,1292202.56,73.94042358398437,0.1024661932298649,0.27699643704033217,0.27699643704033217,0.15457402402408715,0.2978906112,6.4,21.484396484396488,5.1757056,3.9105331199999998,1,HEADROOM
360p,10,8,adversarial,finishing_owner,0.4,400,60.34974892160851,21.293710465575714,28.16471663012635,28.16471663012726,0,246681600,703435200,950116800,1583528.0,90.61019897460938,0.06395210244353373,0.17351761909510888,0.17351761909510888,0.09051088102038644,0.2978906112,6.4,21.484396484396488,5.1757056,3.9105331199999998,1,HEADROOM
360p,10,8,adversarial,finishing_owner,0.4,800,60.447696538529904,15.280231232787628,18.795734315062873,18.795734315063783,0,247092736,704817600,951910336,1586517.2266666666,90.78124389648437,0.034487173441122405,0.08948355147736445,0.08948355147736445,0.08999345125249406,0.2978906112,6.4,21.484396484396488,5.1757056,3.9105331199999998,1,HEADROOM
360p,10,8,adversarial,finishing_owner,0.4,1600,60.48787202086372,11.395951786962087,13.233703328100091,13.233703328101114,0,247092736,704817600,951910336,1586517.2266666666,90.78124389648437,0.019662464669056474,0.04719102744198751,0.04719102744198751,0.09005326379321922,0.2978906112,6.4,21.484396484396488,5.1757056,3.9105331199999998,1,HEADROOM
360p,10,8,adversarial,independent_au,0.4,12.5,59.92012310427159,72.71624139843698,84.32033319531183,84.32033319531274,0,81816064,45000000,126816064,211360.10666666666,12.094122314453125,0.6249659165172305,0.34765930449100624,0.6249659165172305,0.4185069668243562,0.2978906112,6.4,21.484396484396488,5.1757056,3.9105331199999998,1,HEADROOM
360p,10,8,adversarial,independent_au,0.4,25,60.175071359926484,46.275985398437115,54.83998204843738,59.01855619921875,0,82638336,45000000,127638336,212730.56,12.172540283203125,0.3177647285535234,0.17697626584041853,0.3177647285535234,0.3329119871109699,0.2978906112,6.4,21.484396484396488,5.1757056,3.9105331199999998,1,HEADROOM
360p,10,8,adversarial,independent_au,0.4,50,60.30159088206499,33.759898749608965,36.780921698828024,39.711785374609406,0,123751936,45000000,168751936,281253.2266666667,16.093438720703126,0.23963659848176197,0.09108624496456014,0.23963659848176197,0.24383601074065095,0.2978906112,6.4,21.484396484396488,5.1757056,3.9105331199999998,1,HEADROOM
360p,10,8,adversarial,independent_au,0.4,100,60.39911798317626,22.529658174804354,25.66560148730423,29.666499924804157,0,164454400,45000000,209454400,349090.6666666667,19.975128173828125,0.16108438474538259,0.04803274510426338,0.16108438474538259,0.17894968339977763,0.2978906112,6.4,21.484396484396488,5.1757056,3.9105331199999998,1,HEADROOM
360p,10,8,adversarial,independent_au,0.4,125,60.41533985264106,21.602427339843416,23.03803617968697,25.60255033984322,0,164865536,45000000,209865536,349775.8933333333,20.014337158203126,0.12986722549793378,0.03940316194886242,0.12986722549793378,0.17833377204870196,0.2978906112,6.4,21.484396484396488,5.1757056,3.9105331199999998,1,HEADROOM
360p,10,8,adversarial,independent_au,0.4,200,60.44957574419889,17.466176743651886,19.506625962401813,21.54707518115174,0,205979136,45000000,250979136,418298.56,23.935235595703126,0.10296830198655456,0.026454418993872474,0.10296830198655456,0.15533147356498248,0.2978906112,6.4,21.484396484396488,5.1757056,3.9105331199999998,1,HEADROOM
360p,10,8,adversarial,independent_au,0.4,400,60.476719889692475,13.214247990575586,14.426688981200641,16.547138199950496,0,246681600,45000000,291681600,486136.0,27.816925048828125,0.06408665247072289,0.01565221780979322,0.06408665247072289,0.09070130855969931,0.2978906112,6.4,21.484396484396488,5.1757056,3.9105331199999998,1,HEADROOM
360p,10,8,adversarial,independent_au,0.4,800,60.48867260647839,10.7464958812252,11.886720490600055,12.786945099975568,0,247092736,45000000,292092736,486821.2266666667,27.856134033203126,0.03451055148268887,0.010247202573984255,0.03451055148268887,0.09005445569078709,0.2978906112,6.4,21.484396484396488,5.1757056,3.9105331199999998,1,HEADROOM
360p,10,8,adversarial,independent_au,0.4,1600,60.49296735507586,9.966623940612408,10.616736245299762,11.026848549987776,0,247092736,45000000,292092736,486821.2266666667,27.856134033203126,0.019664120981728355,0.0075436837613624365,0.019664120981728355,0.09006084963581196,0.2978906112,6.4,21.484396484396488,5.1757056,3.9105331199999998,1,HEADROOM
360p,10,8,adversarial,raw_gather,0.4,12.5,4.211446811751622,66372.1398676504,125847.3131489006,131144.5456489003,600,81816064,1866240000,1948056064,3246760.1066666665,185.781103515625,0.04392532224925101,0.9997329853305316,0.9997329853305316,0.029414489487299297,0.2978906112,6.4,21.484396484396488,5.1757056,3.9105331199999998,1,INTERCONNECT
360p,10,8,adversarial,raw_gather,0.4,25,8.41966247970099,30701.426977025272,58199.793617650736,60649.36986765078,598,82638336,1866240000,1948878336,3248130.56,185.859521484375,0.044461463890447465,0.9996862597988466,0.9996862597988466,0.04658085987393763,0.2978906112,6.4,21.484396484396488,5.1757056,3.9105331199999998,1,INTERCONNECT
360p,10,8,adversarial,raw_gather,0.4,50,16.806211675731216,12888.640111375029,24418.900345750495,25444.648470750537,596,123751936,1866240000,1989991936,3316653.2266666666,189.780419921875,0.06678734906369664,0.9983926993761356,0.9983926993761356,0.06795773628406995,0.2978906112,6.4,21.484396484396488,5.1757056,3.9105331199999998,1,INTERCONNECT
360p,10,8,adversarial,raw_gather,0.4,100,33.46538005014313,3985.7934316874816,7506.9404629374985,7850.517611375042,588,164454400,1866240000,2030694400,3384490.6666666665,193.662109375,0.0892521337339605,0.995363674762508,0.995363674762508,0.09915077181250287,0.2978906112,6.4,21.484396484396488,5.1757056,3.9105331199999998,1,INTERCONNECT
360p,10,8,adversarial,raw_gather,0.4,125,41.74042474510267,2209.982220749982,4136.429720749962,4331.69143949996,580,164865536,1866240000,2031105536,3385175.8933333335,193.701318359375,0.08972411917194267,0.9938590790049913,0.9938590790049913,0.12320922815074978,0.2978906112,6.4,21.484396484396488,5.1757056,3.9105331199999998,1,INTERCONNECT
360p,10,8,adversarial,raw_gather,0.4,200,59.55373897686017,70.55337309374954,100.3764590312494,100.3764590312503,0,205979136,1866240000,2072219136,3453698.56,197.622216796875,0.1014423559455049,0.8880381377031684,0.8880381377031684,0.15302952779561507,0.2978906112,6.4,21.484396484396488,5.1757056,3.9105331199999998,1,INTERCONNECT_HEADROOM_LOW
360p,10,8,adversarial,raw_gather,0.4,400,60.04575208334448,39.91006254687454,54.9016055156244,54.901605515625306,0,246681600,1866240000,2112921600,3521536.0,201.50390625,0.06362995964608109,0.4500892362241812,0.4500892362241812,0.09005495498671844,0.2978906112,6.4,21.484396484396488,5.1757056,3.9105331199999998,1,HEADROOM
360p,10,8,adversarial,raw_gather,0.4,800,60.2948199182323,24.588407273437042,32.1641787578119,32.164178757812806,0,247092736,1866240000,2113332736,3522221.2266666666,201.543115234375,0.03439995287158531,0.22838988869603308,0.22838988869603308,0.08976585126995991,0.2978906112,6.4,21.484396484396488,5.1757056,3.9105331199999998,1,HEADROOM
360p,10,8,adversarial,raw_gather,0.4,1600,60.424069443489564,16.280194798436696,20.148080540624505,20.14808054062553,0,247092736,1866240000,2113332736,3522221.2266666666,201.543115234375,0.01964172471108637,0.11685669834271079,0.11685669834271079,0.08995827565528342,0.2978906112,6.4,21.484396484396488,5.1757056,3.9105331199999998,1,HEADROOM
360p,10,16,optimistic,owner_only,0.4,12.5,60.272173361546784,40.931176591249596,44.90587385687468,44.905873856875246,0,41113600,15000000,56113600,93522.66666666667,5.351409912109375,0.31589838945551074,0.11978182132670828,0.31589838945551074,0.08995578478245958,0.0199839744,0.8,40.0320769025805,0.342171648,0.2875392,1,HEADROOM
360p,10,16,optimistic,owner_only,0.4,25,60.40212595962911,22.935646306405943,25.752224866407232,25.752224866407232,0,41113600,15000000,56113600,93522.66666666667,5.351409912109375,0.15869242921065355,0.062436126260804,0.15869242921065355,0.09014973809943873,0.0199839744,0.8,40.0320769025805,0.342171648,0.2875392,1,HEADROOM
360p,10,16,optimistic,owner_only,0.4,50,60.45275142923633,14.617012273202818,17.433590833204107,17.433590833204107,0,41113600,15000000,56113600,93522.66666666667,5.351409912109375,0.0798157362262128,0.033662338311415886,0.0798157362262128,0.09022529624832412,0.0199839744,0.8,40.0320769025805,0.342171648,0.2875392,1,HEADROOM
360p,10,16,optimistic,owner_only,0.4,100,60.47809600082507,10.457695256601255,13.274273816602545,13.274273816602545,0,41113600,15000000,56113600,93522.66666666667,5.351409912109375,0.040327786632112644,0.019257349395350797,0.040327786632112644,0.0902631228389394,0.0199839744,0.8,40.0320769025805,0.342171648,0.2875392,1,HEADROOM
360p,10,16,optimistic,owner_only,0.4,125,60.48316746550286,9.625831853280943,12.442410413282232,12.442410413282232,0,41113600,15000000,56113600,93522.66666666667,5.351409912109375,0.032426223140945516,0.016374902074589956,0.032426223140945516,0.09027069196345645,0.0199839744,0.8,40.0320769025805,0.342171648,0.2875392,1,HEADROOM
360p,10,16,optimistic,owner_only,0.4,200,60.49077625749718,8.378036748300474,11.194615308301763,11.194615308301763,0,41113600,15000000,56113600,93522.66666666667,5.351409912109375,0.020571392859365233,0.012050324562631191,0.020571392859365233,0.09028204803072469,0.0199839744,0.8,40.0320769025805,0.342171648,0.2875392,1,HEADROOM
360p,10,16,optimistic,owner_only,0.4,400,60.49711838001515,7.338207494150083,10.154786054151373,10.154786054151373,0,41113600,15000000,56113600,93522.66666666667,5.351409912109375,0.01069008895046077,0.00844567872137669,0.01069008895046077,0.09029151360291948,0.0199839744,0.8,40.0320769025805,0.342171648,0.2875392,1,HEADROOM
360p,10,16,optimistic,owner_only,0.4,800,60.500289940002574,6.818292867074888,9.634871427076177,9.634871427076177,0,41113600,15000000,56113600,93522.66666666667,5.351409912109375,0.005748659955326128,0.006643072340541125,0.006643072340541125,0.09029624713336547,0.0199839744,0.8,40.0320769025805,0.342171648,0.2875392,1,HEADROOM
360p,10,16,optimistic,owner_only,0.4,1600,60.501875844701274,6.55833555353729,9.37491411353858,9.37491411353858,0,41113600,15000000,56113600,93522.66666666667,5.351409912109375,0.0032777511619429688,0.00574169827206808,0.00574169827206808,0.09029861408470977,0.0199839744,0.8,40.0320769025805,0.342171648,0.2875392,1,HEADROOM
360p,10,16,optimistic,finishing_owner,0.4,12.5,60.272173361546784,40.931176591249596,44.90587385687468,44.905873856875246,0,41113600,15000000,56113600,93522.66666666667,5.351409912109375,0.31589838945551074,0.11978182132670828,0.31589838945551074,0.08995578478245958,0.0199839744,12.8,640.513230441288,0.342171648,0.2875392,1,HEADROOM
360p,10,16,optimistic,finishing_owner,0.4,25,60.40212595962911,22.935646306405943,25.752224866407232,25.752224866407232,0,41113600,15000000,56113600,93522.66666666667,5.351409912109375,0.15869242921065355,0.062436126260804,0.15869242921065355,0.09014973809943873,0.0199839744,12.8,640.513230441288,0.342171648,0.2875392,1,HEADROOM
360p,10,16,optimistic,finishing_owner,0.4,50,60.004084243253146,14.617012273202818,17.433590833204107,17.433590833204107,0,41524736,19147200,60671936,101119.89333333333,5.786126708984375,0.08001559478598244,0.04132319845063228,0.08001559478598244,0.0890952539973606,0.0199839744,12.8,640.513230441288,0.342171648,0.2875392,1,HEADROOM
360p,10,16,optimistic,finishing_owner,0.4,100,60.132280742121424,23.038403764101304,36.85883467230451,36.85883467230485,0,82227200,291480000,373707200,622845.3333333334,35.639495849609375,0.08019438268815521,0.28340042224706596,0.28340042224706596,0.061493797189647544,0.0199839744,12.8,640.513230441288,0.342171648,0.2875392,1,HEADROOM
360p,10,16,optimistic,finishing_owner,0.4,125,60.22287588321134,18.90884715656216,29.997191883125197,29.997191883125197,0,82227200,291480000,373707200,622845.3333333334,35.639495849609375,0.06457335134414965,0.2280254800955579,0.2280254800955579,0.061586443587951345,0.0199839744,12.8,640.513230441288,0.342171648,0.2875392,1,HEADROOM
360p,10,16,optimistic,finishing_owner,0.4,200,60.31994205246937,12.605708451601231,26.187720780702875,26.18772078070333,0,122929664,428337600,551267264,918778.7733333333,52.572943115234374,0.0613267136946696,0.21016200088696996,0.21016200088696996,0.04641220946760448,0.0199839744,12.8,640.513230441288,0.342171648,0.2875392,1,HEADROOM
360p,10,16,optimistic,finishing_owner,0.4,400,60.434388001869955,10.665654588075768,14.24076231512663,14.2407623151272,0,123751936,431102400,554854336,924757.2266666667,52.915032958984376,0.03213574483000317,0.10836169977084706,0.10836169977084706,0.04369762090211767,0.0199839744,12.8,640.513230441288,0.342171648,0.2875392,1,HEADROOM
360p,10,16,optimistic,finishing_owner,0.4,800,60.50243377224541,6.300124574037682,9.815627656313154,9.815627656313723,0,164865536,567960000,732825536,1221375.8933333333,69.88768920898437,0.0230368092923212,0.07311326671659774,0.07311326671659774,0.030923429321755045,0.0199839744,12.8,640.513230441288,0.342171648,0.2875392,1,HEADROOM
360p,10,16,optimistic,finishing_owner,0.4,1600,60.541547227807754,4.941334176393639,5.955111108156416,5.955111108156984,0,206390272,569342400,775732672,1292887.7866666666,73.97963256835938,0.01644088338811216,0.03908506944726502,0.03908506944726502,0.02829064849370959,0.0199839744,12.8,640.513230441288,0.342171648,0.2875392,1,HEADROOM
360p,10,16,optimistic,independent_au,0.4,12.5,60.22774574428046,43.601464677187096,48.91130598578093,48.911305985781496,0,41113600,20250000,61363600,102272.66666666667,5.852088928222656,0.315665535520452,0.15989988613823003,0.315665535520452,0.08988947688356842,0.0199839744,12.8,640.513230441288,0.342171648,0.2875392,1,HEADROOM
360p,10,16,optimistic,independent_au,0.4,25,60.40009637700107,23.26943231714813,26.17148720429759,26.17148720429759,0,41113600,20250000,61363600,102272.66666666667,5.852088928222656,0.15868709695798178,0.08259473555149177,0.15868709695798178,0.09014670896197938,0.0199839744,12.8,640.513230441288,0.342171648,0.2875392,1,HEADROOM
360p,10,16,optimistic,independent_au,0.4,50,60.47537635300167,14.783905278573911,17.6004838385752,17.6004838385752,0,41524736,20250000,61774736,102957.89333333333,5.891297912597656,0.08064406398028914,0.04376785402017014,0.08064406398028914,0.08979503786631812,0.0199839744,12.8,640.513230441288,0.342171648,0.2875392,1,HEADROOM
360p,10,16,optimistic,independent_au,0.4,100,60.51794854499834,9.93825651678685,11.220240516787271,11.220240516787271,0,82227200,20250000,102477200,170795.33333333334,9.772987365722656,0.08070872192479665,0.02432005034162414,0.08070872192479665,0.06188819729155616,0.0199839744,12.8,640.513230441288,0.342171648,0.2875392,1,HEADROOM
360p,10,16,optimistic,independent_au,0.4,125,60.52661673573636,8.495486560859035,9.925000190859464,9.925000190859464,0,82227200,20250000,102477200,170795.33333333334,9.772987365722656,0.0648990343093024,0.020427252895614978,0.0648990343093024,0.06189706174766304,0.0199839744,12.8,640.513230441288,0.342171648,0.2875392,1,HEADROOM
360p,10,16,optimistic,independent_au,0.4,200,60.543815102967386,6.885165439643288,7.644264197143457,8.41975999964356,0,122929664,20250000,143179664,238632.77333333335,13.654676818847657,0.061554323304438475,0.014586975208147512,0.061554323304438475,0.046584464986431526,0.0199839744,12.8,640.513230441288,0.342171648,0.2875392,1,HEADROOM
360p,10,16,optimistic,independent_au,0.4,400,60.56198107764859,4.875734658571446,5.571863999822199,5.82447455982178,0,123751936,20250000,144001936,240003.22666666665,13.733094787597656,0.032203591939254456,0.009718155234398486,0.032203591939254456,0.04378987820858592,0.0199839744,12.8,640.513230441288,0.342171648,0.2875392,1,HEADROOM
360p,10,16,optimistic,independent_au,0.4,800,60.57259350491746,3.759534559910662,4.0770363045985505,4.505389218660639,0,164865536,20250000,185115536,308525.8933333333,17.653993225097658,0.02306352319919725,0.007282832825708016,0.02306352319919725,0.030959288697969305,0.0199839744,12.8,640.513230441288,0.342171648,0.2875392,1,HEADROOM
360p,10,16,optimistic,independent_au,0.4,1600,60.58008710352856,2.93493573698629,3.3418678475673005,3.585048041673872,0,206390272,20250000,226640272,377733.7866666667,21.614100646972656,0.016451349417335594,0.006065070386422675,0.016451349417335594,0.028308657912479575,0.0199839744,12.8,640.513230441288,0.342171648,0.2875392,1,HEADROOM
360p,10,16,optimistic,raw_gather,0.4,12.5,4.211603845870341,66366.8277652504,125842.0010465006,131139.2335465003,600,41113600,1866240000,1907353600,3178922.6666666665,181.8994140625,0.022073849302800923,0.9997702628257308,0.9997702628257308,0.006285788416413738,0.0199839744,12.8,640.513230441288,0.342171648,0.2875392,1,INTERCONNECT
360p,10,16,optimistic,raw_gather,0.4,25,8.420290157730395,30696.114874625273,58194.481515250736,60644.05776525078,598,41113600,1866240000,1907353600,3178922.6666666665,181.8994140625,0.022122338883930875,0.9997607854823982,0.9997607854823982,0.012567222434323368,0.0199839744,12.8,640.513230441288,0.342171648,0.2875392,1,INTERCONNECT
360p,10,16,optimistic,raw_gather,0.4,50,16.809663982603706,12881.30795393503,24411.5681883105,25437.31631331054,596,41524736,1866240000,1907764736,3179607.8933333335,181.938623046875,0.022415728507210363,0.9985977877115679,0.9985977877115679,0.024959322369939477,0.0199839744,12.8,640.513230441288,0.342171648,0.2875392,1,INTERCONNECT
360p,10,16,optimistic,raw_gather,0.4,100,33.479071508121756,3978.461274247482,7499.608305497499,7843.1854539350425,588,82227200,1866240000,1948467200,3247445.3333333335,185.8203125,0.044648788295265154,0.9957709009737759,0.9957709009737759,0.0342371053951398,0.0199839744,12.8,640.513230441288,0.342171648,0.2875392,1,INTERCONNECT
360p,10,16,optimistic,raw_gather,0.4,125,41.76172652242812,2202.650063309982,4129.097563309962,4324.359282059961,580,82227200,1866240000,1948467200,3247445.3333333335,185.8203125,0.044778576245689,0.9943662843083183,0.9943662843083183,0.042707296469811556,0.0199839744,12.8,640.513230441288,0.342171648,0.2875392,1,INTERCONNECT
360p,10,16,optimistic,raw_gather,0.4,200,59.59711150883015,63.221215653749596,93.04430159124968,93.04430159125025,0,122929664,1866240000,1989169664,3315282.7733333334,189.702001953125,0.060591818728076875,0.8886848890773025,0.8886848890773025,0.045856039128916434,0.0199839744,12.8,640.513230441288,0.342171648,0.2875392,1,INTERCONNECT_HEADROOM_LOW
360p,10,16,optimistic,raw_gather,0.4,400,60.08984449976632,32.577905106874596,47.56944807562468,47.569448075625246,0,123751936,1866240000,1989991936,3316653.2266666666,189.780419921875,0.03195253519667164,0.45041974290187325,0.45041974290187325,0.04344849566337534,0.0199839744,12.8,640.513230441288,0.342171648,0.2875392,1,HEADROOM
360p,10,16,optimistic,raw_gather,0.4,800,60.33927901654108,17.256249833437096,24.832021317812178,24.832021317812746,0,164865536,1866240000,2031105536,3385175.8933333335,193.701318359375,0.022974686750169514,0.22855829468062744,0.22855829468062744,0.030840039212598053,0.0199839744,12.8,640.513230441288,0.342171648,0.2875392,1,HEADROOM
360p,10,16,optimistic,raw_gather,0.4,1600,60.464774446938854,9.595422196718346,13.463307938905928,13.463307938906496,0,206390272,1866240000,2072630272,3454383.7866666666,197.66142578125,0.01642003469171368,0.11693541949394937,0.11693541949394937,0.02825477310140628,0.0199839744,12.8,640.513230441288,0.342171648,0.2875392,1,HEADROOM
360p,10,16,median,owner_only,0.4,12.5,60.18319308428524,46.830330052809586,52.816014532813824,52.816014532813824,0,41113600,15000000,56113600,93522.66666666667,5.351409912109375,0.31543202621170313,0.11960498649434528,0.31543202621170313,0.1944065428010166,0.08367390720000001,0.8,9.560925583262353,1.443446784,1.1501568,1,HEADROOM
360p,10,16,median,owner_only,0.4,25,60.2837950750024,30.193061986403336,36.178746466407574,36.178746466407574,0,41113600,15000000,56113600,93522.66666666667,5.351409912109375,0.15838154254509795,0.06231381066452774,0.15838154254509795,0.19473151201936353,0.08367390720000001,0.8,9.560925583262353,1.443446784,1.1501568,1,HEADROOM
360p,10,16,median,owner_only,0.4,50,60.33422230028505,21.87442795320021,27.86011243320445,27.86011243320445,0,41113600,15000000,56113600,93522.66666666667,5.351409912109375,0.07965924227899235,0.033596336888086366,0.07965924227899235,0.1948944043822948,0.08367390720000001,0.8,9.560925583262353,1.443446784,1.1501568,1,HEADROOM
360p,10,16,median,owner_only,0.4,100,60.35946756283815,17.71511093659865,23.700795416602887,23.700795416602887,0,41113600,15000000,56113600,93522.66666666667,5.351409912109375,0.040248683243415156,0.019219575896685968,0.040248683243415156,0.194975952800774,0.08367390720000001,0.8,9.560925583262353,1.443446784,1.1501568,1,HEADROOM
360p,10,16,median,owner_only,0.4,125,60.36451915073222,16.883247533278336,22.868932013282574,22.868932013282574,0,41113600,15000000,56113600,93522.66666666667,5.351409912109375,0.03236261343114908,0.016342779839311976,0.03236261343114908,0.19499227067438313,0.08367390720000001,0.8,9.560925583262353,1.443446784,1.1501568,1,HEADROOM
360p,10,16,median,owner_only,0.4,200,60.372098118182755,15.635452428297867,21.621136908302105,21.621136908302105,0,41113600,15000000,56113600,93522.66666666667,5.351409912109375,0.02053103340659076,0.012026682774813157,0.02053103340659076,0.19501675260670592,0.08367390720000001,0.8,9.560925583262353,1.443446784,1.1501568,1,HEADROOM
360p,10,16,median,owner_only,0.4,400,60.37841537832311,14.595623174147477,20.581307654151715,20.581307654151715,0,41113600,15000000,56113600,93522.66666666667,5.351409912109375,0.010669113643194006,0.0084291072309917,0.010669113643194006,0.19503715891353218,0.08367390720000001,0.8,9.560925583262353,1.443446784,1.1501568,1,HEADROOM
360p,10,16,median,owner_only,0.4,800,60.381574504191825,14.075708547072281,20.06139302707652,20.06139302707652,0,41113600,15000000,56113600,93522.66666666667,5.351409912109375,0.00573737976687412,0.006630037109985837,0.006630037109985837,0.19504736366849673,0.08367390720000001,0.8,9.560925583262353,1.443446784,1.1501568,1,HEADROOM
360p,10,16,median,owner_only,0.4,1600,60.38315419109852,13.815751233534684,19.801435713538922,19.801435713538922,0,41113600,15000000,56113600,93522.66666666667,5.351409912109375,0.003271319294622969,0.005730431449282325,0.005730431449282325,0.1950524664464402,0.08367390720000001,0.8,9.560925583262353,1.443446784,1.1501568,1,HEADROOM
360p,10,16,median,finishing_owner,0.4,12.5,59.561038587565754,46.830330052809586,52.816014532813824,52.816014532813824,0,41524736,16382400,57907136,96511.89333333333,5.522454833984375,0.31529290327324866,0.1288382624201122,0.31529290327324866,0.19206438572833626,0.08367390720000001,12.8,152.97480933219765,1.443446784,1.1501568,1,HEADROOM
360p,10,16,median,finishing_owner,0.4,25,59.414358053242736,30.193061986403336,87.93197281640641,87.93197281640641,0,81816064,154622400,236438464,394064.1066666667,22.548529052734374,0.310633628084005,0.5888335673360006,0.5888335673360006,0.16541086795816992,0.08367390720000001,12.8,152.97480933219765,1.443446784,1.1501568,1,HEADROOM
360p,10,16,median,finishing_owner,0.4,50,59.668937776421,46.061454088905805,73.59742870460923,73.59742870460957,0,82227200,291480000,373707200,622845.3333333334,35.639495849609375,0.1575617349372735,0.5576599051699933,0.5576599051699933,0.1331479707094516,0.08367390720000001,12.8,152.97480933219765,1.443446784,1.1501568,1,HEADROOM
360p,10,16,median,finishing_owner,0.4,100,60.040118356383104,25.171176263202142,52.17520092140603,52.175200921406486,0,122929664,428337600,551267264,918778.7733333333,52.572943115234374,0.1196988451510378,0.4135709128505084,0.4135709128505084,0.10079948145683862,0.08367390720000001,12.8,152.97480933219765,1.443446784,1.1501568,1,HEADROOM
360p,10,16,median,finishing_owner,0.4,125,60.14572717491948,21.141465569842694,42.77668529640596,42.77668529640653,0,123340800,429720000,553060800,921768.0,52.743988037109375,0.09672792473768452,0.33345827837263997,0.33345827837263997,0.09364444211088292,0.08367390720000001,12.8,152.97480933219765,1.443446784,1.1501568,1,HEADROOM
360p,10,16,median,finishing_owner,0.4,200,60.227924662037616,21.211068536151288,34.793080865253614,34.79308086525418,0,163632128,566577600,730209728,1217016.2133333334,69.63822631835937,0.08151034408635925,0.27600977539038524,0.27600977539038524,0.06749808081209778,0.08367390720000001,12.8,152.97480933219765,1.443446784,1.1501568,1,HEADROOM
360p,10,16,median,finishing_owner,0.4,400,60.38326143616755,15.775906945575116,19.35101467262666,19.35101467262723,0,205156864,569342400,774499264,1290832.1066666667,73.86200561523438,0.05322704790479296,0.1414395436039521,0.1414395436039521,0.06699810029472844,0.08367390720000001,12.8,152.97480933219765,1.443446784,1.1501568,1,HEADROOM
360p,10,16,median,finishing_owner,0.4,800,60.481317953260664,9.76242771278703,13.277930795063185,13.277930795063753,0,246270464,703435200,949705664,1582842.7733333334,90.57098999023438,0.03439948246907483,0.08936720592847588,0.08936720592847588,0.03436150644833274,0.08367390720000001,12.8,152.97480933219765,1.443446784,1.1501568,1,HEADROOM
360p,10,16,median,finishing_owner,0.4,1600,60.52543450058134,6.755688096392987,8.593439637531446,8.593439637532015,0,248326144,706200000,954526144,1590876.9066666667,91.03070678710938,0.019773045725010478,0.04730345172409097,0.04730345172409097,0.03371091536232896,0.08367390720000001,12.8,152.97480933219765,1.443446784,1.1501568,1,HEADROOM
360p,10,16,median,independent_au,0.4,12.5,60.159774501432096,48.849046136248944,55.87550121437471,55.87550121437528,0,41524736,27000000,68524736,114207.89333333333,6.535028076171875,0.3184623776318823,0.21135497652221946,0.3184623776318823,0.19399510836577258,0.08367390720000001,12.8,152.97480933219765,1.443446784,1.1501568,1,HEADROOM
360p,10,16,median,independent_au,0.4,25,60.33131161468625,30.956001439528336,36.10156368906337,36.10156368906337,0,81816064,27000000,108816064,181360.10666666666,10.377508544921875,0.3154276984216917,0.10839206518082674,0.3154276984216917,0.16796368666134917,0.08367390720000001,12.8,152.97480933219765,1.443446784,1.1501568,1,HEADROOM
360p,10,16,median,independent_au,0.4,50,60.42339117474681,20.130849114764715,23.1942045645319,23.1942045645319,0,82227200,27000000,109227200,182045.33333333334,10.416717529296875,0.15955394379500368,0.056695683940151384,0.15955394379500368,0.1348314921986112,0.08367390720000001,12.8,152.97480933219765,1.443446784,1.1501568,1,HEADROOM
360p,10,16,median,independent_au,0.4,100,60.476221248337595,14.55689731988059,15.657738197265644,17.9058457998799,0,122929664,27000000,149929664,249882.77333333335,14.298406982421875,0.12056828068785883,0.030791676230895793,0.12056828068785883,0.10153164099573078,0.08367390720000001,12.8,152.97480933219765,1.443446784,1.1501568,1,HEADROOM
360p,10,16,median,independent_au,0.4,125,60.48586741950031,12.974674463905103,13.845750237812354,15.846933753906242,0,123340800,27000000,150340800,250568.0,14.337615966796875,0.09727494713683829,0.025605043968431527,0.09727494713683829,0.09417402658744262,0.08367390720000001,12.8,152.97480933219765,1.443446784,1.1501568,1,HEADROOM
360p,10,16,median,independent_au,0.4,200,60.51610007767245,9.764872857440423,11.367948839882956,12.381871379939184,0,163632128,27000000,190632128,317720.2133333333,18.180096435546876,0.08190035050642823,0.0178266343401719,0.08190035050642823,0.0678210420896402,0.08367390720000001,12.8,152.97480933219765,1.443446784,1.1501568,1,HEADROOM
360p,10,16,median,independent_au,0.4,400,60.53790900037915,7.777135278094647,8.151711999286817,9.0056345393441,0,205156864,27000000,232156864,386928.1066666667,22.140203857421874,0.053363367691317776,0.011338045730572784,0.053363367691317776,0.06716968912201192,0.08367390720000001,12.8,152.97480933219765,1.443446784,1.1501568,1,HEADROOM
360p,10,16,median,independent_au,0.4,800,60.553813808759514,5.763041879046796,6.333154183735132,7.233378793110347,0,246270464,27000000,273270464,455450.7733333333,26.061102294921874,0.034440715365359274,0.00809266481038031,0.034440715365359274,0.034402693824707814,0.08367390720000001,12.8,152.97480933219765,1.443446784,1.1501568,1,HEADROOM
360p,10,16,median,independent_au,0.4,1600,60.56304623318974,4.6938950042108445,5.081051331867457,5.674119613586413,0,248326144,27000000,275326144,458876.9066666667,26.257147216796874,0.01978533309667165,0.006469471184415277,0.01978533309667165,0.0337318640088782,0.08367390720000001,12.8,152.97480933219765,1.443446784,1.1501568,1,HEADROOM
360p,10,16,median,raw_gather,0.4,12.5,4.2115637961536985,66368.18251725039,125843.35579850062,131140.5882985003,600,41524736,1866240000,1907764736,3179607.8933333335,181.938623046875,0.02229437578825258,0.9997607556362609,0.9997607556362609,0.013580881607273181,0.08367390720000001,12.8,152.97480933219765,1.443446784,1.1501568,1,INTERCONNECT
360p,10,16,median,raw_gather,0.4,25,8.420130071341559,30697.469626625272,58195.836267250736,60645.41251725078,598,81816064,1866240000,1948056064,3246760.1066666665,185.781103515625,0.044022617405984184,0.9997417780502492,0.9997417780502492,0.023441825663978184,0.08367390720000001,12.8,152.97480933219765,1.443446784,1.1501568,1,INTERCONNECT
360p,10,16,median,raw_gather,0.4,50,16.808809571770453,12883.122307855028,24413.382542230494,25439.130667230536,595,82227200,1866240000,1948467200,3247445.3333333335,185.8203125,0.04438532504604034,0.9985470304347559,0.9985470304347559,0.037507939104075044,0.08367390720000001,12.8,152.97480933219765,1.443446784,1.1501568,1,INTERCONNECT
360p,10,16,median,raw_gather,0.4,100,33.47568249225593,3980.275628167481,7501.422659417498,7844.999807855042,588,122929664,1866240000,1989169664,3315282.7733333334,189.702001953125,0.06673871812146169,0.9956701011836352,0.9956701011836352,0.05620127889495458,0.08367390720000001,12.8,152.97480933219765,1.443446784,1.1501568,1,INTERCONNECT
360p,10,16,median,raw_gather,0.4,125,41.7564533398808,2204.4644172299822,4130.911917229963,4326.173635979962,579,123340800,1866240000,1989580800,3315968.0,189.7412109375,0.0671538156688357,0.9942407273600622,0.9942407273600622,0.06501309338517423,0.08367390720000001,12.8,152.97480933219765,1.443446784,1.1501568,1,INTERCONNECT
360p,10,16,median,raw_gather,0.4,200,59.58637302619029,65.03556957374894,94.85865551124971,94.85865551125028,0,163632128,1866240000,2029872128,3383120.2133333334,193.58369140625,0.08064209078225623,0.8885247617319988,0.8885247617319988,0.06677908701637014,0.08367390720000001,12.8,152.97480933219765,1.443446784,1.1501568,1,INTERCONNECT_HEADROOM_LOW
360p,10,16,median,raw_gather,0.4,400,60.078927733546706,34.392259026873944,49.38380199562471,49.38380199562528,0,205156864,1866240000,2071396864,3452328.1066666665,197.543798828125,0.052958781763097935,0.4503379133169427,0.4503379133169427,0.06666042757804665,0.08367390720000001,12.8,152.97480933219765,1.443446784,1.1501568,1,HEADROOM
360p,10,16,median,raw_gather,0.4,800,60.32827143895122,19.070603753436444,26.646375237812208,26.646375237812777,0,246270464,1866240000,2112510464,3520850.7733333334,201.464697265625,0.034312435409518206,0.22851659923441878,0.22851659923441878,0.03427455548617939,0.08367390720000001,12.8,152.97480933219765,1.443446784,1.1501568,1,HEADROOM
360p,10,16,median,raw_gather,0.4,1600,60.45372103815176,11.409776116717694,15.277661858905958,15.277661858906527,0,248326144,1866240000,2114566144,3524276.9066666667,201.6607421875,0.019749617664007377,0.11691404283282429,0.11691404283282429,0.033670973039200656,0.08367390720000001,12.8,152.97480933219765,1.443446784,1.1501568,1,HEADROOM
360p,10,16,adversarial,owner_only,0.4,12.5,59.82831581219551,68.90154413281198,84.36238253281226,84.36238253281272,0,41113600,15000000,56113600,93522.66666666667,5.351409912109375,0.3135720441925541,0.11889972163284153,0.3135720441925541,0.5078212130090275,0.2978906112,0.8,2.685549560549561,5.1757056,3.9105331199999998,1,HEADROOM
360p,10,16,adversarial,owner_only,0.4,25,59.927733897986805,52.26427606640573,67.72511446640601,67.72511446640647,0,41113600,15000000,56113600,93522.66666666667,5.351409912109375,0.15744607525432783,0.061945759370777335,0.15744607525432783,0.5086650711761209,0.2978906112,0.8,2.685549560549561,5.1757056,3.9105331199999998,1,HEADROOM
360p,10,16,adversarial,owner_only,0.4,50,59.977566947901636,43.9456420332026,59.40648043320289,59.40648043320334,0,41113600,15000000,56113600,93522.66666666667,5.351409912109375,0.07918835040299853,0.033397737935207256,0.07918835040299853,0.5090880528280719,0.2978906112,0.8,2.685549560549561,5.1757056,3.9105331199999998,1,HEADROOM
360p,10,16,adversarial,owner_only,0.4,100,60.002514564879924,39.78632501660104,55.247163416601325,55.24716341660178,0,41113600,15000000,56113600,93522.66666666667,5.351409912109375,0.040010661128116486,0.019105915430270064,0.040010661128116486,0.5092998075623246,0.2978906112,0.8,2.685549560549561,5.1757056,3.9105331199999998,1,HEADROOM
360p,10,16,adversarial,owner_only,0.4,125,60.007506578948295,38.95446161328073,54.41530001328101,54.41530001328147,0,41113600,15000000,56113600,93522.66666666667,5.351409912109375,0.0321712119255419,0.016246124089500366,0.0321712119255419,0.5093421796499414,0.2978906112,0.8,2.685549560549561,5.1757056,3.9105331199999998,1,HEADROOM
360p,10,16,adversarial,owner_only,0.4,200,60.01499615769275,37.70666650830026,53.16750490830054,53.167504908301,0,41113600,15000000,56113600,93522.66666666667,5.351409912109375,0.020409592003874773,0.01195554474696675,0.020409592003874773,0.5094057510025911,0.2978906112,0.8,2.685549560549561,5.1757056,3.9105331199999998,1,HEADROOM
360p,10,16,adversarial,owner_only,0.4,400,60.0212389015971,36.66683725414987,52.12767565415015,52.12767565415061,0,41113600,15000000,56113600,93522.66666666667,5.351409912109375,0.010605999094774875,0.008379243735836239,0.010605999094774875,0.509458739253037,0.2978906112,0.8,2.685549560549561,5.1757056,3.9105331199999998,1,HEADROOM
360p,10,16,adversarial,owner_only,0.4,800,60.02436076060102,36.14692262707467,51.60776102707496,51.60776102707541,0,41113600,15000000,56113600,93522.66666666667,5.351409912109375,0.005703437775103353,0.0065908142113507645,0.0065908142113507645,0.5094852375123426,0.2978906112,0.8,2.685549560549561,5.1757056,3.9105331199999998,1,HEADROOM
360p,10,16,adversarial,owner_only,0.4,1600,60.02592181188808,35.886965313537075,51.34780371353736,51.347803713537814,0,41113600,15000000,56113600,93522.66666666667,5.351409912109375,0.0032519658641765115,0.0056965296816792145,0.0056965296816792145,0.5094984876757044,0.2978906112,0.8,2.685549560549561,5.1757056,3.9105331199999998,1,HEADROOM
360p,10,16,adversarial,finishing_owner,0.4,12.5,49.54675701057204,960.6161152085788,1742.3003217515288,1881.4430561265253,560,81816064,156004800,237820864,396368.1066666667,22.680364990234374,0.5167718756465846,0.9868245496432412,0.9868245496432412,0.3460550799669453,0.2978906112,12.8,42.968792968792975,5.1757056,3.9105331199999998,1,INTERCONNECT
360p,10,16,adversarial,finishing_owner,0.4,25,52.88470143223818,649.5584683085772,1172.4611416484004,1270.393793015588,526,82638336,291480000,374118336,623530.56,35.678704833984376,0.27926668661070325,0.9842794499648758,0.9842794499648758,0.2925788145105787,0.2978906112,12.8,42.968792968792975,5.1757056,3.9105331199999998,1,INTERCONNECT
360p,10,16,adversarial,finishing_owner,0.4,50,59.31873013926376,52.74804472460892,106.59609404101502,106.59609404101593,0,123751936,431102400,554854336,924757.2266666667,52.915032958984376,0.2357307412441514,0.8176716931739695,0.8176716931739695,0.23986170692656159,0.2978906112,12.8,42.968792968792975,5.1757056,3.9105331199999998,1,INTERCONNECT_HEADROOM_LOW
360p,10,16,adversarial,finishing_owner,0.4,100,59.84726090485138,44.19099211230423,71.19501677050721,71.19501677050812,0,164454400,566577600,731032000,1218386.6666666667,69.71664428710938,0.15961258249234128,0.543742793035619,0.543742793035619,0.1773146487710324,0.2978906112,12.8,42.968792968792975,5.1757056,3.9105331199999998,1,HEADROOM
360p,10,16,adversarial,finishing_owner,0.4,125,59.985708176284625,37.20614408984329,58.84136381640565,58.841363816406556,0,164865536,567960000,732825536,1221375.8933333333,69.88768920898437,0.12894370054664614,0.4380147331164336,0.4380147331164336,0.17706558688872223,0.2978906112,12.8,42.968792968792975,5.1757056,3.9105331199999998,1,HEADROOM
360p,10,16,adversarial,finishing_owner,0.4,200,60.15480287979543,33.320668931151886,40.3108843852533,40.31088438525421,0,205979136,569342400,775321536,1292202.56,73.94042358398437,0.1024661932298649,0.27699643704033217,0.27699643704033217,0.15457402402408715,0.2978906112,12.8,42.968792968792975,5.1757056,3.9105331199999998,1,HEADROOM
360p,10,16,adversarial,finishing_owner,0.4,400,60.34974892160851,21.293710465575714,28.16471663012635,28.16471663012726,0,247503872,703435200,950939072,1584898.4533333334,90.68861694335938,0.06416538340678805,0.17351761909510888,0.17351761909510888,0.09051088102038644,0.2978906112,12.8,42.968792968792975,5.1757056,3.9105331199999998,1,HEADROOM
360p,10,16,adversarial,finishing_owner,0.4,800,60.43766240239478,15.280231232787628,18.795734315062873,18.795734315063783,0,248326144,706200000,954526144,1590876.9066666667,91.03070678710938,0.03465372994888744,0.08963469447405291,0.08963469447405291,0.089085369669816,0.2978906112,12.8,42.968792968792975,5.1757056,3.9105331199999998,1,HEADROOM
360p,10,16,adversarial,finishing_owner,0.4,1600,60.497116407774946,11.395951786962087,13.233703328100091,13.233703328101114,0,248326144,706200000,954526144,1590876.9066666667,91.03070678710938,0.019763794491235356,0.04728131981298552,0.04728131981298552,0.0891730051248801,0.2978906112,12.8,42.968792968792975,5.1757056,3.9105331199999998,1,HEADROOM
360p,10,16,adversarial,independent_au,0.4,12.5,59.92012310427159,72.71624139843698,84.32033319531183,84.32033319531274,0,81816064,45000000,126816064,211360.10666666666,12.094122314453125,0.6249659165172305,0.34765930449100624,0.6249659165172305,0.4185069668243562,0.2978906112,12.8,42.968792968792975,5.1757056,3.9105331199999998,1,HEADROOM
360p,10,16,adversarial,independent_au,0.4,25,60.175071359926484,46.275985398437115,54.83998204843738,59.01855619921875,0,82638336,45000000,127638336,212730.56,12.172540283203125,0.3177647285535234,0.17697626584041853,0.3177647285535234,0.3329119871109699,0.2978906112,12.8,42.968792968792975,5.1757056,3.9105331199999998,1,HEADROOM
360p,10,16,adversarial,independent_au,0.4,50,60.30159088206499,33.759898749608965,36.780921698828024,39.711785374609406,0,123751936,45000000,168751936,281253.2266666667,16.093438720703126,0.23963659848176197,0.09108624496456014,0.23963659848176197,0.24383601074065095,0.2978906112,12.8,42.968792968792975,5.1757056,3.9105331199999998,1,HEADROOM
360p,10,16,adversarial,independent_au,0.4,100,60.39911798317626,22.529658174804354,25.66560148730423,29.666499924804157,0,164454400,45000000,209454400,349090.6666666667,19.975128173828125,0.16108438474538259,0.04803274510426338,0.16108438474538259,0.17894968339977763,0.2978906112,12.8,42.968792968792975,5.1757056,3.9105331199999998,1,HEADROOM
360p,10,16,adversarial,independent_au,0.4,125,60.41533985264106,21.602427339843416,23.03803617968697,25.60255033984322,0,164865536,45000000,209865536,349775.8933333333,20.014337158203126,0.12986722549793378,0.03940316194886242,0.12986722549793378,0.17833377204870196,0.2978906112,12.8,42.968792968792975,5.1757056,3.9105331199999998,1,HEADROOM
360p,10,16,adversarial,independent_au,0.4,200,60.44957574419889,17.466176743651886,19.506625962401813,21.54707518115174,0,205979136,45000000,250979136,418298.56,23.935235595703126,0.10296830198655456,0.026454418993872474,0.10296830198655456,0.15533147356498248,0.2978906112,12.8,42.968792968792975,5.1757056,3.9105331199999998,1,HEADROOM
360p,10,16,adversarial,independent_au,0.4,400,60.48553058809492,13.214247990575586,14.426688981200641,16.547138199950496,0,247503872,45000000,292503872,487506.4533333333,27.895343017578124,0.0643097499177578,0.015654498141310917,0.0643097499177578,0.09071452260100123,0.2978906112,12.8,42.968792968792975,5.1757056,3.9105331199999998,1,HEADROOM
360p,10,16,adversarial,independent_au,0.4,800,60.51249609707393,10.7464958812252,11.886720490600055,12.786945099975568,0,248326144,45000000,293326144,488876.9066666667,27.973760986328124,0.03469663807179303,0.010251238439273282,0.03469663807179303,0.08919567485187059,0.2978906112,12.8,42.968792968792975,5.1757056,3.9105331199999998,1,HEADROOM
360p,10,16,adversarial,independent_au,0.4,1600,60.52922472773405,9.966623940612408,10.616736245299762,11.026848549987776,0,248326144,45000000,293326144,488876.9066666667,27.973760986328124,0.019774283953788465,0.007548205182038427,0.019774283953788465,0.08922033292412536,0.2978906112,12.8,42.968792968792975,5.1757056,3.9105331199999998,1,HEADROOM
360p,10,16,adversarial,raw_gather,0.4,12.5,4.211446811751622,66372.1398676504,125847.3131489006,131144.5456489003,600,81816064,1866240000,1948056064,3246760.1066666665,185.781103515625,0.04392532224925101,0.9997329853305316,0.9997329853305316,0.029414489487299297,0.2978906112,12.8,42.968792968792975,5.1757056,3.9105331199999998,1,INTERCONNECT
360p,10,16,adversarial,raw_gather,0.4,25,8.41966247970099,30701.426977025272,58199.793617650736,60649.36986765078,598,82638336,1866240000,1948878336,3248130.56,185.859521484375,0.044461463890447465,0.9996862597988466,0.9996862597988466,0.04658085987393763,0.2978906112,12.8,42.968792968792975,5.1757056,3.9105331199999998,1,INTERCONNECT
360p,10,16,adversarial,raw_gather,0.4,50,16.806211675731216,12888.640111375029,24418.900345750495,25444.648470750537,596,123751936,1866240000,1989991936,3316653.2266666666,189.780419921875,0.06678734906369664,0.9983926993761356,0.9983926993761356,0.06795773628406995,0.2978906112,12.8,42.968792968792975,5.1757056,3.9105331199999998,1,INTERCONNECT
360p,10,16,adversarial,raw_gather,0.4,100,33.46538005014313,3985.7934316874816,7506.9404629374985,7850.517611375042,588,164454400,1866240000,2030694400,3384490.6666666665,193.662109375,0.0892521337339605,0.995363674762508,0.995363674762508,0.09915077181250287,0.2978906112,12.8,42.968792968792975,5.1757056,3.9105331199999998,1,INTERCONNECT
360p,10,16,adversarial,raw_gather,0.4,125,41.74042474510267,2209.982220749982,4136.429720749962,4331.69143949996,580,164865536,1866240000,2031105536,3385175.8933333335,193.701318359375,0.08972411917194267,0.9938590790049913,0.9938590790049913,0.12320922815074978,0.2978906112,12.8,42.968792968792975,5.1757056,3.9105331199999998,1,INTERCONNECT
360p,10,16,adversarial,raw_gather,0.4,200,59.55373897686017,70.55337309374954,100.3764590312494,100.3764590312503,0,205979136,1866240000,2072219136,3453698.56,197.622216796875,0.1014423559455049,0.8880381377031684,0.8880381377031684,0.15302952779561507,0.2978906112,12.8,42.968792968792975,5.1757056,3.9105331199999998,1,INTERCONNECT_HEADROOM_LOW
360p,10,16,adversarial,raw_gather,0.4,400,60.04575208334448,39.91006254687454,54.9016055156244,54.901605515625306,0,247503872,1866240000,2113743872,3522906.453333333,201.58232421875,0.06384216625957174,0.4500892362241812,0.4500892362241812,0.09005495498671844,0.2978906112,12.8,42.968792968792975,5.1757056,3.9105331199999998,1,HEADROOM
360p,10,16,adversarial,raw_gather,0.4,800,60.2948199182323,24.588407273437042,32.1641787578119,32.164178757812806,0,248326144,1866240000,2114566144,3524276.9066666667,201.6607421875,0.034571826965306814,0.22838988869603308,0.22838988869603308,0.08887481924479386,0.2978906112,12.8,42.968792968792975,5.1757056,3.9105331199999998,1,HEADROOM
360p,10,16,adversarial,raw_gather,0.4,1600,60.424069443489564,16.280194798436696,20.148080540624505,20.14808054062553,0,248326144,1866240000,2114566144,3524276.9066666667,201.6607421875,0.019739930788697634,0.11685669834271079,0.11685669834271079,0.08906533359097307,0.2978906112,12.8,42.968792968792975,5.1757056,3.9105331199999998,1,HEADROOM
360p,15,4,optimistic,owner_only,0.4,12.5,60.118875723309756,38.94382795843717,40.93117659124982,40.931176591250164,0,61670400,15000000,76670400,127784.0,7.311859130859375,0.4726423892900292,0.11947716547494454,0.4726423892900292,0.08846143392254754,0.01971081216,0.8,40.58686133813778,0.342171648,0.2875392,1,HEADROOM
360p,15,4,optimistic,owner_only,0.4,25,60.23721322549991,21.401051746405983,22.68303574640686,22.68303574640686,0,61670400,15000000,76670400,127784.0,7.311859130859375,0.23738873947972644,0.06226566020308631,0.23738873947972644,0.08863556068397822,0.01971081216,0.8,40.58686133813778,0.342171648,0.2875392,1,HEADROOM
360p,15,4,optimistic,owner_only,0.4,50,60.28756251717481,13.082417713202858,14.364401713203733,14.364401713203733,0,61670400,15000000,76670400,127784.0,7.311859130859375,0.11939645608748074,0.03357035498705689,0.11939645608748074,0.08870964674239099,0.01971081216,0.8,40.58686133813778,0.342171648,0.2875392,1,HEADROOM
360p,15,4,optimistic,owner_only,0.4,100,60.31276873956114,8.923100696601296,10.20508469660217,10.20508469660217,0,61670400,15000000,76670400,127784.0,7.311859130859375,0.06032631555285228,0.019204706123732387,0.06032631555285228,0.08874673623465508,0.01971081216,0.8,40.58686133813778,0.342171648,0.2875392,1,HEADROOM
360p,15,4,optimistic,owner_only,0.4,125,60.31781251354236,8.091237293280983,9.373221293281858,9.373221293281858,0,61670400,15000000,76670400,127784.0,7.311859130859375,0.04850635961782401,0.01633013472427805,0.04850635961782401,0.08875415785512603,0.01971081216,0.8,40.58686133813778,0.342171648,0.2875392,1,HEADROOM
360p,15,4,optimistic,owner_only,0.4,200,60.32537975644583,6.843442188300514,8.12542618830139,8.12542618830139,0,61670400,15000000,76670400,127784.0,7.311859130859375,0.030772718498709266,0.012017376043162565,0.030772718498709266,0.08876529261355302,0.01971081216,0.8,40.58686133813778,0.342171648,0.2875392,1,HEADROOM
360p,15,4,optimistic,owner_only,0.4,400,60.3316872427576,5.803612934150124,7.085596934150999,7.085596934150999,0,61670400,15000000,76670400,127784.0,7.311859130859375,0.015991284884971858,0.00842258376622506,0.015991284884971858,0.088774573713322,0.01971081216,0.8,40.58686133813778,0.342171648,0.2875392,1,HEADROOM
360p,15,4,optimistic,owner_only,0.4,800,60.334841480561806,5.283698307074928,6.565682307075804,6.565682307075804,0,61670400,15000000,76670400,127784.0,7.311859130859375,0.008599408882359496,0.006624905715459062,0.008599408882359496,0.08877921499105275,0.01971081216,0.8,40.58686133813778,0.342171648,0.2875392,1,HEADROOM
360p,15,4,optimistic,owner_only,0.4,1600,60.33641872314861,5.023740993537331,6.305724993538206,6.305724993538206,0,61670400,15000000,76670400,127784.0,7.311859130859375,0.004903181029087004,0.005725996199104941,0.005725996199104941,0.08878153581191299,0.01971081216,0.8,40.58686133813778,0.342171648,0.2875392,1,HEADROOM
360p,15,4,optimistic,finishing_owner,0.4,12.5,60.118875723309756,38.94382795843717,40.93117659124982,40.931176591250164,0,61670400,15000000,76670400,127784.0,7.311859130859375,0.4726423892900292,0.11947716547494454,0.4726423892900292,0.08846143392254754,0.01971081216,3.2,162.34744535255112,0.342171648,0.2875392,1,HEADROOM
360p,15,4,optimistic,finishing_owner,0.4,25,60.23721322549991,21.401051746405983,22.68303574640686,22.68303574640686,0,61670400,15000000,76670400,127784.0,7.311859130859375,0.23738873947972644,0.06226566020308631,0.23738873947972644,0.08863556068397822,0.01971081216,3.2,162.34744535255112,0.342171648,0.2875392,1,HEADROOM
360p,15,4,optimistic,finishing_owner,0.4,50,60.13415359098422,13.082417713202858,14.364401713203733,14.364401713203733,0,62081536,16382400,78463936,130773.22666666667,7.482904052734375,0.11988658841612033,0.036127545368032726,0.11988658841612033,0.08833011184254042,0.01971081216,3.2,162.34744535255112,0.342171648,0.2875392,1,HEADROOM
360p,15,4,optimistic,finishing_owner,0.4,100,60.17898447992087,8.923100696601296,22.785793204101537,22.78579320410165,0,122929664,222360000,345289664,575482.7733333333,32.929388427734374,0.11998371914639946,0.21750592764757753,0.21750592764757753,0.06923742024529178,0.01971081216,3.2,162.34744535255112,0.342171648,0.2875392,1,HEADROOM
360p,15,4,optimistic,finishing_owner,0.4,125,60.15614698498496,18.533031363280315,18.803766226562402,18.80376622656263,0,122929664,223742400,346672064,577786.7733333333,33.061224365234374,0.09643019395728844,0.17595863918379176,0.17595863918379176,0.06905728631213673,0.01971081216,3.2,162.34744535255112,0.342171648,0.2875392,1,HEADROOM
360p,15,4,optimistic,finishing_owner,0.4,200,60.24265583087359,12.25349324682616,12.605708451601458,12.605708451601686,0,123340800,223742400,347083200,578472.0,33.100433349609375,0.061461040012765644,0.11193957986471391,0.11193957986471391,0.0654028393140225,0.01971081216,3.2,162.34744535255112,0.342171648,0.2875392,1,HEADROOM
360p,15,4,optimistic,finishing_owner,0.4,400,60.2953895327898,7.23015150580045,10.665654588075995,10.665654588076336,0,184600064,428337600,612937664,1021562.7733333333,58.454290771484374,0.04783040804925788,0.10745004404519168,0.10745004404519168,0.046367932505949394,0.01971081216,3.2,162.34744535255112,0.342171648,0.2875392,1,HEADROOM
360p,15,4,optimistic,finishing_owner,0.4,800,60.33239097597445,6.190322251650059,6.300124574037909,6.30012457403825,0,185011200,431102400,616113600,1026856.0,58.757171630859375,0.025789134531168538,0.056502702792409626,0.056502702792409626,0.04235382112426202,0.01971081216,3.2,162.34744535255112,0.342171648,0.2875392,1,HEADROOM
360p,15,4,optimistic,finishing_owner,0.4,1600,60.36091408073367,4.022458405824864,4.941334176393866,4.941334176394207,0,246270464,635697600,881968064,1469946.7733333334,84.11102905273438,0.019571889095141914,0.04294732318687438,0.04294732318687438,0.023286352139691713,0.01971081216,3.2,162.34744535255112,0.342171648,0.2875392,1,HEADROOM
360p,15,4,optimistic,independent_au,0.4,12.5,60.09073966104049,40.94654402289029,43.60146467718732,43.601464677187664,0,61670400,20250000,81920400,136534.0,7.812538146972656,0.4724211892836058,0.1595361458580719,0.4724211892836058,0.08842003334106081,0.01971081216,3.2,162.34744535255112,0.342171648,0.2875392,1,HEADROOM
360p,15,4,optimistic,independent_au,0.4,25,60.23519471008217,21.73483775714817,23.102298084297217,23.102298084297217,0,61670400,20250000,81920400,136534.0,7.812538146972656,0.2373807847154706,0.08236923906409954,0.2373807847154706,0.08863259055577641,0.01971081216,3.2,162.34744535255112,0.342171648,0.2875392,1,HEADROOM
360p,15,4,optimistic,independent_au,0.4,50,60.291463723110894,13.249310718573952,14.531294718574827,14.531294718574827,0,62081536,20250000,82331536,137219.22666666665,7.851747131347656,0.12020021010924722,0.04363475090245592,0.12020021010924722,0.08856118221993735,0.01971081216,3.2,162.34744535255112,0.342171648,0.2875392,1,HEADROOM
360p,15,4,optimistic,independent_au,0.4,100,60.32934349888507,9.006547199286842,9.685645956787084,9.685645956787198,0,122929664,20250000,143179664,238632.77333333335,13.654676818847657,0.12028350210981169,0.02424425655934237,0.12028350210981169,0.06941041204091053,0.01971081216,3.2,162.34744535255112,0.342171648,0.2875392,1,HEADROOM
360p,15,4,optimistic,independent_au,0.4,125,60.33512884243045,8.052913565428753,8.390405630859277,8.390405630859505,0,122929664,20250000,143179664,238632.77333333335,13.654676818847657,0.09671710154850456,0.020362627250998383,0.09671710154850456,0.06926275162189761,0.01971081216,3.2,162.34744535255112,0.342171648,0.2875392,1,HEADROOM
360p,15,4,optimistic,independent_au,0.4,200,60.353062501953666,5.73012025839342,6.632554879643976,6.632554879643976,0,123340800,20250000,143590800,239318.0,13.693885803222656,0.061573679615640704,0.014541016699303222,0.061573679615640704,0.06552270304958087,0.01971081216,3.2,162.34744535255112,0.342171648,0.2875392,1,HEADROOM
360p,15,4,optimistic,independent_au,0.4,400,60.36631320677677,4.289879999821551,4.6231240985716795,4.623124098571907,0,184600064,20250000,204850064,341416.7733333333,19.536024475097655,0.047886669536138314,0.009686757140913424,0.047886669536138314,0.04642247372633099,0.01971081216,3.2,162.34744535255112,0.342171648,0.2875392,1,HEADROOM
360p,15,4,optimistic,independent_au,0.4,800,60.372904762380614,3.365164609285557,3.5069239999111232,3.5069239999111232,0,185011200,20250000,205261200,342102.0,19.575233459472656,0.025806452185435078,0.007258823622123995,0.025806452185435078,0.04238226212642943,0.01971081216,3.2,162.34744535255112,0.342171648,0.2875392,1,HEADROOM
360p,15,4,optimistic,independent_au,0.4,1600,60.377493326173614,2.609879584642613,2.7099961522544618,2.709996152254803,0,246270464,20250000,266520464,444200.7733333333,25.417372131347655,0.01957726487776505,0.006044787392814411,0.01957726487776505,0.02329274816853595,0.01971081216,3.2,162.34744535255112,0.342171648,0.2875392,1,HEADROOM
360p,15,4,optimistic,raw_gather,0.4,12.5,4.211603845870341,66366.8277652504,125808.66771316728,131105.90021316695,600,61670400,1866240000,1927910400,3213184.0,183.85986328125,0.033110773954201374,0.9997702628257308,0.9997702628257308,0.006197130449246787,0.01971081216,3.2,162.34744535255112,0.342171648,0.2875392,1,INTERCONNECT
360p,15,4,optimistic,raw_gather,0.4,25,8.420290157730395,30696.114874625273,58161.1481819174,60610.72443191744,598,61670400,1866240000,1927910400,3213184.0,183.85986328125,0.033183508325896276,0.9997607854823982,0.9997607854823982,0.01238996791664781,0.01971081216,3.2,162.34744535255112,0.342171648,0.2875392,1,INTERCONNECT
360p,15,4,optimistic,raw_gather,0.4,50,16.825376700866055,12864.64128726836,24352.162016435497,25377.91014143554,595,62081536,1866240000,1928321536,3213869.2266666666,183.899072265625,0.033543949503354015,0.9995312201532845,0.9995312201532845,0.02471453104485357,0.01971081216,3.2,162.34744535255112,0.342171648,0.2875392,1,INTERCONNECT
360p,15,4,optimistic,raw_gather,0.4,100,33.54145688776799,3961.7946075808145,7492.427810705833,7806.2618732058745,586,122929664,1866240000,1989169664,3315282.7733333334,189.702001953125,0.06687432128944945,0.9976264346818374,0.9976264346818374,0.03859028141215291,0.01971081216,3.2,162.34744535255112,0.342171648,0.2875392,1,INTERCONNECT
360p,15,4,optimistic,raw_gather,0.4,125,41.858843053324684,2188.3657664349826,4110.051834143296,4281.5030841432945,575,122929664,1866240000,1989169664,3315282.7733333334,189.702001953125,0.06709964910929715,0.9966786744323393,0.9966786744323393,0.04805258073044056,0.01971081216,3.2,162.34744535255112,0.342171648,0.2875392,1,INTERCONNECT
360p,15,4,optimistic,raw_gather,0.4,200,59.753283604354905,48.30967268499967,63.22121565374982,63.221215653750164,0,123340800,1866240000,1989580800,3315968.0,189.7412109375,0.060961770424126635,0.8910136559902393,0.8910136559902393,0.0648715491068709,0.01971081216,3.2,162.34744535255112,0.342171648,0.2875392,1,INTERCONNECT_HEADROOM_LOW
360p,15,4,optimistic,raw_gather,0.4,400,60.069689532582615,25.08213362249967,32.57790510687482,32.577905106875164,0,184600064,1866240000,2050840064,3418066.7733333334,195.583349609375,0.04765136744283214,0.4502686658735891,0.4502686658735891,0.046194366293718384,0.01971081216,3.2,162.34744535255112,0.342171648,0.2875392,1,HEADROOM
360p,15,4,optimistic,raw_gather,0.4,800,60.229152408299186,13.468364091249668,17.256249833437323,17.256249833437664,0,185011200,1866240000,2051251200,3418752.0,195.62255859375,0.02574500511299841,0.22814114767143248,0.22814114767143248,0.04228134682384544,0.01971081216,3.2,162.34744535255112,0.342171648,0.2875392,1,HEADROOM
360p,15,4,optimistic,raw_gather,0.4,1600,60.309201754473364,7.6614793256246685,9.595422196718573,9.595422196718914,0,246270464,1866240000,2112510464,3520850.7733333334,201.464697265625,0.019555121490975668,0.11663455079441888,0.11663455079441888,0.023266402285425928,0.01971081216,3.2,162.34744535255112,0.342171648,0.2875392,1,HEADROOM
360p,15,4,median,owner_only,0.4,12.5,60.06307646295529,43.48138157281028,46.11811757281339,46.11811757281339,0,61670400,15000000,76670400,127784.0,7.311859130859375,0.47220370683934715,0.11936627289116715,0.47220370683934715,0.1904537304637094,0.08220745728,0.8,9.731477246342584,1.443446784,1.1501568,1,HEADROOM
360p,15,4,median,owner_only,0.4,25,60.16327694716676,26.844113506404028,29.48084950640714,29.48084950640714,0,61670400,15000000,76670400,127784.0,7.311859130859375,0.23709736411596874,0.06218923417112267,0.23709736411596874,0.19077145571416526,0.08220745728,0.8,9.731477246342584,1.443446784,1.1501568,1,HEADROOM
360p,15,4,median,owner_only,0.4,50,60.213502663849006,18.525479473200903,21.162215473204014,21.162215473204014,0,61670400,15000000,76670400,127784.0,7.311859130859375,0.1192497843088209,0.03352911570879401,0.1192497843088209,0.1909307162061457,0.08220745728,0.8,9.731477246342584,1.443446784,1.1501568,1,HEADROOM
360p,15,4,median,owner_only,0.4,100,60.238646982528024,14.36616245659934,17.002898456602452,17.002898456602452,0,61670400,15000000,76670400,127784.0,7.311859130859375,0.060252177147377635,0.01918110437917739,0.060252177147377635,0.19101044620957536,0.08220745728,0.8,9.731477246342584,1.443446784,1.1501568,1,HEADROOM
360p,15,4,median,owner_only,0.4,125,60.24367836645431,13.534299053279028,16.17103505328214,16.17103505328214,0,61670400,15000000,76670400,127784.0,7.311859130859375,0.04844674244258567,0.016310064026101696,0.04844674244258567,0.1910264002015216,0.08220745728,0.8,9.731477246342584,1.443446784,1.1501568,1,HEADROOM
360p,15,4,median,owner_only,0.4,200,60.251227018449626,12.28650394829856,14.92323994830167,14.92323994830167,0,61670400,15000000,76670400,127784.0,7.311859130859375,0.030734892274631137,0.012002604128908098,0.030734892274631137,0.1910503361871078,0.08220745728,0.8,9.731477246342584,1.443446784,1.1501568,1,HEADROOM
360p,15,4,median,owner_only,0.4,400,60.25751900699541,11.246674694148169,13.88341069415128,13.88341069415128,0,61670400,15000000,76670400,127784.0,7.311859130859375,0.015971626137774607,0.00841222953601786,0.015971626137774607,0.19107028742439278,0.08220745728,0.8,9.731477246342584,1.443446784,1.1501568,1,HEADROOM
360p,15,4,median,owner_only,0.4,800,60.26066549409461,10.726760067072973,13.363496067076085,13.363496067076085,0,61670400,15000000,76670400,127784.0,7.311859130859375,0.008588836721710177,0.006616761019879566,0.008588836721710177,0.19108026460573596,0.08220745728,0.8,9.731477246342584,1.443446784,1.1501568,1,HEADROOM
360p,15,4,median,owner_only,0.4,1600,60.26223886087332,10.466802753535376,13.103538753538487,13.103538753538487,0,61670400,15000000,76670400,127784.0,7.311859130859375,0.004897152873933855,0.005718956444037816,0.005718956444037816,0.1910852535871541,0.08220745728,0.8,9.731477246342584,1.443446784,1.1501568,1,HEADROOM
360p,15,4,median,finishing_owner,0.4,12.5,60.06307646295529,43.48138157281028,46.11811757281339,46.11811757281339,0,61670400,15000000,76670400,127784.0,7.311859130859375,0.47220370683934715,0.11936627289116715,0.47220370683934715,0.1904537304637094,0.08220745728,3.2,38.925908985370334,1.443446784,1.1501568,1,HEADROOM
360p,15,4,median,finishing_owner,0.4,25,59.86224982191576,26.844113506404028,29.48084950640714,29.48084950640714,0,62081536,16382400,78463936,130773.22666666667,7.482904052734375,0.23748378710034476,0.06713940071396342,0.23748378710034476,0.18948280421522193,0.08220745728,3.2,38.925908985370334,1.443446784,1.1501568,1,HEADROOM
360p,15,4,median,finishing_owner,0.4,50,59.959104674169915,18.525479473200903,45.449504131406684,45.449504131406684,0,122929664,222360000,345289664,575482.7733333333,32.929388427734374,0.23670028427109152,0.42862569627415664,0.42862569627415664,0.1505287916411437,0.08220745728,3.2,38.925908985370334,1.443446784,1.1501568,1,HEADROOM
360p,15,4,median,finishing_owner,0.4,100,60.08515897921987,24.618173072753898,25.17117626320305,25.17117626320328,0,123340800,223742400,347083200,578472.0,33.100433349609375,0.12019730933845006,0.21848704308777975,0.21848704308777975,0.13995417851732236,0.08220745728,3.2,38.925908985370334,1.443446784,1.1501568,1,HEADROOM
360p,15,4,median,finishing_owner,0.4,125,60.07853689538923,20.73536327492144,31.688340569843604,31.688340569843945,0,184188928,428337600,612526528,1020877.5466666666,58.41508178710937,0.1442896207527077,0.33202969585042297,0.33202969585042297,0.10079266667038919,0.08220745728,3.2,38.925908985370334,1.443446784,1.1501568,1,HEADROOM
360p,15,4,median,finishing_owner,0.4,200,60.19065013147581,14.42006237160058,21.211068536152197,21.21106853615254,0,185011200,429720000,614731200,1024552.0,58.625335693359375,0.09210394835760147,0.21037280637072955,0.21037280637072955,0.10071624558033704,0.08220745728,3.2,38.925908985370334,1.443446784,1.1501568,1,HEADROOM
360p,15,4,median,finishing_owner,0.4,400,60.264441265682244,12.340403863299798,15.775906945576025,15.775906945576367,0,245448192,634315200,879763392,1466272.32,83.90077514648438,0.06356633922277484,0.15672021934274707,0.15672021934274707,0.051056833794988626,0.08220745728,3.2,38.925908985370334,1.443446784,1.1501568,1,HEADROOM
360p,15,4,median,finishing_owner,0.4,800,60.3213859111557,8.004676171649407,9.76242771278794,9.76242771278828,0,246270464,635697600,881968064,1469946.7733333334,84.11102905273438,0.03431656203360385,0.08101268621770105,0.08101268621770105,0.050768389364334206,0.08220745728,3.2,38.925908985370334,1.443446784,1.1501568,1,HEADROOM
360p,15,4,median,finishing_owner,0.4,1600,60.34725625308365,5.774712150512187,6.693587921081416,6.693587921081871,0,246270464,635697600,881968064,1469946.7733333334,84.11102905273438,0.019567460575592173,0.04293760552194088,0.04293760552194088,0.05079016266367319,0.08220745728,3.2,38.925908985370334,1.443446784,1.1501568,1,HEADROOM
360p,15,4,median,independent_au,0.4,12.5,60.043699431654424,45.33581859718652,48.849046136249854,48.849046136250195,0,61670400,27000000,88670400,147784.0,8.456268310546875,0.4720513685552192,0.21094717839047797,0.4720513685552192,0.19039228792506688,0.08220745728,3.2,38.925908985370334,1.443446784,1.1501568,1,HEADROOM
360p,15,4,median,independent_au,0.4,25,60.16966222059231,27.607052959529028,30.24378895953214,30.24378895953214,0,62081536,27000000,89081536,148469.22666666665,8.495477294921875,0.2387033446822347,0.10810164365356117,0.2387033446822347,0.19045586091664973,0.08220745728,3.2,38.925908985370334,1.443446784,1.1501568,1,HEADROOM
360p,15,4,median,independent_au,0.4,50,60.24738673802468,18.906949199763403,19.845256084531684,19.845256084531684,0,122929664,27000000,149929664,249882.77333333335,14.298406982421875,0.2378383340607855,0.05653053776542571,0.2378383340607855,0.15125253077900586,0.08220745728,3.2,38.925908985370334,1.443446784,1.1501568,1,HEADROOM
360p,15,4,median,independent_au,0.4,100,60.29831405017593,11.75836927857376,13.844684839883485,13.844684839883485,0,123340800,27000000,150340800,250568.0,14.337615966796875,0.12062371523361672,0.030701094168527104,0.12062371523361672,0.14045067288230814,0.08220745728,3.2,38.925908985370334,1.443446784,1.1501568,1,HEADROOM
360p,15,4,median,independent_au,0.4,125,60.305189506991205,10.629031487811517,12.710215003906342,12.710215003906455,0,184188928,27000000,211188928,351981.5466666667,20.140545654296876,0.14483396855244862,0.025528558896938135,0.14483396855244862,0.10117291762708192,0.08220745728,3.2,38.925908985370334,1.443446784,1.1501568,1,HEADROOM
360p,15,4,median,independent_au,0.4,200,60.32748652562061,9.032922899939877,9.327499621133029,9.327499621133029,0,185011200,27000000,212011200,353352.0,20.218963623046875,0.0923133358978959,0.0177710731784362,0.0923133358978959,0.10094521216978093,0.08220745728,3.2,38.925908985370334,1.443446784,1.1501568,1,HEADROOM
360p,15,4,median,independent_au,0.4,400,60.34153797764093,6.71691066871972,7.064922798095722,7.0649227980959495,0,245448192,27000000,272448192,454080.32,25.982684326171874,0.06364766007537713,0.011301267723655643,0.06364766007537713,0.0511221511517241,0.08220745728,3.2,38.925908985370334,1.443446784,1.1501568,1,HEADROOM
360p,15,4,median,independent_au,0.4,800,60.35165028955709,5.050829399047416,5.192929574360278,5.192929574360505,0,246270464,27000000,273270464,455450.7733333333,26.061102294921874,0.03433377930079909,0.008065646832570371,0.03433377930079909,0.05079386082397231,0.08220745728,3.2,38.925908985370334,1.443446784,1.1501568,1,HEADROOM
360p,15,4,median,independent_au,0.4,1600,60.35711563048242,4.150604789672343,4.430939027180102,4.4309390271803295,0,246270464,27000000,273270464,455450.7733333333,26.061102294921874,0.019570657456287815,0.006447473247008455,0.019570657456287815,0.05079846062803708,0.08220745728,3.2,38.925908985370334,1.443446784,1.1501568,1,HEADROOM
360p,15,4,median,raw_gather,0.4,12.5,4.2115637961536985,66368.18251725039,125810.02246516729,131107.25496516697,600,61670400,1866240000,1927910400,3213184.0,183.85986328125,0.03311045909146422,0.9997607556362609,0.9997607556362609,0.013354428099567692,0.08220745728,3.2,38.925908985370334,1.443446784,1.1501568,1,INTERCONNECT
360p,15,4,median,raw_gather,0.4,25,8.420130071341559,30697.469626625272,58162.5029339174,60612.07918391744,598,62081536,1866240000,1928321536,3213869.2266666666,183.899072265625,0.033404096624641284,0.9997417780502492,0.9997417780502492,0.02665235373747361,0.08220745728,3.2,38.925908985370334,1.443446784,1.1501568,1,INTERCONNECT
360p,15,4,median,raw_gather,0.4,50,16.82452069201759,12866.455641188359,24353.976370355493,25379.724495355535,595,122929664,1866240000,1989169664,3315282.7733333334,189.702001953125,0.06641808366162961,0.9994803679445061,0.9994803679445061,0.042238368692684075,0.08220745728,3.2,38.925908985370334,1.443446784,1.1501568,1,INTERCONNECT
360p,15,4,median,raw_gather,0.4,100,33.538055230495026,3963.6089615008154,7494.242164625835,7808.076227125877,586,123340800,1866240000,1989580800,3315968.0,189.7412109375,0.0670911763842382,0.9975252588972379,0.9975252588972379,0.0781189739462259,0.08220745728,3.2,38.925908985370334,1.443446784,1.1501568,1,INTERCONNECT
360p,15,4,median,raw_gather,0.4,125,41.853545318336,2190.1801203549826,4111.866188063295,4283.317438063294,575,184188928,1866240000,2050428928,3417381.546666667,195.544140625,0.10051896223195869,0.9965525328789456,0.9965525328789456,0.0702169303754936,0.08220745728,3.2,38.925908985370334,1.443446784,1.1501568,1,INTERCONNECT
360p,15,4,median,raw_gather,0.4,200,59.74248877345457,50.12402660499902,65.03556957374985,65.0355695737502,0,185011200,1866240000,2051251200,3418752.0,195.62255859375,0.09141817024281292,0.8908526884054287,0.8908526884054287,0.09996634290782078,0.08220745728,3.2,38.925908985370334,1.443446784,1.1501568,1,INTERCONNECT_HEADROOM_LOW
360p,15,4,median,raw_gather,0.4,400,60.05878008773962,26.896487542499017,34.392259026874854,34.392259026875195,0,245448192,1866240000,2111688192,3519480.32,201.386279296875,0.06334940983742765,0.4501868911680247,0.4501868911680247,0.05088259491780389,0.08220745728,3.2,38.925908985370334,1.443446784,1.1501568,1,HEADROOM
360p,15,4,median,raw_gather,0.4,800,60.21818497075752,15.282718011249017,19.070603753437354,19.070603753437695,0,246270464,1866240000,2112510464,3520850.7733333334,201.464697265625,0.03425785148808826,0.22809960427114012,0.22809960427114012,0.0506815321834893,0.08220745728,3.2,38.925908985370334,1.443446784,1.1501568,1,HEADROOM
360p,15,4,median,raw_gather,0.4,1600,60.298205147021584,9.475833245624017,11.409776116718604,11.409776116718945,0,246270464,1866240000,2112510464,3520850.7733333334,201.464697265625,0.019551555866022058,0.11661328398383129,0.11661328398383129,0.05074887969887232,0.08220745728,3.2,38.925908985370334,1.443446784,1.1501568,1,HEADROOM
360p,15,4,adversarial,owner_only,0.4,12.5,59.84104741010925,60.03479213281207,66.62887853281245,66.62887853281268,0,61670400,15000000,76670400,127784.0,7.311859130859375,0.4704581595255229,0.1189250237565489,0.4704581595255229,0.49659605432644693,0.29156474879999994,0.8,2.7438159218238116,5.1757056,3.9105331199999998,1,HEADROOM
360p,15,4,adversarial,owner_only,0.4,25,59.94050784835072,43.39752406640582,49.9916104664062,49.99161046640643,0,61670400,15000000,76670400,127784.0,7.311859130859375,0.23621945372252134,0.06195896347518757,0.23621945372252134,0.4974214352870074,0.29156474879999994,0.8,2.7438159218238116,5.1757056,3.9105331199999998,1,HEADROOM
360p,15,4,adversarial,owner_only,0.4,50,59.99036215378416,35.0788900332027,41.672976433203075,41.6729764332033,0,61670400,15000000,76670400,127784.0,7.311859130859375,0.1188078658599915,0.0334048627812895,0.1188078658599915,0.4978351555081753,0.29156474879999994,0.8,2.7438159218238116,5.1757056,3.9105331199999998,1,HEADROOM
360p,15,4,adversarial,owner_only,0.4,100,60.015320418422114,30.919573016601134,37.51365941660151,37.51365941660174,0,61670400,15000000,76670400,127784.0,7.311859130859375,0.06002880042203174,0.01910999305195915,0.06002880042203174,0.4980422738037008,0.29156474879999994,0.8,2.7438159218238116,5.1757056,3.9105331199999998,1,HEADROOM
360p,15,4,adversarial,owner_only,0.4,125,60.020314563617276,30.087709613280822,36.6817960132812,36.68179601328143,0,61670400,15000000,76670400,127784.0,7.311859130859375,0.048267117809421375,0.016249591657478635,0.048267117809421375,0.4980837181451017,0.29156474879999994,0.8,2.7438159218238116,5.1757056,3.9105331199999998,1,HEADROOM
360p,15,4,adversarial,owner_only,0.4,200,60.02780734004953,28.839914508300353,35.43400090830073,35.43400090830096,0,61670400,15000000,76670400,127784.0,7.311859130859375,0.030620923147569926,0.011958096853502352,0.030620923147569926,0.4981458975917064,0.29156474879999994,0.8,2.7438159218238116,5.1757056,3.9105331199999998,1,HEADROOM
360p,15,4,adversarial,owner_only,0.4,400,60.03405274960857,27.800085254149963,34.39417165415034,34.39417165415057,0,61670400,15000000,76670400,127784.0,7.311859130859375,0.015912395031412993,0.008381032608536088,0.015912395031412993,0.4981977256575392,0.29156474879999994,0.8,2.7438159218238116,5.1757056,3.9105331199999998,1,HEADROOM
360p,15,4,adversarial,owner_only,0.4,800,60.03717594175185,27.280170627074767,33.874257027075146,33.87425702707537,0,61670400,15000000,76670400,127784.0,7.311859130859375,0.008556983185770249,0.006592221348002945,0.008556983185770249,0.4982236437348854,0.29156474879999994,0.8,2.7438159218238116,5.1757056,3.9105331199999998,1,HEADROOM
360p,15,4,adversarial,owner_only,0.4,1600,60.03873765968661,27.02021331353717,33.61429971353755,33.614299713537775,0,61670400,15000000,76670400,127784.0,7.311859130859375,0.0048789902638083655,0.005697745920516978,0.005697745920516978,0.4982366037848501,0.29156474879999994,0.8,2.7438159218238116,5.1757056,3.9105331199999998,1,HEADROOM
360p,15,4,adversarial,finishing_owner,0.4,12.5,58.696962611620975,60.03479213281207,66.62887853281245,66.62887853281268,0,62081536,17764800,79846336,133077.22666666665,7.614739990234375,0.46454002121357973,0.13728697931459968,0.46454002121357973,0.48536693065709835,0.29156474879999994,3.2,10.975263687295246,5.1757056,3.9105331199999998,1,HEADROOM
360p,15,4,adversarial,finishing_owner,0.4,25,59.19030028496843,41.12485846640584,94.89290778281247,94.8929077828127,0,123340800,223742400,347083200,578472.0,33.100433349609375,0.46652592381637426,0.8467266385684583,0.8467266385684583,0.3593388353228911,0.29156474879999994,3.2,10.975263687295246,5.1757056,3.9105331199999998,1,INTERCONNECT_HEADROOM_LOW
360p,15,4,adversarial,finishing_owner,0.4,50,59.601543109665194,51.912788987304566,79.11523222460892,79.1152322246096,0,184188928,428337600,612526528,1020877.5466666666,58.41508178710937,0.35253170386457156,0.8163316766832045,0.8163316766832045,0.26466532303219714,0.29156474879999994,3.2,10.975263687295246,5.1757056,3.9105331199999998,1,INTERCONNECT_HEADROOM_LOW
360p,15,4,adversarial,finishing_owner,0.4,100,59.97093347577428,30.68897978320274,44.19099211230423,44.19099211230491,0,185011200,429720000,614731200,1024552.0,58.625335693359375,0.17994521440451694,0.4144120713011891,0.4144120713011891,0.23202738425404001,0.29156474879999994,3.2,10.975263687295246,5.1757056,3.9105331199999998,1,HEADROOM
360p,15,4,adversarial,finishing_owner,0.4,125,59.982051528655546,36.935409226562115,37.20614408984329,37.206144089843974,0,185011200,431102400,616113600,1026856.0,58.757171630859375,0.14470104475489848,0.3336052043776084,0.3336052043776084,0.2311839900125375,0.29156474879999994,3.2,10.975263687295246,5.1757056,3.9105331199999998,1,HEADROOM
360p,15,4,adversarial,finishing_owner,0.4,200,60.11761877520157,24.21398893847637,33.320668931151886,33.32066893115257,0,245859328,634315200,880174528,1466957.5466666666,83.93998413085937,0.1222420270704206,0.3078673930348853,0.3078673930348853,0.13458340670211696,0.29156474879999994,3.2,10.975263687295246,5.1757056,3.9105331199999998,1,HEADROOM
360p,15,4,adversarial,finishing_owner,0.4,400,60.231980834656746,17.70599100205027,21.14149408432604,21.141494084326496,0,246270464,635697600,881968064,1469946.7733333334,84.11102905273438,0.06373693411016357,0.15696666877636178,0.15696666877636178,0.1341774672751915,0.29156474879999994,3.2,10.975263687295246,5.1757056,3.9105331199999998,1,HEADROOM
360p,15,4,adversarial,finishing_owner,0.4,800,60.273037302852174,12.4998410234125,14.257592564550578,14.257592564551146,0,246270464,635697600,881968064,1469946.7733333334,84.11102905273438,0.03428905673028522,0.08094775318318281,0.08094775318318281,0.1342689278720603,0.29156474879999994,3.2,10.975263687295246,5.1757056,3.9105331199999998,1,HEADROOM
360p,15,4,adversarial,finishing_owner,0.4,1600,60.28553747221711,10.435740075256035,11.35461584582481,11.354615845825379,0,246270464,635697600,881968064,1469946.7733333334,84.11102905273438,0.019547448401280306,0.04289369206454973,0.04289369206454973,0.13429677422615086,0.29156474879999994,3.2,10.975263687295246,5.1757056,3.9105331199999998,1,HEADROOM
360p,15,4,adversarial,independent_au,0.4,12.5,59.86529949601756,63.84948939843707,70.44357579843745,70.44357579843768,0,62081536,45000000,107081536,178469.22666666665,10.212091064453125,0.47378648332872064,0.34734121539959845,0.47378648332872064,0.4950279431238793,0.29156474879999994,3.2,10.975263687295246,5.1757056,3.9105331199999998,1,HEADROOM
360p,15,4,adversarial,independent_au,0.4,25,60.045443054610416,42.04725197421854,45.97323004843747,45.9732300484377,0,123340800,45000000,168340800,280568.0,16.054229736328125,0.47326598542581727,0.17659502601961563,0.47326598542581727,0.3645303279390551,0.29156474879999994,3.2,10.975263687295246,5.1757056,3.9105331199999998,1,HEADROOM
360p,15,4,adversarial,independent_au,0.4,50,60.1559840224208,27.731368699218365,31.869988499609462,31.869988499609576,0,184188928,45000000,229188928,381981.5466666667,21.857159423828126,0.35581111559567935,0.09086630413228575,0.35581111559567935,0.26712736135571385,0.29156474879999994,3.2,10.975263687295246,5.1757056,3.9105331199999998,1,HEADROOM
360p,15,4,adversarial,independent_au,0.4,100,60.226106402054846,20.25699257480437,21.664703049804302,21.66470304980487,0,185011200,45000000,230011200,383352.0,21.935577392578125,0.18071087110299627,0.04789515665175642,0.18071087110299627,0.23301464763624577,0.29156474879999994,3.2,10.975263687295246,5.1757056,3.9105331199999998,1,HEADROOM
360p,15,4,adversarial,independent_au,0.4,125,60.232683686699865,19.169112839843365,19.821317429687042,19.821317429687724,0,185011200,45000000,230011200,383352.0,21.935577392578125,0.145305671208878,0.0392840327590723,0.145305671208878,0.23214998135237117,0.29156474879999994,3.2,10.975263687295246,5.1757056,3.9105331199999998,1,HEADROOM
360p,15,4,adversarial,independent_au,0.4,200,60.25673226498602,15.193511143651904,15.63113901230463,15.63113901230497,0,245859328,45000000,290859328,484765.5466666667,27.738507080078126,0.12252489780499977,0.026370025313081042,0.12252489780499977,0.13489483566013044,0.29156474879999994,3.2,10.975263687295246,5.1757056,3.9105331199999998,1,HEADROOM
360p,15,4,adversarial,independent_au,0.4,400,60.27998426312444,11.352612706151831,12.306239762450787,12.306239762451355,0,246270464,45000000,291270464,485450.7733333333,27.777716064453124,0.06378773090141815,0.015601299888259023,0.06378773090141815,0.13428440346362605,0.29156474879999994,3.2,10.975263687295246,5.1757056,3.9105331199999998,1,HEADROOM
360p,15,4,adversarial,independent_au,0.4,800,60.287108498591664,10.176383576537773,10.7464958812252,10.74649588122577,0,246270464,45000000,291270464,485450.7733333333,27.777716064453124,0.03429706176952938,0.010213056209778231,0.03429706176952938,0.1343002739672691,0.29156474879999994,3.2,10.975263687295246,5.1757056,3.9105331199999998,1,HEADROOM
360p,15,4,adversarial,independent_au,0.4,1600,60.29034835093035,9.64156778826873,9.966623940612408,9.966623940612976,0,246270464,45000000,291270464,485450.7733333333,27.777716064453124,0.01954900831776036,0.007518416465705669,0.01954900831776036,0.13430749131551378,0.29156474879999994,3.2,10.975263687295246,5.1757056,3.9105331199999998,1,HEADROOM
360p,15,4,adversarial,raw_gather,0.4,12.5,4.211446811751622,66372.1398676504,125813.97981556728,131111.21231556695,600,62081536,1866240000,1928321536,3213869.2266666666,183.899072265625,0.0333302696464166,0.9997329853305316,0.9997329853305316,0.03482457901903107,0.29156474879999994,3.2,10.975263687295246,5.1757056,3.9105331199999998,1,INTERCONNECT
360p,15,4,adversarial,raw_gather,0.4,25,8.41966247970099,30701.426977025272,58166.4602843174,60616.03653431744,598,123340800,1866240000,1989580800,3315968.0,189.7412109375,0.0663620694210618,0.9996862597988466,0.9996862597988466,0.051114991725019814,0.29156474879999994,3.2,10.975263687295246,5.1757056,3.9105331199999998,1,INTERCONNECT
360p,15,4,adversarial,raw_gather,0.4,50,16.82191793760072,12871.97344470836,24359.494173875493,25385.242298875535,596,184188928,1866240000,2050428928,3417381.546666667,195.544140625,0.09949842039996964,0.9993257482682693,0.9993257482682693,0.0746990449019805,0.29156474879999994,3.2,10.975263687295246,5.1757056,3.9105331199999998,1,INTERCONNECT
360p,15,4,adversarial,raw_gather,0.4,100,33.52771436700449,3969.126765020814,7499.759968145832,7813.594030645874,587,185011200,1866240000,2051251200,3418752.0,195.62255859375,0.1006012646560048,0.9972176897057708,0.9972176897057708,0.1297186389092172,0.29156474879999994,3.2,10.975263687295246,5.1757056,3.9105331199999998,1,INTERCONNECT
360p,15,4,adversarial,raw_gather,0.4,125,41.83744211199174,2195.6979238749823,4117.383991583296,4288.835241583294,576,185011200,1866240000,2051251200,3418752.0,195.62255859375,0.10092888504464737,0.9961691079875106,0.9961691079875106,0.16125068337731144,0.29156474879999994,3.2,10.975263687295246,5.1757056,3.9105331199999998,1,INTERCONNECT
360p,15,4,adversarial,raw_gather,0.4,200,59.70968354536934,55.641830124999615,70.55337309374954,70.55337309375022,0,245859328,1866240000,2112099328,3520165.546666667,201.42548828125,0.12141253930254016,0.8903635118372362,0.8903635118372362,0.13367017503953357,0.29156474879999994,3.2,10.975263687295246,5.1757056,3.9105331199999998,1,INTERCONNECT_HEADROOM_LOW
360p,15,4,adversarial,raw_gather,0.4,400,60.02562667877149,32.414291062499615,39.91006254687454,39.910062546875224,0,246270464,1866240000,2112510464,3520850.7733333334,201.464697265625,0.06351857201987932,0.44993838079047144,0.44993838079047144,0.13371777663220236,0.29156474879999994,3.2,10.975263687295246,5.1757056,3.9105331199999998,1,HEADROOM
360p,15,4,adversarial,raw_gather,0.4,800,60.188250374510275,20.238192845311914,24.026078587499796,24.026078587500365,0,246270464,1866240000,2112510464,3520850.7733333334,201.464697265625,0.03424082183246028,0.227986215440817,0.227986215440817,0.13408004988489616,0.29156474879999994,3.2,10.975263687295246,5.1757056,3.9105331199999998,1,HEADROOM
360p,15,4,adversarial,raw_gather,0.4,1600,60.26579490613887,13.696139622655664,15.630082493749796,15.630082493750365,0,246270464,1866240000,2112510464,3520850.7733333334,201.464697265625,0.019541046919135423,0.11655060442952575,0.11655060442952575,0.1342527941431919,0.29156474879999994,3.2,10.975263687295246,5.1757056,3.9105331199999998,1,HEADROOM
360p,15,8,optimistic,owner_only,0.4,12.5,60.118875723309756,38.94382795843717,40.93117659124982,40.931176591250164,0,61670400,15000000,76670400,127784.0,7.311859130859375,0.4726423892900292,0.11947716547494454,0.4726423892900292,0.08846143392254754,0.01971081216,0.8,40.58686133813778,0.342171648,0.2875392,1,HEADROOM
360p,15,8,optimistic,owner_only,0.4,25,60.23721322549991,21.401051746405983,22.68303574640686,22.68303574640686,0,61670400,15000000,76670400,127784.0,7.311859130859375,0.23738873947972644,0.06226566020308631,0.23738873947972644,0.08863556068397822,0.01971081216,0.8,40.58686133813778,0.342171648,0.2875392,1,HEADROOM
360p,15,8,optimistic,owner_only,0.4,50,60.28756251717481,13.082417713202858,14.364401713203733,14.364401713203733,0,61670400,15000000,76670400,127784.0,7.311859130859375,0.11939645608748074,0.03357035498705689,0.11939645608748074,0.08870964674239099,0.01971081216,0.8,40.58686133813778,0.342171648,0.2875392,1,HEADROOM
360p,15,8,optimistic,owner_only,0.4,100,60.31276873956114,8.923100696601296,10.20508469660217,10.20508469660217,0,61670400,15000000,76670400,127784.0,7.311859130859375,0.06032631555285228,0.019204706123732387,0.06032631555285228,0.08874673623465508,0.01971081216,0.8,40.58686133813778,0.342171648,0.2875392,1,HEADROOM
360p,15,8,optimistic,owner_only,0.4,125,60.31781251354236,8.091237293280983,9.373221293281858,9.373221293281858,0,61670400,15000000,76670400,127784.0,7.311859130859375,0.04850635961782401,0.01633013472427805,0.04850635961782401,0.08875415785512603,0.01971081216,0.8,40.58686133813778,0.342171648,0.2875392,1,HEADROOM
360p,15,8,optimistic,owner_only,0.4,200,60.32537975644583,6.843442188300514,8.12542618830139,8.12542618830139,0,61670400,15000000,76670400,127784.0,7.311859130859375,0.030772718498709266,0.012017376043162565,0.030772718498709266,0.08876529261355302,0.01971081216,0.8,40.58686133813778,0.342171648,0.2875392,1,HEADROOM
360p,15,8,optimistic,owner_only,0.4,400,60.3316872427576,5.803612934150124,7.085596934150999,7.085596934150999,0,61670400,15000000,76670400,127784.0,7.311859130859375,0.015991284884971858,0.00842258376622506,0.015991284884971858,0.088774573713322,0.01971081216,0.8,40.58686133813778,0.342171648,0.2875392,1,HEADROOM
360p,15,8,optimistic,owner_only,0.4,800,60.334841480561806,5.283698307074928,6.565682307075804,6.565682307075804,0,61670400,15000000,76670400,127784.0,7.311859130859375,0.008599408882359496,0.006624905715459062,0.008599408882359496,0.08877921499105275,0.01971081216,0.8,40.58686133813778,0.342171648,0.2875392,1,HEADROOM
360p,15,8,optimistic,owner_only,0.4,1600,60.33641872314861,5.023740993537331,6.305724993538206,6.305724993538206,0,61670400,15000000,76670400,127784.0,7.311859130859375,0.004903181029087004,0.005725996199104941,0.005725996199104941,0.08878153581191299,0.01971081216,0.8,40.58686133813778,0.342171648,0.2875392,1,HEADROOM
360p,15,8,optimistic,finishing_owner,0.4,12.5,60.118875723309756,38.94382795843717,40.93117659124982,40.931176591250164,0,61670400,15000000,76670400,127784.0,7.311859130859375,0.4726423892900292,0.11947716547494454,0.4726423892900292,0.08846143392254754,0.01971081216,6.4,324.69489070510224,0.342171648,0.2875392,1,HEADROOM
360p,15,8,optimistic,finishing_owner,0.4,25,60.23721322549991,21.401051746405983,22.68303574640686,22.68303574640686,0,61670400,15000000,76670400,127784.0,7.311859130859375,0.23738873947972644,0.06226566020308631,0.23738873947972644,0.08863556068397822,0.01971081216,6.4,324.69489070510224,0.342171648,0.2875392,1,HEADROOM
360p,15,8,optimistic,finishing_owner,0.4,50,60.13415359098422,13.082417713202858,14.364401713203733,14.364401713203733,0,62081536,16382400,78463936,130773.22666666667,7.482904052734375,0.11988658841612033,0.036127545368032726,0.11988658841612033,0.08833011184254042,0.01971081216,6.4,324.69489070510224,0.342171648,0.2875392,1,HEADROOM
360p,15,8,optimistic,finishing_owner,0.4,100,60.17898447992087,8.923100696601296,22.785793204101537,22.78579320410165,0,122929664,222360000,345289664,575482.7733333333,32.929388427734374,0.11998371914639946,0.21750592764757753,0.21750592764757753,0.06923742024529178,0.01971081216,6.4,324.69489070510224,0.342171648,0.2875392,1,HEADROOM
360p,15,8,optimistic,finishing_owner,0.4,125,60.15614698498496,18.533031363280315,18.803766226562402,18.80376622656263,0,122929664,223742400,346672064,577786.7733333333,33.061224365234374,0.09643019395728844,0.17595863918379176,0.17595863918379176,0.06905728631213673,0.01971081216,6.4,324.69489070510224,0.342171648,0.2875392,1,HEADROOM
360p,15,8,optimistic,finishing_owner,0.4,200,60.24265583087359,12.25349324682616,12.605708451601458,12.605708451601686,0,123340800,223742400,347083200,578472.0,33.100433349609375,0.061461040012765644,0.11193957986471391,0.11193957986471391,0.0654028393140225,0.01971081216,6.4,324.69489070510224,0.342171648,0.2875392,1,HEADROOM
360p,15,8,optimistic,finishing_owner,0.4,400,60.2953895327898,7.23015150580045,10.665654588075995,10.665654588076336,0,184600064,428337600,612937664,1021562.7733333333,58.454290771484374,0.04783040804925788,0.10745004404519168,0.10745004404519168,0.046367932505949394,0.01971081216,6.4,324.69489070510224,0.342171648,0.2875392,1,HEADROOM
360p,15,8,optimistic,finishing_owner,0.4,800,60.33239097597445,6.190322251650059,6.300124574037909,6.30012457403825,0,185422336,431102400,616524736,1027541.2266666667,58.796380615234376,0.02584646159527957,0.056502702792409626,0.056502702792409626,0.04235382112426202,0.01971081216,6.4,324.69489070510224,0.342171648,0.2875392,1,HEADROOM
360p,15,8,optimistic,finishing_owner,0.4,1600,60.36091408073367,4.022458405824864,4.941334176393866,4.941334176394207,0,247092736,635697600,882790336,1471317.2266666666,84.18944702148437,0.0196372913834187,0.04294732318687438,0.04294732318687438,0.023286352139691713,0.01971081216,6.4,324.69489070510224,0.342171648,0.2875392,1,HEADROOM
360p,15,8,optimistic,independent_au,0.4,12.5,60.09073966104049,40.94654402289029,43.60146467718732,43.601464677187664,0,61670400,20250000,81920400,136534.0,7.812538146972656,0.4724211892836058,0.1595361458580719,0.4724211892836058,0.08842003334106081,0.01971081216,6.4,324.69489070510224,0.342171648,0.2875392,1,HEADROOM
360p,15,8,optimistic,independent_au,0.4,25,60.23519471008217,21.73483775714817,23.102298084297217,23.102298084297217,0,61670400,20250000,81920400,136534.0,7.812538146972656,0.2373807847154706,0.08236923906409954,0.2373807847154706,0.08863259055577641,0.01971081216,6.4,324.69489070510224,0.342171648,0.2875392,1,HEADROOM
360p,15,8,optimistic,independent_au,0.4,50,60.291463723110894,13.249310718573952,14.531294718574827,14.531294718574827,0,62081536,20250000,82331536,137219.22666666665,7.851747131347656,0.12020021010924722,0.04363475090245592,0.12020021010924722,0.08856118221993735,0.01971081216,6.4,324.69489070510224,0.342171648,0.2875392,1,HEADROOM
360p,15,8,optimistic,independent_au,0.4,100,60.32934349888507,9.006547199286842,9.685645956787084,9.685645956787198,0,122929664,20250000,143179664,238632.77333333335,13.654676818847657,0.12028350210981169,0.02424425655934237,0.12028350210981169,0.06941041204091053,0.01971081216,6.4,324.69489070510224,0.342171648,0.2875392,1,HEADROOM
360p,15,8,optimistic,independent_au,0.4,125,60.33512884243045,8.052913565428753,8.390405630859277,8.390405630859505,0,122929664,20250000,143179664,238632.77333333335,13.654676818847657,0.09671710154850456,0.020362627250998383,0.09671710154850456,0.06926275162189761,0.01971081216,6.4,324.69489070510224,0.342171648,0.2875392,1,HEADROOM
360p,15,8,optimistic,independent_au,0.4,200,60.353062501953666,5.73012025839342,6.632554879643976,6.632554879643976,0,123340800,20250000,143590800,239318.0,13.693885803222656,0.061573679615640704,0.014541016699303222,0.061573679615640704,0.06552270304958087,0.01971081216,6.4,324.69489070510224,0.342171648,0.2875392,1,HEADROOM
360p,15,8,optimistic,independent_au,0.4,400,60.36631320677677,4.289879999821551,4.6231240985716795,4.623124098571907,0,184600064,20250000,204850064,341416.7733333333,19.536024475097655,0.047886669536138314,0.009686757140913424,0.047886669536138314,0.04642247372633099,0.01971081216,6.4,324.69489070510224,0.342171648,0.2875392,1,HEADROOM
360p,15,8,optimistic,independent_au,0.4,800,60.37530058104249,3.365164609285557,3.5069239999111232,3.5069239999111232,0,185422336,20250000,205672336,342787.2266666667,19.614442443847658,0.025864844116534225,0.00725911167891314,0.025864844116534225,0.042383944010296624,0.01971081216,6.4,324.69489070510224,0.342171648,0.2875392,1,HEADROOM
360p,15,8,optimistic,independent_au,0.4,1600,60.38083514011993,2.609879584642613,2.7099961522544618,2.709996152254803,0,247092736,20250000,267342736,445571.2266666667,25.495790100097658,0.019643772326489096,0.006045121963756311,0.019643772326489096,0.023294037391164934,0.01971081216,6.4,324.69489070510224,0.342171648,0.2875392,1,HEADROOM
360p,15,8,optimistic,raw_gather,0.4,12.5,4.211603845870341,66366.8277652504,125808.66771316728,131105.90021316695,600,61670400,1866240000,1927910400,3213184.0,183.85986328125,0.033110773954201374,0.9997702628257308,0.9997702628257308,0.006197130449246787,0.01971081216,6.4,324.69489070510224,0.342171648,0.2875392,1,INTERCONNECT
360p,15,8,optimistic,raw_gather,0.4,25,8.420290157730395,30696.114874625273,58161.1481819174,60610.72443191744,598,61670400,1866240000,1927910400,3213184.0,183.85986328125,0.033183508325896276,0.9997607854823982,0.9997607854823982,0.01238996791664781,0.01971081216,6.4,324.69489070510224,0.342171648,0.2875392,1,INTERCONNECT
360p,15,8,optimistic,raw_gather,0.4,50,16.825376700866055,12864.64128726836,24352.162016435497,25377.91014143554,595,62081536,1866240000,1928321536,3213869.2266666666,183.899072265625,0.033543949503354015,0.9995312201532845,0.9995312201532845,0.02471453104485357,0.01971081216,6.4,324.69489070510224,0.342171648,0.2875392,1,INTERCONNECT
360p,15,8,optimistic,raw_gather,0.4,100,33.54145688776799,3961.7946075808145,7492.427810705833,7806.2618732058745,586,122929664,1866240000,1989169664,3315282.7733333334,189.702001953125,0.06687432128944945,0.9976264346818374,0.9976264346818374,0.03859028141215291,0.01971081216,6.4,324.69489070510224,0.342171648,0.2875392,1,INTERCONNECT
360p,15,8,optimistic,raw_gather,0.4,125,41.858843053324684,2188.3657664349826,4110.051834143296,4281.5030841432945,575,122929664,1866240000,1989169664,3315282.7733333334,189.702001953125,0.06709964910929715,0.9966786744323393,0.9966786744323393,0.04805258073044056,0.01971081216,6.4,324.69489070510224,0.342171648,0.2875392,1,INTERCONNECT
360p,15,8,optimistic,raw_gather,0.4,200,59.753283604354905,48.30967268499967,63.22121565374982,63.221215653750164,0,123340800,1866240000,1989580800,3315968.0,189.7412109375,0.060961770424126635,0.8910136559902393,0.8910136559902393,0.0648715491068709,0.01971081216,6.4,324.69489070510224,0.342171648,0.2875392,1,INTERCONNECT_HEADROOM_LOW
360p,15,8,optimistic,raw_gather,0.4,400,60.069689532582615,25.08213362249967,32.57790510687482,32.577905106875164,0,184600064,1866240000,2050840064,3418066.7733333334,195.583349609375,0.04765136744283214,0.4502686658735891,0.4502686658735891,0.046194366293718384,0.01971081216,6.4,324.69489070510224,0.342171648,0.2875392,1,HEADROOM
360p,15,8,optimistic,raw_gather,0.4,800,60.229152408299186,13.468364091249668,17.256249833437323,17.256249833437664,0,185422336,1866240000,2051662336,3419437.2266666666,195.661767578125,0.025802234081146527,0.22814114767143248,0.22814114767143248,0.04228134682384544,0.01971081216,6.4,324.69489070510224,0.342171648,0.2875392,1,HEADROOM
360p,15,8,optimistic,raw_gather,0.4,1600,60.309201754473364,7.6614793256246685,9.595422196718573,9.595422196718914,0,247092736,1866240000,2113332736,3522221.2266666666,201.543115234375,0.019620467747886446,0.11663455079441888,0.11663455079441888,0.023266402285425928,0.01971081216,6.4,324.69489070510224,0.342171648,0.2875392,1,HEADROOM
360p,15,8,median,owner_only,0.4,12.5,60.06307646295529,43.48138157281028,46.11811757281339,46.11811757281339,0,61670400,15000000,76670400,127784.0,7.311859130859375,0.47220370683934715,0.11936627289116715,0.47220370683934715,0.1904537304637094,0.08220745728,0.8,9.731477246342584,1.443446784,1.1501568,1,HEADROOM
360p,15,8,median,owner_only,0.4,25,60.16327694716676,26.844113506404028,29.48084950640714,29.48084950640714,0,61670400,15000000,76670400,127784.0,7.311859130859375,0.23709736411596874,0.06218923417112267,0.23709736411596874,0.19077145571416526,0.08220745728,0.8,9.731477246342584,1.443446784,1.1501568,1,HEADROOM
360p,15,8,median,owner_only,0.4,50,60.213502663849006,18.525479473200903,21.162215473204014,21.162215473204014,0,61670400,15000000,76670400,127784.0,7.311859130859375,0.1192497843088209,0.03352911570879401,0.1192497843088209,0.1909307162061457,0.08220745728,0.8,9.731477246342584,1.443446784,1.1501568,1,HEADROOM
360p,15,8,median,owner_only,0.4,100,60.238646982528024,14.36616245659934,17.002898456602452,17.002898456602452,0,61670400,15000000,76670400,127784.0,7.311859130859375,0.060252177147377635,0.01918110437917739,0.060252177147377635,0.19101044620957536,0.08220745728,0.8,9.731477246342584,1.443446784,1.1501568,1,HEADROOM
360p,15,8,median,owner_only,0.4,125,60.24367836645431,13.534299053279028,16.17103505328214,16.17103505328214,0,61670400,15000000,76670400,127784.0,7.311859130859375,0.04844674244258567,0.016310064026101696,0.04844674244258567,0.1910264002015216,0.08220745728,0.8,9.731477246342584,1.443446784,1.1501568,1,HEADROOM
360p,15,8,median,owner_only,0.4,200,60.251227018449626,12.28650394829856,14.92323994830167,14.92323994830167,0,61670400,15000000,76670400,127784.0,7.311859130859375,0.030734892274631137,0.012002604128908098,0.030734892274631137,0.1910503361871078,0.08220745728,0.8,9.731477246342584,1.443446784,1.1501568,1,HEADROOM
360p,15,8,median,owner_only,0.4,400,60.25751900699541,11.246674694148169,13.88341069415128,13.88341069415128,0,61670400,15000000,76670400,127784.0,7.311859130859375,0.015971626137774607,0.00841222953601786,0.015971626137774607,0.19107028742439278,0.08220745728,0.8,9.731477246342584,1.443446784,1.1501568,1,HEADROOM
360p,15,8,median,owner_only,0.4,800,60.26066549409461,10.726760067072973,13.363496067076085,13.363496067076085,0,61670400,15000000,76670400,127784.0,7.311859130859375,0.008588836721710177,0.006616761019879566,0.008588836721710177,0.19108026460573596,0.08220745728,0.8,9.731477246342584,1.443446784,1.1501568,1,HEADROOM
360p,15,8,median,owner_only,0.4,1600,60.26223886087332,10.466802753535376,13.103538753538487,13.103538753538487,0,61670400,15000000,76670400,127784.0,7.311859130859375,0.004897152873933855,0.005718956444037816,0.005718956444037816,0.1910852535871541,0.08220745728,0.8,9.731477246342584,1.443446784,1.1501568,1,HEADROOM
360p,15,8,median,finishing_owner,0.4,12.5,60.06307646295529,43.48138157281028,46.11811757281339,46.11811757281339,0,61670400,15000000,76670400,127784.0,7.311859130859375,0.47220370683934715,0.11936627289116715,0.47220370683934715,0.1904537304637094,0.08220745728,6.4,77.85181797074067,1.443446784,1.1501568,1,HEADROOM
360p,15,8,median,finishing_owner,0.4,25,59.86224982191576,26.844113506404028,29.48084950640714,29.48084950640714,0,62081536,16382400,78463936,130773.22666666667,7.482904052734375,0.23748378710034476,0.06713940071396342,0.23748378710034476,0.18948280421522193,0.08220745728,6.4,77.85181797074067,1.443446784,1.1501568,1,HEADROOM
360p,15,8,median,finishing_owner,0.4,50,59.959104674169915,18.525479473200903,45.449504131406684,45.449504131406684,0,122929664,222360000,345289664,575482.7733333333,32.929388427734374,0.23670028427109152,0.42862569627415664,0.42862569627415664,0.1505287916411437,0.08220745728,6.4,77.85181797074067,1.443446784,1.1501568,1,HEADROOM
360p,15,8,median,finishing_owner,0.4,100,60.08515897921987,24.618173072753898,25.17117626320305,25.17117626320328,0,123340800,223742400,347083200,578472.0,33.100433349609375,0.12019730933845006,0.21848704308777975,0.21848704308777975,0.13995417851732236,0.08220745728,6.4,77.85181797074067,1.443446784,1.1501568,1,HEADROOM
360p,15,8,median,finishing_owner,0.4,125,60.07853689538923,20.73536327492144,31.688340569843604,31.688340569843945,0,184188928,428337600,612526528,1020877.5466666666,58.41508178710937,0.1442896207527077,0.33202969585042297,0.33202969585042297,0.10079266667038919,0.08220745728,6.4,77.85181797074067,1.443446784,1.1501568,1,HEADROOM
360p,15,8,median,finishing_owner,0.4,200,60.19065013147581,14.42006237160058,21.211068536152197,21.21106853615254,0,185011200,429720000,614731200,1024552.0,58.625335693359375,0.09210394835760147,0.21037280637072955,0.21037280637072955,0.10071624558033704,0.08220745728,6.4,77.85181797074067,1.443446784,1.1501568,1,HEADROOM
360p,15,8,median,finishing_owner,0.4,400,60.264441265682244,12.340403863299798,15.775906945576025,15.775906945576367,0,245859328,634315200,880174528,1466957.5466666666,83.93998413085937,0.06367282896227502,0.15672021934274707,0.15672021934274707,0.051056833794988626,0.08220745728,6.4,77.85181797074067,1.443446784,1.1501568,1,HEADROOM
360p,15,8,median,finishing_owner,0.4,800,60.3213859111557,8.004676171649407,9.76242771278794,9.76242771278828,0,247092736,635697600,882790336,1471317.2266666666,84.18944702148437,0.034431195248083024,0.08101268621770105,0.08101268621770105,0.050768389364334206,0.08220745728,6.4,77.85181797074067,1.443446784,1.1501568,1,HEADROOM
360p,15,8,median,finishing_owner,0.4,1600,60.345274245312105,5.774712150512187,6.693587921081416,6.693587921081871,0,247503872,637080000,884583872,1474306.4533333334,84.36049194335938,0.019664895927372028,0.043019066928872335,0.043019066928872335,0.050451672519044276,0.08220745728,6.4,77.85181797074067,1.443446784,1.1501568,1,HEADROOM
360p,15,8,median,independent_au,0.4,12.5,60.043699431654424,45.33581859718652,48.849046136249854,48.849046136250195,0,61670400,27000000,88670400,147784.0,8.456268310546875,0.4720513685552192,0.21094717839047797,0.4720513685552192,0.19039228792506688,0.08220745728,6.4,77.85181797074067,1.443446784,1.1501568,1,HEADROOM
360p,15,8,median,independent_au,0.4,25,60.16966222059231,27.607052959529028,30.24378895953214,30.24378895953214,0,62081536,27000000,89081536,148469.22666666665,8.495477294921875,0.2387033446822347,0.10810164365356117,0.2387033446822347,0.19045586091664973,0.08220745728,6.4,77.85181797074067,1.443446784,1.1501568,1,HEADROOM
360p,15,8,median,independent_au,0.4,50,60.24738673802468,18.906949199763403,19.845256084531684,19.845256084531684,0,122929664,27000000,149929664,249882.77333333335,14.298406982421875,0.2378383340607855,0.05653053776542571,0.2378383340607855,0.15125253077900586,0.08220745728,6.4,77.85181797074067,1.443446784,1.1501568,1,HEADROOM
360p,15,8,median,independent_au,0.4,100,60.29831405017593,11.75836927857376,13.844684839883485,13.844684839883485,0,123340800,27000000,150340800,250568.0,14.337615966796875,0.12062371523361672,0.030701094168527104,0.12062371523361672,0.14045067288230814,0.08220745728,6.4,77.85181797074067,1.443446784,1.1501568,1,HEADROOM
360p,15,8,median,independent_au,0.4,125,60.305189506991205,10.629031487811517,12.710215003906342,12.710215003906455,0,184188928,27000000,211188928,351981.5466666667,20.140545654296876,0.14483396855244862,0.025528558896938135,0.14483396855244862,0.10117291762708192,0.08220745728,6.4,77.85181797074067,1.443446784,1.1501568,1,HEADROOM
360p,15,8,median,independent_au,0.4,200,60.32748652562061,9.032922899939877,9.327499621133029,9.327499621133029,0,185011200,27000000,212011200,353352.0,20.218963623046875,0.0923133358978959,0.0177710731784362,0.0923133358978959,0.10094521216978093,0.08220745728,6.4,77.85181797074067,1.443446784,1.1501568,1,HEADROOM
360p,15,8,median,independent_au,0.4,400,60.347857229796304,6.71691066871972,7.064922798095722,7.0649227980959495,0,245859328,27000000,272859328,454765.5466666667,26.021893310546876,0.06376096269925505,0.011302451246032012,0.06376096269925505,0.05112750490594847,0.08220745728,6.4,77.85181797074067,1.443446784,1.1501568,1,HEADROOM
360p,15,8,median,independent_au,0.4,800,60.35771004840491,5.050829399047416,5.192929574360278,5.192929574360505,0,247092736,27000000,274092736,456821.2266666667,26.139520263671876,0.0344519289139787,0.008066456684074392,0.0344519289139787,0.0507989609089918,0.08220745728,6.4,77.85181797074067,1.443446784,1.1501568,1,HEADROOM
360p,15,8,median,independent_au,0.4,1600,60.3678545584367,4.150604789672343,4.430939027180102,4.4309390271803295,0,247503872,27000000,274503872,457506.4533333333,26.178729248046874,0.01967225424189054,0.006448620401738489,0.01967225424189054,0.05047055079207207,0.08220745728,6.4,77.85181797074067,1.443446784,1.1501568,1,HEADROOM
360p,15,8,median,raw_gather,0.4,12.5,4.2115637961536985,66368.18251725039,125810.02246516729,131107.25496516697,600,61670400,1866240000,1927910400,3213184.0,183.85986328125,0.03311045909146422,0.9997607556362609,0.9997607556362609,0.013354428099567692,0.08220745728,6.4,77.85181797074067,1.443446784,1.1501568,1,INTERCONNECT
360p,15,8,median,raw_gather,0.4,25,8.420130071341559,30697.469626625272,58162.5029339174,60612.07918391744,598,62081536,1866240000,1928321536,3213869.2266666666,183.899072265625,0.033404096624641284,0.9997417780502492,0.9997417780502492,0.02665235373747361,0.08220745728,6.4,77.85181797074067,1.443446784,1.1501568,1,INTERCONNECT
360p,15,8,median,raw_gather,0.4,50,16.82452069201759,12866.455641188359,24353.976370355493,25379.724495355535,595,122929664,1866240000,1989169664,3315282.7733333334,189.702001953125,0.06641808366162961,0.9994803679445061,0.9994803679445061,0.042238368692684075,0.08220745728,6.4,77.85181797074067,1.443446784,1.1501568,1,INTERCONNECT
360p,15,8,median,raw_gather,0.4,100,33.538055230495026,3963.6089615008154,7494.242164625835,7808.076227125877,586,123340800,1866240000,1989580800,3315968.0,189.7412109375,0.0670911763842382,0.9975252588972379,0.9975252588972379,0.0781189739462259,0.08220745728,6.4,77.85181797074067,1.443446784,1.1501568,1,INTERCONNECT
360p,15,8,median,raw_gather,0.4,125,41.853545318336,2190.1801203549826,4111.866188063295,4283.317438063294,575,184188928,1866240000,2050428928,3417381.546666667,195.544140625,0.10051896223195869,0.9965525328789456,0.9965525328789456,0.0702169303754936,0.08220745728,6.4,77.85181797074067,1.443446784,1.1501568,1,INTERCONNECT
360p,15,8,median,raw_gather,0.4,200,59.74248877345457,50.12402660499902,65.03556957374985,65.0355695737502,0,185011200,1866240000,2051251200,3418752.0,195.62255859375,0.09141817024281292,0.8908526884054287,0.8908526884054287,0.09996634290782078,0.08220745728,6.4,77.85181797074067,1.443446784,1.1501568,1,INTERCONNECT_HEADROOM_LOW
360p,15,8,median,raw_gather,0.4,400,60.05878008773962,26.896487542499017,34.392259026874854,34.392259026875195,0,245859328,1866240000,2112099328,3520165.546666667,201.42548828125,0.06345553616519109,0.4501868911680247,0.4501868911680247,0.05088259491780389,0.08220745728,6.4,77.85181797074067,1.443446784,1.1501568,1,HEADROOM
360p,15,8,median,raw_gather,0.4,800,60.21818497075752,15.282718011249017,19.070603753437354,19.070603753437695,0,247092736,1866240000,2113332736,3522221.2266666666,201.543115234375,0.03437228858214751,0.22809960427114012,0.22809960427114012,0.0506815321834893,0.08220745728,6.4,77.85181797074067,1.443446784,1.1501568,1,HEADROOM
360p,15,8,median,raw_gather,0.4,1600,60.298205147021584,9.475833245624017,11.409776116718604,11.409776116718945,0,247503872,1866240000,2113743872,3522906.453333333,201.58232421875,0.019649557378813683,0.11661328398383129,0.11661328398383129,0.05041232039474924,0.08220745728,6.4,77.85181797074067,1.443446784,1.1501568,1,HEADROOM
360p,15,8,adversarial,owner_only,0.4,12.5,59.84104741010925,60.03479213281207,66.62887853281245,66.62887853281268,0,61670400,15000000,76670400,127784.0,7.311859130859375,0.4704581595255229,0.1189250237565489,0.4704581595255229,0.49659605432644693,0.29156474879999994,0.8,2.7438159218238116,5.1757056,3.9105331199999998,1,HEADROOM
360p,15,8,adversarial,owner_only,0.4,25,59.94050784835072,43.39752406640582,49.9916104664062,49.99161046640643,0,61670400,15000000,76670400,127784.0,7.311859130859375,0.23621945372252134,0.06195896347518757,0.23621945372252134,0.4974214352870074,0.29156474879999994,0.8,2.7438159218238116,5.1757056,3.9105331199999998,1,HEADROOM
360p,15,8,adversarial,owner_only,0.4,50,59.99036215378416,35.0788900332027,41.672976433203075,41.6729764332033,0,61670400,15000000,76670400,127784.0,7.311859130859375,0.1188078658599915,0.0334048627812895,0.1188078658599915,0.4978351555081753,0.29156474879999994,0.8,2.7438159218238116,5.1757056,3.9105331199999998,1,HEADROOM
360p,15,8,adversarial,owner_only,0.4,100,60.015320418422114,30.919573016601134,37.51365941660151,37.51365941660174,0,61670400,15000000,76670400,127784.0,7.311859130859375,0.06002880042203174,0.01910999305195915,0.06002880042203174,0.4980422738037008,0.29156474879999994,0.8,2.7438159218238116,5.1757056,3.9105331199999998,1,HEADROOM
360p,15,8,adversarial,owner_only,0.4,125,60.020314563617276,30.087709613280822,36.6817960132812,36.68179601328143,0,61670400,15000000,76670400,127784.0,7.311859130859375,0.048267117809421375,0.016249591657478635,0.048267117809421375,0.4980837181451017,0.29156474879999994,0.8,2.7438159218238116,5.1757056,3.9105331199999998,1,HEADROOM
360p,15,8,adversarial,owner_only,0.4,200,60.02780734004953,28.839914508300353,35.43400090830073,35.43400090830096,0,61670400,15000000,76670400,127784.0,7.311859130859375,0.030620923147569926,0.011958096853502352,0.030620923147569926,0.4981458975917064,0.29156474879999994,0.8,2.7438159218238116,5.1757056,3.9105331199999998,1,HEADROOM
360p,15,8,adversarial,owner_only,0.4,400,60.03405274960857,27.800085254149963,34.39417165415034,34.39417165415057,0,61670400,15000000,76670400,127784.0,7.311859130859375,0.015912395031412993,0.008381032608536088,0.015912395031412993,0.4981977256575392,0.29156474879999994,0.8,2.7438159218238116,5.1757056,3.9105331199999998,1,HEADROOM
360p,15,8,adversarial,owner_only,0.4,800,60.03717594175185,27.280170627074767,33.874257027075146,33.87425702707537,0,61670400,15000000,76670400,127784.0,7.311859130859375,0.008556983185770249,0.006592221348002945,0.008556983185770249,0.4982236437348854,0.29156474879999994,0.8,2.7438159218238116,5.1757056,3.9105331199999998,1,HEADROOM
360p,15,8,adversarial,owner_only,0.4,1600,60.03873765968661,27.02021331353717,33.61429971353755,33.614299713537775,0,61670400,15000000,76670400,127784.0,7.311859130859375,0.0048789902638083655,0.005697745920516978,0.005697745920516978,0.4982366037848501,0.29156474879999994,0.8,2.7438159218238116,5.1757056,3.9105331199999998,1,HEADROOM
360p,15,8,adversarial,finishing_owner,0.4,12.5,58.696962611620975,60.03479213281207,66.62887853281245,66.62887853281268,0,62081536,17764800,79846336,133077.22666666665,7.614739990234375,0.46454002121357973,0.13728697931459968,0.46454002121357973,0.48536693065709835,0.29156474879999994,6.4,21.950527374590493,5.1757056,3.9105331199999998,1,HEADROOM
360p,15,8,adversarial,finishing_owner,0.4,25,59.19030028496843,41.12485846640584,94.89290778281247,94.8929077828127,0,123340800,223742400,347083200,578472.0,33.100433349609375,0.46652592381637426,0.8467266385684583,0.8467266385684583,0.3593388353228911,0.29156474879999994,6.4,21.950527374590493,5.1757056,3.9105331199999998,1,INTERCONNECT_HEADROOM_LOW
360p,15,8,adversarial,finishing_owner,0.4,50,59.601543109665194,51.912788987304566,79.11523222460892,79.1152322246096,0,184188928,428337600,612526528,1020877.5466666666,58.41508178710937,0.35253170386457156,0.8163316766832045,0.8163316766832045,0.26466532303219714,0.29156474879999994,6.4,21.950527374590493,5.1757056,3.9105331199999998,1,INTERCONNECT_HEADROOM_LOW
360p,15,8,adversarial,finishing_owner,0.4,100,59.97093347577428,30.68897978320274,44.19099211230423,44.19099211230491,0,185011200,429720000,614731200,1024552.0,58.625335693359375,0.17994521440451694,0.4144120713011891,0.4144120713011891,0.23202738425404001,0.29156474879999994,6.4,21.950527374590493,5.1757056,3.9105331199999998,1,HEADROOM
360p,15,8,adversarial,finishing_owner,0.4,125,59.982051528655546,36.935409226562115,37.20614408984329,37.206144089843974,0,185422336,431102400,616524736,1027541.2266666667,58.796380615234376,0.1450226204045913,0.3336052043776084,0.3336052043776084,0.2311839900125375,0.29156474879999994,6.4,21.950527374590493,5.1757056,3.9105331199999998,1,HEADROOM
360p,15,8,adversarial,finishing_owner,0.4,200,60.11761877520157,24.21398893847637,33.320668931151886,33.32066893115257,0,246681600,634315200,880996800,1468328.0,84.01840209960938,0.12265091689796383,0.3078673930348853,0.3078673930348853,0.13458340670211696,0.29156474879999994,6.4,21.950527374590493,5.1757056,3.9105331199999998,1,HEADROOM
360p,15,8,adversarial,finishing_owner,0.4,400,60.21205882284199,17.70599100205027,21.14149408432604,21.141494084326496,0,247503872,637080000,884583872,1474306.4533333334,84.36049194335938,0.06403504435124335,0.1572455060278042,0.1572455060278042,0.13324327845656803,0.29156474879999994,6.4,21.950527374590493,5.1757056,3.9105331199999998,1,HEADROOM
360p,15,8,adversarial,finishing_owner,0.4,800,60.284154301457974,12.4998410234125,14.257592564550578,14.257592564551146,0,247503872,637080000,884583872,1474306.4533333334,84.36049194335938,0.034467224830943825,0.08112825888354805,0.08112825888354805,0.13340281855734673,0.29156474879999994,6.4,21.950527374590493,5.1757056,3.9105331199999998,1,HEADROOM
360p,15,8,adversarial,finishing_owner,0.4,1600,60.31699854030858,10.435740075256035,11.35461584582481,11.354615845825379,0,247503872,637080000,884583872,1474306.4533333334,84.36049194335938,0.019655681638380534,0.04299890968439512,0.04299890968439512,0.13347549958085633,0.29156474879999994,6.4,21.950527374590493,5.1757056,3.9105331199999998,1,HEADROOM
360p,15,8,adversarial,independent_au,0.4,12.5,59.86529949601756,63.84948939843707,70.44357579843745,70.44357579843768,0,62081536,45000000,107081536,178469.22666666665,10.212091064453125,0.47378648332872064,0.34734121539959845,0.47378648332872064,0.4950279431238793,0.29156474879999994,6.4,21.950527374590493,5.1757056,3.9105331199999998,1,HEADROOM
360p,15,8,adversarial,independent_au,0.4,25,60.045443054610416,42.04725197421854,45.97323004843747,45.9732300484377,0,123340800,45000000,168340800,280568.0,16.054229736328125,0.47326598542581727,0.17659502601961563,0.47326598542581727,0.3645303279390551,0.29156474879999994,6.4,21.950527374590493,5.1757056,3.9105331199999998,1,HEADROOM
360p,15,8,adversarial,independent_au,0.4,50,60.1559840224208,27.731368699218365,31.869988499609462,31.869988499609576,0,184188928,45000000,229188928,381981.5466666667,21.857159423828126,0.35581111559567935,0.09086630413228575,0.35581111559567935,0.26712736135571385,0.29156474879999994,6.4,21.950527374590493,5.1757056,3.9105331199999998,1,HEADROOM
360p,15,8,adversarial,independent_au,0.4,100,60.226106402054846,20.25699257480437,21.664703049804302,21.66470304980487,0,185011200,45000000,230011200,383352.0,21.935577392578125,0.18071087110299627,0.04789515665175642,0.18071087110299627,0.23301464763624577,0.29156474879999994,6.4,21.950527374590493,5.1757056,3.9105331199999998,1,HEADROOM
360p,15,8,adversarial,independent_au,0.4,125,60.247400626772645,19.169112839843365,19.821317429687042,19.821317429687724,0,185422336,45000000,230422336,384037.2266666667,21.974786376953126,0.1456641726781502,0.03929363121493623,0.1456641726781502,0.2322067036691325,0.29156474879999994,6.4,21.950527374590493,5.1757056,3.9105331199999998,1,HEADROOM
360p,15,8,adversarial,independent_au,0.4,200,60.27194455162067,15.193511143651904,15.63113901230463,15.63113901230497,0,246681600,45000000,291681600,486136.0,27.816925048828125,0.12296576965435078,0.026376682633658294,0.12296576965435078,0.1349288909238074,0.29156474879999994,6.4,21.950527374590493,5.1757056,3.9105331199999998,1,HEADROOM
360p,15,8,adversarial,independent_au,0.4,400,60.30223194304761,11.352612706151831,12.306239762450787,12.306239762451355,0,247503872,45000000,292503872,487506.4533333333,27.895343017578124,0.06413094274542791,0.015607057897829566,0.06413094274542791,0.13344282257446982,0.29156474879999994,6.4,21.950527374590493,5.1757056,3.9105331199999998,1,HEADROOM
360p,15,8,adversarial,independent_au,0.4,800,60.32357397117214,10.176383576537773,10.7464958812252,10.74649588122577,0,247503872,45000000,292503872,487506.4533333333,27.895343017578124,0.03448976286991183,0.010219233714894258,0.03448976286991183,0.1334900503532872,0.29156474879999994,6.4,21.950527374590493,5.1757056,3.9105331199999998,1,HEADROOM
360p,15,8,adversarial,independent_au,0.4,1600,60.33425065122842,9.64156778826873,9.966623940612408,9.966623940612976,0,247503872,45000000,292503872,487506.4533333333,27.895343017578124,0.019661303635629016,0.007523891235490081,0.019661303635629016,0.13351367678097534,0.29156474879999994,6.4,21.950527374590493,5.1757056,3.9105331199999998,1,HEADROOM
360p,15,8,adversarial,raw_gather,0.4,12.5,4.211446811751622,66372.1398676504,125813.97981556728,131111.21231556695,600,62081536,1866240000,1928321536,3213869.2266666666,183.899072265625,0.0333302696464166,0.9997329853305316,0.9997329853305316,0.03482457901903107,0.29156474879999994,6.4,21.950527374590493,5.1757056,3.9105331199999998,1,INTERCONNECT
360p,15,8,adversarial,raw_gather,0.4,25,8.41966247970099,30701.426977025272,58166.4602843174,60616.03653431744,598,123340800,1866240000,1989580800,3315968.0,189.7412109375,0.0663620694210618,0.9996862597988466,0.9996862597988466,0.051114991725019814,0.29156474879999994,6.4,21.950527374590493,5.1757056,3.9105331199999998,1,INTERCONNECT
360p,15,8,adversarial,raw_gather,0.4,50,16.82191793760072,12871.97344470836,24359.494173875493,25385.242298875535,596,184188928,1866240000,2050428928,3417381.546666667,195.544140625,0.09949842039996964,0.9993257482682693,0.9993257482682693,0.0746990449019805,0.29156474879999994,6.4,21.950527374590493,5.1757056,3.9105331199999998,1,INTERCONNECT
360p,15,8,adversarial,raw_gather,0.4,100,33.52771436700449,3969.126765020814,7499.759968145832,7813.594030645874,587,185011200,1866240000,2051251200,3418752.0,195.62255859375,0.1006012646560048,0.9972176897057708,0.9972176897057708,0.1297186389092172,0.29156474879999994,6.4,21.950527374590493,5.1757056,3.9105331199999998,1,INTERCONNECT
360p,15,8,adversarial,raw_gather,0.4,125,41.83744211199174,2195.6979238749823,4117.383991583296,4288.835241583294,576,185422336,1866240000,2051662336,3419437.2266666666,195.661767578125,0.10115318385213684,0.9961691079875106,0.9961691079875106,0.16125068337731144,0.29156474879999994,6.4,21.950527374590493,5.1757056,3.9105331199999998,1,INTERCONNECT
360p,15,8,adversarial,raw_gather,0.4,200,59.70968354536934,55.641830124999615,70.55337309374954,70.55337309375022,0,246681600,1866240000,2112921600,3521536.0,201.50390625,0.12181865455968001,0.8903635118372362,0.8903635118372362,0.13367017503953357,0.29156474879999994,6.4,21.950527374590493,5.1757056,3.9105331199999998,1,INTERCONNECT_HEADROOM_LOW
360p,15,8,adversarial,raw_gather,0.4,400,60.02562667877149,32.414291062499615,39.91006254687454,39.910062546875224,0,247503872,1866240000,2113743872,3522906.453333333,201.58232421875,0.06383677525286928,0.44993838079047144,0.44993838079047144,0.13283072272319363,0.29156474879999994,6.4,21.950527374590493,5.1757056,3.9105331199999998,1,HEADROOM
360p,15,8,adversarial,raw_gather,0.4,800,60.188250374510275,20.238192845311914,24.026078587499796,24.026078587500365,0,247503872,1866240000,2113743872,3522906.453333333,201.58232421875,0.034412392143140874,0.227986215440817,0.227986215440817,0.13319059273592168,0.29156474879999994,6.4,21.950527374590493,5.1757056,3.9105331199999998,1,HEADROOM
360p,15,8,adversarial,raw_gather,0.4,1600,60.27264182197505,13.696139622655664,15.630082493749796,15.630082493750365,0,247503872,1866240000,2113743872,3522906.453333333,201.58232421875,0.01964122698123269,0.11656384597359609,0.11656384597359609,0.13337734258892017,0.29156474879999994,6.4,21.950527374590493,5.1757056,3.9105331199999998,1,HEADROOM
360p,15,16,optimistic,owner_only,0.4,12.5,60.118875723309756,38.94382795843717,40.93117659124982,40.931176591250164,0,61670400,15000000,76670400,127784.0,7.311859130859375,0.4726423892900292,0.11947716547494454,0.4726423892900292,0.08846143392254754,0.01971081216,0.8,40.58686133813778,0.342171648,0.2875392,1,HEADROOM
360p,15,16,optimistic,owner_only,0.4,25,60.23721322549991,21.401051746405983,22.68303574640686,22.68303574640686,0,61670400,15000000,76670400,127784.0,7.311859130859375,0.23738873947972644,0.06226566020308631,0.23738873947972644,0.08863556068397822,0.01971081216,0.8,40.58686133813778,0.342171648,0.2875392,1,HEADROOM
360p,15,16,optimistic,owner_only,0.4,50,60.28756251717481,13.082417713202858,14.364401713203733,14.364401713203733,0,61670400,15000000,76670400,127784.0,7.311859130859375,0.11939645608748074,0.03357035498705689,0.11939645608748074,0.08870964674239099,0.01971081216,0.8,40.58686133813778,0.342171648,0.2875392,1,HEADROOM
360p,15,16,optimistic,owner_only,0.4,100,60.31276873956114,8.923100696601296,10.20508469660217,10.20508469660217,0,61670400,15000000,76670400,127784.0,7.311859130859375,0.06032631555285228,0.019204706123732387,0.06032631555285228,0.08874673623465508,0.01971081216,0.8,40.58686133813778,0.342171648,0.2875392,1,HEADROOM
360p,15,16,optimistic,owner_only,0.4,125,60.31781251354236,8.091237293280983,9.373221293281858,9.373221293281858,0,61670400,15000000,76670400,127784.0,7.311859130859375,0.04850635961782401,0.01633013472427805,0.04850635961782401,0.08875415785512603,0.01971081216,0.8,40.58686133813778,0.342171648,0.2875392,1,HEADROOM
360p,15,16,optimistic,owner_only,0.4,200,60.32537975644583,6.843442188300514,8.12542618830139,8.12542618830139,0,61670400,15000000,76670400,127784.0,7.311859130859375,0.030772718498709266,0.012017376043162565,0.030772718498709266,0.08876529261355302,0.01971081216,0.8,40.58686133813778,0.342171648,0.2875392,1,HEADROOM
360p,15,16,optimistic,owner_only,0.4,400,60.3316872427576,5.803612934150124,7.085596934150999,7.085596934150999,0,61670400,15000000,76670400,127784.0,7.311859130859375,0.015991284884971858,0.00842258376622506,0.015991284884971858,0.088774573713322,0.01971081216,0.8,40.58686133813778,0.342171648,0.2875392,1,HEADROOM
360p,15,16,optimistic,owner_only,0.4,800,60.334841480561806,5.283698307074928,6.565682307075804,6.565682307075804,0,61670400,15000000,76670400,127784.0,7.311859130859375,0.008599408882359496,0.006624905715459062,0.008599408882359496,0.08877921499105275,0.01971081216,0.8,40.58686133813778,0.342171648,0.2875392,1,HEADROOM
360p,15,16,optimistic,owner_only,0.4,1600,60.33641872314861,5.023740993537331,6.305724993538206,6.305724993538206,0,61670400,15000000,76670400,127784.0,7.311859130859375,0.004903181029087004,0.005725996199104941,0.005725996199104941,0.08878153581191299,0.01971081216,0.8,40.58686133813778,0.342171648,0.2875392,1,HEADROOM
360p,15,16,optimistic,finishing_owner,0.4,12.5,60.118875723309756,38.94382795843717,40.93117659124982,40.931176591250164,0,61670400,15000000,76670400,127784.0,7.311859130859375,0.4726423892900292,0.11947716547494454,0.4726423892900292,0.08846143392254754,0.01971081216,12.8,649.3897814102045,0.342171648,0.2875392,1,HEADROOM
360p,15,16,optimistic,finishing_owner,0.4,25,60.23721322549991,21.401051746405983,22.68303574640686,22.68303574640686,0,61670400,15000000,76670400,127784.0,7.311859130859375,0.23738873947972644,0.06226566020308631,0.23738873947972644,0.08863556068397822,0.01971081216,12.8,649.3897814102045,0.342171648,0.2875392,1,HEADROOM
360p,15,16,optimistic,finishing_owner,0.4,50,60.13415359098422,13.082417713202858,14.364401713203733,14.364401713203733,0,62081536,16382400,78463936,130773.22666666667,7.482904052734375,0.11988658841612033,0.036127545368032726,0.11988658841612033,0.08833011184254042,0.01971081216,12.8,649.3897814102045,0.342171648,0.2875392,1,HEADROOM
360p,15,16,optimistic,finishing_owner,0.4,100,60.17898447992087,8.923100696601296,22.785793204101537,22.78579320410165,0,122929664,222360000,345289664,575482.7733333333,32.929388427734374,0.11998371914639946,0.21750592764757753,0.21750592764757753,0.06923742024529178,0.01971081216,12.8,649.3897814102045,0.342171648,0.2875392,1,HEADROOM
360p,15,16,optimistic,finishing_owner,0.4,125,60.15614698498496,18.533031363280315,18.803766226562402,18.80376622656263,0,122929664,223742400,346672064,577786.7733333333,33.061224365234374,0.09643019395728844,0.17595863918379176,0.17595863918379176,0.06905728631213673,0.01971081216,12.8,649.3897814102045,0.342171648,0.2875392,1,HEADROOM
360p,15,16,optimistic,finishing_owner,0.4,200,60.24265583087359,12.25349324682616,12.605708451601458,12.605708451601686,0,123340800,223742400,347083200,578472.0,33.100433349609375,0.061461040012765644,0.11193957986471391,0.11193957986471391,0.0654028393140225,0.01971081216,12.8,649.3897814102045,0.342171648,0.2875392,1,HEADROOM
360p,15,16,optimistic,finishing_owner,0.4,400,60.2953895327898,7.23015150580045,10.665654588075995,10.665654588076336,0,184600064,428337600,612937664,1021562.7733333333,58.454290771484374,0.04783040804925788,0.10745004404519168,0.10745004404519168,0.046367932505949394,0.01971081216,12.8,649.3897814102045,0.342171648,0.2875392,1,HEADROOM
360p,15,16,optimistic,finishing_owner,0.4,800,60.33239097597445,6.190322251650059,6.300124574037909,6.30012457403825,0,185422336,431102400,616524736,1027541.2266666667,58.796380615234376,0.02584646159527957,0.056502702792409626,0.056502702792409626,0.04235382112426202,0.01971081216,12.8,649.3897814102045,0.342171648,0.2875392,1,HEADROOM
360p,15,16,optimistic,finishing_owner,0.4,1600,60.36091408073367,4.022458405824864,4.941334176393866,4.941334176394207,0,247092736,635697600,882790336,1471317.2266666666,84.18944702148437,0.0196372913834187,0.04294732318687438,0.04294732318687438,0.023286352139691713,0.01971081216,12.8,649.3897814102045,0.342171648,0.2875392,1,HEADROOM
360p,15,16,optimistic,independent_au,0.4,12.5,60.09073966104049,40.94654402289029,43.60146467718732,43.601464677187664,0,61670400,20250000,81920400,136534.0,7.812538146972656,0.4724211892836058,0.1595361458580719,0.4724211892836058,0.08842003334106081,0.01971081216,12.8,649.3897814102045,0.342171648,0.2875392,1,HEADROOM
360p,15,16,optimistic,independent_au,0.4,25,60.23519471008217,21.73483775714817,23.102298084297217,23.102298084297217,0,61670400,20250000,81920400,136534.0,7.812538146972656,0.2373807847154706,0.08236923906409954,0.2373807847154706,0.08863259055577641,0.01971081216,12.8,649.3897814102045,0.342171648,0.2875392,1,HEADROOM
360p,15,16,optimistic,independent_au,0.4,50,60.291463723110894,13.249310718573952,14.531294718574827,14.531294718574827,0,62081536,20250000,82331536,137219.22666666665,7.851747131347656,0.12020021010924722,0.04363475090245592,0.12020021010924722,0.08856118221993735,0.01971081216,12.8,649.3897814102045,0.342171648,0.2875392,1,HEADROOM
360p,15,16,optimistic,independent_au,0.4,100,60.32934349888507,9.006547199286842,9.685645956787084,9.685645956787198,0,122929664,20250000,143179664,238632.77333333335,13.654676818847657,0.12028350210981169,0.02424425655934237,0.12028350210981169,0.06941041204091053,0.01971081216,12.8,649.3897814102045,0.342171648,0.2875392,1,HEADROOM
360p,15,16,optimistic,independent_au,0.4,125,60.33512884243045,8.052913565428753,8.390405630859277,8.390405630859505,0,122929664,20250000,143179664,238632.77333333335,13.654676818847657,0.09671710154850456,0.020362627250998383,0.09671710154850456,0.06926275162189761,0.01971081216,12.8,649.3897814102045,0.342171648,0.2875392,1,HEADROOM
360p,15,16,optimistic,independent_au,0.4,200,60.353062501953666,5.73012025839342,6.632554879643976,6.632554879643976,0,123340800,20250000,143590800,239318.0,13.693885803222656,0.061573679615640704,0.014541016699303222,0.061573679615640704,0.06552270304958087,0.01971081216,12.8,649.3897814102045,0.342171648,0.2875392,1,HEADROOM
360p,15,16,optimistic,independent_au,0.4,400,60.36631320677677,4.289879999821551,4.6231240985716795,4.623124098571907,0,184600064,20250000,204850064,341416.7733333333,19.536024475097655,0.047886669536138314,0.009686757140913424,0.047886669536138314,0.04642247372633099,0.01971081216,12.8,649.3897814102045,0.342171648,0.2875392,1,HEADROOM
360p,15,16,optimistic,independent_au,0.4,800,60.37530058104249,3.365164609285557,3.5069239999111232,3.5069239999111232,0,185422336,20250000,205672336,342787.2266666667,19.614442443847658,0.025864844116534225,0.00725911167891314,0.025864844116534225,0.042383944010296624,0.01971081216,12.8,649.3897814102045,0.342171648,0.2875392,1,HEADROOM
360p,15,16,optimistic,independent_au,0.4,1600,60.38083514011993,2.609879584642613,2.7099961522544618,2.709996152254803,0,247092736,20250000,267342736,445571.2266666667,25.495790100097658,0.019643772326489096,0.006045121963756311,0.019643772326489096,0.023294037391164934,0.01971081216,12.8,649.3897814102045,0.342171648,0.2875392,1,HEADROOM
360p,15,16,optimistic,raw_gather,0.4,12.5,4.211603845870341,66366.8277652504,125808.66771316728,131105.90021316695,600,61670400,1866240000,1927910400,3213184.0,183.85986328125,0.033110773954201374,0.9997702628257308,0.9997702628257308,0.006197130449246787,0.01971081216,12.8,649.3897814102045,0.342171648,0.2875392,1,INTERCONNECT
360p,15,16,optimistic,raw_gather,0.4,25,8.420290157730395,30696.114874625273,58161.1481819174,60610.72443191744,598,61670400,1866240000,1927910400,3213184.0,183.85986328125,0.033183508325896276,0.9997607854823982,0.9997607854823982,0.01238996791664781,0.01971081216,12.8,649.3897814102045,0.342171648,0.2875392,1,INTERCONNECT
360p,15,16,optimistic,raw_gather,0.4,50,16.825376700866055,12864.64128726836,24352.162016435497,25377.91014143554,595,62081536,1866240000,1928321536,3213869.2266666666,183.899072265625,0.033543949503354015,0.9995312201532845,0.9995312201532845,0.02471453104485357,0.01971081216,12.8,649.3897814102045,0.342171648,0.2875392,1,INTERCONNECT
360p,15,16,optimistic,raw_gather,0.4,100,33.54145688776799,3961.7946075808145,7492.427810705833,7806.2618732058745,586,122929664,1866240000,1989169664,3315282.7733333334,189.702001953125,0.06687432128944945,0.9976264346818374,0.9976264346818374,0.03859028141215291,0.01971081216,12.8,649.3897814102045,0.342171648,0.2875392,1,INTERCONNECT
360p,15,16,optimistic,raw_gather,0.4,125,41.858843053324684,2188.3657664349826,4110.051834143296,4281.5030841432945,575,122929664,1866240000,1989169664,3315282.7733333334,189.702001953125,0.06709964910929715,0.9966786744323393,0.9966786744323393,0.04805258073044056,0.01971081216,12.8,649.3897814102045,0.342171648,0.2875392,1,INTERCONNECT
360p,15,16,optimistic,raw_gather,0.4,200,59.753283604354905,48.30967268499967,63.22121565374982,63.221215653750164,0,123340800,1866240000,1989580800,3315968.0,189.7412109375,0.060961770424126635,0.8910136559902393,0.8910136559902393,0.0648715491068709,0.01971081216,12.8,649.3897814102045,0.342171648,0.2875392,1,INTERCONNECT_HEADROOM_LOW
360p,15,16,optimistic,raw_gather,0.4,400,60.069689532582615,25.08213362249967,32.57790510687482,32.577905106875164,0,184600064,1866240000,2050840064,3418066.7733333334,195.583349609375,0.04765136744283214,0.4502686658735891,0.4502686658735891,0.046194366293718384,0.01971081216,12.8,649.3897814102045,0.342171648,0.2875392,1,HEADROOM
360p,15,16,optimistic,raw_gather,0.4,800,60.229152408299186,13.468364091249668,17.256249833437323,17.256249833437664,0,185422336,1866240000,2051662336,3419437.2266666666,195.661767578125,0.025802234081146527,0.22814114767143248,0.22814114767143248,0.04228134682384544,0.01971081216,12.8,649.3897814102045,0.342171648,0.2875392,1,HEADROOM
360p,15,16,optimistic,raw_gather,0.4,1600,60.309201754473364,7.6614793256246685,9.595422196718573,9.595422196718914,0,247092736,1866240000,2113332736,3522221.2266666666,201.543115234375,0.019620467747886446,0.11663455079441888,0.11663455079441888,0.023266402285425928,0.01971081216,12.8,649.3897814102045,0.342171648,0.2875392,1,HEADROOM
360p,15,16,median,owner_only,0.4,12.5,60.06307646295529,43.48138157281028,46.11811757281339,46.11811757281339,0,61670400,15000000,76670400,127784.0,7.311859130859375,0.47220370683934715,0.11936627289116715,0.47220370683934715,0.1904537304637094,0.08220745728,0.8,9.731477246342584,1.443446784,1.1501568,1,HEADROOM
360p,15,16,median,owner_only,0.4,25,60.16327694716676,26.844113506404028,29.48084950640714,29.48084950640714,0,61670400,15000000,76670400,127784.0,7.311859130859375,0.23709736411596874,0.06218923417112267,0.23709736411596874,0.19077145571416526,0.08220745728,0.8,9.731477246342584,1.443446784,1.1501568,1,HEADROOM
360p,15,16,median,owner_only,0.4,50,60.213502663849006,18.525479473200903,21.162215473204014,21.162215473204014,0,61670400,15000000,76670400,127784.0,7.311859130859375,0.1192497843088209,0.03352911570879401,0.1192497843088209,0.1909307162061457,0.08220745728,0.8,9.731477246342584,1.443446784,1.1501568,1,HEADROOM
360p,15,16,median,owner_only,0.4,100,60.238646982528024,14.36616245659934,17.002898456602452,17.002898456602452,0,61670400,15000000,76670400,127784.0,7.311859130859375,0.060252177147377635,0.01918110437917739,0.060252177147377635,0.19101044620957536,0.08220745728,0.8,9.731477246342584,1.443446784,1.1501568,1,HEADROOM
360p,15,16,median,owner_only,0.4,125,60.24367836645431,13.534299053279028,16.17103505328214,16.17103505328214,0,61670400,15000000,76670400,127784.0,7.311859130859375,0.04844674244258567,0.016310064026101696,0.04844674244258567,0.1910264002015216,0.08220745728,0.8,9.731477246342584,1.443446784,1.1501568,1,HEADROOM
360p,15,16,median,owner_only,0.4,200,60.251227018449626,12.28650394829856,14.92323994830167,14.92323994830167,0,61670400,15000000,76670400,127784.0,7.311859130859375,0.030734892274631137,0.012002604128908098,0.030734892274631137,0.1910503361871078,0.08220745728,0.8,9.731477246342584,1.443446784,1.1501568,1,HEADROOM
360p,15,16,median,owner_only,0.4,400,60.25751900699541,11.246674694148169,13.88341069415128,13.88341069415128,0,61670400,15000000,76670400,127784.0,7.311859130859375,0.015971626137774607,0.00841222953601786,0.015971626137774607,0.19107028742439278,0.08220745728,0.8,9.731477246342584,1.443446784,1.1501568,1,HEADROOM
360p,15,16,median,owner_only,0.4,800,60.26066549409461,10.726760067072973,13.363496067076085,13.363496067076085,0,61670400,15000000,76670400,127784.0,7.311859130859375,0.008588836721710177,0.006616761019879566,0.008588836721710177,0.19108026460573596,0.08220745728,0.8,9.731477246342584,1.443446784,1.1501568,1,HEADROOM
360p,15,16,median,owner_only,0.4,1600,60.26223886087332,10.466802753535376,13.103538753538487,13.103538753538487,0,61670400,15000000,76670400,127784.0,7.311859130859375,0.004897152873933855,0.005718956444037816,0.005718956444037816,0.1910852535871541,0.08220745728,0.8,9.731477246342584,1.443446784,1.1501568,1,HEADROOM
360p,15,16,median,finishing_owner,0.4,12.5,60.06307646295529,43.48138157281028,46.11811757281339,46.11811757281339,0,61670400,15000000,76670400,127784.0,7.311859130859375,0.47220370683934715,0.11936627289116715,0.47220370683934715,0.1904537304637094,0.08220745728,12.8,155.70363594148134,1.443446784,1.1501568,1,HEADROOM
360p,15,16,median,finishing_owner,0.4,25,59.86224982191576,26.844113506404028,29.48084950640714,29.48084950640714,0,62081536,16382400,78463936,130773.22666666667,7.482904052734375,0.23748378710034476,0.06713940071396342,0.23748378710034476,0.18948280421522193,0.08220745728,12.8,155.70363594148134,1.443446784,1.1501568,1,HEADROOM
360p,15,16,median,finishing_owner,0.4,50,59.959104674169915,18.525479473200903,45.449504131406684,45.449504131406684,0,122929664,222360000,345289664,575482.7733333333,32.929388427734374,0.23670028427109152,0.42862569627415664,0.42862569627415664,0.1505287916411437,0.08220745728,12.8,155.70363594148134,1.443446784,1.1501568,1,HEADROOM
360p,15,16,median,finishing_owner,0.4,100,60.08515897921987,24.618173072753898,25.17117626320305,25.17117626320328,0,123340800,223742400,347083200,578472.0,33.100433349609375,0.12019730933845006,0.21848704308777975,0.21848704308777975,0.13995417851732236,0.08220745728,12.8,155.70363594148134,1.443446784,1.1501568,1,HEADROOM
360p,15,16,median,finishing_owner,0.4,125,60.07853689538923,20.73536327492144,31.688340569843604,31.688340569843945,0,184188928,428337600,612526528,1020877.5466666666,58.41508178710937,0.1442896207527077,0.33202969585042297,0.33202969585042297,0.10079266667038919,0.08220745728,12.8,155.70363594148134,1.443446784,1.1501568,1,HEADROOM
360p,15,16,median,finishing_owner,0.4,200,60.19065013147581,14.42006237160058,21.211068536152197,21.21106853615254,0,185011200,429720000,614731200,1024552.0,58.625335693359375,0.09210394835760147,0.21037280637072955,0.21037280637072955,0.10071624558033704,0.08220745728,12.8,155.70363594148134,1.443446784,1.1501568,1,HEADROOM
360p,15,16,median,finishing_owner,0.4,400,60.264441265682244,12.340403863299798,15.775906945576025,15.775906945576367,0,245859328,634315200,880174528,1466957.5466666666,83.93998413085937,0.06367282896227502,0.15672021934274707,0.15672021934274707,0.051056833794988626,0.08220745728,12.8,155.70363594148134,1.443446784,1.1501568,1,HEADROOM
360p,15,16,median,finishing_owner,0.4,800,60.3213859111557,8.004676171649407,9.76242771278794,9.76242771278828,0,247092736,635697600,882790336,1471317.2266666666,84.18944702148437,0.034431195248083024,0.08101268621770105,0.08101268621770105,0.050768389364334206,0.08220745728,12.8,155.70363594148134,1.443446784,1.1501568,1,HEADROOM
360p,15,16,median,finishing_owner,0.4,1600,60.345274245312105,5.774712150512187,6.693587921081416,6.693587921081871,0,247503872,637080000,884583872,1474306.4533333334,84.36049194335938,0.019664895927372028,0.043019066928872335,0.043019066928872335,0.050451672519044276,0.08220745728,12.8,155.70363594148134,1.443446784,1.1501568,1,HEADROOM
360p,15,16,median,independent_au,0.4,12.5,60.043699431654424,45.33581859718652,48.849046136249854,48.849046136250195,0,61670400,27000000,88670400,147784.0,8.456268310546875,0.4720513685552192,0.21094717839047797,0.4720513685552192,0.19039228792506688,0.08220745728,12.8,155.70363594148134,1.443446784,1.1501568,1,HEADROOM
360p,15,16,median,independent_au,0.4,25,60.16966222059231,27.607052959529028,30.24378895953214,30.24378895953214,0,62081536,27000000,89081536,148469.22666666665,8.495477294921875,0.2387033446822347,0.10810164365356117,0.2387033446822347,0.19045586091664973,0.08220745728,12.8,155.70363594148134,1.443446784,1.1501568,1,HEADROOM
360p,15,16,median,independent_au,0.4,50,60.24738673802468,18.906949199763403,19.845256084531684,19.845256084531684,0,122929664,27000000,149929664,249882.77333333335,14.298406982421875,0.2378383340607855,0.05653053776542571,0.2378383340607855,0.15125253077900586,0.08220745728,12.8,155.70363594148134,1.443446784,1.1501568,1,HEADROOM
360p,15,16,median,independent_au,0.4,100,60.29831405017593,11.75836927857376,13.844684839883485,13.844684839883485,0,123340800,27000000,150340800,250568.0,14.337615966796875,0.12062371523361672,0.030701094168527104,0.12062371523361672,0.14045067288230814,0.08220745728,12.8,155.70363594148134,1.443446784,1.1501568,1,HEADROOM
360p,15,16,median,independent_au,0.4,125,60.305189506991205,10.629031487811517,12.710215003906342,12.710215003906455,0,184188928,27000000,211188928,351981.5466666667,20.140545654296876,0.14483396855244862,0.025528558896938135,0.14483396855244862,0.10117291762708192,0.08220745728,12.8,155.70363594148134,1.443446784,1.1501568,1,HEADROOM
360p,15,16,median,independent_au,0.4,200,60.32748652562061,9.032922899939877,9.327499621133029,9.327499621133029,0,185011200,27000000,212011200,353352.0,20.218963623046875,0.0923133358978959,0.0177710731784362,0.0923133358978959,0.10094521216978093,0.08220745728,12.8,155.70363594148134,1.443446784,1.1501568,1,HEADROOM
360p,15,16,median,independent_au,0.4,400,60.347857229796304,6.71691066871972,7.064922798095722,7.0649227980959495,0,245859328,27000000,272859328,454765.5466666667,26.021893310546876,0.06376096269925505,0.011302451246032012,0.06376096269925505,0.05112750490594847,0.08220745728,12.8,155.70363594148134,1.443446784,1.1501568,1,HEADROOM
360p,15,16,median,independent_au,0.4,800,60.35771004840491,5.050829399047416,5.192929574360278,5.192929574360505,0,247092736,27000000,274092736,456821.2266666667,26.139520263671876,0.0344519289139787,0.008066456684074392,0.0344519289139787,0.0507989609089918,0.08220745728,12.8,155.70363594148134,1.443446784,1.1501568,1,HEADROOM
360p,15,16,median,independent_au,0.4,1600,60.3678545584367,4.150604789672343,4.430939027180102,4.4309390271803295,0,247503872,27000000,274503872,457506.4533333333,26.178729248046874,0.01967225424189054,0.006448620401738489,0.01967225424189054,0.05047055079207207,0.08220745728,12.8,155.70363594148134,1.443446784,1.1501568,1,HEADROOM
360p,15,16,median,raw_gather,0.4,12.5,4.2115637961536985,66368.18251725039,125810.02246516729,131107.25496516697,600,61670400,1866240000,1927910400,3213184.0,183.85986328125,0.03311045909146422,0.9997607556362609,0.9997607556362609,0.013354428099567692,0.08220745728,12.8,155.70363594148134,1.443446784,1.1501568,1,INTERCONNECT
360p,15,16,median,raw_gather,0.4,25,8.420130071341559,30697.469626625272,58162.5029339174,60612.07918391744,598,62081536,1866240000,1928321536,3213869.2266666666,183.899072265625,0.033404096624641284,0.9997417780502492,0.9997417780502492,0.02665235373747361,0.08220745728,12.8,155.70363594148134,1.443446784,1.1501568,1,INTERCONNECT
360p,15,16,median,raw_gather,0.4,50,16.82452069201759,12866.455641188359,24353.976370355493,25379.724495355535,595,122929664,1866240000,1989169664,3315282.7733333334,189.702001953125,0.06641808366162961,0.9994803679445061,0.9994803679445061,0.042238368692684075,0.08220745728,12.8,155.70363594148134,1.443446784,1.1501568,1,INTERCONNECT
360p,15,16,median,raw_gather,0.4,100,33.538055230495026,3963.6089615008154,7494.242164625835,7808.076227125877,586,123340800,1866240000,1989580800,3315968.0,189.7412109375,0.0670911763842382,0.9975252588972379,0.9975252588972379,0.0781189739462259,0.08220745728,12.8,155.70363594148134,1.443446784,1.1501568,1,INTERCONNECT
360p,15,16,median,raw_gather,0.4,125,41.853545318336,2190.1801203549826,4111.866188063295,4283.317438063294,575,184188928,1866240000,2050428928,3417381.546666667,195.544140625,0.10051896223195869,0.9965525328789456,0.9965525328789456,0.0702169303754936,0.08220745728,12.8,155.70363594148134,1.443446784,1.1501568,1,INTERCONNECT
360p,15,16,median,raw_gather,0.4,200,59.74248877345457,50.12402660499902,65.03556957374985,65.0355695737502,0,185011200,1866240000,2051251200,3418752.0,195.62255859375,0.09141817024281292,0.8908526884054287,0.8908526884054287,0.09996634290782078,0.08220745728,12.8,155.70363594148134,1.443446784,1.1501568,1,INTERCONNECT_HEADROOM_LOW
360p,15,16,median,raw_gather,0.4,400,60.05878008773962,26.896487542499017,34.392259026874854,34.392259026875195,0,245859328,1866240000,2112099328,3520165.546666667,201.42548828125,0.06345553616519109,0.4501868911680247,0.4501868911680247,0.05088259491780389,0.08220745728,12.8,155.70363594148134,1.443446784,1.1501568,1,HEADROOM
360p,15,16,median,raw_gather,0.4,800,60.21818497075752,15.282718011249017,19.070603753437354,19.070603753437695,0,247092736,1866240000,2113332736,3522221.2266666666,201.543115234375,0.03437228858214751,0.22809960427114012,0.22809960427114012,0.0506815321834893,0.08220745728,12.8,155.70363594148134,1.443446784,1.1501568,1,HEADROOM
360p,15,16,median,raw_gather,0.4,1600,60.298205147021584,9.475833245624017,11.409776116718604,11.409776116718945,0,247503872,1866240000,2113743872,3522906.453333333,201.58232421875,0.019649557378813683,0.11661328398383129,0.11661328398383129,0.05041232039474924,0.08220745728,12.8,155.70363594148134,1.443446784,1.1501568,1,HEADROOM
360p,15,16,adversarial,owner_only,0.4,12.5,59.84104741010925,60.03479213281207,66.62887853281245,66.62887853281268,0,61670400,15000000,76670400,127784.0,7.311859130859375,0.4704581595255229,0.1189250237565489,0.4704581595255229,0.49659605432644693,0.29156474879999994,0.8,2.7438159218238116,5.1757056,3.9105331199999998,1,HEADROOM
360p,15,16,adversarial,owner_only,0.4,25,59.94050784835072,43.39752406640582,49.9916104664062,49.99161046640643,0,61670400,15000000,76670400,127784.0,7.311859130859375,0.23621945372252134,0.06195896347518757,0.23621945372252134,0.4974214352870074,0.29156474879999994,0.8,2.7438159218238116,5.1757056,3.9105331199999998,1,HEADROOM
360p,15,16,adversarial,owner_only,0.4,50,59.99036215378416,35.0788900332027,41.672976433203075,41.6729764332033,0,61670400,15000000,76670400,127784.0,7.311859130859375,0.1188078658599915,0.0334048627812895,0.1188078658599915,0.4978351555081753,0.29156474879999994,0.8,2.7438159218238116,5.1757056,3.9105331199999998,1,HEADROOM
360p,15,16,adversarial,owner_only,0.4,100,60.015320418422114,30.919573016601134,37.51365941660151,37.51365941660174,0,61670400,15000000,76670400,127784.0,7.311859130859375,0.06002880042203174,0.01910999305195915,0.06002880042203174,0.4980422738037008,0.29156474879999994,0.8,2.7438159218238116,5.1757056,3.9105331199999998,1,HEADROOM
360p,15,16,adversarial,owner_only,0.4,125,60.020314563617276,30.087709613280822,36.6817960132812,36.68179601328143,0,61670400,15000000,76670400,127784.0,7.311859130859375,0.048267117809421375,0.016249591657478635,0.048267117809421375,0.4980837181451017,0.29156474879999994,0.8,2.7438159218238116,5.1757056,3.9105331199999998,1,HEADROOM
360p,15,16,adversarial,owner_only,0.4,200,60.02780734004953,28.839914508300353,35.43400090830073,35.43400090830096,0,61670400,15000000,76670400,127784.0,7.311859130859375,0.030620923147569926,0.011958096853502352,0.030620923147569926,0.4981458975917064,0.29156474879999994,0.8,2.7438159218238116,5.1757056,3.9105331199999998,1,HEADROOM
360p,15,16,adversarial,owner_only,0.4,400,60.03405274960857,27.800085254149963,34.39417165415034,34.39417165415057,0,61670400,15000000,76670400,127784.0,7.311859130859375,0.015912395031412993,0.008381032608536088,0.015912395031412993,0.4981977256575392,0.29156474879999994,0.8,2.7438159218238116,5.1757056,3.9105331199999998,1,HEADROOM
360p,15,16,adversarial,owner_only,0.4,800,60.03717594175185,27.280170627074767,33.874257027075146,33.87425702707537,0,61670400,15000000,76670400,127784.0,7.311859130859375,0.008556983185770249,0.006592221348002945,0.008556983185770249,0.4982236437348854,0.29156474879999994,0.8,2.7438159218238116,5.1757056,3.9105331199999998,1,HEADROOM
360p,15,16,adversarial,owner_only,0.4,1600,60.03873765968661,27.02021331353717,33.61429971353755,33.614299713537775,0,61670400,15000000,76670400,127784.0,7.311859130859375,0.0048789902638083655,0.005697745920516978,0.005697745920516978,0.4982366037848501,0.29156474879999994,0.8,2.7438159218238116,5.1757056,3.9105331199999998,1,HEADROOM
360p,15,16,adversarial,finishing_owner,0.4,12.5,58.696962611620975,60.03479213281207,66.62887853281245,66.62887853281268,0,62081536,17764800,79846336,133077.22666666665,7.614739990234375,0.46454002121357973,0.13728697931459968,0.46454002121357973,0.48536693065709835,0.29156474879999994,12.8,43.901054749180986,5.1757056,3.9105331199999998,1,HEADROOM
360p,15,16,adversarial,finishing_owner,0.4,25,59.19030028496843,41.12485846640584,94.89290778281247,94.8929077828127,0,123340800,223742400,347083200,578472.0,33.100433349609375,0.46652592381637426,0.8467266385684583,0.8467266385684583,0.3593388353228911,0.29156474879999994,12.8,43.901054749180986,5.1757056,3.9105331199999998,1,INTERCONNECT_HEADROOM_LOW
360p,15,16,adversarial,finishing_owner,0.4,50,59.601543109665194,51.912788987304566,79.11523222460892,79.1152322246096,0,184188928,428337600,612526528,1020877.5466666666,58.41508178710937,0.35253170386457156,0.8163316766832045,0.8163316766832045,0.26466532303219714,0.29156474879999994,12.8,43.901054749180986,5.1757056,3.9105331199999998,1,INTERCONNECT_HEADROOM_LOW
360p,15,16,adversarial,finishing_owner,0.4,100,59.97093347577428,30.68897978320274,44.19099211230423,44.19099211230491,0,185011200,429720000,614731200,1024552.0,58.625335693359375,0.17994521440451694,0.4144120713011891,0.4144120713011891,0.23202738425404001,0.29156474879999994,12.8,43.901054749180986,5.1757056,3.9105331199999998,1,HEADROOM
360p,15,16,adversarial,finishing_owner,0.4,125,59.982051528655546,36.935409226562115,37.20614408984329,37.206144089843974,0,185422336,431102400,616524736,1027541.2266666667,58.796380615234376,0.1450226204045913,0.3336052043776084,0.3336052043776084,0.2311839900125375,0.29156474879999994,12.8,43.901054749180986,5.1757056,3.9105331199999998,1,HEADROOM
360p,15,16,adversarial,finishing_owner,0.4,200,60.11761877520157,24.21398893847637,33.320668931151886,33.32066893115257,0,246681600,634315200,880996800,1468328.0,84.01840209960938,0.12265091689796383,0.3078673930348853,0.3078673930348853,0.13458340670211696,0.29156474879999994,12.8,43.901054749180986,5.1757056,3.9105331199999998,1,HEADROOM
360p,15,16,adversarial,finishing_owner,0.4,400,60.21205882284199,17.70599100205027,21.14149408432604,21.141494084326496,0,247503872,637080000,884583872,1474306.4533333334,84.36049194335938,0.06403504435124335,0.1572455060278042,0.1572455060278042,0.13324327845656803,0.29156474879999994,12.8,43.901054749180986,5.1757056,3.9105331199999998,1,HEADROOM
360p,15,16,adversarial,finishing_owner,0.4,800,60.284154301457974,12.4998410234125,14.257592564550578,14.257592564551146,0,247503872,637080000,884583872,1474306.4533333334,84.36049194335938,0.034467224830943825,0.08112825888354805,0.08112825888354805,0.13340281855734673,0.29156474879999994,12.8,43.901054749180986,5.1757056,3.9105331199999998,1,HEADROOM
360p,15,16,adversarial,finishing_owner,0.4,1600,60.31699854030858,10.435740075256035,11.35461584582481,11.354615845825379,0,247503872,637080000,884583872,1474306.4533333334,84.36049194335938,0.019655681638380534,0.04299890968439512,0.04299890968439512,0.13347549958085633,0.29156474879999994,12.8,43.901054749180986,5.1757056,3.9105331199999998,1,HEADROOM
360p,15,16,adversarial,independent_au,0.4,12.5,59.86529949601756,63.84948939843707,70.44357579843745,70.44357579843768,0,62081536,45000000,107081536,178469.22666666665,10.212091064453125,0.47378648332872064,0.34734121539959845,0.47378648332872064,0.4950279431238793,0.29156474879999994,12.8,43.901054749180986,5.1757056,3.9105331199999998,1,HEADROOM
360p,15,16,adversarial,independent_au,0.4,25,60.045443054610416,42.04725197421854,45.97323004843747,45.9732300484377,0,123340800,45000000,168340800,280568.0,16.054229736328125,0.47326598542581727,0.17659502601961563,0.47326598542581727,0.3645303279390551,0.29156474879999994,12.8,43.901054749180986,5.1757056,3.9105331199999998,1,HEADROOM
360p,15,16,adversarial,independent_au,0.4,50,60.1559840224208,27.731368699218365,31.869988499609462,31.869988499609576,0,184188928,45000000,229188928,381981.5466666667,21.857159423828126,0.35581111559567935,0.09086630413228575,0.35581111559567935,0.26712736135571385,0.29156474879999994,12.8,43.901054749180986,5.1757056,3.9105331199999998,1,HEADROOM
360p,15,16,adversarial,independent_au,0.4,100,60.226106402054846,20.25699257480437,21.664703049804302,21.66470304980487,0,185011200,45000000,230011200,383352.0,21.935577392578125,0.18071087110299627,0.04789515665175642,0.18071087110299627,0.23301464763624577,0.29156474879999994,12.8,43.901054749180986,5.1757056,3.9105331199999998,1,HEADROOM
360p,15,16,adversarial,independent_au,0.4,125,60.247400626772645,19.169112839843365,19.821317429687042,19.821317429687724,0,185422336,45000000,230422336,384037.2266666667,21.974786376953126,0.1456641726781502,0.03929363121493623,0.1456641726781502,0.2322067036691325,0.29156474879999994,12.8,43.901054749180986,5.1757056,3.9105331199999998,1,HEADROOM
360p,15,16,adversarial,independent_au,0.4,200,60.27194455162067,15.193511143651904,15.63113901230463,15.63113901230497,0,246681600,45000000,291681600,486136.0,27.816925048828125,0.12296576965435078,0.026376682633658294,0.12296576965435078,0.1349288909238074,0.29156474879999994,12.8,43.901054749180986,5.1757056,3.9105331199999998,1,HEADROOM
360p,15,16,adversarial,independent_au,0.4,400,60.30223194304761,11.352612706151831,12.306239762450787,12.306239762451355,0,247503872,45000000,292503872,487506.4533333333,27.895343017578124,0.06413094274542791,0.015607057897829566,0.06413094274542791,0.13344282257446982,0.29156474879999994,12.8,43.901054749180986,5.1757056,3.9105331199999998,1,HEADROOM
360p,15,16,adversarial,independent_au,0.4,800,60.32357397117214,10.176383576537773,10.7464958812252,10.74649588122577,0,247503872,45000000,292503872,487506.4533333333,27.895343017578124,0.03448976286991183,0.010219233714894258,0.03448976286991183,0.1334900503532872,0.29156474879999994,12.8,43.901054749180986,5.1757056,3.9105331199999998,1,HEADROOM
360p,15,16,adversarial,independent_au,0.4,1600,60.33425065122842,9.64156778826873,9.966623940612408,9.966623940612976,0,247503872,45000000,292503872,487506.4533333333,27.895343017578124,0.019661303635629016,0.007523891235490081,0.019661303635629016,0.13351367678097534,0.29156474879999994,12.8,43.901054749180986,5.1757056,3.9105331199999998,1,HEADROOM
360p,15,16,adversarial,raw_gather,0.4,12.5,4.211446811751622,66372.1398676504,125813.97981556728,131111.21231556695,600,62081536,1866240000,1928321536,3213869.2266666666,183.899072265625,0.0333302696464166,0.9997329853305316,0.9997329853305316,0.03482457901903107,0.29156474879999994,12.8,43.901054749180986,5.1757056,3.9105331199999998,1,INTERCONNECT
360p,15,16,adversarial,raw_gather,0.4,25,8.41966247970099,30701.426977025272,58166.4602843174,60616.03653431744,598,123340800,1866240000,1989580800,3315968.0,189.7412109375,0.0663620694210618,0.9996862597988466,0.9996862597988466,0.051114991725019814,0.29156474879999994,12.8,43.901054749180986,5.1757056,3.9105331199999998,1,INTERCONNECT
360p,15,16,adversarial,raw_gather,0.4,50,16.82191793760072,12871.97344470836,24359.494173875493,25385.242298875535,596,184188928,1866240000,2050428928,3417381.546666667,195.544140625,0.09949842039996964,0.9993257482682693,0.9993257482682693,0.0746990449019805,0.29156474879999994,12.8,43.901054749180986,5.1757056,3.9105331199999998,1,INTERCONNECT
360p,15,16,adversarial,raw_gather,0.4,100,33.52771436700449,3969.126765020814,7499.759968145832,7813.594030645874,587,185011200,1866240000,2051251200,3418752.0,195.62255859375,0.1006012646560048,0.9972176897057708,0.9972176897057708,0.1297186389092172,0.29156474879999994,12.8,43.901054749180986,5.1757056,3.9105331199999998,1,INTERCONNECT
360p,15,16,adversarial,raw_gather,0.4,125,41.83744211199174,2195.6979238749823,4117.383991583296,4288.835241583294,576,185422336,1866240000,2051662336,3419437.2266666666,195.661767578125,0.10115318385213684,0.9961691079875106,0.9961691079875106,0.16125068337731144,0.29156474879999994,12.8,43.901054749180986,5.1757056,3.9105331199999998,1,INTERCONNECT
360p,15,16,adversarial,raw_gather,0.4,200,59.70968354536934,55.641830124999615,70.55337309374954,70.55337309375022,0,246681600,1866240000,2112921600,3521536.0,201.50390625,0.12181865455968001,0.8903635118372362,0.8903635118372362,0.13367017503953357,0.29156474879999994,12.8,43.901054749180986,5.1757056,3.9105331199999998,1,INTERCONNECT_HEADROOM_LOW
360p,15,16,adversarial,raw_gather,0.4,400,60.02562667877149,32.414291062499615,39.91006254687454,39.910062546875224,0,247503872,1866240000,2113743872,3522906.453333333,201.58232421875,0.06383677525286928,0.44993838079047144,0.44993838079047144,0.13283072272319363,0.29156474879999994,12.8,43.901054749180986,5.1757056,3.9105331199999998,1,HEADROOM
360p,15,16,adversarial,raw_gather,0.4,800,60.188250374510275,20.238192845311914,24.026078587499796,24.026078587500365,0,247503872,1866240000,2113743872,3522906.453333333,201.58232421875,0.034412392143140874,0.227986215440817,0.227986215440817,0.13319059273592168,0.29156474879999994,12.8,43.901054749180986,5.1757056,3.9105331199999998,1,HEADROOM
360p,15,16,adversarial,raw_gather,0.4,1600,60.27264182197505,13.696139622655664,15.630082493749796,15.630082493750365,0,247503872,1866240000,2113743872,3522906.453333333,201.58232421875,0.01964122698123269,0.11656384597359609,0.11656384597359609,0.13337734258892017,0.29156474879999994,12.8,43.901054749180986,5.1757056,3.9105331199999998,1,HEADROOM
540p,5,4,optimistic,owner_only,0.4,12.5,60.53289804962887,80.16797006468687,90.10471322874946,100.0414563928116,49,42156800,15000000,57156800,95261.33333333333,5.450897216796875,0.32489101965635386,0.12029997217910868,0.32489101965635386,0.10914040840240465,0.02401311744,0.8,33.31512461882167,0.410462208,0.2875392,1,BURST_OR_PER_FRAME_LATENCY
540p,5,4,optimistic,owner_only,0.4,25,60.757853270535215,46.229264573905766,54.91267961391077,64.16446841391189,0,42156800,15000000,57156800,95261.33333333333,5.450897216796875,0.16325172369832341,0.0628038324457319,0.16325172369832341,0.10954600115399968,0.02401311744,0.8,33.31512461882167,0.410462208,0.2875392,1,HEADROOM
540p,5,4,optimistic,owner_only,0.4,50,60.859900273670476,29.67088444695264,38.35429948695764,47.606088286958766,0,42156800,15000000,57156800,95261.33333333333,5.450897216796875,0.08196582444556381,0.03388905391691629,0.08196582444556381,0.10972999121489671,0.02401311744,0.8,33.31512461882167,0.410462208,0.2875392,1,HEADROOM
540p,5,4,optimistic,owner_only,0.4,100,60.91105242951254,21.39169438347608,30.07510942348108,39.3268982234822,0,42156800,15000000,57156800,95261.33333333333,5.450897216796875,0.041220394804404654,0.019395210766186353,0.041220394804404654,0.10982221820813746,0.02401311744,0.8,33.31512461882167,0.410462208,0.2875392,1,HEADROOM
540p,5,4,optimistic,owner_only,0.4,125,60.92129318070953,19.735856370780766,28.41927141078577,37.67106021078689,0,42156800,15000000,57156800,95261.33333333333,5.450897216796875,0.03306308842111796,0.016493517980196434,0.03306308842111796,0.10984068221372778,0.02401311744,0.8,33.31512461882167,0.410462208,0.2875392,1,HEADROOM
540p,5,4,optimistic,owner_only,0.4,200,60.936660765658054,17.252099351737797,25.9355143917428,35.18730319174392,0,42156800,15000000,57156800,95261.33333333333,5.450897216796875,0.02082198458166841,0.012139148898723615,0.02082198458166841,0.10986838986611978,0.02401311744,0.8,33.31512461882167,0.410462208,0.2875392,1,HEADROOM
540p,5,4,optimistic,owner_only,0.4,400,60.94947301015622,15.182301835868657,23.86571687587366,33.11750567587478,0,42156800,15000000,57156800,95261.33333333333,5.450897216796875,0.010616346165229114,0.008508829528830034,0.010616346165229114,0.1098914902568517,0.02401311744,0.8,33.31512461882167,0.410462208,0.2875392,1,HEADROOM
540p,5,4,optimistic,owner_only,0.4,800,60.955881152997655,14.147403077934086,22.83081811793909,32.08260691794021,0,42156800,15000000,57156800,95261.33333333333,5.450897216796875,0.005511917447061385,0.006693097313787411,0.006693097313787411,0.1099030440953321,0.02401311744,0.8,33.31512461882167,0.410462208,0.2875392,1,HEADROOM
540p,5,4,optimistic,owner_only,0.4,1600,60.95908572975236,13.629953698966801,22.313368738971803,31.565157538972926,0,42156800,15000000,57156800,95261.33333333333,5.450897216796875,0.0029593005624137816,0.005785088021068733,0.005785088021068733,0.10990882192568607,0.02401311744,0.8,33.31512461882167,0.410462208,0.2875392,1,HEADROOM
540p,5,4,optimistic,finishing_owner,0.4,12.5,60.53289804962887,80.16797006468687,90.10471322874946,100.0414563928116,49,42156800,15000000,57156800,95261.33333333333,5.450897216796875,0.32489101965635386,0.12029997217910868,0.32489101965635386,0.10914040840240465,0.02401311744,3.2,133.26049847528668,0.410462208,0.2875392,1,BURST_OR_PER_FRAME_LATENCY
540p,5,4,optimistic,finishing_owner,0.4,25,59.82227981429144,46.229264573905766,54.91267961391077,64.16446841391189,0,42999936,19147200,62147136,103578.56,5.926812744140625,0.1639526672674964,0.07761020687831016,0.1639526672674964,0.10730570540106951,0.02401311744,3.2,133.26049847528668,0.410462208,0.2875392,1,HEADROOM
540p,5,4,optimistic,finishing_owner,0.4,50,59.84118462920466,29.67088444695264,88.57833017210942,144.09689096312468,0,83470464,156004800,239475264,399125.44,22.838140869140624,0.15957576965315567,0.3015552302002932,0.3015552302002932,0.09184722135552867,0.02401311744,3.2,133.26049847528668,0.410462208,0.2875392,1,HEADROOM
540p,5,4,optimistic,finishing_owner,0.4,100,60.187526478463525,31.912331636952786,73.05520578246069,114.19807992796814,0,85156736,292862400,378019136,630031.8933333333,36.050714111328126,0.08226811503460059,0.28498327246056715,0.28498327246056715,0.07400300867074605,0.02401311744,3.2,133.26049847528668,0.410462208,0.2875392,1,HEADROOM
540p,5,4,optimistic,finishing_owner,0.4,125,60.32222895364316,36.78154672484334,59.22897104124968,102.77014535765557,0,85156736,295627200,380783936,634639.8933333333,36.314385986328126,0.06612264718989369,0.231582721616212,0.231582721616212,0.07105372605432854,0.02401311744,3.2,133.26049847528668,0.410462208,0.2875392,1,HEADROOM
540p,5,4,optimistic,finishing_owner,0.4,200,60.56739247828384,24.03156015257764,51.39479410033164,72.16623117308518,0,126470400,429720000,556190400,926984.0,53.042449951171875,0.06207934248752699,0.2116895614581656,0.2116895614581656,0.05597829747658533,0.02401311744,3.2,133.26049847528668,0.410462208,0.2875392,1,HEADROOM
540p,5,4,optimistic,finishing_owner,0.4,400,60.84145671807237,16.616462038563895,30.49807901244094,44.37969598631753,0,166940928,500222400,667163328,1111938.88,63.62565307617187,0.04195000071423615,0.12580219830015035,0.12580219830015035,0.04666242707151783,0.02401311744,3.2,133.26049847528668,0.410462208,0.2875392,1,HEADROOM
540p,5,4,optimistic,finishing_owner,0.4,800,61.01001259263243,11.271161440419291,18.41196992735786,25.55277841429597,0,168627200,567960000,736587200,1227645.3333333333,70.24642944335938,0.02204284506060817,0.07372664279687827,0.07372664279687827,0.03757232259573361,0.02401311744,3.2,133.26049847528668,0.410462208,0.2875392,1,HEADROOM
540p,5,4,optimistic,finishing_owner,0.4,1600,61.10532911602965,7.7047342095843305,11.47513845305366,14.421568087147534,0,168627200,634315200,802942400,1338237.3333333333,76.57455444335938,0.011841158059354363,0.04339306565611307,0.04339306565611307,0.028585684600381044,0.02401311744,3.2,133.26049847528668,0.410462208,0.2875392,1,HEADROOM
540p,5,4,optimistic,independent_au,0.4,12.5,60.43927443143721,84.8409742150775,98.11557748656196,111.39018075804597,49,42156800,20250000,62406800,104011.33333333333,5.951576232910156,0.3243885247526196,0.1604614780187388,0.3243885247526196,0.1089716056479558,0.02401311744,3.2,133.26049847528668,0.410462208,0.2875392,1,BURST_OR_PER_FRAME_LATENCY
540p,5,4,optimistic,independent_au,0.4,25,60.77065754025004,46.563050584647954,55.33194195180113,64.49825442465408,0,42999936,20250000,63249936,105416.56,6.031983947753906,0.1665518503516364,0.08310146324101672,0.1665518503516364,0.10900684987745134,0.02401311744,3.2,133.26049847528668,0.410462208,0.2875392,1,HEADROOM
540p,5,4,optimistic,independent_au,0.4,50,60.935413454904186,29.837777452323735,36.3446341882227,40.93992401232936,0,83470464,20250000,103720464,172867.44,9.891554260253907,0.16249369997354665,0.04410079674718025,0.16249369997354665,0.09352669808698655,0.02401311744,3.2,133.26049847528668,0.410462208,0.2875392,1,HEADROOM
540p,5,4,optimistic,independent_au,0.4,100,61.03063163197649,19.624783126161674,23.727363727952252,27.81652129491215,0,85156736,20250000,105406736,175677.89333333334,10.052369689941406,0.08342052444255804,0.024526079772303488,0.08342052444255804,0.07503964070459605,0.02401311744,3.2,133.26049847528668,0.410462208,0.2875392,1,HEADROOM
540p,5,4,optimistic,independent_au,0.4,125,61.04903245635345,17.063441960429373,21.10164954586071,24.778043147929736,0,85156736,20250000,105406736,175677.89333333334,10.052369689941406,0.0669193381016805,0.020603564056178976,0.0669193381016805,0.07190982997941045,0.02401311744,3.2,133.26049847528668,0.410462208,0.2875392,1,HEADROOM
540p,5,4,optimistic,independent_au,0.4,200,61.0906115708034,13.593107083080668,15.925329924870312,19.14418036308416,0,126470400,20250000,146720400,244534.0,13.992347717285156,0.06261562275173317,0.014718716270494862,0.06261562275173317,0.056461873090592314,0.02401311744,3.2,133.26049847528668,0.410462208,0.2875392,1,HEADROOM
540p,5,4,optimistic,independent_au,0.4,400,61.120180209302355,9.652090181540188,11.502447941542414,13.832475923729362,0,166940928,20250000,187190928,311984.88,17.851918029785157,0.042142179719915664,0.009807727367221594,0.042142179719915664,0.046876194382233366,0.02401311744,3.2,133.26049847528668,0.410462208,0.2875392,1,HEADROOM
540p,5,4,optimistic,independent_au,0.4,800,61.13771606702147,6.756402850769973,8.606760610771744,11.542214806318952,0,168627200,20250000,188877200,314795.3333333333,18.012733459472656,0.022088984174173917,0.007350779283135256,0.022088984174173917,0.03765096732849867,0.02401311744,3.2,133.26049847528668,0.410462208,0.2875392,1,HEADROOM
540p,5,4,optimistic,independent_au,0.4,1600,61.143693347934544,5.548476740931619,7.498951068544557,9.934453585387018,0,168627200,20250000,188877200,314795.3333333333,18.012733459472656,0.011848592385302415,0.006121496709097118,0.011848592385302415,0.028603631772076768,0.02401311744,3.2,133.26049847528668,0.410462208,0.2875392,1,HEADROOM
540p,5,4,optimistic,raw_gather,0.4,12.5,4.210629715384956,66399.7867496254,125774.9600308756,131272.1925308753,600,42156800,1866240000,1908396800,3180661.3333333335,181.9989013671875,0.0225992117625888,0.9995390191648732,0.9995390191648732,0.007591737081407295,0.02401311744,3.2,133.26049847528668,0.410462208,0.2875392,1,INTERCONNECT
540p,5,4,optimistic,raw_gather,0.4,25,8.40868833693191,30753.796568697777,58192.79703744824,60842.37328744828,599,42999936,1866240000,1909239936,3182066.56,182.07930908203124,0.023045375156894695,0.9983832741072265,0.9983832741072265,0.01508301315652411,0.02401311744,3.2,133.26049847528668,0.410462208,0.2875392,1,INTERCONNECT
540p,5,4,optimistic,raw_gather,0.4,50,16.758695715664913,12939.86346322878,24420.12369760425,25645.87182260429,599,83470464,1866240000,1949710464,3249517.44,185.93887939453126,0.044689652849972575,0.9955699580856311,0.9955699580856311,0.02572207827375497,0.02401311744,3.2,133.26049847528668,0.410462208,0.2875392,1,INTERCONNECT
540p,5,4,optimistic,raw_gather,0.4,100,33.285107639639826,4032.896910494357,7563.530113619385,8047.621090181925,596,85156736,1866240000,1951396736,3252327.8933333335,186.09969482421874,0.0454961887363286,0.9900018169647478,0.9900018169647478,0.040925391910637335,0.02401311744,3.2,133.26049847528668,0.410462208,0.2875392,1,INTERCONNECT
540p,5,4,optimistic,raw_gather,0.4,125,41.462711140817056,2258.650709322482,4180.3301624474625,4527.970943697461,594,85156736,1866240000,1951396736,3252327.8933333335,186.09969482421874,0.045449650449880134,0.9872465879086988,0.9872465879086988,0.04883904606929222,0.02401311744,3.2,133.26049847528668,0.410462208,0.2875392,1,INTERCONNECT
540p,5,4,optimistic,raw_gather,0.4,200,59.11961300074342,110.33154428343687,184.88925912718696,259.4469739709366,0,126470400,1866240000,1992710400,3321184.0,190.0396728515625,0.06059542194290605,0.8815646495564531,0.8815646495564531,0.05464021394750966,0.02401311744,3.2,133.26049847528668,0.410462208,0.2875392,1,INTERCONNECT_HEADROOM_LOW
540p,5,4,optimistic,raw_gather,0.4,400,60.14227681142857,56.41095102171812,93.88980844359321,131.36866586546785,0,166940928,1866240000,2033180928,3388634.88,193.8992431640625,0.04146791827957324,0.450812763528491,0.450812763528491,0.04612619021652574,0.02401311744,3.2,133.26049847528668,0.410462208,0.2875392,1,HEADROOM
540p,5,4,optimistic,raw_gather,0.4,800,60.66699216596302,29.450654390858745,48.390083101796336,67.32951181273347,0,168627200,1866240000,2034867200,3391445.3333333335,194.06005859375,0.02191891218801259,0.2297996346468502,0.2297996346468502,0.03736107736597429,0.02401311744,3.2,133.26049847528668,0.410462208,0.2875392,1,HEADROOM
540p,5,4,optimistic,raw_gather,0.4,1600,60.932798322377344,15.970506075429057,25.640220430897898,35.309934786366284,0,168627200,1866240000,2034867200,3391445.3333333335,194.06005859375,0.011807724569554093,0.1178405509313553,0.1178405509313553,0.02850497296814626,0.02401311744,3.2,133.26049847528668,0.410462208,0.2875392,1,HEADROOM
540p,5,4,median,owner_only,0.4,12.5,60.22709852356194,96.06801906781084,115.66161138781536,136.85768178781655,49,42156800,15000000,57156800,95261.33333333333,5.450897216796875,0.32324973825342385,0.11969224190906486,0.32324973825342385,0.2472728469581285,0.10530404352,0.8,7.59704920398483,1.810059264,1.1501568,1,BURST_OR_PER_FRAME_LATENCY
540p,5,4,median,owner_only,0.4,25,60.42797383700286,62.95125881390459,82.5448511339091,103.7409215339103,0,42156800,15000000,57156800,95261.33333333333,5.450897216796875,0.162365362787957,0.06246284454777887,0.162365362787957,0.24809757555797482,0.10530404352,0.8,7.59704920398483,1.810059264,1.1501568,1,HEADROOM
540p,5,4,median,owner_only,0.4,50,60.528914817344265,46.39287868695146,65.98647100695598,87.18254140695717,0,42156800,15000000,57156800,95261.33333333333,5.450897216796875,0.08152005480602652,0.03370474891600903,0.08152005480602652,0.24851200634072285,0.10530404352,0.8,7.59704920398483,1.810059264,1.1501568,1,HEADROOM
540p,5,4,median,owner_only,0.4,100,60.57951187470822,38.1136886234749,57.70728094347942,78.90335134348061,0,42156800,15000000,57156800,95261.33333333333,5.450897216796875,0.040996031047457256,0.019289642093811014,0.040996031047457256,0.24871974137576183,0.10530404352,0.8,7.59704920398483,1.810059264,1.1501568,1,HEADROOM
540p,5,4,median,owner_only,0.4,125,60.589641438645664,36.45785061077959,56.051442930784106,77.2475133307853,0,42156800,15000000,57156800,95261.33333333333,5.450897216796875,0.03288309501814884,0.016403728291151786,0.03288309501814884,0.24876133006548223,0.10530404352,0.8,7.59704920398483,1.810059264,1.1501568,1,HEADROOM
540p,5,4,median,owner_only,0.4,200,60.604842137801754,33.97409359173662,53.56768591174114,74.76375631174233,0,42156800,15000000,57156800,95261.33333333333,5.450897216796875,0.020708602550780563,0.01207304754560865,0.020708602550780563,0.2488237391844374,0.10530404352,0.8,7.59704920398483,1.810059264,1.1501568,1,HEADROOM
540p,5,4,median,owner_only,0.4,400,60.617515214564385,31.904296075867478,51.497888395871996,72.69395879587319,0,42156800,15000000,57156800,95261.33333333333,5.450897216796875,0.010558524847074943,0.008462486678696016,0.010558524847074943,0.24887577070924327,0.10530404352,0.8,7.59704920398483,1.810059264,1.1501568,1,HEADROOM
540p,5,4,median,owner_only,0.4,800,60.62385374070356,30.869397317932908,50.462989637937426,71.65906003793862,0,42156800,15000000,57156800,95261.33333333333,5.450897216796875,0.005481893966929371,0.006656639932821144,0.006656639932821144,0.24890179463273246,0.10530404352,0.8,7.59704920398483,1.810059264,1.1501568,1,HEADROOM
540p,5,4,median,owner_only,0.4,1600,60.6270235008945,30.351947938965623,49.94554025897014,71.14161065897133,0,42156800,15000000,57156800,95261.33333333333,5.450897216796875,0.0029431803741128628,0.005753574929961505,0.005753574929961505,0.24891480863549537,0.10530404352,0.8,7.59704920398483,1.810059264,1.1501568,1,HEADROOM
540p,5,4,median,finishing_owner,0.4,12.5,57.865693349698816,96.06801906781084,115.66161138781536,240.50765646281252,52,42999936,20529600,63529536,105882.56,6.058648681640625,0.31678716228147324,0.1556861222017786,0.31678716228147324,0.2359423194856161,0.10530404352,3.2,30.38819681593932,1.810059264,1.1501568,1,BURST_OR_PER_FRAME_LATENCY
540p,5,4,median,finishing_owner,0.4,25,58.21791752075348,62.95125881390459,178.3288332206248,341.7003298026557,6,83470464,157387200,240857664,401429.44,22.969976806640624,0.3097256774244499,0.587209709276897,0.587209709276897,0.19681226547719888,0.10530404352,3.2,30.38819681593932,1.810059264,1.1501568,1,BURST_OR_PER_FRAME_LATENCY
540p,5,4,median,finishing_owner,0.4,50,59.188050810834476,90.9671864921088,146.4857472831245,228.37149557413977,0,85156736,292862400,378019136,630031.8933333333,36.050714111328126,0.16101476303989476,0.5557666212318318,0.5557666212318318,0.15895173137756444,0.10530404352,3.2,30.38819681593932,1.810059264,1.1501568,1,HEADROOM
540p,5,4,median,finishing_owner,0.4,100,59.92965541123214,61.62363119425709,102.76650533976499,143.90937948527244,0,126470400,431102400,557572800,929288.0,53.174285888671875,0.12166076856226703,0.41544364469920675,0.41544364469920675,0.11876095845306694,0.10530404352,3.2,30.38819681593932,1.810059264,1.1501568,1,HEADROOM
540p,5,4,median,finishing_owner,0.4,125,60.113295494451705,50.258747771405524,93.79992208781186,126.79422140421775,0,166097792,497457600,663555392,1105925.6533333333,63.28157348632813,0.1285328042982394,0.3850557436419026,0.3850557436419026,0.10644464175688173,0.10530404352,3.2,30.38819681593932,1.810059264,1.1501568,1,HEADROOM
540p,5,4,median,finishing_owner,0.4,200,60.46990351766484,40.00242880167889,67.36566274943289,94.72889669718643,0,167784064,566577600,734361664,1223936.1066666667,70.03418579101563,0.08222060154713226,0.27711870501008684,0.27711870501008684,0.0857140274219782,0.10530404352,3.2,30.38819681593932,1.810059264,1.1501568,1,HEADROOM
540p,5,4,median,finishing_owner,0.4,400,60.82586144890204,25.736719878339045,36.32243841471609,50.20405538859268,0,168627200,567960000,736587200,1227645.3333333333,70.24642944335938,0.042354930314964116,0.14214214725341584,0.14214214725341584,0.07799106047113817,0.10530404352,3.2,30.38819681593932,1.810059264,1.1501568,1,HEADROOM
540p,5,4,median,finishing_owner,0.4,800,60.99519643711099,15.307966979169123,22.44877546610769,27.941634734295803,0,168627200,634315200,802942400,1338237.3333333333,76.57455444335938,0.022037492001222105,0.08175009733926558,0.08175009733926558,0.06517901798805115,0.10530404352,3.2,30.38819681593932,1.810059264,1.1501568,1,HEADROOM
540p,5,4,median,finishing_owner,0.4,1600,61.050056386128496,11.481276136683846,16.201984342800642,21.87351977896833,0,168627200,635697600,804324800,1340541.3333333333,76.70639038085938,0.01183044715834786,0.04343765402036628,0.04343765402036628,0.0649693527900098,0.10530404352,3.2,30.38819681593932,1.810059264,1.1501568,1,HEADROOM
540p,5,4,median,independent_au,0.4,12.5,60.2486041806123,97.59389797406084,118.0639818331274,137.65757415312873,49,42999936,27000000,69999936,116666.56,6.675714111328125,0.32983246626725526,0.21166705539740144,0.32983246626725526,0.2456584306393425,0.10530404352,3.2,30.38819681593932,1.810059264,1.1501568,1,BURST_OR_PER_FRAME_LATENCY
540p,5,4,median,independent_au,0.4,25,60.604857701962345,63.71419826702959,76.55782757406269,87.47885604453222,0,83470464,27000000,110470464,184117.44,10.535284423828125,0.3224244597938641,0.10888352184782837,0.3224244597938641,0.20488158716763558,0.10530404352,3.2,30.38819681593932,1.810059264,1.1501568,1,HEADROOM
540p,5,4,median,independent_au,0.4,50,60.80686916399546,41.73982098226497,50.34939129828308,58.82781945828356,0,85156736,27000000,112156736,186927.89333333334,10.696099853515625,0.1654185852636051,0.057055503977619465,0.1654185852636051,0.1632991288082231,0.10530404352,3.2,30.38819681593932,1.810059264,1.1501568,1,HEADROOM
540p,5,4,median,independent_au,0.4,100,60.937096550808725,29.110681975507305,33.85904949789074,41.470667539882925,0,126470400,27000000,153470400,255784.0,14.636077880859375,0.1237059340563967,0.031026332477658194,0.1237059340563967,0.12075737699577628,0.10530404352,3.2,30.38819681593932,1.810059264,1.1501568,1,HEADROOM
540p,5,4,median,independent_au,0.4,125,60.964283225807684,24.316119015311415,30.405413448906984,37.03376125531261,0,166097792,27000000,193097792,321829.6533333333,18.415240478515624,0.13035236582177417,0.025807568265069844,0.13035236582177417,0.10795151446213959,0.10530404352,3.2,30.38819681593932,1.810059264,1.1501568,1,HEADROOM
540p,5,4,median,independent_au,0.4,200,60.997749085339024,20.935333769940826,25.17454784994152,29.70833865113309,0,167784064,27000000,194784064,324640.1066666667,18.576055908203124,0.08293831031750398,0.017968516925615415,0.08293831031750398,0.08646223052517941,0.10530404352,3.2,30.38819681593932,1.810059264,1.1501568,1,HEADROOM
540p,5,4,median,independent_au,0.4,400,61.035469786249834,14.936295133876229,19.175509213877376,25.50491616497129,0,168627200,27000000,195627200,326045.3333333333,18.656463623046875,0.042500887089111226,0.011431233074455214,0.042500887089111226,0.0782598207669061,0.10530404352,3.2,30.38819681593932,1.810059264,1.1501568,1,HEADROOM
540p,5,4,median,independent_au,0.4,800,61.04815508837994,11.867361646937752,16.1065757269389,22.41481101584577,0,168627200,27000000,195627200,326045.3333333333,18.656463623046875,0.0220566258990027,0.008158730645482571,0.0220566258990027,0.06523560921302149,0.10530404352,3.2,30.38819681593932,1.810059264,1.1501568,1,HEADROOM
540p,5,4,median,independent_au,0.4,1600,61.05809276748145,10.332894903468514,14.572108983469661,21.885440707923408,0,168627200,27000000,195627200,326045.3333333333,18.656463623046875,0.011832004470340154,0.0065223530899293,0.011832004470340154,0.06497790509161576,0.10530404352,3.2,30.38819681593932,1.810059264,1.1501568,1,HEADROOM
540p,5,4,median,raw_gather,0.4,12.5,4.210589684192825,66401.14150162539,125776.31478287559,131273.54728287528,600,42999936,1866240000,1909239936,3182066.56,182.07930908203124,0.02305097684609411,0.9995295163728389,0.9995295163728389,0.017168312327771208,0.10530404352,3.2,30.38819681593932,1.810059264,1.1501568,1,INTERCONNECT
540p,5,4,median,raw_gather,0.4,25,8.40840683540712,30756.18542501778,58195.18589376824,60844.76214376828,599,83470464,1866240000,1949710464,3249517.44,185.93887939453126,0.04473364239159648,0.9983498507714192,0.9983498507714192,0.028425571865233933,0.10530404352,3.2,30.38819681593932,1.810059264,1.1501568,1,INTERCONNECT
540p,5,4,median,raw_gather,0.4,50,16.757577590984752,12942.252319548781,24422.51255392425,25648.260678924293,599,85156736,1866240000,1951396736,3252327.8933333335,186.09969482421874,0.04558719788827962,0.9955035345787039,0.9955035345787039,0.04500310341852509,0.10530404352,3.2,30.38819681593932,1.810059264,1.1501568,1,INTERCONNECT
540p,5,4,median,raw_gather,0.4,100,33.280697207333056,4035.285766814357,7565.918969939386,8050.009946501927,597,126470400,1866240000,1992710400,3321184.0,190.0396728515625,0.06756179678906296,0.9898706370976261,0.9898706370976261,0.06595144709589647,0.10530404352,3.2,30.38819681593932,1.810059264,1.1501568,1,INTERCONNECT
540p,5,4,median,raw_gather,0.4,125,41.45586757444592,2261.0395656424816,4182.719018767462,4530.359800017461,593,166097792,1866240000,2032337792,3387229.6533333333,193.81883544921874,0.08863994013523659,0.9870836393854802,0.9870836393854802,0.07340730426416085,0.10530404352,3.2,30.38819681593932,1.810059264,1.1501568,1,INTERCONNECT
540p,5,4,median,raw_gather,0.4,200,59.105700675192466,112.7204006034367,187.2781154471868,261.8358302909364,0,167784064,1866240000,2034024064,3390040.1066666665,193.97965087890626,0.08036570230278968,0.8813571953162048,0.8813571953162048,0.08378031638480649,0.10530404352,3.2,30.38819681593932,1.810059264,1.1501568,1,INTERCONNECT_HEADROOM_LOW
540p,5,4,median,raw_gather,0.4,400,60.127879064712374,58.79980734171795,96.27866476359304,133.75752218546768,0,168627200,1866240000,2034867200,3391445.3333333335,194.06005859375,0.041868903573390376,0.4507048413092165,0.4507048413092165,0.07709610584104461,0.10530404352,3.2,30.38819681593932,1.810059264,1.1501568,1,HEADROOM
540p,5,4,median,raw_gather,0.4,800,60.652342125689756,31.839510710858576,50.77893942179617,69.7183681327333,0,168627200,1866240000,2034867200,3391445.3333333335,194.06005859375,0.02191361914586832,0.22974414196817658,0.22974414196817658,0.06481264639427416,0.10530404352,3.2,30.38819681593932,1.810059264,1.1501568,1,HEADROOM
540p,5,4,median,raw_gather,0.4,1600,60.91801964123406,18.35936239542889,28.02907675089773,37.698791106366116,0,168627200,1866240000,2034867200,3391445.3333333335,194.06005859375,0.01180486071623953,0.11781196980631409,0.11781196980631409,0.0648288395396037,0.10530404352,3.2,30.38819681593932,1.810059264,1.1501568,1,HEADROOM
540p,5,4,adversarial,owner_only,0.4,12.5,59.22676815673464,148.34660850781074,201.7710309078102,260.30895090780905,147,42156800,15000000,57156800,95261.33333333333,5.450897216796875,0.3178807841252855,0.1177042367221898,0.3178807841252855,0.6681643685080535,0.3911970816,0.8,2.0450050310395773,6.7571712,3.9105331199999998,1,BURST_OR_PER_FRAME_LATENCY
540p,5,4,adversarial,owner_only,0.4,25,59.42101532527114,115.22984825390449,168.65427065390395,227.1921906539028,0,42156800,15000000,57156800,95261.33333333333,5.450897216796875,0.15965974196885174,0.06142197739651512,0.15965974196885174,0.6703557600146135,0.3911970816,0.8,2.0450050310395773,6.7571712,3.9105331199999998,1,HEADROOM
540p,5,4,adversarial,owner_only,0.4,50,59.5186175014888,98.67146812695137,152.09589052695083,210.63381052694967,0,42156800,15000000,57156800,95261.33333333333,5.450897216796875,0.08015939118257562,0.03314217782970783,0.08015939118257562,0.6714568549834442,0.3911970816,0.8,2.0450050310395773,6.7571712,3.9105331199999998,1,HEADROOM
540p,5,4,adversarial,owner_only,0.4,100,59.567538925998974,90.3922780634748,143.81670046347426,202.3546204634731,0,42156800,15000000,57156800,95261.33333333333,5.450897216796875,0.04031119762538751,0.018967411105393798,0.04031119762538751,0.6720087600380616,0.3911970816,0.8,2.0450050310395773,6.7571712,3.9105331199999998,1,HEADROOM
540p,5,4,adversarial,owner_only,0.4,125,59.57733286313842,88.73644005077949,142.16086245077895,200.6987824507778,0,42156800,15000000,57156800,95261.33333333333,5.450897216796875,0.03233369683249033,0.016129661067363396,0.03233369683249033,0.6721192499403077,0.3911970816,0.8,2.0450050310395773,6.7571712,3.9105331199999998,1,HEADROOM
540p,5,4,adversarial,owner_only,0.4,200,59.59202980893685,86.25268303173652,139.67710543173598,198.21502543173483,0,42156800,15000000,57156800,95261.33333333333,5.450897216796875,0.020362525781381452,0.011871285921127201,0.020362525781381452,0.6722850529346973,0.3911970816,0.8,2.0450050310395773,6.7571712,3.9105331199999998,1,HEADROOM
540p,5,4,adversarial,owner_only,0.4,400,59.60428280393267,84.18288551586738,137.60730791586684,196.1452279158657,0,42156800,15000000,57156800,95261.33333333333,5.450897216796875,0.010382037250286314,0.008321034727934865,0.010382037250286314,0.6724232845978204,0.3911970816,0.8,2.0450050310395773,6.7571712,3.9105331199999998,1,HEADROOM
540p,5,4,adversarial,owner_only,0.4,800,59.610411191171416,83.14798675793281,136.57240915793227,195.11032915793112,0,42156800,15000000,57156800,95261.33333333333,5.450897216796875,0.0053902537254186325,0.006545361587276009,0.006545361587276009,0.6724924217484162,0.3911970816,0.8,2.0450050310395773,6.7571712,3.9105331199999998,1,HEADROOM
540p,5,4,adversarial,owner_only,0.4,1600,59.613475857396026,82.63053737896553,136.05495977896499,194.59287977896383,0,42156800,15000000,57156800,95261.33333333333,5.450897216796875,0.0028939770096671545,0.005657388081668214,0.005657388081668214,0.6725269956553906,0.3911970816,0.8,2.0450050310395773,6.7571712,3.9105331199999998,1,HEADROOM
540p,5,4,adversarial,finishing_owner,0.4,12.5,34.05037611632602,3505.632659683576,6699.6799716952755,7387.151641617187,592,84313600,225124800,309438400,515730.6666666667,29.510345458984375,0.36550906275941447,0.9774534552796169,0.9774534552796169,0.2834373879798187,0.3911970816,3.2,8.18002012415831,6.7571712,3.9105331199999998,1,INTERCONNECT
540p,5,4,adversarial,finishing_owner,0.4,25,42.37891329793244,1972.5487485507629,3684.2580014804316,4088.1106357577737,588,125627264,361982400,487609664,812682.7733333333,46.502081298828124,0.3393237070899955,0.9787079975538767,0.9787079975538767,0.27089911125781063,0.3911970816,3.2,8.18002012415831,6.7571712,3.9105331199999998,1,INTERCONNECT
540p,5,4,adversarial,finishing_owner,0.4,50,58.52955004107792,125.91641822851489,234.16935401953015,342.4222898105454,57,166940928,497457600,664398528,1107330.88,63.36198120117187,0.3121405786370479,0.9302541074125833,0.9302541074125833,0.2856609401554827,0.3911970816,3.2,8.18002012415831,6.7571712,3.9105331199999998,1,INTERCONNECT
540p,5,4,adversarial,finishing_owner,0.4,100,59.725906849529146,82.59401344335856,136.920481338866,191.24694923437346,0,168627200,566577600,735204800,1225341.3333333333,70.11459350585938,0.16164959004462445,0.5426402297438416,0.5426402297438416,0.23373842012248552,0.3911970816,3.2,8.18002012415831,6.7571712,3.9105331199999998,1,HEADROOM
540p,5,4,adversarial,finishing_owner,0.4,125,59.940144608555,68.54472755468669,112.08590187109257,155.62707618749846,0,168627200,567960000,736587200,1227645.3333333333,70.24642944335938,0.13009842927512683,0.4376820286345549,0.4376820286345549,0.2334072530162685,0.3911970816,3.2,8.18002012415831,6.7571712,3.9105331199999998,1,HEADROOM
540p,5,4,adversarial,finishing_owner,0.4,200,60.42442289963453,54.062595596678875,74.83403266943242,102.19726661718596,0,168627200,567960000,736587200,1227645.3333333333,70.24642944335938,0.08256364427669684,0.2775741210530094,0.2775741210530094,0.21057462402890695,0.3911970816,3.2,8.18002012415831,6.7571712,3.9105331199999998,1,HEADROOM
540p,5,4,adversarial,finishing_owner,0.4,400,60.72650897415874,34.46655990673753,48.67653513120058,60.767717515867844,0,168627200,634315200,802942400,1338237.3333333333,76.57455444335938,0.04228574811114269,0.15792184589237995,0.15792184589237995,0.17907496236691586,0.3911970816,3.2,8.18002012415831,6.7571712,3.9105331199999998,1,HEADROOM
540p,5,4,adversarial,finishing_owner,0.4,800,60.76457975289873,29.10086395336839,40.80844795336816,59.52255968332429,0,168627200,635697600,804324800,1340541.3333333333,76.70639038085938,0.021954170467223665,0.0816079033714917,0.0816079033714917,0.17851941690202408,0.3911970816,3.2,8.18002012415831,6.7571712,3.9105331199999998,1,HEADROOM
540p,5,4,adversarial,finishing_owner,0.4,1600,60.77592947501353,26.41801597668382,38.12559997668359,56.67349104166169,0,168627200,635697600,804324800,1340541.3333333333,76.70639038085938,0.011777326094607717,0.04324261030333231,0.04324261030333231,0.17855276109336338,0.3911970816,3.2,8.18002012415831,6.7571712,3.9105331199999998,1,HEADROOM
540p,5,4,adversarial,independent_au,0.4,12.5,59.76290758281089,146.32197364843705,175.53918754687402,204.8598936484359,196,84313600,45000000,129313600,215522.66666666666,12.332305908203125,0.6415166829213761,0.34674713281954456,0.6415166829213761,0.49747005335513805,0.3911970816,3.2,8.18002012415831,6.7571712,3.9105331199999998,1,BURST_OR_PER_FRAME_LATENCY
540p,5,4,adversarial,independent_au,0.4,25,60.2688893939117,93.78338577343675,117.25991066015558,137.73405571093645,0,125627264,45000000,170627264,284378.7733333333,16.272283935546874,0.4825669508693317,0.17725218683141963,0.4825669508693317,0.38525736746776174,0.3911970816,3.2,8.18002012415831,6.7571712,3.9105331199999998,1,HEADROOM
540p,5,4,adversarial,independent_au,0.4,50,60.531565818657704,64.50239044335831,78.57145876132745,96.88683326757803,0,166940928,45000000,211940928,353234.88,20.212261962890626,0.3228174138906194,0.091433624745156,0.3228174138906194,0.2954320337112708,0.3911970816,3.2,8.18002012415831,6.7571712,3.9105331199999998,1,HEADROOM
540p,5,4,adversarial,independent_au,0.4,100,60.66068688835602,44.98592567480409,56.757336065038544,75.57471870605332,0,168627200,45000000,213627200,356045.3333333333,20.373077392578125,0.16417959449376499,0.048240759276808085,0.16417959449376499,0.2373966987650835,0.3911970816,3.2,8.18002012415831,6.7571712,3.9105331199999998,1,HEADROOM
540p,5,4,adversarial,independent_au,0.4,125,60.69254565714618,42.287573777342914,53.99515777734268,72.21535896484238,0,168627200,45000000,213627200,356045.3333333333,20.373077392578125,0.13173149498169,0.03958395684689198,0.13173149498169,0.23633710684069786,0.3911970816,3.2,8.18002012415831,6.7571712,3.9105331199999998,1,HEADROOM
540p,5,4,adversarial,independent_au,0.4,200,60.72027849198484,36.15395309521409,47.86153709521386,63.66950683740106,0,168627200,45000000,213627200,356045.3333333333,20.373077392578125,0.08296789995199977,0.026572886060424374,0.08296789995199977,0.21160565878499382,0.3911970816,3.2,8.18002012415831,6.7571712,3.9105331199999998,1,HEADROOM
540p,5,4,adversarial,independent_au,0.4,400,60.761433707003306,29.94456054760667,41.65214454760644,60.886926805418625,0,168627200,45000000,213627200,356045.3333333333,20.373077392578125,0.04231006728378841,0.01572590571300846,0.04231006728378841,0.17917795108346596,0.3911970816,3.2,8.18002012415831,6.7571712,3.9105331199999998,1,HEADROOM
540p,5,4,adversarial,independent_au,0.4,800,60.77435582365682,26.83986427380296,38.54744827380273,57.93421510934968,0,168627200,45000000,213627200,356045.3333333333,20.373077392578125,0.021957702549973115,0.010295599301375845,0.021957702549973115,0.17854813788484702,0.3911970816,3.2,8.18002012415831,6.7571712,3.9105331199999998,1,HEADROOM
540p,5,4,adversarial,independent_au,0.4,1600,60.780818943309896,25.287516136901104,36.995100136900874,55.87931875467439,0,168627200,45000000,213627200,356045.3333333333,20.373077392578125,0.011778273589167701,0.0075795798571697,0.011778273589167701,0.1785671257945228,0.3911970816,3.2,8.18002012415831,6.7571712,3.9105331199999998,1,HEADROOM
540p,5,4,adversarial,raw_gather,0.4,12.5,4.210472753899459,66405.0988520254,125780.2721332756,131277.5046332753,600,84313600,1866240000,1950553600,3250922.6666666665,186.019287109375,0.04519673864377548,0.9995017589116889,0.9995017589116889,0.03504822958338068,0.3911970816,3.2,8.18002012415831,6.7571712,3.9105331199999998,1,INTERCONNECT
540p,5,4,adversarial,raw_gather,0.4,25,8.407526888331695,30763.653794937774,58202.65426368824,60852.23051368828,599,125627264,1866240000,1991867264,3319778.7733333334,189.95926513671876,0.06731822430535779,0.998245372592778,0.998245372592778,0.05374351026684586,0.3911970816,3.2,8.18002012415831,6.7571712,3.9105331199999998,1,INTERCONNECT
540p,5,4,adversarial,raw_gather,0.4,50,16.754082918583965,12949.72068946878,24429.980923844247,25655.72904884429,599,166940928,1866240000,2033180928,3388634.88,193.8992431640625,0.08935023647148421,0.9952959294694159,0.9952959294694159,0.08177044030932495,0.3911970816,3.2,8.18002012415831,6.7571712,3.9105331199999998,1,INTERCONNECT
540p,5,4,adversarial,raw_gather,0.4,100,33.26691624545376,4042.7541367343565,7573.387339859386,8057.478316421926,597,168627200,1866240000,2034867200,3391445.3333333335,194.06005859375,0.09003770150655907,0.9894607487641488,0.9894607487641488,0.13019068032151127,0.3911970816,3.2,8.18002012415831,6.7571712,3.9105331199999998,1,INTERCONNECT
540p,5,4,adversarial,raw_gather,0.4,125,41.43448684373521,2268.507935562481,4190.187388687462,4537.82816993746,595,168627200,1866240000,2034867200,3391445.3333333335,194.06005859375,0.08993240992984668,0.9865745541650407,0.9865745541650407,0.16134611982492006,0.3911970816,3.2,8.18002012415831,6.7571712,3.9105331199999998,1,INTERCONNECT
540p,5,4,adversarial,raw_gather,0.4,200,59.062248260504106,120.18877052343669,194.74648536718632,269.30420021093596,0,168627200,1866240000,2034867200,3391445.3333333335,194.06005859375,0.08070237532366589,0.8807092527674835,0.8807092527674835,0.20582754662656183,0.3911970816,3.2,8.18002012415831,6.7571712,3.9105331199999998,1,INTERCONNECT_HEADROOM_LOW
540p,5,4,adversarial,raw_gather,0.4,400,60.082911287186235,66.26817726171794,103.74703468359257,141.2258921054672,0,168627200,1866240000,2034867200,3391445.3333333335,194.06005859375,0.04183759111783003,0.45036777312472037,0.45036777312472037,0.17717707240879102,0.3911970816,3.2,8.18002012415831,6.7571712,3.9105331199999998,1,HEADROOM
540p,5,4,adversarial,raw_gather,0.4,800,60.60658676608697,39.30788063085856,58.2473093417957,77.18673805273284,0,168627200,1866240000,2034867200,3391445.3333333335,194.06005859375,0.02189708778880811,0.22957082589390856,0.22957082589390856,0.17805525149522064,0.3911970816,3.2,8.18002012415831,6.7571712,3.9105331199999998,1,HEADROOM
540p,5,4,adversarial,raw_gather,0.4,1600,60.76136457969314,29.799544831053936,41.507128831053706,57.688558142186594,0,168627200,1866240000,2034867200,3391445.3333333335,194.06005859375,0.01177450366929553,0.11750900786682628,0.11750900786682628,0.17850997108921282,0.3911970816,3.2,8.18002012415831,6.7571712,3.9105331199999998,1,HEADROOM
540p,5,8,optimistic,owner_only,0.4,12.5,60.53289804962887,80.16797006468687,90.10471322874946,100.0414563928116,49,42156800,15000000,57156800,95261.33333333333,5.450897216796875,0.32489101965635386,0.12029997217910868,0.32489101965635386,0.10914040840240465,0.02401311744,0.8,33.31512461882167,0.410462208,0.2875392,1,BURST_OR_PER_FRAME_LATENCY
540p,5,8,optimistic,owner_only,0.4,25,60.757853270535215,46.229264573905766,54.91267961391077,64.16446841391189,0,42156800,15000000,57156800,95261.33333333333,5.450897216796875,0.16325172369832341,0.0628038324457319,0.16325172369832341,0.10954600115399968,0.02401311744,0.8,33.31512461882167,0.410462208,0.2875392,1,HEADROOM
540p,5,8,optimistic,owner_only,0.4,50,60.859900273670476,29.67088444695264,38.35429948695764,47.606088286958766,0,42156800,15000000,57156800,95261.33333333333,5.450897216796875,0.08196582444556381,0.03388905391691629,0.08196582444556381,0.10972999121489671,0.02401311744,0.8,33.31512461882167,0.410462208,0.2875392,1,HEADROOM
540p,5,8,optimistic,owner_only,0.4,100,60.91105242951254,21.39169438347608,30.07510942348108,39.3268982234822,0,42156800,15000000,57156800,95261.33333333333,5.450897216796875,0.041220394804404654,0.019395210766186353,0.041220394804404654,0.10982221820813746,0.02401311744,0.8,33.31512461882167,0.410462208,0.2875392,1,HEADROOM
540p,5,8,optimistic,owner_only,0.4,125,60.92129318070953,19.735856370780766,28.41927141078577,37.67106021078689,0,42156800,15000000,57156800,95261.33333333333,5.450897216796875,0.03306308842111796,0.016493517980196434,0.03306308842111796,0.10984068221372778,0.02401311744,0.8,33.31512461882167,0.410462208,0.2875392,1,HEADROOM
540p,5,8,optimistic,owner_only,0.4,200,60.936660765658054,17.252099351737797,25.9355143917428,35.18730319174392,0,42156800,15000000,57156800,95261.33333333333,5.450897216796875,0.02082198458166841,0.012139148898723615,0.02082198458166841,0.10986838986611978,0.02401311744,0.8,33.31512461882167,0.410462208,0.2875392,1,HEADROOM
540p,5,8,optimistic,owner_only,0.4,400,60.94947301015622,15.182301835868657,23.86571687587366,33.11750567587478,0,42156800,15000000,57156800,95261.33333333333,5.450897216796875,0.010616346165229114,0.008508829528830034,0.010616346165229114,0.1098914902568517,0.02401311744,0.8,33.31512461882167,0.410462208,0.2875392,1,HEADROOM
540p,5,8,optimistic,owner_only,0.4,800,60.955881152997655,14.147403077934086,22.83081811793909,32.08260691794021,0,42156800,15000000,57156800,95261.33333333333,5.450897216796875,0.005511917447061385,0.006693097313787411,0.006693097313787411,0.1099030440953321,0.02401311744,0.8,33.31512461882167,0.410462208,0.2875392,1,HEADROOM
540p,5,8,optimistic,owner_only,0.4,1600,60.95908572975236,13.629953698966801,22.313368738971803,31.565157538972926,0,42156800,15000000,57156800,95261.33333333333,5.450897216796875,0.0029593005624137816,0.005785088021068733,0.005785088021068733,0.10990882192568607,0.02401311744,0.8,33.31512461882167,0.410462208,0.2875392,1,HEADROOM
540p,5,8,optimistic,finishing_owner,0.4,12.5,60.53289804962887,80.16797006468687,90.10471322874946,100.0414563928116,49,42156800,15000000,57156800,95261.33333333333,5.450897216796875,0.32489101965635386,0.12029997217910868,0.32489101965635386,0.10914040840240465,0.02401311744,6.4,266.52099695057336,0.410462208,0.2875392,1,BURST_OR_PER_FRAME_LATENCY
540p,5,8,optimistic,finishing_owner,0.4,25,59.82227981429144,46.229264573905766,54.91267961391077,64.16446841391189,0,42999936,19147200,62147136,103578.56,5.926812744140625,0.1639526672674964,0.07761020687831016,0.1639526672674964,0.10730570540106951,0.02401311744,6.4,266.52099695057336,0.410462208,0.2875392,1,HEADROOM
540p,5,8,optimistic,finishing_owner,0.4,50,59.84118462920466,29.67088444695264,88.57833017210942,144.09689096312468,0,83470464,156004800,239475264,399125.44,22.838140869140624,0.15957576965315567,0.3015552302002932,0.3015552302002932,0.09184722135552867,0.02401311744,6.4,266.52099695057336,0.410462208,0.2875392,1,HEADROOM
540p,5,8,optimistic,finishing_owner,0.4,100,60.187526478463525,31.912331636952786,73.05520578246069,114.19807992796814,0,85156736,292862400,378019136,630031.8933333333,36.050714111328126,0.08226811503460059,0.28498327246056715,0.28498327246056715,0.07400300867074605,0.02401311744,6.4,266.52099695057336,0.410462208,0.2875392,1,HEADROOM
540p,5,8,optimistic,finishing_owner,0.4,125,60.32222895364316,36.78154672484334,59.22897104124968,102.77014535765557,0,85156736,295627200,380783936,634639.8933333333,36.314385986328126,0.06612264718989369,0.231582721616212,0.231582721616212,0.07105372605432854,0.02401311744,6.4,266.52099695057336,0.410462208,0.2875392,1,HEADROOM
540p,5,8,optimistic,finishing_owner,0.4,200,60.56739247828384,24.03156015257764,51.39479410033164,72.16623117308518,0,126470400,429720000,556190400,926984.0,53.042449951171875,0.06207934248752699,0.2116895614581656,0.2116895614581656,0.05597829747658533,0.02401311744,6.4,266.52099695057336,0.410462208,0.2875392,1,HEADROOM
540p,5,8,optimistic,finishing_owner,0.4,400,60.84145671807237,16.616462038563895,30.49807901244094,44.37969598631753,0,168627200,500222400,668849600,1114749.3333333333,63.786468505859375,0.04237390197789973,0.12580219830015035,0.12580219830015035,0.04666242707151783,0.02401311744,6.4,266.52099695057336,0.410462208,0.2875392,1,HEADROOM
540p,5,8,optimistic,finishing_owner,0.4,800,60.99979091840492,11.271161440419291,20.05991914610786,27.20072763304597,0,252097664,634315200,886412864,1477354.7733333334,84.53491821289063,0.03296061017147447,0.08175625518963646,0.08175625518963646,0.02853631277513705,0.02401311744,6.4,266.52099695057336,0.410462208,0.2875392,1,HEADROOM
540p,5,8,optimistic,finishing_owner,0.4,1600,61.09507548069898,7.7047342095843305,11.47513845305366,16.069517305897534,0,293411328,638462400,931873728,1553122.88,88.87040405273437,0.02061009581463236,0.043637488140059306,0.043637488140059306,0.025295536820209227,0.02401311744,6.4,266.52099695057336,0.410462208,0.2875392,1,HEADROOM
540p,5,8,optimistic,independent_au,0.4,12.5,60.43927443143721,84.8409742150775,98.11557748656196,111.39018075804597,49,42156800,20250000,62406800,104011.33333333333,5.951576232910156,0.3243885247526196,0.1604614780187388,0.3243885247526196,0.1089716056479558,0.02401311744,6.4,266.52099695057336,0.410462208,0.2875392,1,BURST_OR_PER_FRAME_LATENCY
540p,5,8,optimistic,independent_au,0.4,25,60.77065754025004,46.563050584647954,55.33194195180113,64.49825442465408,0,42999936,20250000,63249936,105416.56,6.031983947753906,0.1665518503516364,0.08310146324101672,0.1665518503516364,0.10900684987745134,0.02401311744,6.4,266.52099695057336,0.410462208,0.2875392,1,HEADROOM
540p,5,8,optimistic,independent_au,0.4,50,60.935413454904186,29.837777452323735,36.3446341882227,40.93992401232936,0,83470464,20250000,103720464,172867.44,9.891554260253907,0.16249369997354665,0.04410079674718025,0.16249369997354665,0.09352669808698655,0.02401311744,6.4,266.52099695057336,0.410462208,0.2875392,1,HEADROOM
540p,5,8,optimistic,independent_au,0.4,100,61.03063163197649,19.624783126161674,23.727363727952252,27.81652129491215,0,85156736,20250000,105406736,175677.89333333334,10.052369689941406,0.08342052444255804,0.024526079772303488,0.08342052444255804,0.07503964070459605,0.02401311744,6.4,266.52099695057336,0.410462208,0.2875392,1,HEADROOM
540p,5,8,optimistic,independent_au,0.4,125,61.04903245635345,17.063441960429373,21.10164954586071,24.778043147929736,0,85156736,20250000,105406736,175677.89333333334,10.052369689941406,0.0669193381016805,0.020603564056178976,0.0669193381016805,0.07190982997941045,0.02401311744,6.4,266.52099695057336,0.410462208,0.2875392,1,HEADROOM
540p,5,8,optimistic,independent_au,0.4,200,61.0906115708034,13.593107083080668,15.925329924870312,19.14418036308416,0,126470400,20250000,146720400,244534.0,13.992347717285156,0.06261562275173317,0.014718716270494862,0.06261562275173317,0.056461873090592314,0.02401311744,6.4,266.52099695057336,0.410462208,0.2875392,1,HEADROOM
540p,5,8,optimistic,independent_au,0.4,400,61.12965671801714,9.652090181540188,11.502447941542414,13.752475923728099,0,168627200,20250000,188877200,314795.3333333333,18.012733459472656,0.04257462298634434,0.009809248027231912,0.04257462298634434,0.04688346240178203,0.02401311744,6.4,266.52099695057336,0.410462208,0.2875392,1,HEADROOM
540p,5,8,optimistic,independent_au,0.4,800,61.15524216391386,6.756402850769973,8.161334397411338,9.842988619598458,0,252097664,20250000,272347664,453912.7733333333,25.973097229003905,0.033044606654523793,0.007352886500712856,0.033044606654523793,0.02860903442379092,0.02401311744,6.4,266.52099695057336,0.410462208,0.2875392,1,HEADROOM
540p,5,8,optimistic,independent_au,0.4,1600,61.17039367062007,4.965928523158254,6.131024958705893,7.515722065385489,0,293411328,20250000,313661328,522768.88,29.913075256347657,0.02063550400176765,0.006124169853758519,0.02063550400176765,0.025326721232887175,0.02401311744,6.4,266.52099695057336,0.410462208,0.2875392,1,HEADROOM
540p,5,8,optimistic,raw_gather,0.4,12.5,4.210629715384956,66399.7867496254,125774.9600308756,131272.1925308753,600,42156800,1866240000,1908396800,3180661.3333333335,181.9989013671875,0.0225992117625888,0.9995390191648732,0.9995390191648732,0.007591737081407295,0.02401311744,6.4,266.52099695057336,0.410462208,0.2875392,1,INTERCONNECT
540p,5,8,optimistic,raw_gather,0.4,25,8.40868833693191,30753.796568697777,58192.79703744824,60842.37328744828,599,42999936,1866240000,1909239936,3182066.56,182.07930908203124,0.023045375156894695,0.9983832741072265,0.9983832741072265,0.01508301315652411,0.02401311744,6.4,266.52099695057336,0.410462208,0.2875392,1,INTERCONNECT
540p,5,8,optimistic,raw_gather,0.4,50,16.758695715664913,12939.86346322878,24420.12369760425,25645.87182260429,599,83470464,1866240000,1949710464,3249517.44,185.93887939453126,0.044689652849972575,0.9955699580856311,0.9955699580856311,0.02572207827375497,0.02401311744,6.4,266.52099695057336,0.410462208,0.2875392,1,INTERCONNECT
540p,5,8,optimistic,raw_gather,0.4,100,33.285107639639826,4032.896910494357,7563.530113619385,8047.621090181925,596,85156736,1866240000,1951396736,3252327.8933333335,186.09969482421874,0.0454961887363286,0.9900018169647478,0.9900018169647478,0.040925391910637335,0.02401311744,6.4,266.52099695057336,0.410462208,0.2875392,1,INTERCONNECT
540p,5,8,optimistic,raw_gather,0.4,125,41.462711140817056,2258.650709322482,4180.3301624474625,4527.970943697461,594,85156736,1866240000,1951396736,3252327.8933333335,186.09969482421874,0.045449650449880134,0.9872465879086988,0.9872465879086988,0.04883904606929222,0.02401311744,6.4,266.52099695057336,0.410462208,0.2875392,1,INTERCONNECT
540p,5,8,optimistic,raw_gather,0.4,200,59.11961300074342,110.33154428343687,184.88925912718696,259.4469739709366,0,126470400,1866240000,1992710400,3321184.0,190.0396728515625,0.06059542194290605,0.8815646495564531,0.8815646495564531,0.05464021394750966,0.02401311744,6.4,266.52099695057336,0.410462208,0.2875392,1,INTERCONNECT_HEADROOM_LOW
540p,5,8,optimistic,raw_gather,0.4,400,60.14227681142857,56.41095102171812,93.88980844359321,131.36866586546785,0,168627200,1866240000,2034867200,3391445.3333333335,194.06005859375,0.04188694814038189,0.450812763528491,0.450812763528491,0.04612619021652574,0.02401311744,6.4,266.52099695057336,0.410462208,0.2875392,1,HEADROOM
540p,5,8,optimistic,raw_gather,0.4,800,60.66699216596302,29.450654390858745,48.390083101796336,67.32951181273347,0,252097664,1866240000,2118337664,3530562.7733333334,202.02042236328126,0.03278078578552759,0.2297996346468502,0.2297996346468502,0.028380626187562343,0.02401311744,6.4,266.52099695057336,0.410462208,0.2875392,1,HEADROOM
540p,5,8,optimistic,raw_gather,0.4,1600,60.932798322377344,15.970506075429057,25.640220430897898,35.309934786366284,0,293411328,1866240000,2159651328,3599418.88,205.960400390625,0.020555352486218075,0.1178405509313553,0.1178405509313553,0.02522834829803937,0.02401311744,6.4,266.52099695057336,0.410462208,0.2875392,1,HEADROOM
540p,5,8,median,owner_only,0.4,12.5,60.22709852356194,96.06801906781084,115.66161138781536,136.85768178781655,49,42156800,15000000,57156800,95261.33333333333,5.450897216796875,0.32324973825342385,0.11969224190906486,0.32324973825342385,0.2472728469581285,0.10530404352,0.8,7.59704920398483,1.810059264,1.1501568,1,BURST_OR_PER_FRAME_LATENCY
540p,5,8,median,owner_only,0.4,25,60.42797383700286,62.95125881390459,82.5448511339091,103.7409215339103,0,42156800,15000000,57156800,95261.33333333333,5.450897216796875,0.162365362787957,0.06246284454777887,0.162365362787957,0.24809757555797482,0.10530404352,0.8,7.59704920398483,1.810059264,1.1501568,1,HEADROOM
540p,5,8,median,owner_only,0.4,50,60.528914817344265,46.39287868695146,65.98647100695598,87.18254140695717,0,42156800,15000000,57156800,95261.33333333333,5.450897216796875,0.08152005480602652,0.03370474891600903,0.08152005480602652,0.24851200634072285,0.10530404352,0.8,7.59704920398483,1.810059264,1.1501568,1,HEADROOM
540p,5,8,median,owner_only,0.4,100,60.57951187470822,38.1136886234749,57.70728094347942,78.90335134348061,0,42156800,15000000,57156800,95261.33333333333,5.450897216796875,0.040996031047457256,0.019289642093811014,0.040996031047457256,0.24871974137576183,0.10530404352,0.8,7.59704920398483,1.810059264,1.1501568,1,HEADROOM
540p,5,8,median,owner_only,0.4,125,60.589641438645664,36.45785061077959,56.051442930784106,77.2475133307853,0,42156800,15000000,57156800,95261.33333333333,5.450897216796875,0.03288309501814884,0.016403728291151786,0.03288309501814884,0.24876133006548223,0.10530404352,0.8,7.59704920398483,1.810059264,1.1501568,1,HEADROOM
540p,5,8,median,owner_only,0.4,200,60.604842137801754,33.97409359173662,53.56768591174114,74.76375631174233,0,42156800,15000000,57156800,95261.33333333333,5.450897216796875,0.020708602550780563,0.01207304754560865,0.020708602550780563,0.2488237391844374,0.10530404352,0.8,7.59704920398483,1.810059264,1.1501568,1,HEADROOM
540p,5,8,median,owner_only,0.4,400,60.617515214564385,31.904296075867478,51.497888395871996,72.69395879587319,0,42156800,15000000,57156800,95261.33333333333,5.450897216796875,0.010558524847074943,0.008462486678696016,0.010558524847074943,0.24887577070924327,0.10530404352,0.8,7.59704920398483,1.810059264,1.1501568,1,HEADROOM
540p,5,8,median,owner_only,0.4,800,60.62385374070356,30.869397317932908,50.462989637937426,71.65906003793862,0,42156800,15000000,57156800,95261.33333333333,5.450897216796875,0.005481893966929371,0.006656639932821144,0.006656639932821144,0.24890179463273246,0.10530404352,0.8,7.59704920398483,1.810059264,1.1501568,1,HEADROOM
540p,5,8,median,owner_only,0.4,1600,60.6270235008945,30.351947938965623,49.94554025897014,71.14161065897133,0,42156800,15000000,57156800,95261.33333333333,5.450897216796875,0.0029431803741128628,0.005753574929961505,0.005753574929961505,0.24891480863549537,0.10530404352,0.8,7.59704920398483,1.810059264,1.1501568,1,HEADROOM
540p,5,8,median,finishing_owner,0.4,12.5,57.865693349698816,96.06801906781084,115.66161138781536,240.50765646281252,52,42999936,20529600,63529536,105882.56,6.058648681640625,0.31678716228147324,0.1556861222017786,0.31678716228147324,0.2359423194856161,0.10530404352,6.4,60.77639363187864,1.810059264,1.1501568,1,BURST_OR_PER_FRAME_LATENCY
540p,5,8,median,finishing_owner,0.4,25,58.21791752075348,62.95125881390459,178.3288332206248,341.7003298026557,6,83470464,157387200,240857664,401429.44,22.969976806640624,0.3097256774244499,0.587209709276897,0.587209709276897,0.19681226547719888,0.10530404352,6.4,60.77639363187864,1.810059264,1.1501568,1,BURST_OR_PER_FRAME_LATENCY
540p,5,8,median,finishing_owner,0.4,50,59.188050810834476,90.9671864921088,146.4857472831245,228.37149557413977,0,85156736,292862400,378019136,630031.8933333333,36.050714111328126,0.16101476303989476,0.5557666212318318,0.5557666212318318,0.15895173137756444,0.10530404352,6.4,60.77639363187864,1.810059264,1.1501568,1,HEADROOM
540p,5,8,median,finishing_owner,0.4,100,59.92965541123214,61.62363119425709,102.76650533976499,143.90937948527244,0,127313536,431102400,558415936,930693.2266666667,53.254693603515626,0.12247189362348694,0.41544364469920675,0.41544364469920675,0.11876095845306694,0.10530404352,6.4,60.77639363187864,1.810059264,1.1501568,1,HEADROOM
540p,5,8,median,finishing_owner,0.4,125,60.113295494451705,50.258747771405524,93.79992208781186,126.79422140421775,0,166940928,497457600,664398528,1107330.88,63.36198120117187,0.1291852957672968,0.3850557436419026,0.3850557436419026,0.10644464175688173,0.10530404352,6.4,60.77639363187864,1.810059264,1.1501568,1,HEADROOM
540p,5,8,median,finishing_owner,0.4,200,60.42975747953074,40.00242880167889,67.36566274943289,94.72889669718643,0,209940864,567960000,777900864,1296501.44,74.18640747070313,0.10281479152676617,0.2775986267289401,0.2775986267289401,0.08523016398316975,0.10530404352,6.4,60.77639363187864,1.810059264,1.1501568,1,HEADROOM
540p,5,8,median,finishing_owner,0.4,400,60.764951918414276,25.736719878339045,39.61833685221609,53.49995382609268,0,252940800,637080000,890020800,1483368.0,84.87899780273438,0.06347282668175562,0.1586894020893613,0.1586894020893613,0.06423661909663048,0.10530404352,6.4,60.77639363187864,1.810059264,1.1501568,1,HEADROOM
540p,5,8,median,finishing_owner,0.4,800,60.97476643789878,15.307966979169123,24.09672468485769,31.237533171795803,0,333881856,702052800,1035934656,1726557.76,98.79442749023437,0.043619131322093906,0.08992885329735464,0.08992885329735464,0.04404757108791715,0.10530404352,6.4,60.77639363187864,1.810059264,1.1501568,1,HEADROOM
540p,5,8,median,finishing_owner,0.4,1600,61.075094951889994,10.917565138959162,14.687969382428491,18.458373625897366,0,336411264,706200000,1042611264,1737685.44,99.43115844726563,0.02361129975422573,0.04773303701889577,0.04773303701889577,0.04298861457474103,0.10530404352,6.4,60.77639363187864,1.810059264,1.1501568,1,HEADROOM
540p,5,8,median,independent_au,0.4,12.5,60.2486041806123,97.59389797406084,118.0639818331274,137.65757415312873,49,42999936,27000000,69999936,116666.56,6.675714111328125,0.32983246626725526,0.21166705539740144,0.32983246626725526,0.2456584306393425,0.10530404352,6.4,60.77639363187864,1.810059264,1.1501568,1,BURST_OR_PER_FRAME_LATENCY
540p,5,8,median,independent_au,0.4,25,60.604857701962345,63.71419826702959,76.55782757406269,87.47885604453222,0,83470464,27000000,110470464,184117.44,10.535284423828125,0.3224244597938641,0.10888352184782837,0.3224244597938641,0.20488158716763558,0.10530404352,6.4,60.77639363187864,1.810059264,1.1501568,1,HEADROOM
540p,5,8,median,independent_au,0.4,50,60.80686916399546,41.73982098226497,50.34939129828308,58.82781945828356,0,85156736,27000000,112156736,186927.89333333334,10.696099853515625,0.1654185852636051,0.057055503977619465,0.1654185852636051,0.1632991288082231,0.10530404352,6.4,60.77639363187864,1.810059264,1.1501568,1,HEADROOM
540p,5,8,median,independent_au,0.4,100,60.937222523371354,29.110681975507305,33.85904949789074,41.470667539882925,0,127313536,27000000,154313536,257189.22666666665,14.716485595703125,0.1245309518865403,0.0310263966170221,0.1245309518865403,0.12075762663215703,0.10530404352,6.4,60.77639363187864,1.810059264,1.1501568,1,HEADROOM
540p,5,8,median,independent_au,0.4,125,60.96772251961202,24.316119015311415,30.405413448906984,37.03376125531261,0,166940928,27000000,193940928,323234.88,18.495648193359376,0.1310214853664362,0.025809024196394588,0.1310214853664362,0.10795760453578948,0.10530404352,6.4,60.77639363187864,1.810059264,1.1501568,1,HEADROOM
540p,5,8,median,independent_au,0.4,200,61.017550076149526,20.935333769940826,25.035719512128708,29.43068197550747,0,209940864,27000000,236940864,394901.44,22.596441650390624,0.10381485798082743,0.017974349836564714,0.10381485798082743,0.08605918699248567,0.10530404352,6.4,60.77639363187864,1.810059264,1.1501568,1,HEADROOM
540p,5,8,median,independent_au,0.4,400,61.076959998638245,14.8774667960638,17.154948027753562,21.335333769940917,0,252940800,27000000,279940800,466568.0,26.697235107421875,0.06379873880995006,0.011439003708314207,0.06379873880995006,0.06456645304813803,0.10530404352,6.4,60.77639363187864,1.810059264,1.1501568,1,HEADROOM
540p,5,8,median,independent_au,0.4,800,61.10439662784766,10.78226521139095,12.952458082485464,16.04256323161144,0,333881856,27000000,360881856,601469.76,34.416375732421876,0.04371186404759679,0.008166246999923424,0.04371186404759679,0.04414121466116033,0.10530404352,6.4,60.77639363187864,1.810059264,1.1501568,1,HEADROOM
540p,5,8,median,independent_au,0.4,1600,61.119076216807294,8.42387369456219,10.332894903469423,13.407012547922932,0,336411264,27000000,363411264,605685.44,34.657598876953124,0.023628302672196635,0.0065288674694507776,0.023628302672196635,0.043019571442635025,0.10530404352,6.4,60.77639363187864,1.810059264,1.1501568,1,HEADROOM
540p,5,8,median,raw_gather,0.4,12.5,4.210589684192825,66401.14150162539,125776.31478287559,131273.54728287528,600,42999936,1866240000,1909239936,3182066.56,182.07930908203124,0.02305097684609411,0.9995295163728389,0.9995295163728389,0.017168312327771208,0.10530404352,6.4,60.77639363187864,1.810059264,1.1501568,1,INTERCONNECT
540p,5,8,median,raw_gather,0.4,25,8.40840683540712,30756.18542501778,58195.18589376824,60844.76214376828,599,83470464,1866240000,1949710464,3249517.44,185.93887939453126,0.04473364239159648,0.9983498507714192,0.9983498507714192,0.028425571865233933,0.10530404352,6.4,60.77639363187864,1.810059264,1.1501568,1,INTERCONNECT
540p,5,8,median,raw_gather,0.4,50,16.757577590984752,12942.252319548781,24422.51255392425,25648.260678924293,599,85156736,1866240000,1951396736,3252327.8933333335,186.09969482421874,0.04558719788827962,0.9955035345787039,0.9955035345787039,0.04500310341852509,0.10530404352,6.4,60.77639363187864,1.810059264,1.1501568,1,INTERCONNECT
540p,5,8,median,raw_gather,0.4,100,33.280697207333056,4035.285766814357,7565.918969939386,8050.009946501927,597,127313536,1866240000,1993553536,3322589.2266666666,190.12008056640624,0.06801223835049867,0.9898706370976261,0.9898706370976261,0.06595144709589647,0.10530404352,6.4,60.77639363187864,1.810059264,1.1501568,1,INTERCONNECT
540p,5,8,median,raw_gather,0.4,125,41.45586757444592,2261.0395656424816,4182.719018767462,4530.359800017461,593,166940928,1866240000,2033180928,3388634.88,193.8992431640625,0.08908991712805,0.9870836393854802,0.9870836393854802,0.07340730426416085,0.10530404352,6.4,60.77639363187864,1.810059264,1.1501568,1,INTERCONNECT
540p,5,8,median,raw_gather,0.4,200,59.105700675192466,112.7204006034367,187.2781154471868,261.8358302909364,0,209940864,1866240000,2076180864,3460301.44,198.00003662109376,0.10056204999700331,0.8813571953162048,0.8813571953162048,0.08336271352062224,0.10530404352,6.4,60.77639363187864,1.810059264,1.1501568,1,INTERCONNECT_HEADROOM_LOW
540p,5,8,median,raw_gather,0.4,400,60.127879064712374,58.79980734171795,96.27866476359304,133.75752218546768,0,252940800,1866240000,2119180800,3531968.0,202.100830078125,0.06280736388535672,0.4507048413092165,0.4507048413092165,0.06356314853591978,0.10530404352,6.4,60.77639363187864,1.810059264,1.1501568,1,HEADROOM
540p,5,8,median,raw_gather,0.4,800,60.652342125689756,31.839510710858576,50.77893942179617,69.7183681327333,0,333881856,1866240000,2200121856,3666869.76,209.819970703125,0.04338848069008198,0.22974414196817658,0.22974414196817658,0.04381465493846434,0.10530404352,6.4,60.77639363187864,1.810059264,1.1501568,1,HEADROOM
540p,5,8,median,raw_gather,0.4,1600,60.91801964123406,18.35936239542889,28.02907675089773,37.698791106366116,0,336411264,1866240000,2202651264,3671085.44,210.06119384765626,0.02355057529285883,0.11781196980631409,0.11781196980631409,0.04287805477955258,0.10530404352,6.4,60.77639363187864,1.810059264,1.1501568,1,HEADROOM
540p,5,8,adversarial,owner_only,0.4,12.5,59.22676815673464,148.34660850781074,201.7710309078102,260.30895090780905,147,42156800,15000000,57156800,95261.33333333333,5.450897216796875,0.3178807841252855,0.1177042367221898,0.3178807841252855,0.6681643685080535,0.3911970816,0.8,2.0450050310395773,6.7571712,3.9105331199999998,1,BURST_OR_PER_FRAME_LATENCY
540p,5,8,adversarial,owner_only,0.4,25,59.42101532527114,115.22984825390449,168.65427065390395,227.1921906539028,0,42156800,15000000,57156800,95261.33333333333,5.450897216796875,0.15965974196885174,0.06142197739651512,0.15965974196885174,0.6703557600146135,0.3911970816,0.8,2.0450050310395773,6.7571712,3.9105331199999998,1,HEADROOM
540p,5,8,adversarial,owner_only,0.4,50,59.5186175014888,98.67146812695137,152.09589052695083,210.63381052694967,0,42156800,15000000,57156800,95261.33333333333,5.450897216796875,0.08015939118257562,0.03314217782970783,0.08015939118257562,0.6714568549834442,0.3911970816,0.8,2.0450050310395773,6.7571712,3.9105331199999998,1,HEADROOM
540p,5,8,adversarial,owner_only,0.4,100,59.567538925998974,90.3922780634748,143.81670046347426,202.3546204634731,0,42156800,15000000,57156800,95261.33333333333,5.450897216796875,0.04031119762538751,0.018967411105393798,0.04031119762538751,0.6720087600380616,0.3911970816,0.8,2.0450050310395773,6.7571712,3.9105331199999998,1,HEADROOM
540p,5,8,adversarial,owner_only,0.4,125,59.57733286313842,88.73644005077949,142.16086245077895,200.6987824507778,0,42156800,15000000,57156800,95261.33333333333,5.450897216796875,0.03233369683249033,0.016129661067363396,0.03233369683249033,0.6721192499403077,0.3911970816,0.8,2.0450050310395773,6.7571712,3.9105331199999998,1,HEADROOM
540p,5,8,adversarial,owner_only,0.4,200,59.59202980893685,86.25268303173652,139.67710543173598,198.21502543173483,0,42156800,15000000,57156800,95261.33333333333,5.450897216796875,0.020362525781381452,0.011871285921127201,0.020362525781381452,0.6722850529346973,0.3911970816,0.8,2.0450050310395773,6.7571712,3.9105331199999998,1,HEADROOM
540p,5,8,adversarial,owner_only,0.4,400,59.60428280393267,84.18288551586738,137.60730791586684,196.1452279158657,0,42156800,15000000,57156800,95261.33333333333,5.450897216796875,0.010382037250286314,0.008321034727934865,0.010382037250286314,0.6724232845978204,0.3911970816,0.8,2.0450050310395773,6.7571712,3.9105331199999998,1,HEADROOM
540p,5,8,adversarial,owner_only,0.4,800,59.610411191171416,83.14798675793281,136.57240915793227,195.11032915793112,0,42156800,15000000,57156800,95261.33333333333,5.450897216796875,0.0053902537254186325,0.006545361587276009,0.006545361587276009,0.6724924217484162,0.3911970816,0.8,2.0450050310395773,6.7571712,3.9105331199999998,1,HEADROOM
540p,5,8,adversarial,owner_only,0.4,1600,59.613475857396026,82.63053737896553,136.05495977896499,194.59287977896383,0,42156800,15000000,57156800,95261.33333333333,5.450897216796875,0.0028939770096671545,0.005657388081668214,0.005657388081668214,0.6725269956553906,0.3911970816,0.8,2.0450050310395773,6.7571712,3.9105331199999998,1,HEADROOM
540p,5,8,adversarial,finishing_owner,0.4,12.5,34.05037611632602,3505.632659683576,6699.6799716952755,7387.151641617187,592,84313600,225124800,309438400,515730.6666666667,29.510345458984375,0.36550906275941447,0.9774534552796169,0.9774534552796169,0.2834373879798187,0.3911970816,6.4,16.36004024831662,6.7571712,3.9105331199999998,1,INTERCONNECT
540p,5,8,adversarial,finishing_owner,0.4,25,42.37891329793244,1972.5487485507629,3684.2580014804316,4088.1106357577737,588,125627264,361982400,487609664,812682.7733333333,46.502081298828124,0.3393237070899955,0.9787079975538767,0.9787079975538767,0.27089911125781063,0.3911970816,6.4,16.36004024831662,6.7571712,3.9105331199999998,1,INTERCONNECT
540p,5,8,adversarial,finishing_owner,0.4,50,58.37939244272783,125.91641822851489,234.16935401953015,342.4222898105454,57,167784064,498840000,666624064,1111040.1066666667,63.574224853515624,0.31291228354714823,0.9304330405449645,0.9304330405449645,0.2837889407612643,0.3911970816,6.4,16.36004024831662,6.7571712,3.9105331199999998,1,INTERCONNECT
540p,5,8,adversarial,finishing_owner,0.4,100,59.56955620555937,82.59401344335856,136.920481338866,204.43054298437346,0,210784000,569342400,780126400,1300210.6666666667,74.39865112304688,0.20153898608209225,0.5438375074140755,0.5438375074140755,0.2308018204300861,0.3911970816,6.4,16.36004024831662,6.7571712,3.9105331199999998,1,HEADROOM
540p,5,8,adversarial,finishing_owner,0.4,125,59.87705602540642,68.54472755468669,122.63277687109257,166.17395118749846,0,252097664,634315200,886412864,1477354.7733333334,84.53491821289063,0.19430429404122362,0.48774262277679453,0.48774262277679453,0.17708033267903678,0.3911970816,6.4,16.36004024831662,6.7571712,3.9105331199999998,1,HEADROOM
540p,5,8,adversarial,finishing_owner,0.4,200,60.30432517104087,54.062595596678875,81.42582954443242,115.38086036718596,0,292568192,637080000,929648192,1549413.6533333333,88.65816040039063,0.14296485596301978,0.31014857843274807,0.31014857843274807,0.1759905447557659,0.3911970816,6.4,16.36004024831662,6.7571712,3.9105331199999998,1,HEADROOM
540p,5,8,adversarial,finishing_owner,0.4,400,60.7190265626053,33.20508979833903,50.38260520971562,64.26422218359221,0,335568128,703435200,1039003328,1731672.2133333334,99.08707885742187,0.0841380274978205,0.17457936629697468,0.17457936629697468,0.12033094999858485,0.3911970816,6.4,16.36004024831662,6.7571712,3.9105331199999998,1,HEADROOM
540p,5,8,adversarial,finishing_owner,0.4,800,60.918329115857745,24.42428611791911,31.565094604857222,40.353852310545335,0,337254400,706200000,1043454400,1739090.6666666667,99.51156616210938,0.04401131741488417,0.09034756807459432,0.09034756807459432,0.11834856632770843,0.3911970816,6.4,16.36004024831662,6.7571712,3.9105331199999998,1,HEADROOM
540p,5,8,adversarial,finishing_owner,0.4,1600,60.970143341033285,18.38593505895915,26.41801597668382,33.25832304166215,0,337254400,706200000,1043454400,1739090.6666666667,99.51156616210938,0.023621793426688537,0.047651012437023854,0.047651012437023854,0.11844922797345454,0.3911970816,6.4,16.36004024831662,6.7571712,3.9105331199999998,1,HEADROOM
540p,5,8,adversarial,independent_au,0.4,12.5,59.76290758281089,146.32197364843705,175.53918754687402,204.8598936484359,196,84313600,45000000,129313600,215522.66666666666,12.332305908203125,0.6415166829213761,0.34674713281954456,0.6415166829213761,0.49747005335513805,0.3911970816,6.4,16.36004024831662,6.7571712,3.9105331199999998,1,BURST_OR_PER_FRAME_LATENCY
540p,5,8,adversarial,independent_au,0.4,25,60.2688893939117,93.78338577343675,117.25991066015558,137.73405571093645,0,125627264,45000000,170627264,284378.7733333333,16.272283935546874,0.4825669508693317,0.17725218683141963,0.4825669508693317,0.38525736746776174,0.3911970816,6.4,16.36004024831662,6.7571712,3.9105331199999998,1,HEADROOM
540p,5,8,adversarial,independent_au,0.4,50,60.55386769602579,64.50239044335831,78.57145876132745,96.82547638085816,0,167784064,45000000,212784064,354640.1066666667,20.292669677734374,0.3245674239752324,0.09146731198682582,0.3245674239752324,0.2943593150495956,0.3911970816,6.4,16.36004024831662,6.7571712,3.9105331199999998,1,HEADROOM
540p,5,8,adversarial,independent_au,0.4,100,60.754630619160224,44.98592567480409,55.74636322167862,67.58966432773434,0,210784000,45000000,255784000,426306.6666666667,24.393463134765625,0.20554839476267356,0.04831546856771393,0.20554839476267356,0.23539338278889155,0.3911970816,6.4,16.36004024831662,6.7571712,3.9105331199999998,1,HEADROOM
540p,5,8,adversarial,independent_au,0.4,125,60.80051143508824,42.287573777342914,50.117841339842926,60.50777496484261,0,252097664,45000000,297097664,495162.7733333333,28.333441162109374,0.1973009569262633,0.039654372622811844,0.1973009569262633,0.179811358584708,0.3911970816,6.4,16.36004024831662,6.7571712,3.9105331199999998,1,HEADROOM
540p,5,8,adversarial,independent_au,0.4,200,60.87257252305078,32.64714057958918,40.25433883740152,48.728683548339916,0,292568192,45000000,337568192,562613.6533333333,32.19301147460938,0.1443120130798774,0.026639534172648235,0.1443120130798774,0.1776489027715898,0.3911970816,6.4,16.36004024831662,6.7571712,3.9105331199999998,1,HEADROOM
540p,5,8,adversarial,independent_au,0.4,400,60.91878105948848,25.764174805419316,29.94456054760667,38.628839818700726,0,335568128,45000000,380568128,634280.2133333334,36.29380493164062,0.08441482622637457,0.015766629400360957,0.08441482622637457,0.12072681682546257,0.3911970816,6.4,16.36004024831662,6.7571712,3.9105331199999998,1,HEADROOM
540p,5,8,adversarial,independent_au,0.4,800,60.95771994134311,19.4726660159904,26.83986427380296,34.51904710935014,0,337254400,45000000,382254400,637090.6666666666,36.454620361328125,0.04403977587966533,0.010326662460439614,0.04403977587966533,0.11842509251925566,0.3911970816,6.4,16.36004024831662,6.7571712,3.9105331199999998,1,HEADROOM
540p,5,8,adversarial,independent_au,0.4,1600,60.979791005219745,15.910125007994793,25.287516136901104,32.46415075467485,0,337254400,45000000,382254400,637090.6666666666,36.454620361328125,0.023625531241920295,0.0076043923664252605,0.023625531241920295,0.11846797089108624,0.3911970816,6.4,16.36004024831662,6.7571712,3.9105331199999998,1,HEADROOM
540p,5,8,adversarial,raw_gather,0.4,12.5,4.210472753899459,66405.0988520254,125780.2721332756,131277.5046332753,600,84313600,1866240000,1950553600,3250922.6666666665,186.019287109375,0.04519673864377548,0.9995017589116889,0.9995017589116889,0.03504822958338068,0.3911970816,6.4,16.36004024831662,6.7571712,3.9105331199999998,1,INTERCONNECT
540p,5,8,adversarial,raw_gather,0.4,25,8.407526888331695,30763.653794937774,58202.65426368824,60852.23051368828,599,125627264,1866240000,1991867264,3319778.7733333334,189.95926513671876,0.06731822430535779,0.998245372592778,0.998245372592778,0.05374351026684586,0.3911970816,6.4,16.36004024831662,6.7571712,3.9105331199999998,1,INTERCONNECT
540p,5,8,adversarial,raw_gather,0.4,50,16.754082918583965,12949.72068946878,24429.980923844247,25655.72904884429,599,167784064,1866240000,2034024064,3390040.1066666665,193.97965087890626,0.0898015228564687,0.9952959294694159,0.9952959294694159,0.08144352392080448,0.3911970816,6.4,16.36004024831662,6.7571712,3.9105331199999998,1,INTERCONNECT
540p,5,8,adversarial,raw_gather,0.4,100,33.26691624545376,4042.7541367343565,7573.387339859386,8057.478316421926,597,210784000,1866240000,2077024000,3461706.6666666665,198.0804443359375,0.11255045357482324,0.9894607487641488,0.9894607487641488,0.12889242960029593,0.3911970816,6.4,16.36004024831662,6.7571712,3.9105331199999998,1,INTERCONNECT
540p,5,8,adversarial,raw_gather,0.4,125,41.43448684373521,2268.507935562481,4190.187388687462,4537.82816993746,595,252097664,1866240000,2118337664,3530562.7733333334,202.02042236328126,0.13445715687351534,0.9865745541650407,0.9865745541650407,0.12253830100732648,0.3911970816,6.4,16.36004024831662,6.7571712,3.9105331199999998,1,INTERCONNECT
540p,5,8,adversarial,raw_gather,0.4,200,59.062248260504106,120.18877052343669,194.74648536718632,269.30420021093596,0,292568192,1866240000,2158808192,3598013.6533333333,205.87999267578124,0.14002023555467877,0.8807092527674835,0.8807092527674835,0.17236570041012525,0.3911970816,6.4,16.36004024831662,6.7571712,3.9105331199999998,1,INTERCONNECT_HEADROOM_LOW
540p,5,8,adversarial,raw_gather,0.4,400,60.082911287186235,66.26817726171794,103.74703468359257,141.2258921054672,0,335568128,1866240000,2201808128,3669680.2133333334,209.9807861328125,0.08325656599283723,0.45036777312472037,0.45036777312472037,0.11907031787496435,0.3911970816,6.4,16.36004024831662,6.7571712,3.9105331199999998,1,HEADROOM
540p,5,8,adversarial,raw_gather,0.4,800,60.60658676608697,39.30788063085856,58.2473093417957,77.18673805273284,0,337254400,1866240000,2203494400,3672490.6666666665,210.1416015625,0.04378609469938045,0.22957082589390856,0.22957082589390856,0.11774293152625427,0.3911970816,6.4,16.36004024831662,6.7571712,3.9105331199999998,1,HEADROOM
540p,5,8,adversarial,raw_gather,0.4,1600,60.87186270871899,25.827732315428875,35.49744667089726,45.16716102636565,0,337254400,1866240000,2203494400,3672490.6666666665,210.1416015625,0.023583716350481138,0.11772270493572502,0.11772270493572502,0.11825829411001822,0.3911970816,6.4,16.36004024831662,6.7571712,3.9105331199999998,1,HEADROOM
540p,5,16,optimistic,owner_only,0.4,12.5,60.53289804962887,80.16797006468687,90.10471322874946,100.0414563928116,49,42156800,15000000,57156800,95261.33333333333,5.450897216796875,0.32489101965635386,0.12029997217910868,0.32489101965635386,0.10914040840240465,0.02401311744,0.8,33.31512461882167,0.410462208,0.2875392,1,BURST_OR_PER_FRAME_LATENCY
540p,5,16,optimistic,owner_only,0.4,25,60.757853270535215,46.229264573905766,54.91267961391077,64.16446841391189,0,42156800,15000000,57156800,95261.33333333333,5.450897216796875,0.16325172369832341,0.0628038324457319,0.16325172369832341,0.10954600115399968,0.02401311744,0.8,33.31512461882167,0.410462208,0.2875392,1,HEADROOM
540p,5,16,optimistic,owner_only,0.4,50,60.859900273670476,29.67088444695264,38.35429948695764,47.606088286958766,0,42156800,15000000,57156800,95261.33333333333,5.450897216796875,0.08196582444556381,0.03388905391691629,0.08196582444556381,0.10972999121489671,0.02401311744,0.8,33.31512461882167,0.410462208,0.2875392,1,HEADROOM
540p,5,16,optimistic,owner_only,0.4,100,60.91105242951254,21.39169438347608,30.07510942348108,39.3268982234822,0,42156800,15000000,57156800,95261.33333333333,5.450897216796875,0.041220394804404654,0.019395210766186353,0.041220394804404654,0.10982221820813746,0.02401311744,0.8,33.31512461882167,0.410462208,0.2875392,1,HEADROOM
540p,5,16,optimistic,owner_only,0.4,125,60.92129318070953,19.735856370780766,28.41927141078577,37.67106021078689,0,42156800,15000000,57156800,95261.33333333333,5.450897216796875,0.03306308842111796,0.016493517980196434,0.03306308842111796,0.10984068221372778,0.02401311744,0.8,33.31512461882167,0.410462208,0.2875392,1,HEADROOM
540p,5,16,optimistic,owner_only,0.4,200,60.936660765658054,17.252099351737797,25.9355143917428,35.18730319174392,0,42156800,15000000,57156800,95261.33333333333,5.450897216796875,0.02082198458166841,0.012139148898723615,0.02082198458166841,0.10986838986611978,0.02401311744,0.8,33.31512461882167,0.410462208,0.2875392,1,HEADROOM
540p,5,16,optimistic,owner_only,0.4,400,60.94947301015622,15.182301835868657,23.86571687587366,33.11750567587478,0,42156800,15000000,57156800,95261.33333333333,5.450897216796875,0.010616346165229114,0.008508829528830034,0.010616346165229114,0.1098914902568517,0.02401311744,0.8,33.31512461882167,0.410462208,0.2875392,1,HEADROOM
540p,5,16,optimistic,owner_only,0.4,800,60.955881152997655,14.147403077934086,22.83081811793909,32.08260691794021,0,42156800,15000000,57156800,95261.33333333333,5.450897216796875,0.005511917447061385,0.006693097313787411,0.006693097313787411,0.1099030440953321,0.02401311744,0.8,33.31512461882167,0.410462208,0.2875392,1,HEADROOM
540p,5,16,optimistic,owner_only,0.4,1600,60.95908572975236,13.629953698966801,22.313368738971803,31.565157538972926,0,42156800,15000000,57156800,95261.33333333333,5.450897216796875,0.0029593005624137816,0.005785088021068733,0.005785088021068733,0.10990882192568607,0.02401311744,0.8,33.31512461882167,0.410462208,0.2875392,1,HEADROOM
540p,5,16,optimistic,finishing_owner,0.4,12.5,60.53289804962887,80.16797006468687,90.10471322874946,100.0414563928116,49,42156800,15000000,57156800,95261.33333333333,5.450897216796875,0.32489101965635386,0.12029997217910868,0.32489101965635386,0.10914040840240465,0.02401311744,12.8,533.0419939011467,0.410462208,0.2875392,1,BURST_OR_PER_FRAME_LATENCY
540p,5,16,optimistic,finishing_owner,0.4,25,59.82227981429144,46.229264573905766,54.91267961391077,64.16446841391189,0,42999936,19147200,62147136,103578.56,5.926812744140625,0.1639526672674964,0.07761020687831016,0.1639526672674964,0.10730570540106951,0.02401311744,12.8,533.0419939011467,0.410462208,0.2875392,1,HEADROOM
540p,5,16,optimistic,finishing_owner,0.4,50,59.84118462920466,29.67088444695264,88.57833017210942,144.09689096312468,0,83470464,156004800,239475264,399125.44,22.838140869140624,0.15957576965315567,0.3015552302002932,0.3015552302002932,0.09184722135552867,0.02401311744,12.8,533.0419939011467,0.410462208,0.2875392,1,HEADROOM
540p,5,16,optimistic,finishing_owner,0.4,100,60.187526478463525,31.912331636952786,73.05520578246069,114.19807992796814,0,85156736,292862400,378019136,630031.8933333333,36.050714111328126,0.08226811503460059,0.28498327246056715,0.28498327246056715,0.07400300867074605,0.02401311744,12.8,533.0419939011467,0.410462208,0.2875392,1,HEADROOM
540p,5,16,optimistic,finishing_owner,0.4,125,60.32222895364316,36.78154672484334,59.22897104124968,102.77014535765557,0,85156736,295627200,380783936,634639.8933333333,36.314385986328126,0.06612264718989369,0.231582721616212,0.231582721616212,0.07105372605432854,0.02401311744,12.8,533.0419939011467,0.410462208,0.2875392,1,HEADROOM
540p,5,16,optimistic,finishing_owner,0.4,200,60.56739247828384,24.03156015257764,51.39479410033164,72.16623117308518,0,126470400,429720000,556190400,926984.0,53.042449951171875,0.06207934248752699,0.2116895614581656,0.2116895614581656,0.05597829747658533,0.02401311744,12.8,533.0419939011467,0.410462208,0.2875392,1,HEADROOM
540p,5,16,optimistic,finishing_owner,0.4,400,60.84145671807237,16.616462038563895,30.49807901244094,44.37969598631753,0,168627200,500222400,668849600,1114749.3333333333,63.786468505859375,0.04237390197789973,0.12580219830015035,0.12580219830015035,0.04666242707151783,0.02401311744,12.8,533.0419939011467,0.410462208,0.2875392,1,HEADROOM
540p,5,16,optimistic,finishing_owner,0.4,800,60.99979091840492,11.271161440419291,20.05991914610786,27.20072763304597,0,252097664,634315200,886412864,1477354.7733333334,84.53491821289063,0.03296061017147447,0.08175625518963646,0.08175625518963646,0.02853631277513705,0.02401311744,12.8,533.0419939011467,0.410462208,0.2875392,1,HEADROOM
540p,5,16,optimistic,finishing_owner,0.4,1600,61.09507548069898,7.7047342095843305,11.47513845305366,16.069517305897534,0,295940736,638462400,934403136,1557338.56,89.11162719726562,0.020788049951312438,0.043637488140059306,0.043637488140059306,0.025295536820209227,0.02401311744,12.8,533.0419939011467,0.410462208,0.2875392,1,HEADROOM
540p,5,16,optimistic,independent_au,0.4,12.5,60.43927443143721,84.8409742150775,98.11557748656196,111.39018075804597,49,42156800,20250000,62406800,104011.33333333333,5.951576232910156,0.3243885247526196,0.1604614780187388,0.3243885247526196,0.1089716056479558,0.02401311744,12.8,533.0419939011467,0.410462208,0.2875392,1,BURST_OR_PER_FRAME_LATENCY
540p,5,16,optimistic,independent_au,0.4,25,60.77065754025004,46.563050584647954,55.33194195180113,64.49825442465408,0,42999936,20250000,63249936,105416.56,6.031983947753906,0.1665518503516364,0.08310146324101672,0.1665518503516364,0.10900684987745134,0.02401311744,12.8,533.0419939011467,0.410462208,0.2875392,1,HEADROOM
540p,5,16,optimistic,independent_au,0.4,50,60.935413454904186,29.837777452323735,36.3446341882227,40.93992401232936,0,83470464,20250000,103720464,172867.44,9.891554260253907,0.16249369997354665,0.04410079674718025,0.16249369997354665,0.09352669808698655,0.02401311744,12.8,533.0419939011467,0.410462208,0.2875392,1,HEADROOM
540p,5,16,optimistic,independent_au,0.4,100,61.03063163197649,19.624783126161674,23.727363727952252,27.81652129491215,0,85156736,20250000,105406736,175677.89333333334,10.052369689941406,0.08342052444255804,0.024526079772303488,0.08342052444255804,0.07503964070459605,0.02401311744,12.8,533.0419939011467,0.410462208,0.2875392,1,HEADROOM
540p,5,16,optimistic,independent_au,0.4,125,61.04903245635345,17.063441960429373,21.10164954586071,24.778043147929736,0,85156736,20250000,105406736,175677.89333333334,10.052369689941406,0.0669193381016805,0.020603564056178976,0.0669193381016805,0.07190982997941045,0.02401311744,12.8,533.0419939011467,0.410462208,0.2875392,1,HEADROOM
540p,5,16,optimistic,independent_au,0.4,200,61.0906115708034,13.593107083080668,15.925329924870312,19.14418036308416,0,126470400,20250000,146720400,244534.0,13.992347717285156,0.06261562275173317,0.014718716270494862,0.06261562275173317,0.056461873090592314,0.02401311744,12.8,533.0419939011467,0.410462208,0.2875392,1,HEADROOM
540p,5,16,optimistic,independent_au,0.4,400,61.12965671801714,9.652090181540188,11.502447941542414,13.752475923728099,0,168627200,20250000,188877200,314795.3333333333,18.012733459472656,0.04257462298634434,0.009809248027231912,0.04257462298634434,0.04688346240178203,0.02401311744,12.8,533.0419939011467,0.410462208,0.2875392,1,HEADROOM
540p,5,16,optimistic,independent_au,0.4,800,61.15524216391386,6.756402850769973,8.161334397411338,9.842988619598458,0,252097664,20250000,272347664,453912.7733333333,25.973097229003905,0.033044606654523793,0.007352886500712856,0.033044606654523793,0.02860903442379092,0.02401311744,12.8,533.0419939011467,0.410462208,0.2875392,1,HEADROOM
540p,5,16,optimistic,independent_au,0.4,1600,61.172315399266445,4.965928523158254,6.131024958705893,7.398834500932935,0,295940736,20250000,316190736,526984.56,30.154298400878908,0.020814331403177126,0.006124362250634474,0.020814331403177126,0.025327516896978756,0.02401311744,12.8,533.0419939011467,0.410462208,0.2875392,1,HEADROOM
540p,5,16,optimistic,raw_gather,0.4,12.5,4.210629715384956,66399.7867496254,125774.9600308756,131272.1925308753,600,42156800,1866240000,1908396800,3180661.3333333335,181.9989013671875,0.0225992117625888,0.9995390191648732,0.9995390191648732,0.007591737081407295,0.02401311744,12.8,533.0419939011467,0.410462208,0.2875392,1,INTERCONNECT
540p,5,16,optimistic,raw_gather,0.4,25,8.40868833693191,30753.796568697777,58192.79703744824,60842.37328744828,599,42999936,1866240000,1909239936,3182066.56,182.07930908203124,0.023045375156894695,0.9983832741072265,0.9983832741072265,0.01508301315652411,0.02401311744,12.8,533.0419939011467,0.410462208,0.2875392,1,INTERCONNECT
540p,5,16,optimistic,raw_gather,0.4,50,16.758695715664913,12939.86346322878,24420.12369760425,25645.87182260429,599,83470464,1866240000,1949710464,3249517.44,185.93887939453126,0.044689652849972575,0.9955699580856311,0.9955699580856311,0.02572207827375497,0.02401311744,12.8,533.0419939011467,0.410462208,0.2875392,1,INTERCONNECT
540p,5,16,optimistic,raw_gather,0.4,100,33.285107639639826,4032.896910494357,7563.530113619385,8047.621090181925,596,85156736,1866240000,1951396736,3252327.8933333335,186.09969482421874,0.0454961887363286,0.9900018169647478,0.9900018169647478,0.040925391910637335,0.02401311744,12.8,533.0419939011467,0.410462208,0.2875392,1,INTERCONNECT
540p,5,16,optimistic,raw_gather,0.4,125,41.462711140817056,2258.650709322482,4180.3301624474625,4527.970943697461,594,85156736,1866240000,1951396736,3252327.8933333335,186.09969482421874,0.045449650449880134,0.9872465879086988,0.9872465879086988,0.04883904606929222,0.02401311744,12.8,533.0419939011467,0.410462208,0.2875392,1,INTERCONNECT
540p,5,16,optimistic,raw_gather,0.4,200,59.11961300074342,110.33154428343687,184.88925912718696,259.4469739709366,0,126470400,1866240000,1992710400,3321184.0,190.0396728515625,0.06059542194290605,0.8815646495564531,0.8815646495564531,0.05464021394750966,0.02401311744,12.8,533.0419939011467,0.410462208,0.2875392,1,INTERCONNECT_HEADROOM_LOW
540p,5,16,optimistic,raw_gather,0.4,400,60.14227681142857,56.41095102171812,93.88980844359321,131.36866586546785,0,168627200,1866240000,2034867200,3391445.3333333335,194.06005859375,0.04188694814038189,0.450812763528491,0.450812763528491,0.04612619021652574,0.02401311744,12.8,533.0419939011467,0.410462208,0.2875392,1,HEADROOM
540p,5,16,optimistic,raw_gather,0.4,800,60.66699216596302,29.450654390858745,48.390083101796336,67.32951181273347,0,252097664,1866240000,2118337664,3530562.7733333334,202.02042236328126,0.03278078578552759,0.2297996346468502,0.2297996346468502,0.028380626187562343,0.02401311744,12.8,533.0419939011467,0.410462208,0.2875392,1,HEADROOM
540p,5,16,optimistic,raw_gather,0.4,1600,60.932798322377344,15.970506075429057,25.640220430897898,35.309934786366284,0,295940736,1866240000,2162180736,3603634.56,206.20162353515624,0.020732833951551326,0.1178405509313553,0.1178405509313553,0.02522834829803937,0.02401311744,12.8,533.0419939011467,0.410462208,0.2875392,1,HEADROOM
540p,5,16,median,owner_only,0.4,12.5,60.22709852356194,96.06801906781084,115.66161138781536,136.85768178781655,49,42156800,15000000,57156800,95261.33333333333,5.450897216796875,0.32324973825342385,0.11969224190906486,0.32324973825342385,0.2472728469581285,0.10530404352,0.8,7.59704920398483,1.810059264,1.1501568,1,BURST_OR_PER_FRAME_LATENCY
540p,5,16,median,owner_only,0.4,25,60.42797383700286,62.95125881390459,82.5448511339091,103.7409215339103,0,42156800,15000000,57156800,95261.33333333333,5.450897216796875,0.162365362787957,0.06246284454777887,0.162365362787957,0.24809757555797482,0.10530404352,0.8,7.59704920398483,1.810059264,1.1501568,1,HEADROOM
540p,5,16,median,owner_only,0.4,50,60.528914817344265,46.39287868695146,65.98647100695598,87.18254140695717,0,42156800,15000000,57156800,95261.33333333333,5.450897216796875,0.08152005480602652,0.03370474891600903,0.08152005480602652,0.24851200634072285,0.10530404352,0.8,7.59704920398483,1.810059264,1.1501568,1,HEADROOM
540p,5,16,median,owner_only,0.4,100,60.57951187470822,38.1136886234749,57.70728094347942,78.90335134348061,0,42156800,15000000,57156800,95261.33333333333,5.450897216796875,0.040996031047457256,0.019289642093811014,0.040996031047457256,0.24871974137576183,0.10530404352,0.8,7.59704920398483,1.810059264,1.1501568,1,HEADROOM
540p,5,16,median,owner_only,0.4,125,60.589641438645664,36.45785061077959,56.051442930784106,77.2475133307853,0,42156800,15000000,57156800,95261.33333333333,5.450897216796875,0.03288309501814884,0.016403728291151786,0.03288309501814884,0.24876133006548223,0.10530404352,0.8,7.59704920398483,1.810059264,1.1501568,1,HEADROOM
540p,5,16,median,owner_only,0.4,200,60.604842137801754,33.97409359173662,53.56768591174114,74.76375631174233,0,42156800,15000000,57156800,95261.33333333333,5.450897216796875,0.020708602550780563,0.01207304754560865,0.020708602550780563,0.2488237391844374,0.10530404352,0.8,7.59704920398483,1.810059264,1.1501568,1,HEADROOM
540p,5,16,median,owner_only,0.4,400,60.617515214564385,31.904296075867478,51.497888395871996,72.69395879587319,0,42156800,15000000,57156800,95261.33333333333,5.450897216796875,0.010558524847074943,0.008462486678696016,0.010558524847074943,0.24887577070924327,0.10530404352,0.8,7.59704920398483,1.810059264,1.1501568,1,HEADROOM
540p,5,16,median,owner_only,0.4,800,60.62385374070356,30.869397317932908,50.462989637937426,71.65906003793862,0,42156800,15000000,57156800,95261.33333333333,5.450897216796875,0.005481893966929371,0.006656639932821144,0.006656639932821144,0.24890179463273246,0.10530404352,0.8,7.59704920398483,1.810059264,1.1501568,1,HEADROOM
540p,5,16,median,owner_only,0.4,1600,60.6270235008945,30.351947938965623,49.94554025897014,71.14161065897133,0,42156800,15000000,57156800,95261.33333333333,5.450897216796875,0.0029431803741128628,0.005753574929961505,0.005753574929961505,0.24891480863549537,0.10530404352,0.8,7.59704920398483,1.810059264,1.1501568,1,HEADROOM
540p,5,16,median,finishing_owner,0.4,12.5,57.865693349698816,96.06801906781084,115.66161138781536,240.50765646281252,52,42999936,20529600,63529536,105882.56,6.058648681640625,0.31678716228147324,0.1556861222017786,0.31678716228147324,0.2359423194856161,0.10530404352,12.8,121.55278726375728,1.810059264,1.1501568,1,BURST_OR_PER_FRAME_LATENCY
540p,5,16,median,finishing_owner,0.4,25,58.21791752075348,62.95125881390459,178.3288332206248,341.7003298026557,6,83470464,157387200,240857664,401429.44,22.969976806640624,0.3097256774244499,0.587209709276897,0.587209709276897,0.19681226547719888,0.10530404352,12.8,121.55278726375728,1.810059264,1.1501568,1,BURST_OR_PER_FRAME_LATENCY
540p,5,16,median,finishing_owner,0.4,50,59.188050810834476,90.9671864921088,146.4857472831245,228.37149557413977,0,85156736,292862400,378019136,630031.8933333333,36.050714111328126,0.16101476303989476,0.5557666212318318,0.5557666212318318,0.15895173137756444,0.10530404352,12.8,121.55278726375728,1.810059264,1.1501568,1,HEADROOM
540p,5,16,median,finishing_owner,0.4,100,59.92965541123214,61.62363119425709,102.76650533976499,143.90937948527244,0,127313536,431102400,558415936,930693.2266666667,53.254693603515626,0.12247189362348694,0.41544364469920675,0.41544364469920675,0.11876095845306694,0.10530404352,12.8,121.55278726375728,1.810059264,1.1501568,1,HEADROOM
540p,5,16,median,finishing_owner,0.4,125,60.113295494451705,50.258747771405524,93.79992208781186,126.79422140421775,0,166940928,497457600,664398528,1107330.88,63.36198120117187,0.1291852957672968,0.3850557436419026,0.3850557436419026,0.10644464175688173,0.10530404352,12.8,121.55278726375728,1.810059264,1.1501568,1,HEADROOM
540p,5,16,median,finishing_owner,0.4,200,60.42975747953074,40.00242880167889,67.36566274943289,94.72889669718643,0,209940864,567960000,777900864,1296501.44,74.18640747070313,0.10281479152676617,0.2775986267289401,0.2775986267289401,0.08523016398316975,0.10530404352,12.8,121.55278726375728,1.810059264,1.1501568,1,HEADROOM
540p,5,16,median,finishing_owner,0.4,400,60.764951918414276,25.736719878339045,39.61833685221609,53.49995382609268,0,253783936,637080000,890863936,1484773.2266666666,84.95940551757812,0.063684510797276,0.1586894020893613,0.1586894020893613,0.06423661909663048,0.10530404352,12.8,121.55278726375728,1.810059264,1.1501568,1,HEADROOM
540p,5,16,median,finishing_owner,0.4,800,60.96455656961863,15.307966979169123,24.09672468485769,31.237533171795803,0,336411264,703435200,1039846464,1733077.44,99.16748657226563,0.04394258966862286,0.09008123939206589,0.09008123939206589,0.043609459235251204,0.10530404352,12.8,121.55278726375728,1.810059264,1.1501568,1,HEADROOM
540p,5,16,median,finishing_owner,0.4,1600,61.069972776372076,10.917565138959162,14.687969382428491,19.282348235272366,0,421568000,707582400,1129150400,1881917.3333333333,107.68417358398438,0.02958983785903212,0.04781290064461993,0.04781290064461993,0.042553528107837024,0.10530404352,12.8,121.55278726375728,1.810059264,1.1501568,1,HEADROOM
540p,5,16,median,independent_au,0.4,12.5,60.2486041806123,97.59389797406084,118.0639818331274,137.65757415312873,49,42999936,27000000,69999936,116666.56,6.675714111328125,0.32983246626725526,0.21166705539740144,0.32983246626725526,0.2456584306393425,0.10530404352,12.8,121.55278726375728,1.810059264,1.1501568,1,BURST_OR_PER_FRAME_LATENCY
540p,5,16,median,independent_au,0.4,25,60.604857701962345,63.71419826702959,76.55782757406269,87.47885604453222,0,83470464,27000000,110470464,184117.44,10.535284423828125,0.3224244597938641,0.10888352184782837,0.3224244597938641,0.20488158716763558,0.10530404352,12.8,121.55278726375728,1.810059264,1.1501568,1,HEADROOM
540p,5,16,median,independent_au,0.4,50,60.80686916399546,41.73982098226497,50.34939129828308,58.82781945828356,0,85156736,27000000,112156736,186927.89333333334,10.696099853515625,0.1654185852636051,0.057055503977619465,0.1654185852636051,0.1632991288082231,0.10530404352,12.8,121.55278726375728,1.810059264,1.1501568,1,HEADROOM
540p,5,16,median,independent_au,0.4,100,60.937222523371354,29.110681975507305,33.85904949789074,41.470667539882925,0,127313536,27000000,154313536,257189.22666666665,14.716485595703125,0.1245309518865403,0.0310263966170221,0.1245309518865403,0.12075762663215703,0.10530404352,12.8,121.55278726375728,1.810059264,1.1501568,1,HEADROOM
540p,5,16,median,independent_au,0.4,125,60.96772251961202,24.316119015311415,30.405413448906984,37.03376125531261,0,166940928,27000000,193940928,323234.88,18.495648193359376,0.1310214853664362,0.025809024196394588,0.1310214853664362,0.10795760453578948,0.10530404352,12.8,121.55278726375728,1.810059264,1.1501568,1,HEADROOM
540p,5,16,median,independent_au,0.4,200,61.017550076149526,20.935333769940826,25.035719512128708,29.43068197550747,0,209940864,27000000,236940864,394901.44,22.596441650390624,0.10381485798082743,0.017974349836564714,0.10381485798082743,0.08605918699248567,0.10530404352,12.8,121.55278726375728,1.810059264,1.1501568,1,HEADROOM
540p,5,16,median,independent_au,0.4,400,61.07732575572813,14.8774667960638,17.154948027753562,21.335333769940917,0,253783936,27000000,280783936,467973.2266666667,26.777642822265626,0.06401189318444402,0.011439072210359948,0.06401189318444402,0.0645668397019265,0.10530404352,12.8,121.55278726375728,1.810059264,1.1501568,1,HEADROOM
540p,5,16,median,independent_au,0.4,800,61.11727467859806,10.78226521139095,12.952458082485464,15.690365744672818,0,336411264,27000000,363411264,605685.44,34.657598876953124,0.044052667221474204,0.008167968076459795,0.044052667221474204,0.04371870228601329,0.10530404352,12.8,121.55278726375728,1.810059264,1.1501568,1,HEADROOM
540p,5,16,median,independent_au,0.4,1600,61.14285622514758,8.42387369456219,9.750346685696059,11.919163001202833,0,421568000,27000000,448568000,747613.3333333334,42.778778076171875,0.029625151603804387,0.006531407699645446,0.029625151603804387,0.04260431326042619,0.10530404352,12.8,121.55278726375728,1.810059264,1.1501568,1,HEADROOM
540p,5,16,median,raw_gather,0.4,12.5,4.210589684192825,66401.14150162539,125776.31478287559,131273.54728287528,600,42999936,1866240000,1909239936,3182066.56,182.07930908203124,0.02305097684609411,0.9995295163728389,0.9995295163728389,0.017168312327771208,0.10530404352,12.8,121.55278726375728,1.810059264,1.1501568,1,INTERCONNECT
540p,5,16,median,raw_gather,0.4,25,8.40840683540712,30756.18542501778,58195.18589376824,60844.76214376828,599,83470464,1866240000,1949710464,3249517.44,185.93887939453126,0.04473364239159648,0.9983498507714192,0.9983498507714192,0.028425571865233933,0.10530404352,12.8,121.55278726375728,1.810059264,1.1501568,1,INTERCONNECT
540p,5,16,median,raw_gather,0.4,50,16.757577590984752,12942.252319548781,24422.51255392425,25648.260678924293,599,85156736,1866240000,1951396736,3252327.8933333335,186.09969482421874,0.04558719788827962,0.9955035345787039,0.9955035345787039,0.04500310341852509,0.10530404352,12.8,121.55278726375728,1.810059264,1.1501568,1,INTERCONNECT
540p,5,16,median,raw_gather,0.4,100,33.280697207333056,4035.285766814357,7565.918969939386,8050.009946501927,597,127313536,1866240000,1993553536,3322589.2266666666,190.12008056640624,0.06801223835049867,0.9898706370976261,0.9898706370976261,0.06595144709589647,0.10530404352,12.8,121.55278726375728,1.810059264,1.1501568,1,INTERCONNECT
540p,5,16,median,raw_gather,0.4,125,41.45586757444592,2261.0395656424816,4182.719018767462,4530.359800017461,593,166940928,1866240000,2033180928,3388634.88,193.8992431640625,0.08908991712805,0.9870836393854802,0.9870836393854802,0.07340730426416085,0.10530404352,12.8,121.55278726375728,1.810059264,1.1501568,1,INTERCONNECT
540p,5,16,median,raw_gather,0.4,200,59.105700675192466,112.7204006034367,187.2781154471868,261.8358302909364,0,209940864,1866240000,2076180864,3460301.44,198.00003662109376,0.10056204999700331,0.8813571953162048,0.8813571953162048,0.08336271352062224,0.10530404352,12.8,121.55278726375728,1.810059264,1.1501568,1,INTERCONNECT_HEADROOM_LOW
540p,5,16,median,raw_gather,0.4,400,60.127879064712374,58.79980734171795,96.27866476359304,133.75752218546768,0,253783936,1866240000,2120023936,3533373.2266666666,202.18123779296874,0.06301682865898181,0.4507048413092165,0.4507048413092165,0.06356314853591978,0.10530404352,12.8,121.55278726375728,1.810059264,1.1501568,1,HEADROOM
540p,5,16,median,raw_gather,0.4,800,60.652342125689756,31.839510710858576,50.77893942179617,69.7183681327333,0,336411264,1866240000,2202651264,3671085.44,210.06119384765626,0.04371754889132275,0.22974414196817658,0.22974414196817658,0.04338612450059067,0.10530404352,12.8,121.55278726375728,1.810059264,1.1501568,1,HEADROOM
540p,5,16,median,raw_gather,0.4,1600,60.91801964123406,18.35936239542889,28.02907675089773,37.698791106366116,0,421568000,1866240000,2287808000,3813013.3333333335,218.182373046875,0.029516212991908465,0.11781196980631409,0.11781196980631409,0.042447647235237855,0.10530404352,12.8,121.55278726375728,1.810059264,1.1501568,1,HEADROOM
540p,5,16,adversarial,owner_only,0.4,12.5,59.22676815673464,148.34660850781074,201.7710309078102,260.30895090780905,147,42156800,15000000,57156800,95261.33333333333,5.450897216796875,0.3178807841252855,0.1177042367221898,0.3178807841252855,0.6681643685080535,0.3911970816,0.8,2.0450050310395773,6.7571712,3.9105331199999998,1,BURST_OR_PER_FRAME_LATENCY
540p,5,16,adversarial,owner_only,0.4,25,59.42101532527114,115.22984825390449,168.65427065390395,227.1921906539028,0,42156800,15000000,57156800,95261.33333333333,5.450897216796875,0.15965974196885174,0.06142197739651512,0.15965974196885174,0.6703557600146135,0.3911970816,0.8,2.0450050310395773,6.7571712,3.9105331199999998,1,HEADROOM
540p,5,16,adversarial,owner_only,0.4,50,59.5186175014888,98.67146812695137,152.09589052695083,210.63381052694967,0,42156800,15000000,57156800,95261.33333333333,5.450897216796875,0.08015939118257562,0.03314217782970783,0.08015939118257562,0.6714568549834442,0.3911970816,0.8,2.0450050310395773,6.7571712,3.9105331199999998,1,HEADROOM
540p,5,16,adversarial,owner_only,0.4,100,59.567538925998974,90.3922780634748,143.81670046347426,202.3546204634731,0,42156800,15000000,57156800,95261.33333333333,5.450897216796875,0.04031119762538751,0.018967411105393798,0.04031119762538751,0.6720087600380616,0.3911970816,0.8,2.0450050310395773,6.7571712,3.9105331199999998,1,HEADROOM
540p,5,16,adversarial,owner_only,0.4,125,59.57733286313842,88.73644005077949,142.16086245077895,200.6987824507778,0,42156800,15000000,57156800,95261.33333333333,5.450897216796875,0.03233369683249033,0.016129661067363396,0.03233369683249033,0.6721192499403077,0.3911970816,0.8,2.0450050310395773,6.7571712,3.9105331199999998,1,HEADROOM
540p,5,16,adversarial,owner_only,0.4,200,59.59202980893685,86.25268303173652,139.67710543173598,198.21502543173483,0,42156800,15000000,57156800,95261.33333333333,5.450897216796875,0.020362525781381452,0.011871285921127201,0.020362525781381452,0.6722850529346973,0.3911970816,0.8,2.0450050310395773,6.7571712,3.9105331199999998,1,HEADROOM
540p,5,16,adversarial,owner_only,0.4,400,59.60428280393267,84.18288551586738,137.60730791586684,196.1452279158657,0,42156800,15000000,57156800,95261.33333333333,5.450897216796875,0.010382037250286314,0.008321034727934865,0.010382037250286314,0.6724232845978204,0.3911970816,0.8,2.0450050310395773,6.7571712,3.9105331199999998,1,HEADROOM
540p,5,16,adversarial,owner_only,0.4,800,59.610411191171416,83.14798675793281,136.57240915793227,195.11032915793112,0,42156800,15000000,57156800,95261.33333333333,5.450897216796875,0.0053902537254186325,0.006545361587276009,0.006545361587276009,0.6724924217484162,0.3911970816,0.8,2.0450050310395773,6.7571712,3.9105331199999998,1,HEADROOM
540p,5,16,adversarial,owner_only,0.4,1600,59.613475857396026,82.63053737896553,136.05495977896499,194.59287977896383,0,42156800,15000000,57156800,95261.33333333333,5.450897216796875,0.0028939770096671545,0.005657388081668214,0.005657388081668214,0.6725269956553906,0.3911970816,0.8,2.0450050310395773,6.7571712,3.9105331199999998,1,HEADROOM
540p,5,16,adversarial,finishing_owner,0.4,12.5,34.05037611632602,3505.632659683576,6699.6799716952755,7387.151641617187,592,84313600,225124800,309438400,515730.6666666667,29.510345458984375,0.36550906275941447,0.9774534552796169,0.9774534552796169,0.2834373879798187,0.3911970816,12.8,32.72008049663324,6.7571712,3.9105331199999998,1,INTERCONNECT
540p,5,16,adversarial,finishing_owner,0.4,25,42.37891329793244,1972.5487485507629,3684.2580014804316,4088.1106357577737,588,125627264,361982400,487609664,812682.7733333333,46.502081298828124,0.3393237070899955,0.9787079975538767,0.9787079975538767,0.27089911125781063,0.3911970816,12.8,32.72008049663324,6.7571712,3.9105331199999998,1,INTERCONNECT
540p,5,16,adversarial,finishing_owner,0.4,50,58.37939244272783,125.91641822851489,234.16935401953015,342.4222898105454,57,167784064,498840000,666624064,1111040.1066666667,63.574224853515624,0.31291228354714823,0.9304330405449645,0.9304330405449645,0.2837889407612643,0.3911970816,12.8,32.72008049663324,6.7571712,3.9105331199999998,1,INTERCONNECT
540p,5,16,adversarial,finishing_owner,0.4,100,59.56955620555937,82.59401344335856,136.920481338866,204.43054298437346,0,210784000,569342400,780126400,1300210.6666666667,74.39865112304688,0.20153898608209225,0.5438375074140755,0.5438375074140755,0.2308018204300861,0.3911970816,12.8,32.72008049663324,6.7571712,3.9105331199999998,1,HEADROOM
540p,5,16,adversarial,finishing_owner,0.4,125,59.87705602540642,68.54472755468669,122.63277687109257,166.17395118749846,0,252097664,634315200,886412864,1477354.7733333334,84.53491821289063,0.19430429404122362,0.48774262277679453,0.48774262277679453,0.17708033267903678,0.3911970816,12.8,32.72008049663324,6.7571712,3.9105331199999998,1,HEADROOM
540p,5,16,adversarial,finishing_owner,0.4,200,60.30432517104087,54.062595596678875,81.42582954443242,115.38086036718596,0,294254464,637080000,931334464,1552224.1066666667,88.81897583007813,0.14378909261343167,0.31014857843274807,0.31014857843274807,0.1759905447557659,0.3911970816,12.8,32.72008049663324,6.7571712,3.9105331199999998,1,HEADROOM
540p,5,16,adversarial,finishing_owner,0.4,400,60.69878111697137,36.50098823583903,50.38260520971562,67.56012062109221,0,378568064,704817600,1083385664,1805642.7733333334,103.31970825195313,0.09489410705689597,0.17485458494771391,0.17485458494771391,0.11910643478252599,0.3911970816,12.8,32.72008049663324,6.7571712,3.9105331199999998,1,HEADROOM
540p,5,16,adversarial,finishing_owner,0.4,800,60.908138137450756,24.42428611791911,31.565094604857222,40.353852310545335,0,464567936,707582400,1172150336,1953583.8933333333,111.78496704101562,0.060628786614983825,0.09049974310017628,0.09049974310017628,0.09274308922718258,0.3911970816,12.8,32.72008049663324,6.7571712,3.9105331199999998,1,HEADROOM
540p,5,16,adversarial,finishing_owner,0.4,1600,61.023585377807414,18.38593505895915,22.980313911803023,26.750718155271898,0,508411008,773937600,1282348608,2137247.68,122.29429321289062,0.035645562028003085,0.051799133818337374,0.051799133818337374,0.060207220640019384,0.3911970816,12.8,32.72008049663324,6.7571712,3.9105331199999998,1,HEADROOM
540p,5,16,adversarial,independent_au,0.4,12.5,59.76290758281089,146.32197364843705,175.53918754687402,204.8598936484359,196,84313600,45000000,129313600,215522.66666666666,12.332305908203125,0.6415166829213761,0.34674713281954456,0.6415166829213761,0.49747005335513805,0.3911970816,12.8,32.72008049663324,6.7571712,3.9105331199999998,1,BURST_OR_PER_FRAME_LATENCY
540p,5,16,adversarial,independent_au,0.4,25,60.2688893939117,93.78338577343675,117.25991066015558,137.73405571093645,0,125627264,45000000,170627264,284378.7733333333,16.272283935546874,0.4825669508693317,0.17725218683141963,0.4825669508693317,0.38525736746776174,0.3911970816,12.8,32.72008049663324,6.7571712,3.9105331199999998,1,HEADROOM
540p,5,16,adversarial,independent_au,0.4,50,60.55386769602579,64.50239044335831,78.57145876132745,96.82547638085816,0,167784064,45000000,212784064,354640.1066666667,20.292669677734374,0.3245674239752324,0.09146731198682582,0.3245674239752324,0.2943593150495956,0.3911970816,12.8,32.72008049663324,6.7571712,3.9105331199999998,1,HEADROOM
540p,5,16,adversarial,independent_au,0.4,100,60.754630619160224,44.98592567480409,55.74636322167862,67.58966432773434,0,210784000,45000000,255784000,426306.6666666667,24.393463134765625,0.20554839476267356,0.04831546856771393,0.20554839476267356,0.23539338278889155,0.3911970816,12.8,32.72008049663324,6.7571712,3.9105331199999998,1,HEADROOM
540p,5,16,adversarial,independent_au,0.4,125,60.80051143508824,42.287573777342914,50.117841339842926,60.50777496484261,0,252097664,45000000,297097664,495162.7733333333,28.333441162109374,0.1973009569262633,0.039654372622811844,0.1973009569262633,0.179811358584708,0.3911970816,12.8,32.72008049663324,6.7571712,3.9105331199999998,1,HEADROOM
540p,5,16,adversarial,independent_au,0.4,200,60.87990496562696,32.64714057958918,40.25433883740152,48.728683548339916,0,294254464,45000000,339254464,565424.1066666667,32.353826904296874,0.14516149991847027,0.026642743053864867,0.14516149991847027,0.1776703015777237,0.3911970816,12.8,32.72008049663324,6.7571712,3.9105331199999998,1,HEADROOM
540p,5,16,adversarial,independent_au,0.4,400,60.97832433462843,25.664636174169118,29.94456054760667,37.37222017416934,0,378568064,45000000,423568064,705946.7733333333,40.394598388671874,0.09533113402078605,0.015782040029662592,0.09533113402078605,0.11965496961980066,0.3911970816,12.8,32.72008049663324,6.7571712,3.9105331199999998,1,HEADROOM
540p,5,16,adversarial,independent_au,0.4,800,61.0303122047858,19.4726660159904,23.813051758177608,27.92496070934976,0,464567936,45000000,509567936,849279.8933333333,48.596185302734376,0.06075040033828669,0.010338960095628943,0.06075040033828669,0.09292912020390577,0.3911970816,12.8,32.72008049663324,6.7571712,3.9105331199999998,1,HEADROOM
540p,5,16,adversarial,independent_au,0.4,1600,61.05605507488102,15.327576790221428,18.240317879088252,24.122419701354374,0,508411008,45000000,553411008,922351.68,52.77738647460937,0.035664528475056335,0.007613902761584128,0.035664528475056335,0.06023925596216117,0.3911970816,12.8,32.72008049663324,6.7571712,3.9105331199999998,1,HEADROOM
540p,5,16,adversarial,raw_gather,0.4,12.5,4.210472753899459,66405.0988520254,125780.2721332756,131277.5046332753,600,84313600,1866240000,1950553600,3250922.6666666665,186.019287109375,0.04519673864377548,0.9995017589116889,0.9995017589116889,0.03504822958338068,0.3911970816,12.8,32.72008049663324,6.7571712,3.9105331199999998,1,INTERCONNECT
540p,5,16,adversarial,raw_gather,0.4,25,8.407526888331695,30763.653794937774,58202.65426368824,60852.23051368828,599,125627264,1866240000,1991867264,3319778.7733333334,189.95926513671876,0.06731822430535779,0.998245372592778,0.998245372592778,0.05374351026684586,0.3911970816,12.8,32.72008049663324,6.7571712,3.9105331199999998,1,INTERCONNECT
540p,5,16,adversarial,raw_gather,0.4,50,16.754082918583965,12949.72068946878,24429.980923844247,25655.72904884429,599,167784064,1866240000,2034024064,3390040.1066666665,193.97965087890626,0.0898015228564687,0.9952959294694159,0.9952959294694159,0.08144352392080448,0.3911970816,12.8,32.72008049663324,6.7571712,3.9105331199999998,1,INTERCONNECT
540p,5,16,adversarial,raw_gather,0.4,100,33.26691624545376,4042.7541367343565,7573.387339859386,8057.478316421926,597,210784000,1866240000,2077024000,3461706.6666666665,198.0804443359375,0.11255045357482324,0.9894607487641488,0.9894607487641488,0.12889242960029593,0.3911970816,12.8,32.72008049663324,6.7571712,3.9105331199999998,1,INTERCONNECT
540p,5,16,adversarial,raw_gather,0.4,125,41.43448684373521,2268.507935562481,4190.187388687462,4537.82816993746,595,252097664,1866240000,2118337664,3530562.7733333334,202.02042236328126,0.13445715687351534,0.9865745541650407,0.9865745541650407,0.12253830100732648,0.3911970816,12.8,32.72008049663324,6.7571712,3.9105331199999998,1,INTERCONNECT
540p,5,16,adversarial,raw_gather,0.4,200,59.062248260504106,120.18877052343669,194.74648536718632,269.30420021093596,0,294254464,1866240000,2160494464,3600824.1066666665,206.04080810546876,0.14082749555690843,0.8807092527674835,0.8807092527674835,0.17236570041012525,0.3911970816,12.8,32.72008049663324,6.7571712,3.9105331199999998,1,INTERCONNECT_HEADROOM_LOW
540p,5,16,adversarial,raw_gather,0.4,400,60.082911287186235,66.26817726171794,103.74703468359257,141.2258921054672,0,378568064,1866240000,2244808064,3741346.7733333334,214.08157958984376,0.0939312801848354,0.45036777312472037,0.45036777312472037,0.11789794165686554,0.3911970816,12.8,32.72008049663324,6.7571712,3.9105331199999998,1,HEADROOM
540p,5,16,adversarial,raw_gather,0.4,800,60.60658676608697,39.30788063085856,58.2473093417957,77.18673805273284,0,464567936,1866240000,2330807936,3884679.8933333335,222.28316650390624,0.06032861829089859,0.22957082589390856,0.22957082589390856,0.09228392553254036,0.3911970816,12.8,32.72008049663324,6.7571712,3.9105331199999998,1,HEADROOM
540p,5,16,adversarial,raw_gather,0.4,1600,60.87186270871899,25.827732315428875,35.49744667089726,45.16716102636565,0,508411008,1866240000,2374651008,3957751.68,226.46436767578126,0.035556936625569545,0.11772270493572502,0.11772270493572502,0.06005752769494996,0.3911970816,12.8,32.72008049663324,6.7571712,3.9105331199999998,1,HEADROOM
540p,10,4,optimistic,owner_only,0.4,12.5,60.071380631426194,74.20592416624959,78.1806214318749,78.18062143187524,0,84313600,15000000,99313600,165522.66666666666,9.471282958984375,0.6448279442860296,0.11938277616902443,0.6448279442860296,0.10546304589229277,0.0233985024,0.8,34.190222362265374,0.410462208,0.2875392,1,HEADROOM
540p,10,4,optimistic,owner_only,0.4,25,60.282954190147265,40.67819129390591,43.81053305390833,43.81053305390833,0,84313600,15000000,99313600,165522.66666666666,9.471282958984375,0.32395141208654854,0.06231294146344993,0.32395141208654854,0.10583449052530197,0.0233985024,0.8,34.190222362265374,0.410462208,0.2875392,1,HEADROOM
540p,10,4,optimistic,owner_only,0.4,50,60.383410857453,24.119811166952786,27.252152926955205,27.252152926955205,0,84313600,15000000,99313600,165522.66666666666,9.471282958984375,0.16264818152873514,0.033623726904475876,0.16264818152873514,0.10601085514357593,0.0233985024,0.8,34.190222362265374,0.410462208,0.2875392,1,HEADROOM
540p,10,4,optimistic,owner_only,0.4,100,60.43376484798752,15.840621103476224,18.972962863478642,18.972962863478642,0,84313600,15000000,99313600,165522.66666666666,9.471282958984375,0.08179479904516034,0.019243233532654332,0.08179479904516034,0.10609925805955327,0.0233985024,0.8,34.190222362265374,0.410462208,0.2875392,1,HEADROOM
540p,10,4,optimistic,owner_only,0.4,125,60.443845725474596,14.184783090780911,17.31712485078333,17.31712485078333,0,84313600,15000000,99313600,165522.66666666666,9.471282958984375,0.06560793809172076,0.016364256308679423,0.06560793809172076,0.10611695633839885,0.0233985024,0.8,34.190222362265374,0.410462208,0.2875392,1,HEADROOM
540p,10,4,optimistic,owner_only,0.4,200,60.45897334920103,11.701026071737942,14.833367831740361,14.833367831740361,0,84313600,15000000,99313600,165522.66666666666,9.471282958984375,0.04131751871805964,0.012043989127863867,0.04131751871805964,0.10614351483028854,0.0233985024,0.8,34.190222362265374,0.410462208,0.2875392,1,HEADROOM
540p,10,4,optimistic,owner_only,0.4,400,60.471585487795956,9.631228555868802,12.76357031587122,12.76357031587122,0,84313600,15000000,99313600,165522.66666666666,9.471282958984375,0.021066212815054604,0.00844211421102834,0.021066212815054604,0.10616565706403538,0.0233985024,0.8,34.190222362265374,0.410462208,0.2875392,1,HEADROOM
540p,10,4,optimistic,owner_only,0.4,800,60.47789353053041,8.596329797934231,11.72867155793665,11.72867155793665,0,84313600,15000000,99313600,165522.66666666666,9.471282958984375,0.010937391116560313,0.006640613162767936,0.010937391116560313,0.10617673164553164,0.0233985024,0.8,34.190222362265374,0.410462208,0.2875392,1,HEADROOM
540p,10,4,optimistic,owner_only,0.4,1600,60.48104804543703,8.078880418966946,11.211222178969365,11.211222178969365,0,84313600,15000000,99313600,165522.66666666666,9.471282958984375,0.005872187791323152,0.005739721689732791,0.005872187791323152,0.10618226980275171,0.0233985024,0.8,34.190222362265374,0.410462208,0.2875392,1,HEADROOM
540p,10,4,optimistic,finishing_owner,0.4,12.5,60.071380631426194,74.20592416624959,78.1806214318749,78.18062143187524,0,84313600,15000000,99313600,165522.66666666666,9.471282958984375,0.6448279442860296,0.11938277616902443,0.6448279442860296,0.10546304589229277,0.0233985024,3.2,136.7608894490615,0.410462208,0.2875392,1,HEADROOM
540p,10,4,optimistic,finishing_owner,0.4,25,60.282954190147265,40.67819129390591,43.81053305390833,43.81053305390833,0,84313600,15000000,99313600,165522.66666666666,9.471282958984375,0.32395141208654854,0.06231294146344993,0.32395141208654854,0.10583449052530197,0.0233985024,3.2,136.7608894490615,0.410462208,0.2875392,1,HEADROOM
540p,10,4,optimistic,finishing_owner,0.4,50,60.23142353280412,24.119811166952786,27.252152926955205,27.252152926955205,0,85156736,16382400,101539136,169231.89333333334,9.683526611328125,0.16386117781488943,0.036185983444004435,0.16386117781488943,0.10555827234930447,0.0233985024,3.2,136.7608894490615,0.410462208,0.2875392,1,HEADROOM
540p,10,4,optimistic,finishing_owner,0.4,100,60.2460915987505,15.840621103476224,31.19299119257994,31.19299119257994,0,167784064,154622400,322406464,537344.1066666667,30.747076416015624,0.16226617299555848,0.15288390765493717,0.16226617299555848,0.09265448738167023,0.0233985024,3.2,136.7608894490615,0.410462208,0.2875392,1,HEADROOM
540p,10,4,optimistic,finishing_owner,0.4,125,60.24726540376245,14.184783090780911,25.963936861562615,25.963936861562615,0,167784064,156004800,323788864,539648.1066666667,30.878912353515624,0.1301351797625251,0.12433249930405926,0.1301351797625251,0.08687747671206633,0.0233985024,3.2,136.7608894490615,0.410462208,0.2875392,1,HEADROOM
540p,10,4,optimistic,finishing_owner,0.4,200,60.334228773185046,16.757157818476422,23.832350863027386,23.8323508630275,0,168627200,291480000,460107200,766845.3333333334,43.879241943359375,0.08246453714248252,0.14458946574370543,0.14458946574370543,0.07436945161527753,0.0233985024,3.2,136.7608894490615,0.410462208,0.2875392,1,HEADROOM
540p,10,4,optimistic,finishing_owner,0.4,400,60.420779526612826,12.901749666737942,16.476857393789032,16.47685739378926,0,252097664,429720000,681817664,1136362.7733333334,65.02319946289063,0.06292700007456913,0.10800539788001343,0.10800539788001343,0.05584279315508918,0.0233985024,3.2,136.7608894490615,0.410462208,0.2875392,1,HEADROOM
540p,10,4,optimistic,finishing_owner,0.4,800,60.504277631013395,7.645856035756424,11.161359118032124,11.161359118032465,0,334724992,565195200,899920192,1499866.9866666666,85.82307739257813,0.04343231854485275,0.07278313497680652,0.07278313497680652,0.03763405333505054,0.0233985024,3.2,136.7608894490615,0.410462208,0.2875392,1,HEADROOM
540p,10,4,optimistic,finishing_owner,0.4,1600,60.541505854646985,5.772081507253006,6.78585843901601,6.785858439016351,0,336411264,567960000,904371264,1507285.44,86.24756469726563,0.023437305912507204,0.03900190163106804,0.03900190163106804,0.03728379804787947,0.0233985024,3.2,136.7608894490615,0.410462208,0.2875392,1,HEADROOM
540p,10,4,optimistic,independent_au,0.4,12.5,60.02724842800296,76.87621225218709,82.18605356078115,82.18605356078149,0,84313600,20250000,104563600,174272.66666666666,9.971961975097656,0.6443542132395464,0.15936758167211382,0.6443542132395464,0.10538556612495549,0.0233985024,3.2,136.7608894490615,0.410462208,0.2875392,1,HEADROOM
540p,10,4,optimistic,independent_au,0.4,25,60.28093260810865,41.0119773046481,44.22979539179869,44.22979539179869,0,84313600,20250000,104563600,174272.66666666666,9.971961975097656,0.3239405484126484,0.0824317838250979,0.3239405484126484,0.10583094137765342,0.0233985024,3.2,136.7608894490615,0.410462208,0.2875392,1,HEADROOM
540p,10,4,optimistic,independent_au,0.4,50,60.38924365804425,24.28670417232388,27.4190459323263,27.4190459323263,0,85156736,20250000,105406736,175677.89333333334,10.052369689941406,0.1642905316320154,0.04370551719075952,0.1642905316320154,0.10583485920023994,0.0233985024,3.2,136.7608894490615,0.410462208,0.2875392,1,HEADROOM
540p,10,4,optimistic,independent_au,0.4,100,60.46360165066215,15.92406760616177,18.176290447951033,18.176290447951033,0,167784064,20250000,188034064,313390.1066666667,17.932325744628905,0.16285201222222295,0.02429821022248685,0.16285201222222295,0.0929890033946667,0.0233985024,3.2,136.7608894490615,0.410462208,0.2875392,1,HEADROOM
540p,10,4,optimistic,independent_au,0.4,125,60.479212132826426,14.251540292929349,15.55057626585949,15.55057626585949,0,167784064,20250000,188034064,313390.1066666667,17.932325744628905,0.1306361888801968,0.020411254218268025,0.1306361888801968,0.08721194743729592,0.0233985024,3.2,136.7608894490615,0.410462208,0.2875392,1,HEADROOM
540p,10,4,optimistic,independent_au,0.4,200,60.511224884891895,10.292061785268288,11.814978326162418,11.814978326162418,0,168627200,20250000,188877200,314795.3333333333,18.012733459472656,0.08270645458677098,0.014579123164098309,0.08270645458677098,0.07458762136789272,0.0233985024,3.2,136.7608894490615,0.410462208,0.2875392,1,HEADROOM
540p,10,4,optimistic,independent_au,0.4,400,60.536268132160004,7.71302888372702,8.041567532634872,9.48338664372801,0,252097664,20250000,272347664,453912.7733333333,25.973097229003905,0.06304727908365867,0.009714029173933731,0.06304727908365867,0.05594953137266712,0.0233985024,3.2,136.7608894490615,0.410462208,0.2875392,1,HEADROOM
540p,10,4,optimistic,independent_au,0.4,800,60.55341729627947,5.225880201863674,5.991141526317733,6.756402850770243,0,334724992,20250000,354974992,591624.9866666667,33.85305328369141,0.04346759290360205,0.007280527210021773,0.04346759290360205,0.037664618525742814,0.0233985024,3.2,136.7608894490615,0.410462208,0.2875392,1,HEADROOM
540p,10,4,optimistic,independent_au,0.4,1600,60.560800066975794,4.280667198705032,4.483496872997421,4.803331984090562,0,336411264,20250000,356661264,594435.44,34.013868713378905,0.023444775240372567,0.00606313943452361,0.023444775240372567,0.03729568016917469,0.0233985024,3.2,136.7608894490615,0.410462208,0.2875392,1,HEADROOM
540p,10,4,optimistic,raw_gather,0.4,12.5,4.210629715384956,66399.7867496254,125874.9600308756,131172.1925308753,600,84313600,1866240000,1950553600,3250922.6666666665,186.019287109375,0.04519842352517759,0.9995390191648732,0.9995390191648732,0.0073923027944655445,0.0233985024,3.2,136.7608894490615,0.410462208,0.2875392,1,INTERCONNECT
540p,10,4,optimistic,raw_gather,0.4,25,8.418343246002463,30712.594366812773,58210.961007438236,60660.53725743828,599,84313600,1866240000,1950553600,3250922.6666666665,186.019287109375,0.0452388941220383,0.9995296240898667,0.9995296240898667,0.014779485850967238,0.0233985024,3.2,136.7608894490615,0.410462208,0.2875392,1,INTERCONNECT
540p,10,4,optimistic,raw_gather,0.4,50,16.805635805125974,12889.86346322878,24420.12369760425,25445.87182260429,596,85156736,1866240000,1951396736,3252327.8933333335,186.09969482421874,0.04572017587225395,0.998358489107983,0.998358489107983,0.02945263082408376,0.0233985024,3.2,136.7608894490615,0.410462208,0.2875392,1,INTERCONNECT
540p,10,4,optimistic,raw_gather,0.4,100,33.470787433390484,3982.896910494357,7504.043941744374,7847.621090181918,589,167784064,1866240000,2034024064,3390040.1066666665,193.97965087890626,0.09014985768930359,0.9955245070271311,0.9955245070271311,0.05147584796962936,0.0233985024,3.2,136.7608894490615,0.410462208,0.2875392,1,INTERCONNECT
540p,10,4,optimistic,raw_gather,0.4,125,41.75123101269253,2206.2617249474824,4132.709224947463,4327.970943697461,580,167784064,1866240000,2034024064,3390040.1066666665,193.97965087890626,0.0901834119230272,0.9941163813017435,0.9941163813017435,0.060205912678300166,0.0233985024,3.2,136.7608894490615,0.410462208,0.2875392,1,INTERCONNECT
540p,10,4,optimistic,raw_gather,0.4,200,59.58305141402955,65.59691537718709,95.4200013146874,95.42000131468774,0,168627200,1866240000,2034867200,3391445.3333333335,194.06005859375,0.08143783149803742,0.8884752313695384,0.8884752313695384,0.07344353196067782,0.0233985024,3.2,136.7608894490615,0.410462208,0.2875392,1,INTERCONNECT_HEADROOM_LOW
540p,10,4,optimistic,raw_gather,0.4,400,60.081747002914724,33.92363656859334,48.91517953734365,48.91517953734399,0,252097664,1866240000,2118337664,3530562.7733333334,202.02042236328126,0.06257390466912778,0.4503590459158782,0.4503590459158782,0.05552944858651436,0.0233985024,3.2,136.7608894490615,0.410462208,0.2875392,1,HEADROOM
540p,10,4,optimistic,raw_gather,0.4,800,60.334238423263024,18.086997164296463,25.662768648671772,25.662768648672113,0,334724992,1866240000,2200964992,3668274.986666667,209.90037841796874,0.04331025780261619,0.2285392014892173,0.2285392014892173,0.037528287844343367,0.0233985024,3.2,136.7608894490615,0.410462208,0.2875392,1,HEADROOM
540p,10,4,optimistic,raw_gather,0.4,1600,60.46128162385892,10.168677462148025,14.036563204335835,14.036563204336176,0,336411264,1866240000,2202651264,3671085.44,210.06119384765626,0.023406248874661303,0.11692866457365395,0.11692866457365395,0.037234392867466055,0.0233985024,3.2,136.7608894490615,0.410462208,0.2875392,1,HEADROOM
540p,10,4,median,owner_only,0.4,12.5,59.93154380953368,83.35037682781149,90.22632690781393,90.22632690781393,0,84313600,15000000,99313600,165522.66666666666,9.471282958984375,0.6433268852218191,0.1191048716522195,0.6433268852218191,0.2380561468109543,0.1020045312,0.8,7.842788850540789,1.810059264,1.1501568,1,HEADROOM
540p,10,4,median,owner_only,0.4,25,60.13044917885977,50.23361657390524,57.10956665390768,57.10956665390768,0,84313600,15000000,99313600,165522.66666666666,9.471282958984375,0.32313187338907484,0.062155300950158796,0.32313187338907484,0.23884622567079916,0.1020045312,0.8,7.842788850540789,1.810059264,1.1501568,1,HEADROOM
540p,10,4,median,owner_only,0.4,50,60.23039779319704,33.67523644695211,40.55118652695455,40.55118652695455,0,84313600,15000000,99313600,165522.66666666666,9.471282958984375,0.16223602699327636,0.03353852354460764,0.16223602699327636,0.23924323500004058,0.1020045312,0.8,7.842788850540789,1.810059264,1.1501568,1,HEADROOM
540p,10,4,median,owner_only,0.4,100,60.28049680467514,25.39604638347555,32.27199646347799,32.27199646347799,0,84313600,15000000,99313600,165522.66666666666,9.471282958984375,0.08158735658589414,0.01919443014008113,0.08158735658589414,0.23944223500693873,0.1020045312,0.8,7.842788850540789,1.810059264,1.1501568,1,HEADROOM
540p,10,4,median,owner_only,0.4,125,60.290526609874235,23.740208370780238,30.616158450782677,30.616158450782677,0,84313600,15000000,99313600,165522.66666666666,9.471282958984375,0.06544151997381556,0.016322747478878956,0.06544151997381556,0.23948207474119537,0.1020045312,0.8,7.842788850540789,1.810059264,1.1501568,1,HEADROOM
540p,10,4,median,owner_only,0.4,200,60.30557757729108,21.25645135173727,28.13240143173971,28.13240143173971,0,84313600,15000000,99313600,165522.66666666666,9.471282958984375,0.04121268841205107,0.012013431265121593,0.04121268841205107,0.2395418592066251,0.1020045312,0.8,7.842788850540789,1.810059264,1.1501568,1,HEADROOM
540p,10,4,median,owner_only,0.4,400,60.31812579170364,19.18665383586813,26.062603915870568,26.062603915870568,0,84313600,15000000,99313600,165522.66666666666,9.471282958984375,0.021012752754592544,0.008420690524668033,0.021012752754592544,0.2395917024007518,0.1020045312,0.8,7.842788850540789,1.810059264,1.1501568,1,HEADROOM
540p,10,4,median,owner_only,0.4,800,60.324401857361465,18.151755077933558,25.027705157935998,25.027705157935998,0,84313600,15000000,99313600,165522.66666666666,9.471282958984375,0.010909632238653355,0.006623759420586813,0.010909632238653355,0.2396166317770479,0.1020045312,0.8,7.842788850540789,1.810059264,1.1501568,1,HEADROOM
540p,10,4,median,owner_only,0.4,1600,60.32754037998158,17.634305698966273,24.510255778968713,24.510255778968713,0,84313600,15000000,99313600,165522.66666666666,9.471282958984375,0.005857283521835547,0.005725153634028912,0.005857283521835547,0.23962909841071242,0.1020045312,0.8,7.842788850540789,1.810059264,1.1501568,1,HEADROOM
540p,10,4,median,finishing_owner,0.4,12.5,59.93154380953368,83.35037682781149,90.22632690781393,90.22632690781393,0,84313600,15000000,99313600,165522.66666666666,9.471282958984375,0.6433268852218191,0.1191048716522195,0.6433268852218191,0.2380561468109543,0.1020045312,3.2,31.371155402163154,1.810059264,1.1501568,1,HEADROOM
540p,10,4,median,finishing_owner,0.4,25,59.53978627586835,50.23361657390524,57.10956665390768,57.10956665390768,0,85156736,17764800,102921536,171535.89333333334,9.815362548828125,0.3231573183415226,0.0720107259339876,0.3231573183415226,0.23565869356735367,0.1020045312,3.2,31.371155402163154,1.810059264,1.1501568,1,HEADROOM
540p,10,4,median,finishing_owner,0.4,50,59.886186987526365,33.67523644695211,63.486324675703145,63.48632467570326,0,167784064,154622400,322406464,537344.1066666667,30.747076416015624,0.3210046394374447,0.2991502915393809,0.3210046394374447,0.19530108213025899,0.1020045312,3.2,31.371155402163154,1.810059264,1.1501568,1,HEADROOM
540p,10,4,median,finishing_owner,0.4,100,60.06448226691874,34.14197866740216,48.12161886515605,48.121618865156506,0,169470336,291480000,460950336,768250.56,43.959649658203126,0.16339491956603952,0.28308089143494614,0.28308089143494614,0.15370879658600733,0.1020045312,3.2,31.371155402163154,1.810059264,1.1501568,1,HEADROOM
540p,10,4,median,finishing_owner,0.4,125,60.1022801838763,28.352793181561992,39.4411379081248,39.441137908125256,0,169470336,292862400,462332736,770554.56,44.091485595703126,0.13111873924534903,0.22862534677376858,0.22862534677376858,0.15338087978428974,0.1020045312,3.2,31.371155402163154,1.810059264,1.1501568,1,HEADROOM
540p,10,4,median,finishing_owner,0.4,200,60.277379261781,19.629410308026763,33.211422637128635,33.2114226371292,0,252940800,429720000,682660800,1137768.0,65.10360717773438,0.12357221626681616,0.2106759340242196,0.2106759340242196,0.11182648290319096,0.1020045312,3.2,31.371155402163154,1.810059264,1.1501568,1,HEADROOM
540p,10,4,median,finishing_owner,0.4,400,60.38536227018588,15.430210631513091,22.301216796064182,22.30121679606475,0,335568128,566577600,902145728,1503576.2133333334,86.03532104492187,0.08370787621464729,0.14078105111689,0.14078105111689,0.08543291605252444,0.1020045312,3.2,31.371155402163154,1.810059264,1.1501568,1,HEADROOM
540p,10,4,median,finishing_owner,0.4,800,60.47965797473442,11.682661574506255,13.550215438031955,13.550215438032524,0,337254400,567960000,905214400,1508690.6666666667,86.32797241210938,0.04372664899779561,0.07308574364266038,0.07308574364266038,0.08530054366970898,0.1020045312,3.2,31.371155402163154,1.810059264,1.1501568,1,HEADROOM
540p,10,4,median,finishing_owner,0.4,1600,60.51202758832923,8.160937827252837,9.174714759015842,9.914803145551744,0,337254400,567960000,905214400,1508690.6666666667,86.32797241210938,0.023476577739257046,0.03898291121404835,0.03898291121404835,0.08534619779095365,0.1020045312,3.2,31.371155402163154,1.810059264,1.1501568,1,HEADROOM
540p,10,4,median,independent_au,0.4,12.5,59.922410807345386,84.87625573406149,92.62869735312597,92.62869735312597,0,84313600,27000000,111313600,185522.66666666666,10.615692138671875,0.6432288482703735,0.21052106385538044,0.6432288482703735,0.2380198692987869,0.1020045312,3.2,31.371155402163154,1.810059264,1.1501568,1,HEADROOM
540p,10,4,median,independent_au,0.4,25,60.15181588203157,50.99655602703024,57.87250610703268,57.87250610703268,0,85156736,27000000,112156736,186927.89333333334,10.696099853515625,0.32647916174480485,0.10806958067596727,0.32647916174480485,0.23808110900473364,0.1020045312,3.2,31.371155402163154,1.810059264,1.1501568,1,HEADROOM
540p,10,4,median,independent_au,0.4,50,60.30507684419071,34.05670617351461,37.63174905828237,37.63174905828237,0,167784064,27000000,194784064,324640.1066666667,18.576055908203124,0.3232499917326334,0.056584668789224156,0.3232499917326334,0.19666716747339455,0.1020045312,3.2,31.371155402163154,1.810059264,1.1501568,1,HEADROOM
540p,10,4,median,independent_au,0.4,100,60.40258384920655,21.499063933515117,25.22912457113307,28.223517246757808,0,169470336,27000000,196470336,327450.56,18.736871337890626,0.16431466579139728,0.03075418349564011,0.16431466579139728,0.1545740198490056,0.1020045312,3.2,31.371155402163154,1.810059264,1.1501568,1,HEADROOM
540p,10,4,median,independent_au,0.4,125,60.4204939294231,19.653582181405454,22.350308042812685,24.200388396406197,0,169470336,27000000,196470336,327450.56,18.736871337890626,0.13181295226021283,0.025577369882579578,0.13181295226021283,0.1541929605256876,0.1020045312,3.2,31.371155402163154,1.810059264,1.1501568,1,HEADROOM
540p,10,4,median,independent_au,0.4,200,60.45956186747102,15.510126623378255,17.129524748945187,19.2528556899414,0,252940800,27000000,279940800,466568.0,26.697235107421875,0.12394570145522502,0.017809979499588728,0.12394570145522502,0.11216446773746809,0.1020045312,3.2,31.371155402163154,1.810059264,1.1501568,1,HEADROOM
540p,10,4,median,independent_au,0.4,400,60.48889844147457,10.884369414472076,12.787273924970577,14.717466796064443,0,335568128,27000000,362568128,604280.2133333334,34.57719116210937,0.08385140094786316,0.011328866623343667,0.08385140094786316,0.08557939852273848,0.1020045312,3.2,31.371155402163154,1.810059264,1.1501568,1,HEADROOM
540p,10,4,median,independent_au,0.4,800,60.507619136396244,8.713244002484771,9.697168775845057,10.184883566938467,0,337254400,27000000,364254400,607090.6666666666,34.738006591796875,0.04374686485123294,0.008086491161258192,0.04374686485123294,0.08533998010786453,0.1020045312,3.2,31.371155402163154,1.810059264,1.1501568,1,HEADROOM
540p,10,4,median,independent_au,0.4,1600,60.51698382992722,6.676229041242095,9.167798467922694,9.167798467922694,0,337254400,27000000,364254400,607090.6666666666,34.738006591796875,0.023478500589900246,0.006464550702221493,0.023478500589900246,0.0853531880768948,0.1020045312,3.2,31.371155402163154,1.810059264,1.1501568,1,HEADROOM
540p,10,4,median,raw_gather,0.4,12.5,4.210589684192825,66401.14150162539,125876.31478287559,131173.54728287528,600,84313600,1866240000,1950553600,3250922.6666666665,186.019287109375,0.0451979938158708,0.9995295163728389,0.9995295163728389,0.01672502812886735,0.1020045312,3.2,31.371155402163154,1.810059264,1.1501568,1,INTERCONNECT
540p,10,4,median,raw_gather,0.4,25,8.418183233633659,30713.949118812772,58212.315759438236,60661.89200943828,599,85156736,1866240000,1951396736,3252327.8933333335,186.09969482421874,0.04569041458234468,0.9995106254462895,0.9995106254462895,0.0333192002715125,0.1020045312,3.2,31.371155402163154,1.810059264,1.1501568,1,INTERCONNECT
540p,10,4,median,raw_gather,0.4,50,16.804511408285247,12892.252319548777,24422.512553924244,25448.260678924285,596,167784064,1866240000,2034024064,3390040.1066666665,193.97965087890626,0.09007629967596051,0.9982916929960068,0.9982916929960068,0.05480294251146734,0.1020045312,3.2,31.371155402163154,1.810059264,1.1501568,1,INTERCONNECT
540p,10,4,median,raw_gather,0.4,100,33.4663276602501,3985.285766814357,7506.432798064376,7850.009946501919,588,169470336,1866240000,2035710336,3392850.56,194.14046630859374,0.09103929160526507,0.9953918596113548,0.9953918596113548,0.0856424421998758,0.1020045312,3.2,31.371155402163154,1.810059264,1.1501568,1,INTERCONNECT
540p,10,4,median,raw_gather,0.4,125,41.74429188047693,2208.6505812674823,4135.0980812674625,4330.359800017461,580,169470336,1866240000,2035710336,3392850.56,194.14046630859374,0.09106907267598752,0.9939511573109719,0.9939511573109719,0.10653133616580181,0.1020045312,3.2,31.371155402163154,1.810059264,1.1501568,1,INTERCONNECT
540p,10,4,median,raw_gather,0.4,200,59.56892014230596,67.98577169718692,97.80885763468723,97.8088576346878,0,252940800,1866240000,2119180800,3531968.0,202.100830078125,0.122119832891823,0.888264512304029,0.888264512304029,0.1105121508505727,0.1020045312,3.2,31.371155402163154,1.810059264,1.1501568,1,INTERCONNECT_HEADROOM_LOW
540p,10,4,median,raw_gather,0.4,400,60.06737821919222,36.31249288859317,51.30403585734348,51.30403585734405,0,335568128,1866240000,2201808128,3669680.2133333334,209.9807861328125,0.08326707783937694,0.45025134079658596,0.45025134079658596,0.08498303376792324,0.1020045312,3.2,31.371155402163154,1.810059264,1.1501568,1,HEADROOM
540p,10,4,median,raw_gather,0.4,800,60.319748631727876,20.475853484296294,28.051624968671604,28.051624968672172,0,337254400,1866240000,2203494400,3672490.6666666665,210.1416015625,0.043611034922794785,0.22848431581445405,0.22848431581445405,0.0850750074422716,0.1020045312,3.2,31.371155402163154,1.810059264,1.1501568,1,HEADROOM
540p,10,4,median,raw_gather,0.4,1600,60.44673075438061,12.557533782147857,16.425419524335666,16.425419524336235,0,337254400,1866240000,2203494400,3672490.6666666665,210.1416015625,0.02345124482182861,0.11690052402335814,0.11690052402335814,0.08525410309957733,0.1020045312,3.2,31.371155402163154,1.810059264,1.1501568,1,HEADROOM
540p,10,4,adversarial,owner_only,0.4,12.5,59.4644427319112,113.22385650781143,131.52552690781158,131.5255269078126,0,84313600,15000000,99313600,165522.66666666666,9.471282958984375,0.6383128531737606,0.11817657896422122,0.6383128531737606,0.6455064107645402,0.37696389119999996,0.8,2.1222191798088064,6.7571712,3.9105331199999998,1,HEADROOM
540p,10,4,adversarial,owner_only,0.4,25,59.66025461746074,80.10709625390518,98.40876665390533,98.40876665390635,0,84313600,15000000,99313600,165522.66666666666,9.471282958984375,0.3206051194473191,0.06166927290832671,0.3206051194473191,0.6476320142616749,0.37696389119999996,0.8,2.1222191798088064,6.7571712,3.9105331199999998,1,HEADROOM
540p,10,4,adversarial,owner_only,0.4,50,59.7586449530003,63.54871612695206,81.8503865269522,81.85038652695323,0,84313600,15000000,99313600,165522.66666666666,9.471282958984375,0.16096531802703143,0.033275834033698236,0.16096531802703143,0.6487000742556851,0.37696389119999996,0.8,2.1222191798088064,6.7571712,3.9105331199999998,1,HEADROOM
540p,10,4,adversarial,owner_only,0.4,100,59.80796191853149,55.269526063475496,73.57119646347564,73.57119646347667,0,84313600,15000000,99313600,165522.66666666666,9.471282958984375,0.08094779861443284,0.019043966253059343,0.08094779861443284,0.6492354264081194,0.37696389119999996,0.8,2.1222191798088064,6.7571712,3.9105331199999998,1,HEADROOM
540p,10,4,adversarial,owner_only,0.4,125,59.817835081194964,53.61368805078018,71.91535845078033,71.91535845078135,0,84313600,15000000,99313600,165522.66666666666,9.471282958984375,0.0649284434781385,0.016194773402487768,0.0649284434781385,0.649342602890417,0.37696389119999996,0.8,2.1222191798088064,6.7571712,3.9105331199999998,1,HEADROOM
540p,10,4,adversarial,owner_only,0.4,200,59.83265093872517,51.129931031737215,69.43160143173736,69.43160143173839,0,84313600,15000000,99313600,165522.66666666666,9.471282958984375,0.04088949147107168,0.01191921988544324,0.04088949147107168,0.6495034339783302,0.37696389119999996,0.8,2.1222191798088064,6.7571712,3.9105331199999998,1,HEADROOM
540p,10,4,adversarial,owner_only,0.4,400,59.84500309421157,49.060133515868074,67.36180391586822,67.36180391586925,0,84313600,15000000,99313600,165522.66666666666,9.471282958984375,0.020847933139684114,0.008354640398549478,0.020847933139684114,0.6496375207566959,0.37696389119999996,0.8,2.1222191798088064,6.7571712,3.9105331199999998,1,HEADROOM
540p,10,4,adversarial,owner_only,0.4,800,59.85118108468336,48.025234757933504,66.32690515793365,66.32690515793468,0,84313600,15000000,99313600,165522.66666666666,9.471282958984375,0.010824050543043397,0.006571798680744657,0.010824050543043397,0.6497045849091871,0.37696389119999996,0.8,2.1222191798088064,6.7571712,3.9105331199999998,1,HEADROOM
540p,10,4,adversarial,owner_only,0.4,1600,59.85427055827418,47.50778537896622,65.80945577896637,65.80945577896739,0,84313600,15000000,99313600,165522.66666666666,9.471282958984375,0.005811333106641948,0.005680239778390876,0.005811333106641948,0.6497381221781355,0.37696389119999996,0.8,2.1222191798088064,6.7571712,3.9105331199999998,1,HEADROOM
540p,10,4,adversarial,finishing_owner,0.4,12.5,57.87671782459501,113.22385650781143,131.52552690781158,131.5255269078126,3,85156736,19147200,104303936,173839.89333333334,9.947198486328125,0.6274823356882427,0.1455421414556978,0.6274823356882427,0.6248831432825355,0.37696389119999996,3.2,8.488876719235225,6.7571712,3.9105331199999998,1,BURST_OR_PER_FRAME_LATENCY
540p,10,4,adversarial,finishing_owner,0.4,25,52.723140415486846,676.7130844882658,1200.1227719882481,1305.1599350741817,541,168627200,291480000,460107200,766845.3333333334,43.879241943359375,0.5666522491038063,0.9812725087437455,0.9812725087437455,0.4110577306854351,0.37696389119999996,3.2,8.488876719235225,6.7571712,3.9105331199999998,1,INTERCONNECT
540p,10,4,adversarial,finishing_owner,0.4,50,59.36335573620768,71.51153175390573,125.35958107031183,125.35958107031274,0,252097664,428337600,680435264,1134058.7733333334,64.89136352539063,0.4780947914283565,0.8130693467535653,0.8130693467535653,0.3481531487296278,0.37696389119999996,3.2,8.488876719235225,6.7571712,3.9105331199999998,1,INTERCONNECT_HEADROOM_LOW
540p,10,4,adversarial,finishing_owner,0.4,100,59.85981747196028,55.27157020605409,69.09200111425707,69.0920011142581,0,252940800,431102400,684043200,1140072.0,65.23544311523438,0.2430459680840964,0.41495951496693473,0.41495951496693473,0.2987335471284391,0.37696389119999996,3.2,8.488876719235225,6.7571712,3.9105331199999998,1,HEADROOM
540p,10,4,adversarial,finishing_owner,0.4,125,59.99239121296951,46.638772964843156,68.27399269140551,68.27399269140653,0,334724992,565195200,899920192,1499866.9866666666,85.82307739257813,0.2585101157123789,0.4359544250455665,0.4359544250455665,0.2359519214463795,0.37696389119999996,3.2,8.488876719235225,6.7571712,3.9105331199999998,1,HEADROOM
540p,10,4,adversarial,finishing_owner,0.4,200,60.152578076707115,40.28137397802675,47.27158943212817,47.27158943212919,0,336411264,567960000,904371264,1507285.44,86.24756469726563,0.16400539369104314,0.2763253364694607,0.2763253364694607,0.2342344701104866,0.37696389119999996,3.2,8.488876719235225,6.7571712,3.9105331199999998,1,HEADROOM
540p,10,4,adversarial,finishing_owner,0.4,400,60.332863444270714,26.194478989013078,29.769586716063714,29.769586716064737,0,337254400,567960000,905214400,1508690.6666666667,86.32797241210938,0.0840474142305477,0.14099007487333434,0.14099007487333434,0.23493650232406993,0.37696389119999996,3.2,8.488876719235225,6.7571712,3.9105331199999998,1,HEADROOM
540p,10,4,adversarial,finishing_owner,0.4,800,60.36134842661987,19.151031494506242,24.610066757933964,24.610066757934646,0,337254400,567960000,905214400,1508690.6666666667,86.32797241210938,0.04364111147564801,0.07294277422792605,0.07294277422792605,0.23504742300211887,0.37696389119999996,3.2,8.488876719235225,6.7571712,3.9105331199999998,1,HEADROOM
540p,10,4,adversarial,finishing_owner,0.4,1600,60.37560100664685,15.629307747252824,24.09261737896668,24.09261737896736,0,337254400,567960000,905214400,1508690.6666666667,86.32797241210938,0.023423648935212392,0.03889502281346225,0.03889502281346225,0.23510292262719015,0.37696389119999996,3.2,8.488876719235225,6.7571712,3.9105331199999998,1,HEADROOM
540p,10,4,adversarial,independent_au,0.4,12.5,59.58447490336165,117.03855377343643,135.34022417343658,135.3402241734376,0,85156736,45000000,130156736,216927.89333333334,12.412713623046875,0.6459973351707679,0.3457118582235989,0.6459973351707679,0.6433214488992581,0.37696389119999996,3.2,8.488876719235225,6.7571712,3.9105331199999998,1,HEADROOM
540p,10,4,adversarial,independent_au,0.4,25,59.92757718633652,79.1347788242183,85.72886522421868,85.72886522421891,0,168627200,45000000,213627200,356045.3333333333,20.373077392578125,0.6440833404150698,0.17624837979609248,0.6440833404150698,0.4672273633468135,0.37696389119999996,3.2,8.488876719235225,6.7571712,3.9105331199999998,1,HEADROOM
540p,10,4,adversarial,independent_au,0.4,50,60.1331090425202,52.79480644335854,58.099738255468765,64.50239044335831,0,252097664,45000000,297097664,495162.7733333333,28.333441162109374,0.48429415536034376,0.09083175121266444,0.48429415536034376,0.3526675841757745,0.37696389119999996,3.2,8.488876719235225,6.7571712,3.9105331199999998,1,HEADROOM
540p,10,4,adversarial,independent_au,0.4,100,60.26096910756437,36.865154190429166,40.45196670605401,44.038779221679675,0,252940800,45000000,297940800,496568.0,28.413848876953125,0.2446747449788737,0.04792288141833083,0.2446747449788737,0.3007355153285012,0.37696389119999996,3.2,8.488876719235225,6.7571712,3.9105331199999998,1,HEADROOM
540p,10,4,adversarial,independent_au,0.4,125,60.27730478964547,31.89764015234323,37.09260696484307,42.287573777342914,0,334724992,45000000,379724992,632874.9866666667,36.21339721679688,0.2597378220962279,0.03931313484721732,0.2597378220962279,0.23707249531422558,0.37696389119999996,3.2,8.488876719235225,6.7571712,3.9105331199999998,1,HEADROOM
540p,10,4,adversarial,independent_au,0.4,200,60.31447037764064,26.94006975302682,28.54675483740175,32.48714057958986,0,336411264,45000000,381411264,635685.44,36.374212646484374,0.1644467914066372,0.026395293120262096,0.1644467914066372,0.23486487962137698,0.37696389119999996,3.2,8.488876719235225,6.7571712,3.9105331199999998,1,HEADROOM
540p,10,4,adversarial,independent_au,0.4,400,60.352141804625866,20.327169418700578,25.764174805419316,25.764174805419998,0,337254400,45000000,382254400,637090.6666666666,36.454620361328125,0.08407427018012403,0.015619975265466312,0.08407427018012403,0.235011572365401,0.37696389119999996,3.2,8.488876719235225,6.7571712,3.9105331199999998,1,HEADROOM
540p,10,4,adversarial,independent_au,0.4,800,60.37099517034678,16.217376709349992,24.669671402709355,24.669671402710037,0,337254400,45000000,382254400,637090.6666666666,36.454620361328125,0.04364808604843899,0.010227267196425669,0.04364808604843899,0.2350849874752871,0.37696389119999996,3.2,8.488876719235225,6.7571712,3.9105331199999998,1,HEADROOM
540p,10,4,adversarial,independent_au,0.4,1600,60.38042627109013,14.162480354674699,24.122419701354374,24.122419701355057,0,337254400,45000000,382254400,637090.6666666666,36.454620361328125,0.02342552097124109,0.007529649496143373,0.02342552097124109,0.23512171223349052,0.37696389119999996,3.2,8.488876719235225,6.7571712,3.9105331199999998,1,HEADROOM
540p,10,4,adversarial,raw_gather,0.4,12.5,4.210472753899459,66405.0988520254,125880.2721332756,131177.5046332753,600,85156736,1866240000,1951396736,3252327.8933333335,186.09969482421874,0.04564870603021323,0.9995017589116889,0.9995017589116889,0.045459617408437195,0.37696389119999996,3.2,8.488876719235225,6.7571712,3.9105331199999998,1,INTERCONNECT
540p,10,4,adversarial,raw_gather,0.4,25,8.417715858187979,30717.906469212772,58216.273109838236,60665.84935983828,599,168627200,1866240000,2034867200,3391445.3333333335,194.06005859375,0.09047104527100369,0.9994551328642126,0.9994551328642126,0.06562900371551396,0.37696389119999996,3.2,8.488876719235225,6.7571712,3.9105331199999998,1,INTERCONNECT
540p,10,4,adversarial,raw_gather,0.4,50,16.80099713510337,12899.720689468777,24429.980923844247,25455.72904884429,597,252097664,1866240000,2118337664,3530562.7733333334,202.02042236328126,0.1353102283635962,0.9980829234793486,0.9980829234793486,0.09853418799934856,0.37696389119999996,3.2,8.488876719235225,6.7571712,3.9105331199999998,1,INTERCONNECT
540p,10,4,adversarial,raw_gather,0.4,100,33.45239256908808,3992.7541367343565,7513.901167984375,7857.478316421919,589,252940800,1866240000,2119180800,3531968.0,202.100830078125,0.13582515751057456,0.9949773869973761,0.9949773869973761,0.16694591320425992,0.37696389119999996,3.2,8.488876719235225,6.7571712,3.9105331199999998,1,INTERCONNECT
540p,10,4,adversarial,raw_gather,0.4,125,41.722612684797625,2216.1189511874827,4142.566451187464,4337.828169937462,582,334724992,1866240000,2200964992,3668274.986666667,209.90037841796874,0.17978475628152796,0.9934349654997247,0.9934349654997247,0.16409632007821745,0.37696389119999996,3.2,8.488876719235225,6.7571712,3.9105331199999998,1,INTERCONNECT
540p,10,4,adversarial,raw_gather,0.4,200,59.52478422798792,75.4541416171869,105.27722755468676,105.27722755468778,0,336411264,1866240000,2202651264,3671085.44,210.06119384765626,0.16229372013343255,0.8876063777212106,0.8876063777212106,0.23178983740819672,0.37696389119999996,3.2,8.488876719235225,6.7571712,3.9105331199999998,1,INTERCONNECT_HEADROOM_LOW
540p,10,4,adversarial,raw_gather,0.4,400,60.022500855783306,43.780862808593156,58.77240577734301,58.772405777344034,0,337254400,1866240000,2203494400,3672490.6666666665,210.1416015625,0.08361505992897604,0.44991495033565143,0.44991495033565143,0.23372794869626426,0.37696389119999996,3.2,8.488876719235225,6.7571712,3.9105331199999998,1,HEADROOM
540p,10,4,adversarial,raw_gather,0.4,800,60.27449351770379,27.94422340429628,35.519994888671135,35.51999488867216,0,337254400,1866240000,2203494400,3672490.6666666665,210.1416015625,0.04357831558289519,0.22831289461328116,0.22831289461328116,0.23470920950875024,0.37696389119999996,3.2,8.488876719235225,6.7571712,3.9105331199999998,1,HEADROOM
540p,10,4,adversarial,raw_gather,0.4,1600,60.36476504318352,20.025903702147843,25.93165908886658,25.931659088867264,0,337254400,1866240000,2203494400,3672490.6666666665,210.1416015625,0.02341944495546216,0.1167420070205144,0.1167420070205144,0.23506072732582278,0.37696389119999996,3.2,8.488876719235225,6.7571712,3.9105331199999998,1,HEADROOM
540p,10,8,optimistic,owner_only,0.4,12.5,60.071380631426194,74.20592416624959,78.1806214318749,78.18062143187524,0,84313600,15000000,99313600,165522.66666666666,9.471282958984375,0.6448279442860296,0.11938277616902443,0.6448279442860296,0.10546304589229277,0.0233985024,0.8,34.190222362265374,0.410462208,0.2875392,1,HEADROOM
540p,10,8,optimistic,owner_only,0.4,25,60.282954190147265,40.67819129390591,43.81053305390833,43.81053305390833,0,84313600,15000000,99313600,165522.66666666666,9.471282958984375,0.32395141208654854,0.06231294146344993,0.32395141208654854,0.10583449052530197,0.0233985024,0.8,34.190222362265374,0.410462208,0.2875392,1,HEADROOM
540p,10,8,optimistic,owner_only,0.4,50,60.383410857453,24.119811166952786,27.252152926955205,27.252152926955205,0,84313600,15000000,99313600,165522.66666666666,9.471282958984375,0.16264818152873514,0.033623726904475876,0.16264818152873514,0.10601085514357593,0.0233985024,0.8,34.190222362265374,0.410462208,0.2875392,1,HEADROOM
540p,10,8,optimistic,owner_only,0.4,100,60.43376484798752,15.840621103476224,18.972962863478642,18.972962863478642,0,84313600,15000000,99313600,165522.66666666666,9.471282958984375,0.08179479904516034,0.019243233532654332,0.08179479904516034,0.10609925805955327,0.0233985024,0.8,34.190222362265374,0.410462208,0.2875392,1,HEADROOM
540p,10,8,optimistic,owner_only,0.4,125,60.443845725474596,14.184783090780911,17.31712485078333,17.31712485078333,0,84313600,15000000,99313600,165522.66666666666,9.471282958984375,0.06560793809172076,0.016364256308679423,0.06560793809172076,0.10611695633839885,0.0233985024,0.8,34.190222362265374,0.410462208,0.2875392,1,HEADROOM
540p,10,8,optimistic,owner_only,0.4,200,60.45897334920103,11.701026071737942,14.833367831740361,14.833367831740361,0,84313600,15000000,99313600,165522.66666666666,9.471282958984375,0.04131751871805964,0.012043989127863867,0.04131751871805964,0.10614351483028854,0.0233985024,0.8,34.190222362265374,0.410462208,0.2875392,1,HEADROOM
540p,10,8,optimistic,owner_only,0.4,400,60.471585487795956,9.631228555868802,12.76357031587122,12.76357031587122,0,84313600,15000000,99313600,165522.66666666666,9.471282958984375,0.021066212815054604,0.00844211421102834,0.021066212815054604,0.10616565706403538,0.0233985024,0.8,34.190222362265374,0.410462208,0.2875392,1,HEADROOM
540p,10,8,optimistic,owner_only,0.4,800,60.47789353053041,8.596329797934231,11.72867155793665,11.72867155793665,0,84313600,15000000,99313600,165522.66666666666,9.471282958984375,0.010937391116560313,0.006640613162767936,0.010937391116560313,0.10617673164553164,0.0233985024,0.8,34.190222362265374,0.410462208,0.2875392,1,HEADROOM
540p,10,8,optimistic,owner_only,0.4,1600,60.48104804543703,8.078880418966946,11.211222178969365,11.211222178969365,0,84313600,15000000,99313600,165522.66666666666,9.471282958984375,0.005872187791323152,0.005739721689732791,0.005872187791323152,0.10618226980275171,0.0233985024,0.8,34.190222362265374,0.410462208,0.2875392,1,HEADROOM
540p,10,8,optimistic,finishing_owner,0.4,12.5,60.071380631426194,74.20592416624959,78.1806214318749,78.18062143187524,0,84313600,15000000,99313600,165522.66666666666,9.471282958984375,0.6448279442860296,0.11938277616902443,0.6448279442860296,0.10546304589229277,0.0233985024,6.4,273.521778898123,0.410462208,0.2875392,1,HEADROOM
540p,10,8,optimistic,finishing_owner,0.4,25,60.282954190147265,40.67819129390591,43.81053305390833,43.81053305390833,0,84313600,15000000,99313600,165522.66666666666,9.471282958984375,0.32395141208654854,0.06231294146344993,0.32395141208654854,0.10583449052530197,0.0233985024,6.4,273.521778898123,0.410462208,0.2875392,1,HEADROOM
540p,10,8,optimistic,finishing_owner,0.4,50,60.23142353280412,24.119811166952786,27.252152926955205,27.252152926955205,0,85156736,16382400,101539136,169231.89333333334,9.683526611328125,0.16386117781488943,0.036185983444004435,0.16386117781488943,0.10555827234930447,0.0233985024,6.4,273.521778898123,0.410462208,0.2875392,1,HEADROOM
540p,10,8,optimistic,finishing_owner,0.4,100,60.2460915987505,15.840621103476224,31.19299119257994,31.19299119257994,0,167784064,154622400,322406464,537344.1066666667,30.747076416015624,0.16226617299555848,0.15288390765493717,0.16226617299555848,0.09265448738167023,0.0233985024,6.4,273.521778898123,0.410462208,0.2875392,1,HEADROOM
540p,10,8,optimistic,finishing_owner,0.4,125,60.24726540376245,14.184783090780911,25.963936861562615,25.963936861562615,0,167784064,156004800,323788864,539648.1066666667,30.878912353515624,0.1301351797625251,0.12433249930405926,0.1301351797625251,0.08687747671206633,0.0233985024,6.4,273.521778898123,0.410462208,0.2875392,1,HEADROOM
540p,10,8,optimistic,finishing_owner,0.4,200,60.334228773185046,16.757157818476422,23.832350863027386,23.8323508630275,0,168627200,291480000,460107200,766845.3333333334,43.879241943359375,0.08246453714248252,0.14458946574370543,0.14458946574370543,0.07436945161527753,0.0233985024,6.4,273.521778898123,0.410462208,0.2875392,1,HEADROOM
540p,10,8,optimistic,finishing_owner,0.4,400,60.420779526612826,12.901749666737942,16.476857393789032,16.47685739378926,0,252097664,429720000,681817664,1136362.7733333334,65.02319946289063,0.06292700007456913,0.10800539788001343,0.10800539788001343,0.05584279315508918,0.0233985024,6.4,273.521778898123,0.410462208,0.2875392,1,HEADROOM
540p,10,8,optimistic,finishing_owner,0.4,800,60.49422470306583,7.645856035756424,11.161359118032124,11.161359118032465,0,335568128,566577600,902145728,1503576.2133333334,86.03532104492187,0.043534505609030195,0.07293719423841256,0.07293719423841256,0.03744124041843684,0.0233985024,6.4,273.521778898123,0.410462208,0.2875392,1,HEADROOM
540p,10,8,optimistic,finishing_owner,0.4,1600,60.53647278534248,5.772081507253006,6.78585843901601,6.785858439016351,0,420724864,569342400,990067264,1650112.1066666667,94.42017211914063,0.02931292652619796,0.039081793433597654,0.039081793433597654,0.037094008269069965,0.0233985024,6.4,273.521778898123,0.410462208,0.2875392,1,HEADROOM
540p,10,8,optimistic,independent_au,0.4,12.5,60.02724842800296,76.87621225218709,82.18605356078115,82.18605356078149,0,84313600,20250000,104563600,174272.66666666666,9.971961975097656,0.6443542132395464,0.15936758167211382,0.6443542132395464,0.10538556612495549,0.0233985024,6.4,273.521778898123,0.410462208,0.2875392,1,HEADROOM
540p,10,8,optimistic,independent_au,0.4,25,60.28093260810865,41.0119773046481,44.22979539179869,44.22979539179869,0,84313600,20250000,104563600,174272.66666666666,9.971961975097656,0.3239405484126484,0.0824317838250979,0.3239405484126484,0.10583094137765342,0.0233985024,6.4,273.521778898123,0.410462208,0.2875392,1,HEADROOM
540p,10,8,optimistic,independent_au,0.4,50,60.38924365804425,24.28670417232388,27.4190459323263,27.4190459323263,0,85156736,20250000,105406736,175677.89333333334,10.052369689941406,0.1642905316320154,0.04370551719075952,0.1642905316320154,0.10583485920023994,0.0233985024,6.4,273.521778898123,0.410462208,0.2875392,1,HEADROOM
540p,10,8,optimistic,independent_au,0.4,100,60.46360165066215,15.92406760616177,18.176290447951033,18.176290447951033,0,167784064,20250000,188034064,313390.1066666667,17.932325744628905,0.16285201222222295,0.02429821022248685,0.16285201222222295,0.0929890033946667,0.0233985024,6.4,273.521778898123,0.410462208,0.2875392,1,HEADROOM
540p,10,8,optimistic,independent_au,0.4,125,60.479212132826426,14.251540292929349,15.55057626585949,15.55057626585949,0,167784064,20250000,188034064,313390.1066666667,17.932325744628905,0.1306361888801968,0.020411254218268025,0.1306361888801968,0.08721194743729592,0.0233985024,6.4,273.521778898123,0.410462208,0.2875392,1,HEADROOM
540p,10,8,optimistic,independent_au,0.4,200,60.511224884891895,10.292061785268288,11.814978326162418,11.814978326162418,0,168627200,20250000,188877200,314795.3333333333,18.012733459472656,0.08270645458677098,0.014579123164098309,0.08270645458677098,0.07458762136789272,0.0233985024,6.4,273.521778898123,0.410462208,0.2875392,1,HEADROOM
540p,10,8,optimistic,independent_au,0.4,400,60.536268132160004,7.71302888372702,8.041567532634872,9.48338664372801,0,252097664,20250000,272347664,453912.7733333333,25.973097229003905,0.06304727908365867,0.009714029173933731,0.06304727908365867,0.05594953137266712,0.0233985024,6.4,273.521778898123,0.410462208,0.2875392,1,HEADROOM
540p,10,8,optimistic,independent_au,0.4,800,60.558094317841,5.225880201863674,5.991141526317733,6.756402850770243,0,335568128,20250000,355818128,593030.2133333334,33.93346099853515,0.04358046920499864,0.007281089542987623,0.04358046920499864,0.037480770763919695,0.0233985024,6.4,273.521778898123,0.410462208,0.2875392,1,HEADROOM
540p,10,8,optimistic,independent_au,0.4,1600,60.56855077812795,4.280667198705032,4.48090033392873,4.803331984090562,0,420724864,20250000,440974864,734958.1066666667,42.054640197753905,0.029328459308376437,0.0060639154091207135,0.029328459308376437,0.037113664209941485,0.0233985024,6.4,273.521778898123,0.410462208,0.2875392,1,HEADROOM
540p,10,8,optimistic,raw_gather,0.4,12.5,4.210629715384956,66399.7867496254,125874.9600308756,131172.1925308753,600,84313600,1866240000,1950553600,3250922.6666666665,186.019287109375,0.04519842352517759,0.9995390191648732,0.9995390191648732,0.0073923027944655445,0.0233985024,6.4,273.521778898123,0.410462208,0.2875392,1,INTERCONNECT
540p,10,8,optimistic,raw_gather,0.4,25,8.418343246002463,30712.594366812773,58210.961007438236,60660.53725743828,599,84313600,1866240000,1950553600,3250922.6666666665,186.019287109375,0.0452388941220383,0.9995296240898667,0.9995296240898667,0.014779485850967238,0.0233985024,6.4,273.521778898123,0.410462208,0.2875392,1,INTERCONNECT
540p,10,8,optimistic,raw_gather,0.4,50,16.805635805125974,12889.86346322878,24420.12369760425,25445.87182260429,596,85156736,1866240000,1951396736,3252327.8933333335,186.09969482421874,0.04572017587225395,0.998358489107983,0.998358489107983,0.02945263082408376,0.0233985024,6.4,273.521778898123,0.410462208,0.2875392,1,INTERCONNECT
540p,10,8,optimistic,raw_gather,0.4,100,33.470787433390484,3982.896910494357,7504.043941744374,7847.621090181918,589,167784064,1866240000,2034024064,3390040.1066666665,193.97965087890626,0.09014985768930359,0.9955245070271311,0.9955245070271311,0.05147584796962936,0.0233985024,6.4,273.521778898123,0.410462208,0.2875392,1,INTERCONNECT
540p,10,8,optimistic,raw_gather,0.4,125,41.75123101269253,2206.2617249474824,4132.709224947463,4327.970943697461,580,167784064,1866240000,2034024064,3390040.1066666665,193.97965087890626,0.0901834119230272,0.9941163813017435,0.9941163813017435,0.060205912678300166,0.0233985024,6.4,273.521778898123,0.410462208,0.2875392,1,INTERCONNECT
540p,10,8,optimistic,raw_gather,0.4,200,59.58305141402955,65.59691537718709,95.4200013146874,95.42000131468774,0,168627200,1866240000,2034867200,3391445.3333333335,194.06005859375,0.08143783149803742,0.8884752313695384,0.8884752313695384,0.07344353196067782,0.0233985024,6.4,273.521778898123,0.410462208,0.2875392,1,INTERCONNECT_HEADROOM_LOW
540p,10,8,optimistic,raw_gather,0.4,400,60.081747002914724,33.92363656859334,48.91517953734365,48.91517953734399,0,252097664,1866240000,2118337664,3530562.7733333334,202.02042236328126,0.06257390466912778,0.4503590459158782,0.4503590459158782,0.05552944858651436,0.0233985024,6.4,273.521778898123,0.410462208,0.2875392,1,HEADROOM
540p,10,8,optimistic,raw_gather,0.4,800,60.334238423263024,18.086997164296463,25.662768648671772,25.662768648672113,0,335568128,1866240000,2201808128,3669680.2133333334,209.9807861328125,0.043419371914373714,0.2285392014892173,0.2285392014892173,0.037342221300576406,0.0233985024,6.4,273.521778898123,0.410462208,0.2875392,1,HEADROOM
540p,10,8,optimistic,raw_gather,0.4,1600,60.46128162385892,10.168677462148025,14.036563204335835,14.036563204336176,0,420724864,1866240000,2286964864,3811608.1066666665,218.10196533203126,0.029276517517040742,0.11692866457365395,0.11692866457365395,0.0370479345314123,0.0233985024,6.4,273.521778898123,0.410462208,0.2875392,1,HEADROOM
540p,10,8,median,owner_only,0.4,12.5,59.93154380953368,83.35037682781149,90.22632690781393,90.22632690781393,0,84313600,15000000,99313600,165522.66666666666,9.471282958984375,0.6433268852218191,0.1191048716522195,0.6433268852218191,0.2380561468109543,0.1020045312,0.8,7.842788850540789,1.810059264,1.1501568,1,HEADROOM
540p,10,8,median,owner_only,0.4,25,60.13044917885977,50.23361657390524,57.10956665390768,57.10956665390768,0,84313600,15000000,99313600,165522.66666666666,9.471282958984375,0.32313187338907484,0.062155300950158796,0.32313187338907484,0.23884622567079916,0.1020045312,0.8,7.842788850540789,1.810059264,1.1501568,1,HEADROOM
540p,10,8,median,owner_only,0.4,50,60.23039779319704,33.67523644695211,40.55118652695455,40.55118652695455,0,84313600,15000000,99313600,165522.66666666666,9.471282958984375,0.16223602699327636,0.03353852354460764,0.16223602699327636,0.23924323500004058,0.1020045312,0.8,7.842788850540789,1.810059264,1.1501568,1,HEADROOM
540p,10,8,median,owner_only,0.4,100,60.28049680467514,25.39604638347555,32.27199646347799,32.27199646347799,0,84313600,15000000,99313600,165522.66666666666,9.471282958984375,0.08158735658589414,0.01919443014008113,0.08158735658589414,0.23944223500693873,0.1020045312,0.8,7.842788850540789,1.810059264,1.1501568,1,HEADROOM
540p,10,8,median,owner_only,0.4,125,60.290526609874235,23.740208370780238,30.616158450782677,30.616158450782677,0,84313600,15000000,99313600,165522.66666666666,9.471282958984375,0.06544151997381556,0.016322747478878956,0.06544151997381556,0.23948207474119537,0.1020045312,0.8,7.842788850540789,1.810059264,1.1501568,1,HEADROOM
540p,10,8,median,owner_only,0.4,200,60.30557757729108,21.25645135173727,28.13240143173971,28.13240143173971,0,84313600,15000000,99313600,165522.66666666666,9.471282958984375,0.04121268841205107,0.012013431265121593,0.04121268841205107,0.2395418592066251,0.1020045312,0.8,7.842788850540789,1.810059264,1.1501568,1,HEADROOM
540p,10,8,median,owner_only,0.4,400,60.31812579170364,19.18665383586813,26.062603915870568,26.062603915870568,0,84313600,15000000,99313600,165522.66666666666,9.471282958984375,0.021012752754592544,0.008420690524668033,0.021012752754592544,0.2395917024007518,0.1020045312,0.8,7.842788850540789,1.810059264,1.1501568,1,HEADROOM
540p,10,8,median,owner_only,0.4,800,60.324401857361465,18.151755077933558,25.027705157935998,25.027705157935998,0,84313600,15000000,99313600,165522.66666666666,9.471282958984375,0.010909632238653355,0.006623759420586813,0.010909632238653355,0.2396166317770479,0.1020045312,0.8,7.842788850540789,1.810059264,1.1501568,1,HEADROOM
540p,10,8,median,owner_only,0.4,1600,60.32754037998158,17.634305698966273,24.510255778968713,24.510255778968713,0,84313600,15000000,99313600,165522.66666666666,9.471282958984375,0.005857283521835547,0.005725153634028912,0.005857283521835547,0.23962909841071242,0.1020045312,0.8,7.842788850540789,1.810059264,1.1501568,1,HEADROOM
540p,10,8,median,finishing_owner,0.4,12.5,59.93154380953368,83.35037682781149,90.22632690781393,90.22632690781393,0,84313600,15000000,99313600,165522.66666666666,9.471282958984375,0.6433268852218191,0.1191048716522195,0.6433268852218191,0.2380561468109543,0.1020045312,6.4,62.74231080432631,1.810059264,1.1501568,1,HEADROOM
540p,10,8,median,finishing_owner,0.4,25,59.53978627586835,50.23361657390524,57.10956665390768,57.10956665390768,0,85156736,17764800,102921536,171535.89333333334,9.815362548828125,0.3231573183415226,0.0720107259339876,0.3231573183415226,0.23565869356735367,0.1020045312,6.4,62.74231080432631,1.810059264,1.1501568,1,HEADROOM
540p,10,8,median,finishing_owner,0.4,50,59.886186987526365,33.67523644695211,63.486324675703145,63.48632467570326,0,167784064,154622400,322406464,537344.1066666667,30.747076416015624,0.3210046394374447,0.2991502915393809,0.3210046394374447,0.19530108213025899,0.1020045312,6.4,62.74231080432631,1.810059264,1.1501568,1,HEADROOM
540p,10,8,median,finishing_owner,0.4,100,60.06448226691874,34.14197866740216,48.12161886515605,48.121618865156506,0,169470336,291480000,460950336,768250.56,43.959649658203126,0.16339491956603952,0.28308089143494614,0.28308089143494614,0.15370879658600733,0.1020045312,6.4,62.74231080432631,1.810059264,1.1501568,1,HEADROOM
540p,10,8,median,finishing_owner,0.4,125,60.1022801838763,28.352793181561992,39.4411379081248,39.441137908125256,0,169470336,292862400,462332736,770554.56,44.091485595703126,0.13111873924534903,0.22862534677376858,0.22862534677376858,0.15338087978428974,0.1020045312,6.4,62.74231080432631,1.810059264,1.1501568,1,HEADROOM
540p,10,8,median,finishing_owner,0.4,200,60.277379261781,19.629410308026763,33.211422637128635,33.2114226371292,0,252940800,429720000,682660800,1137768.0,65.10360717773438,0.12357221626681616,0.2106759340242196,0.2106759340242196,0.11182648290319096,0.1020045312,6.4,62.74231080432631,1.810059264,1.1501568,1,HEADROOM
540p,10,8,median,finishing_owner,0.4,400,60.38536227018588,15.430210631513091,22.301216796064182,22.30121679606475,0,337254400,566577600,903832000,1506386.6666666667,86.19613647460938,0.08412859972709914,0.14078105111689,0.14078105111689,0.08543291605252444,0.1020045312,6.4,62.74231080432631,1.810059264,1.1501568,1,HEADROOM
540p,10,8,median,finishing_owner,0.4,800,60.46961322567077,11.682661574506255,13.550215438031955,13.550215438032524,0,421568000,569342400,990910400,1651517.3333333333,94.50057983398438,0.05465528029643753,0.07323968996809299,0.07323968996809299,0.08485913715697503,0.1020045312,6.4,62.74231080432631,1.810059264,1.1501568,1,HEADROOM
540p,10,8,median,finishing_owner,0.4,1600,60.52188570607543,8.160937827252837,9.998689368390842,9.99868936839141,0,505038464,703435200,1208473664,2014122.7733333334,115.24902954101563,0.03517394637232221,0.04713444985178821,0.04713444985178821,0.04345444744699509,0.1020045312,6.4,62.74231080432631,1.810059264,1.1501568,1,HEADROOM
540p,10,8,median,independent_au,0.4,12.5,59.922410807345386,84.87625573406149,92.62869735312597,92.62869735312597,0,84313600,27000000,111313600,185522.66666666666,10.615692138671875,0.6432288482703735,0.21052106385538044,0.6432288482703735,0.2380198692987869,0.1020045312,6.4,62.74231080432631,1.810059264,1.1501568,1,HEADROOM
540p,10,8,median,independent_au,0.4,25,60.15181588203157,50.99655602703024,57.87250610703268,57.87250610703268,0,85156736,27000000,112156736,186927.89333333334,10.696099853515625,0.32647916174480485,0.10806958067596727,0.32647916174480485,0.23808110900473364,0.1020045312,6.4,62.74231080432631,1.810059264,1.1501568,1,HEADROOM
540p,10,8,median,independent_au,0.4,50,60.30507684419071,34.05670617351461,37.63174905828237,37.63174905828237,0,167784064,27000000,194784064,324640.1066666667,18.576055908203124,0.3232499917326334,0.056584668789224156,0.3232499917326334,0.19666716747339455,0.1020045312,6.4,62.74231080432631,1.810059264,1.1501568,1,HEADROOM
540p,10,8,median,independent_au,0.4,100,60.40258384920655,21.499063933515117,25.22912457113307,28.223517246757808,0,169470336,27000000,196470336,327450.56,18.736871337890626,0.16431466579139728,0.03075418349564011,0.16431466579139728,0.1545740198490056,0.1020045312,6.4,62.74231080432631,1.810059264,1.1501568,1,HEADROOM
540p,10,8,median,independent_au,0.4,125,60.4204939294231,19.653582181405454,22.350308042812685,24.200388396406197,0,169470336,27000000,196470336,327450.56,18.736871337890626,0.13181295226021283,0.025577369882579578,0.13181295226021283,0.1541929605256876,0.1020045312,6.4,62.74231080432631,1.810059264,1.1501568,1,HEADROOM
540p,10,8,median,independent_au,0.4,200,60.45956186747102,15.510126623378255,17.129524748945187,19.2528556899414,0,252940800,27000000,279940800,466568.0,26.697235107421875,0.12394570145522502,0.017809979499588728,0.12394570145522502,0.11216446773746809,0.1020045312,6.4,62.74231080432631,1.810059264,1.1501568,1,HEADROOM
540p,10,8,median,independent_au,0.4,400,60.50236529864188,10.884369414472076,12.787273924970577,14.717466796064443,0,337254400,27000000,364254400,607090.6666666666,34.738006591796875,0.08429160779027496,0.011331388808944907,0.08429160779027496,0.08559845136658362,0.1020045312,6.4,62.74231080432631,1.810059264,1.1501568,1,HEADROOM
540p,10,8,median,independent_au,0.4,800,60.530030751596705,8.195862358031718,9.697168775845057,10.184883566938467,0,421568000,27000000,448568000,747613.3333333334,42.778778076171875,0.05470988849778283,0.008089486343200808,0.05470988849778283,0.08494392319819048,0.1020045312,6.4,62.74231080432631,1.810059264,1.1501568,1,HEADROOM
540p,10,8,median,independent_au,0.4,1600,60.542870392230576,6.2388473967889695,7.258777259015915,8.183873694562976,0,505038464,27000000,532038464,886730.7733333333,50.739141845703124,0.035186142195648765,0.006467315958913508,0.035186142195648765,0.04346951435925471,0.1020045312,6.4,62.74231080432631,1.810059264,1.1501568,1,HEADROOM
540p,10,8,median,raw_gather,0.4,12.5,4.210589684192825,66401.14150162539,125876.31478287559,131173.54728287528,600,84313600,1866240000,1950553600,3250922.6666666665,186.019287109375,0.0451979938158708,0.9995295163728389,0.9995295163728389,0.01672502812886735,0.1020045312,6.4,62.74231080432631,1.810059264,1.1501568,1,INTERCONNECT
540p,10,8,median,raw_gather,0.4,25,8.418183233633659,30713.949118812772,58212.315759438236,60661.89200943828,599,85156736,1866240000,1951396736,3252327.8933333335,186.09969482421874,0.04569041458234468,0.9995106254462895,0.9995106254462895,0.0333192002715125,0.1020045312,6.4,62.74231080432631,1.810059264,1.1501568,1,INTERCONNECT
540p,10,8,median,raw_gather,0.4,50,16.804511408285247,12892.252319548777,24422.512553924244,25448.260678924285,596,167784064,1866240000,2034024064,3390040.1066666665,193.97965087890626,0.09007629967596051,0.9982916929960068,0.9982916929960068,0.05480294251146734,0.1020045312,6.4,62.74231080432631,1.810059264,1.1501568,1,INTERCONNECT
540p,10,8,median,raw_gather,0.4,100,33.4663276602501,3985.285766814357,7506.432798064376,7850.009946501919,588,169470336,1866240000,2035710336,3392850.56,194.14046630859374,0.09103929160526507,0.9953918596113548,0.9953918596113548,0.0856424421998758,0.1020045312,6.4,62.74231080432631,1.810059264,1.1501568,1,INTERCONNECT
540p,10,8,median,raw_gather,0.4,125,41.74429188047693,2208.6505812674823,4135.0980812674625,4330.359800017461,580,169470336,1866240000,2035710336,3392850.56,194.14046630859374,0.09106907267598752,0.9939511573109719,0.9939511573109719,0.10653133616580181,0.1020045312,6.4,62.74231080432631,1.810059264,1.1501568,1,INTERCONNECT
540p,10,8,median,raw_gather,0.4,200,59.56892014230596,67.98577169718692,97.80885763468723,97.8088576346878,0,252940800,1866240000,2119180800,3531968.0,202.100830078125,0.122119832891823,0.888264512304029,0.888264512304029,0.1105121508505727,0.1020045312,6.4,62.74231080432631,1.810059264,1.1501568,1,INTERCONNECT_HEADROOM_LOW
540p,10,8,median,raw_gather,0.4,400,60.06737821919222,36.31249288859317,51.30403585734348,51.30403585734405,0,337254400,1866240000,2203494400,3672490.6666666665,210.1416015625,0.0836855858585071,0.45025134079658596,0.45025134079658596,0.08498303376792324,0.1020045312,6.4,62.74231080432631,1.810059264,1.1501568,1,HEADROOM
540p,10,8,median,raw_gather,0.4,800,60.319748631727876,20.475853484296294,28.051624968671604,28.051624968672172,0,421568000,1866240000,2287808000,3813013.3333333335,218.182373046875,0.05451982562835668,0.22848431581445405,0.22848431581445405,0.08464882689610213,0.1020045312,6.4,62.74231080432631,1.810059264,1.1501568,1,HEADROOM
540p,10,8,median,raw_gather,0.4,1600,60.44673075438061,12.557533782147857,16.425419524335666,16.425419524336235,0,505038464,1866240000,2371278464,3952130.7733333334,226.14273681640626,0.035130268020108164,0.11690052402335814,0.11690052402335814,0.04340048652260048,0.1020045312,6.4,62.74231080432631,1.810059264,1.1501568,1,HEADROOM
540p,10,8,adversarial,owner_only,0.4,12.5,59.4644427319112,113.22385650781143,131.52552690781158,131.5255269078126,0,84313600,15000000,99313600,165522.66666666666,9.471282958984375,0.6383128531737606,0.11817657896422122,0.6383128531737606,0.6455064107645402,0.37696389119999996,0.8,2.1222191798088064,6.7571712,3.9105331199999998,1,HEADROOM
540p,10,8,adversarial,owner_only,0.4,25,59.66025461746074,80.10709625390518,98.40876665390533,98.40876665390635,0,84313600,15000000,99313600,165522.66666666666,9.471282958984375,0.3206051194473191,0.06166927290832671,0.3206051194473191,0.6476320142616749,0.37696389119999996,0.8,2.1222191798088064,6.7571712,3.9105331199999998,1,HEADROOM
540p,10,8,adversarial,owner_only,0.4,50,59.7586449530003,63.54871612695206,81.8503865269522,81.85038652695323,0,84313600,15000000,99313600,165522.66666666666,9.471282958984375,0.16096531802703143,0.033275834033698236,0.16096531802703143,0.6487000742556851,0.37696389119999996,0.8,2.1222191798088064,6.7571712,3.9105331199999998,1,HEADROOM
540p,10,8,adversarial,owner_only,0.4,100,59.80796191853149,55.269526063475496,73.57119646347564,73.57119646347667,0,84313600,15000000,99313600,165522.66666666666,9.471282958984375,0.08094779861443284,0.019043966253059343,0.08094779861443284,0.6492354264081194,0.37696389119999996,0.8,2.1222191798088064,6.7571712,3.9105331199999998,1,HEADROOM
540p,10,8,adversarial,owner_only,0.4,125,59.817835081194964,53.61368805078018,71.91535845078033,71.91535845078135,0,84313600,15000000,99313600,165522.66666666666,9.471282958984375,0.0649284434781385,0.016194773402487768,0.0649284434781385,0.649342602890417,0.37696389119999996,0.8,2.1222191798088064,6.7571712,3.9105331199999998,1,HEADROOM
540p,10,8,adversarial,owner_only,0.4,200,59.83265093872517,51.129931031737215,69.43160143173736,69.43160143173839,0,84313600,15000000,99313600,165522.66666666666,9.471282958984375,0.04088949147107168,0.01191921988544324,0.04088949147107168,0.6495034339783302,0.37696389119999996,0.8,2.1222191798088064,6.7571712,3.9105331199999998,1,HEADROOM
540p,10,8,adversarial,owner_only,0.4,400,59.84500309421157,49.060133515868074,67.36180391586822,67.36180391586925,0,84313600,15000000,99313600,165522.66666666666,9.471282958984375,0.020847933139684114,0.008354640398549478,0.020847933139684114,0.6496375207566959,0.37696389119999996,0.8,2.1222191798088064,6.7571712,3.9105331199999998,1,HEADROOM
540p,10,8,adversarial,owner_only,0.4,800,59.85118108468336,48.025234757933504,66.32690515793365,66.32690515793468,0,84313600,15000000,99313600,165522.66666666666,9.471282958984375,0.010824050543043397,0.006571798680744657,0.010824050543043397,0.6497045849091871,0.37696389119999996,0.8,2.1222191798088064,6.7571712,3.9105331199999998,1,HEADROOM
540p,10,8,adversarial,owner_only,0.4,1600,59.85427055827418,47.50778537896622,65.80945577896637,65.80945577896739,0,84313600,15000000,99313600,165522.66666666666,9.471282958984375,0.005811333106641948,0.005680239778390876,0.005811333106641948,0.6497381221781355,0.37696389119999996,0.8,2.1222191798088064,6.7571712,3.9105331199999998,1,HEADROOM
540p,10,8,adversarial,finishing_owner,0.4,12.5,57.87671782459501,113.22385650781143,131.52552690781158,131.5255269078126,3,85156736,19147200,104303936,173839.89333333334,9.947198486328125,0.6274823356882427,0.1455421414556978,0.6274823356882427,0.6248831432825355,0.37696389119999996,6.4,16.97775343847045,6.7571712,3.9105331199999998,1,BURST_OR_PER_FRAME_LATENCY
540p,10,8,adversarial,finishing_owner,0.4,25,52.723140415486846,676.7130844882658,1200.1227719882481,1305.1599350741817,541,168627200,291480000,460107200,766845.3333333334,43.879241943359375,0.5666522491038063,0.9812725087437455,0.9812725087437455,0.4110577306854351,0.37696389119999996,6.4,16.97775343847045,6.7571712,3.9105331199999998,1,INTERCONNECT
540p,10,8,adversarial,finishing_owner,0.4,50,59.36335573620768,71.51153175390573,125.35958107031183,125.35958107031274,0,252097664,428337600,680435264,1134058.7733333334,64.89136352539063,0.4780947914283565,0.8130693467535653,0.8130693467535653,0.3481531487296278,0.37696389119999996,6.4,16.97775343847045,6.7571712,3.9105331199999998,1,INTERCONNECT_HEADROOM_LOW
540p,10,8,adversarial,finishing_owner,0.4,100,59.85981747196028,55.27157020605409,69.09200111425707,69.0920011142581,0,253783936,431102400,684886336,1141477.2266666666,65.31585083007812,0.2438561479154067,0.41495951496693473,0.41495951496693473,0.2987335471284391,0.37696389119999996,6.4,16.97775343847045,6.7571712,3.9105331199999998,1,HEADROOM
540p,10,8,adversarial,finishing_owner,0.4,125,59.92919265801024,46.638772964843156,68.27399269140551,68.27399269140653,0,335568128,566577600,902145728,1503576.2133333334,86.03532104492187,0.2588882832322231,0.4365486148177619,0.4365486148177619,0.23453398282239396,0.37696389119999996,6.4,16.97775343847045,6.7571712,3.9105331199999998,1,HEADROOM
540p,10,8,adversarial,finishing_owner,0.4,200,60.152578076707115,40.28137397802675,47.27158943212817,47.27158943212919,0,338097536,567960000,906057536,1510095.8933333333,86.40838012695312,0.16482755626938164,0.2763253364694607,0.2763253364694607,0.2342344701104866,0.37696389119999996,6.4,16.97775343847045,6.7571712,3.9105331199999998,1,HEADROOM
540p,10,8,adversarial,finishing_owner,0.4,400,60.32001516039758,26.194478989013078,33.06548515356371,33.06548515356474,0,505038464,703435200,1208473664,2014122.7733333334,115.24902954101563,0.12584620355701165,0.17343212857453083,0.17343212857453083,0.11954020245525232,0.37696389119999996,6.4,16.97775343847045,6.7571712,3.9105331199999998,1,HEADROOM
540p,10,8,adversarial,finishing_owner,0.4,800,60.428837893847046,18.377919636693605,21.893422718969305,22.246320801147448,0,506724736,704817600,1211542336,2019237.2266666666,115.54168090820312,0.06564817308364834,0.08945563414388596,0.08945563414388596,0.11857673757430556,0.37696389119999996,6.4,16.97775343847045,6.7571712,3.9105331199999998,1,HEADROOM
540p,10,8,adversarial,finishing_owner,0.4,1600,60.4503603823334,14.710431976684049,16.5481835178216,16.54818351782251,0,506724736,704817600,1211542336,2019237.2266666666,115.54168090820312,0.035241701595127226,0.047161761860241354,0.047161761860241354,0.11861897016652712,0.37696389119999996,6.4,16.97775343847045,6.7571712,3.9105331199999998,1,HEADROOM
540p,10,8,adversarial,independent_au,0.4,12.5,59.58447490336165,117.03855377343643,135.34022417343658,135.3402241734376,0,85156736,45000000,130156736,216927.89333333334,12.412713623046875,0.6459973351707679,0.3457118582235989,0.6459973351707679,0.6433214488992581,0.37696389119999996,6.4,16.97775343847045,6.7571712,3.9105331199999998,1,HEADROOM
540p,10,8,adversarial,independent_au,0.4,25,59.92757718633652,79.1347788242183,85.72886522421868,85.72886522421891,0,168627200,45000000,213627200,356045.3333333333,20.373077392578125,0.6440833404150698,0.17624837979609248,0.6440833404150698,0.4672273633468135,0.37696389119999996,6.4,16.97775343847045,6.7571712,3.9105331199999998,1,HEADROOM
540p,10,8,adversarial,independent_au,0.4,50,60.1331090425202,52.79480644335854,58.099738255468765,64.50239044335831,0,252097664,45000000,297097664,495162.7733333333,28.333441162109374,0.48429415536034376,0.09083175121266444,0.48429415536034376,0.3526675841757745,0.37696389119999996,6.4,16.97775343847045,6.7571712,3.9105331199999998,1,HEADROOM
540p,10,8,adversarial,independent_au,0.4,100,60.282685422356856,36.865154190429166,40.45196670605401,44.038779221679675,0,253783936,45000000,298783936,497973.2266666667,28.494256591796876,0.24557882188628702,0.047940151442262664,0.24557882188628702,0.3008438917322808,0.37696389119999996,6.4,16.97775343847045,6.7571712,3.9105331199999998,1,HEADROOM
540p,10,8,adversarial,independent_au,0.4,125,60.30877980089492,31.89764015234323,37.09260696484307,42.287573777342914,0,335568128,45000000,380568128,634280.2133333334,36.29380493164062,0.26052806276870427,0.03933366299401959,0.26052806276870427,0.2360195039933023,0.37696389119999996,6.4,16.97775343847045,6.7571712,3.9105331199999998,1,HEADROOM
540p,10,8,adversarial,independent_au,0.4,200,60.36423316134444,26.94006975302682,28.54675483740175,32.48714057958986,0,338097536,45000000,383097536,638495.8933333333,36.535028076171876,0.16540752460138347,0.02641707070123259,0.16540752460138347,0.2350586561750139,0.37696389119999996,6.4,16.97775343847045,6.7571712,3.9105331199999998,1,HEADROOM
540p,10,8,adversarial,independent_au,0.4,400,60.42329806994529,19.394057560888086,22.417362289794255,25.764174805419316,0,505038464,45000000,550038464,916730.7733333333,52.455755615234374,0.1260616836430882,0.01563839149844559,0.1260616836430882,0.11974488509474886,0.37696389119999996,6.4,16.97775343847045,6.7571712,3.9105331199999998,1,HEADROOM
540p,10,8,adversarial,independent_au,0.4,800,60.44880354531213,15.13228027380319,17.302473144896794,19.2326660159912,0,506724736,45000000,551724736,919541.2266666667,52.616571044921876,0.0656698632003011,0.01024044847724844,0.0656698632003011,0.1186159152566306,0.37696389119999996,6.4,16.97775343847045,6.7571712,3.9105331199999998,1,HEADROOM
540p,10,8,adversarial,independent_au,0.4,1600,60.45519760430717,13.579932136901334,14.745028572448064,15.670125007995594,0,506724736,45000000,551724736,919541.2266666667,52.616571044921876,0.03524452162684037,0.007538973741867576,0.03524452162684037,0.1186284620253906,0.37696389119999996,6.4,16.97775343847045,6.7571712,3.9105331199999998,1,HEADROOM
540p,10,8,adversarial,raw_gather,0.4,12.5,4.210472753899459,66405.0988520254,125880.2721332756,131177.5046332753,600,85156736,1866240000,1951396736,3252327.8933333335,186.09969482421874,0.04564870603021323,0.9995017589116889,0.9995017589116889,0.045459617408437195,0.37696389119999996,6.4,16.97775343847045,6.7571712,3.9105331199999998,1,INTERCONNECT
540p,10,8,adversarial,raw_gather,0.4,25,8.417715858187979,30717.906469212772,58216.273109838236,60665.84935983828,599,168627200,1866240000,2034867200,3391445.3333333335,194.06005859375,0.09047104527100369,0.9994551328642126,0.9994551328642126,0.06562900371551396,0.37696389119999996,6.4,16.97775343847045,6.7571712,3.9105331199999998,1,INTERCONNECT
540p,10,8,adversarial,raw_gather,0.4,50,16.80099713510337,12899.720689468777,24429.980923844247,25455.72904884429,597,252097664,1866240000,2118337664,3530562.7733333334,202.02042236328126,0.1353102283635962,0.9980829234793486,0.9980829234793486,0.09853418799934856,0.37696389119999996,6.4,16.97775343847045,6.7571712,3.9105331199999998,1,INTERCONNECT
540p,10,8,adversarial,raw_gather,0.4,100,33.45239256908808,3992.7541367343565,7513.901167984375,7857.478316421919,589,253783936,1866240000,2120023936,3533373.2266666666,202.18123779296874,0.13627792290333982,0.9949773869973761,0.9949773869973761,0.16694591320425992,0.37696389119999996,6.4,16.97775343847045,6.7571712,3.9105331199999998,1,INTERCONNECT
540p,10,8,adversarial,raw_gather,0.4,125,41.722612684797625,2216.1189511874827,4142.566451187464,4337.828169937462,582,335568128,1866240000,2201808128,3669680.2133333334,209.9807861328125,0.1802376286223253,0.9934349654997247,0.9934349654997247,0.16328220175703959,0.37696389119999996,6.4,16.97775343847045,6.7571712,3.9105331199999998,1,INTERCONNECT
540p,10,8,adversarial,raw_gather,0.4,200,59.52478422798792,75.4541416171869,105.27722755468676,105.27722755468778,0,338097536,1866240000,2204337536,3673895.8933333335,210.22200927734374,0.16310730205528332,0.8876063777212106,0.8876063777212106,0.23178983740819672,0.37696389119999996,6.4,16.97775343847045,6.7571712,3.9105331199999998,1,INTERCONNECT_HEADROOM_LOW
540p,10,8,adversarial,raw_gather,0.4,400,60.022500855783306,43.780862808593156,58.77240577734301,58.772405777344034,0,505038464,1866240000,2371278464,3952130.7733333334,226.14273681640626,0.12522549672131125,0.44991495033565143,0.44991495033565143,0.1189505984886029,0.37696389119999996,6.4,16.97775343847045,6.7571712,3.9105331199999998,1,HEADROOM
540p,10,8,adversarial,raw_gather,0.4,800,60.27449351770379,27.94422340429628,35.519994888671135,35.51999488867216,0,506724736,1866240000,2372964736,3954941.2266666666,226.30355224609374,0.06548049773736186,0.22831289461328116,0.22831289461328116,0.11827387468261537,0.37696389119999996,6.4,16.97775343847045,6.7571712,3.9105331199999998,1,HEADROOM
540p,10,8,adversarial,raw_gather,0.4,1600,60.41304665252675,18.091960831054166,21.95984657324152,21.95984657324243,0,506724736,1866240000,2372964736,3954941.2266666666,226.30355224609374,0.035219948220574455,0.1168353808947087,0.1168353808947087,0.11854575114558592,0.37696389119999996,6.4,16.97775343847045,6.7571712,3.9105331199999998,1,HEADROOM
540p,10,16,optimistic,owner_only,0.4,12.5,60.071380631426194,74.20592416624959,78.1806214318749,78.18062143187524,0,84313600,15000000,99313600,165522.66666666666,9.471282958984375,0.6448279442860296,0.11938277616902443,0.6448279442860296,0.10546304589229277,0.0233985024,0.8,34.190222362265374,0.410462208,0.2875392,1,HEADROOM
540p,10,16,optimistic,owner_only,0.4,25,60.282954190147265,40.67819129390591,43.81053305390833,43.81053305390833,0,84313600,15000000,99313600,165522.66666666666,9.471282958984375,0.32395141208654854,0.06231294146344993,0.32395141208654854,0.10583449052530197,0.0233985024,0.8,34.190222362265374,0.410462208,0.2875392,1,HEADROOM
540p,10,16,optimistic,owner_only,0.4,50,60.383410857453,24.119811166952786,27.252152926955205,27.252152926955205,0,84313600,15000000,99313600,165522.66666666666,9.471282958984375,0.16264818152873514,0.033623726904475876,0.16264818152873514,0.10601085514357593,0.0233985024,0.8,34.190222362265374,0.410462208,0.2875392,1,HEADROOM
540p,10,16,optimistic,owner_only,0.4,100,60.43376484798752,15.840621103476224,18.972962863478642,18.972962863478642,0,84313600,15000000,99313600,165522.66666666666,9.471282958984375,0.08179479904516034,0.019243233532654332,0.08179479904516034,0.10609925805955327,0.0233985024,0.8,34.190222362265374,0.410462208,0.2875392,1,HEADROOM
540p,10,16,optimistic,owner_only,0.4,125,60.443845725474596,14.184783090780911,17.31712485078333,17.31712485078333,0,84313600,15000000,99313600,165522.66666666666,9.471282958984375,0.06560793809172076,0.016364256308679423,0.06560793809172076,0.10611695633839885,0.0233985024,0.8,34.190222362265374,0.410462208,0.2875392,1,HEADROOM
540p,10,16,optimistic,owner_only,0.4,200,60.45897334920103,11.701026071737942,14.833367831740361,14.833367831740361,0,84313600,15000000,99313600,165522.66666666666,9.471282958984375,0.04131751871805964,0.012043989127863867,0.04131751871805964,0.10614351483028854,0.0233985024,0.8,34.190222362265374,0.410462208,0.2875392,1,HEADROOM
540p,10,16,optimistic,owner_only,0.4,400,60.471585487795956,9.631228555868802,12.76357031587122,12.76357031587122,0,84313600,15000000,99313600,165522.66666666666,9.471282958984375,0.021066212815054604,0.00844211421102834,0.021066212815054604,0.10616565706403538,0.0233985024,0.8,34.190222362265374,0.410462208,0.2875392,1,HEADROOM
540p,10,16,optimistic,owner_only,0.4,800,60.47789353053041,8.596329797934231,11.72867155793665,11.72867155793665,0,84313600,15000000,99313600,165522.66666666666,9.471282958984375,0.010937391116560313,0.006640613162767936,0.010937391116560313,0.10617673164553164,0.0233985024,0.8,34.190222362265374,0.410462208,0.2875392,1,HEADROOM
540p,10,16,optimistic,owner_only,0.4,1600,60.48104804543703,8.078880418966946,11.211222178969365,11.211222178969365,0,84313600,15000000,99313600,165522.66666666666,9.471282958984375,0.005872187791323152,0.005739721689732791,0.005872187791323152,0.10618226980275171,0.0233985024,0.8,34.190222362265374,0.410462208,0.2875392,1,HEADROOM
540p,10,16,optimistic,finishing_owner,0.4,12.5,60.071380631426194,74.20592416624959,78.1806214318749,78.18062143187524,0,84313600,15000000,99313600,165522.66666666666,9.471282958984375,0.6448279442860296,0.11938277616902443,0.6448279442860296,0.10546304589229277,0.0233985024,12.8,547.043557796246,0.410462208,0.2875392,1,HEADROOM
540p,10,16,optimistic,finishing_owner,0.4,25,60.282954190147265,40.67819129390591,43.81053305390833,43.81053305390833,0,84313600,15000000,99313600,165522.66666666666,9.471282958984375,0.32395141208654854,0.06231294146344993,0.32395141208654854,0.10583449052530197,0.0233985024,12.8,547.043557796246,0.410462208,0.2875392,1,HEADROOM
540p,10,16,optimistic,finishing_owner,0.4,50,60.23142353280412,24.119811166952786,27.252152926955205,27.252152926955205,0,85156736,16382400,101539136,169231.89333333334,9.683526611328125,0.16386117781488943,0.036185983444004435,0.16386117781488943,0.10555827234930447,0.0233985024,12.8,547.043557796246,0.410462208,0.2875392,1,HEADROOM
540p,10,16,optimistic,finishing_owner,0.4,100,60.2460915987505,15.840621103476224,31.19299119257994,31.19299119257994,0,167784064,154622400,322406464,537344.1066666667,30.747076416015624,0.16226617299555848,0.15288390765493717,0.16226617299555848,0.09265448738167023,0.0233985024,12.8,547.043557796246,0.410462208,0.2875392,1,HEADROOM
540p,10,16,optimistic,finishing_owner,0.4,125,60.24726540376245,14.184783090780911,25.963936861562615,25.963936861562615,0,167784064,156004800,323788864,539648.1066666667,30.878912353515624,0.1301351797625251,0.12433249930405926,0.1301351797625251,0.08687747671206633,0.0233985024,12.8,547.043557796246,0.410462208,0.2875392,1,HEADROOM
540p,10,16,optimistic,finishing_owner,0.4,200,60.334228773185046,16.757157818476422,23.832350863027386,23.8323508630275,0,168627200,291480000,460107200,766845.3333333334,43.879241943359375,0.08246453714248252,0.14458946574370543,0.14458946574370543,0.07436945161527753,0.0233985024,12.8,547.043557796246,0.410462208,0.2875392,1,HEADROOM
540p,10,16,optimistic,finishing_owner,0.4,400,60.420779526612826,12.901749666737942,16.476857393789032,16.47685739378926,0,252097664,429720000,681817664,1136362.7733333334,65.02319946289063,0.06292700007456913,0.10800539788001343,0.10800539788001343,0.05584279315508918,0.0233985024,12.8,547.043557796246,0.410462208,0.2875392,1,HEADROOM
540p,10,16,optimistic,finishing_owner,0.4,800,60.49422470306583,7.645856035756424,11.161359118032124,11.161359118032465,0,335568128,566577600,902145728,1503576.2133333334,86.03532104492187,0.043534505609030195,0.07293719423841256,0.07293719423841256,0.03744124041843684,0.0233985024,12.8,547.043557796246,0.410462208,0.2875392,1,HEADROOM
540p,10,16,optimistic,finishing_owner,0.4,1600,60.53647278534248,5.772081507253006,6.78585843901601,6.785858439016351,0,420724864,569342400,990067264,1650112.1066666667,94.42017211914063,0.02931292652619796,0.039081793433597654,0.039081793433597654,0.037094008269069965,0.0233985024,12.8,547.043557796246,0.410462208,0.2875392,1,HEADROOM
540p,10,16,optimistic,independent_au,0.4,12.5,60.02724842800296,76.87621225218709,82.18605356078115,82.18605356078149,0,84313600,20250000,104563600,174272.66666666666,9.971961975097656,0.6443542132395464,0.15936758167211382,0.6443542132395464,0.10538556612495549,0.0233985024,12.8,547.043557796246,0.410462208,0.2875392,1,HEADROOM
540p,10,16,optimistic,independent_au,0.4,25,60.28093260810865,41.0119773046481,44.22979539179869,44.22979539179869,0,84313600,20250000,104563600,174272.66666666666,9.971961975097656,0.3239405484126484,0.0824317838250979,0.3239405484126484,0.10583094137765342,0.0233985024,12.8,547.043557796246,0.410462208,0.2875392,1,HEADROOM
540p,10,16,optimistic,independent_au,0.4,50,60.38924365804425,24.28670417232388,27.4190459323263,27.4190459323263,0,85156736,20250000,105406736,175677.89333333334,10.052369689941406,0.1642905316320154,0.04370551719075952,0.1642905316320154,0.10583485920023994,0.0233985024,12.8,547.043557796246,0.410462208,0.2875392,1,HEADROOM
540p,10,16,optimistic,independent_au,0.4,100,60.46360165066215,15.92406760616177,18.176290447951033,18.176290447951033,0,167784064,20250000,188034064,313390.1066666667,17.932325744628905,0.16285201222222295,0.02429821022248685,0.16285201222222295,0.0929890033946667,0.0233985024,12.8,547.043557796246,0.410462208,0.2875392,1,HEADROOM
540p,10,16,optimistic,independent_au,0.4,125,60.479212132826426,14.251540292929349,15.55057626585949,15.55057626585949,0,167784064,20250000,188034064,313390.1066666667,17.932325744628905,0.1306361888801968,0.020411254218268025,0.1306361888801968,0.08721194743729592,0.0233985024,12.8,547.043557796246,0.410462208,0.2875392,1,HEADROOM
540p,10,16,optimistic,independent_au,0.4,200,60.511224884891895,10.292061785268288,11.814978326162418,11.814978326162418,0,168627200,20250000,188877200,314795.3333333333,18.012733459472656,0.08270645458677098,0.014579123164098309,0.08270645458677098,0.07458762136789272,0.0233985024,12.8,547.043557796246,0.410462208,0.2875392,1,HEADROOM
540p,10,16,optimistic,independent_au,0.4,400,60.536268132160004,7.71302888372702,8.041567532634872,9.48338664372801,0,252097664,20250000,272347664,453912.7733333333,25.973097229003905,0.06304727908365867,0.009714029173933731,0.06304727908365867,0.05594953137266712,0.0233985024,12.8,547.043557796246,0.410462208,0.2875392,1,HEADROOM
540p,10,16,optimistic,independent_au,0.4,800,60.558094317841,5.225880201863674,5.991141526317733,6.756402850770243,0,335568128,20250000,355818128,593030.2133333334,33.93346099853515,0.04358046920499864,0.007281089542987623,0.04358046920499864,0.037480770763919695,0.0233985024,12.8,547.043557796246,0.410462208,0.2875392,1,HEADROOM
540p,10,16,optimistic,independent_au,0.4,1600,60.56855077812795,4.280667198705032,4.48090033392873,4.803331984090562,0,420724864,20250000,440974864,734958.1066666667,42.054640197753905,0.029328459308376437,0.0060639154091207135,0.029328459308376437,0.037113664209941485,0.0233985024,12.8,547.043557796246,0.410462208,0.2875392,1,HEADROOM
540p,10,16,optimistic,raw_gather,0.4,12.5,4.210629715384956,66399.7867496254,125874.9600308756,131172.1925308753,600,84313600,1866240000,1950553600,3250922.6666666665,186.019287109375,0.04519842352517759,0.9995390191648732,0.9995390191648732,0.0073923027944655445,0.0233985024,12.8,547.043557796246,0.410462208,0.2875392,1,INTERCONNECT
540p,10,16,optimistic,raw_gather,0.4,25,8.418343246002463,30712.594366812773,58210.961007438236,60660.53725743828,599,84313600,1866240000,1950553600,3250922.6666666665,186.019287109375,0.0452388941220383,0.9995296240898667,0.9995296240898667,0.014779485850967238,0.0233985024,12.8,547.043557796246,0.410462208,0.2875392,1,INTERCONNECT
540p,10,16,optimistic,raw_gather,0.4,50,16.805635805125974,12889.86346322878,24420.12369760425,25445.87182260429,596,85156736,1866240000,1951396736,3252327.8933333335,186.09969482421874,0.04572017587225395,0.998358489107983,0.998358489107983,0.02945263082408376,0.0233985024,12.8,547.043557796246,0.410462208,0.2875392,1,INTERCONNECT
540p,10,16,optimistic,raw_gather,0.4,100,33.470787433390484,3982.896910494357,7504.043941744374,7847.621090181918,589,167784064,1866240000,2034024064,3390040.1066666665,193.97965087890626,0.09014985768930359,0.9955245070271311,0.9955245070271311,0.05147584796962936,0.0233985024,12.8,547.043557796246,0.410462208,0.2875392,1,INTERCONNECT
540p,10,16,optimistic,raw_gather,0.4,125,41.75123101269253,2206.2617249474824,4132.709224947463,4327.970943697461,580,167784064,1866240000,2034024064,3390040.1066666665,193.97965087890626,0.0901834119230272,0.9941163813017435,0.9941163813017435,0.060205912678300166,0.0233985024,12.8,547.043557796246,0.410462208,0.2875392,1,INTERCONNECT
540p,10,16,optimistic,raw_gather,0.4,200,59.58305141402955,65.59691537718709,95.4200013146874,95.42000131468774,0,168627200,1866240000,2034867200,3391445.3333333335,194.06005859375,0.08143783149803742,0.8884752313695384,0.8884752313695384,0.07344353196067782,0.0233985024,12.8,547.043557796246,0.410462208,0.2875392,1,INTERCONNECT_HEADROOM_LOW
540p,10,16,optimistic,raw_gather,0.4,400,60.081747002914724,33.92363656859334,48.91517953734365,48.91517953734399,0,252097664,1866240000,2118337664,3530562.7733333334,202.02042236328126,0.06257390466912778,0.4503590459158782,0.4503590459158782,0.05552944858651436,0.0233985024,12.8,547.043557796246,0.410462208,0.2875392,1,HEADROOM
540p,10,16,optimistic,raw_gather,0.4,800,60.334238423263024,18.086997164296463,25.662768648671772,25.662768648672113,0,335568128,1866240000,2201808128,3669680.2133333334,209.9807861328125,0.043419371914373714,0.2285392014892173,0.2285392014892173,0.037342221300576406,0.0233985024,12.8,547.043557796246,0.410462208,0.2875392,1,HEADROOM
540p,10,16,optimistic,raw_gather,0.4,1600,60.46128162385892,10.168677462148025,14.036563204335835,14.036563204336176,0,420724864,1866240000,2286964864,3811608.1066666665,218.10196533203126,0.029276517517040742,0.11692866457365395,0.11692866457365395,0.0370479345314123,0.0233985024,12.8,547.043557796246,0.410462208,0.2875392,1,HEADROOM
540p,10,16,median,owner_only,0.4,12.5,59.93154380953368,83.35037682781149,90.22632690781393,90.22632690781393,0,84313600,15000000,99313600,165522.66666666666,9.471282958984375,0.6433268852218191,0.1191048716522195,0.6433268852218191,0.2380561468109543,0.1020045312,0.8,7.842788850540789,1.810059264,1.1501568,1,HEADROOM
540p,10,16,median,owner_only,0.4,25,60.13044917885977,50.23361657390524,57.10956665390768,57.10956665390768,0,84313600,15000000,99313600,165522.66666666666,9.471282958984375,0.32313187338907484,0.062155300950158796,0.32313187338907484,0.23884622567079916,0.1020045312,0.8,7.842788850540789,1.810059264,1.1501568,1,HEADROOM
540p,10,16,median,owner_only,0.4,50,60.23039779319704,33.67523644695211,40.55118652695455,40.55118652695455,0,84313600,15000000,99313600,165522.66666666666,9.471282958984375,0.16223602699327636,0.03353852354460764,0.16223602699327636,0.23924323500004058,0.1020045312,0.8,7.842788850540789,1.810059264,1.1501568,1,HEADROOM
540p,10,16,median,owner_only,0.4,100,60.28049680467514,25.39604638347555,32.27199646347799,32.27199646347799,0,84313600,15000000,99313600,165522.66666666666,9.471282958984375,0.08158735658589414,0.01919443014008113,0.08158735658589414,0.23944223500693873,0.1020045312,0.8,7.842788850540789,1.810059264,1.1501568,1,HEADROOM
540p,10,16,median,owner_only,0.4,125,60.290526609874235,23.740208370780238,30.616158450782677,30.616158450782677,0,84313600,15000000,99313600,165522.66666666666,9.471282958984375,0.06544151997381556,0.016322747478878956,0.06544151997381556,0.23948207474119537,0.1020045312,0.8,7.842788850540789,1.810059264,1.1501568,1,HEADROOM
540p,10,16,median,owner_only,0.4,200,60.30557757729108,21.25645135173727,28.13240143173971,28.13240143173971,0,84313600,15000000,99313600,165522.66666666666,9.471282958984375,0.04121268841205107,0.012013431265121593,0.04121268841205107,0.2395418592066251,0.1020045312,0.8,7.842788850540789,1.810059264,1.1501568,1,HEADROOM
540p,10,16,median,owner_only,0.4,400,60.31812579170364,19.18665383586813,26.062603915870568,26.062603915870568,0,84313600,15000000,99313600,165522.66666666666,9.471282958984375,0.021012752754592544,0.008420690524668033,0.021012752754592544,0.2395917024007518,0.1020045312,0.8,7.842788850540789,1.810059264,1.1501568,1,HEADROOM
540p,10,16,median,owner_only,0.4,800,60.324401857361465,18.151755077933558,25.027705157935998,25.027705157935998,0,84313600,15000000,99313600,165522.66666666666,9.471282958984375,0.010909632238653355,0.006623759420586813,0.010909632238653355,0.2396166317770479,0.1020045312,0.8,7.842788850540789,1.810059264,1.1501568,1,HEADROOM
540p,10,16,median,owner_only,0.4,1600,60.32754037998158,17.634305698966273,24.510255778968713,24.510255778968713,0,84313600,15000000,99313600,165522.66666666666,9.471282958984375,0.005857283521835547,0.005725153634028912,0.005857283521835547,0.23962909841071242,0.1020045312,0.8,7.842788850540789,1.810059264,1.1501568,1,HEADROOM
540p,10,16,median,finishing_owner,0.4,12.5,59.93154380953368,83.35037682781149,90.22632690781393,90.22632690781393,0,84313600,15000000,99313600,165522.66666666666,9.471282958984375,0.6433268852218191,0.1191048716522195,0.6433268852218191,0.2380561468109543,0.1020045312,12.8,125.48462160865262,1.810059264,1.1501568,1,HEADROOM
540p,10,16,median,finishing_owner,0.4,25,59.53978627586835,50.23361657390524,57.10956665390768,57.10956665390768,0,85156736,17764800,102921536,171535.89333333334,9.815362548828125,0.3231573183415226,0.0720107259339876,0.3231573183415226,0.23565869356735367,0.1020045312,12.8,125.48462160865262,1.810059264,1.1501568,1,HEADROOM
540p,10,16,median,finishing_owner,0.4,50,59.886186987526365,33.67523644695211,63.486324675703145,63.48632467570326,0,167784064,154622400,322406464,537344.1066666667,30.747076416015624,0.3210046394374447,0.2991502915393809,0.3210046394374447,0.19530108213025899,0.1020045312,12.8,125.48462160865262,1.810059264,1.1501568,1,HEADROOM
540p,10,16,median,finishing_owner,0.4,100,60.06448226691874,34.14197866740216,48.12161886515605,48.121618865156506,0,169470336,291480000,460950336,768250.56,43.959649658203126,0.16339491956603952,0.28308089143494614,0.28308089143494614,0.15370879658600733,0.1020045312,12.8,125.48462160865262,1.810059264,1.1501568,1,HEADROOM
540p,10,16,median,finishing_owner,0.4,125,60.1022801838763,28.352793181561992,39.4411379081248,39.441137908125256,0,169470336,292862400,462332736,770554.56,44.091485595703126,0.13111873924534903,0.22862534677376858,0.22862534677376858,0.15338087978428974,0.1020045312,12.8,125.48462160865262,1.810059264,1.1501568,1,HEADROOM
540p,10,16,median,finishing_owner,0.4,200,60.277379261781,19.629410308026763,33.211422637128635,33.2114226371292,0,252940800,429720000,682660800,1137768.0,65.10360717773438,0.12357221626681616,0.2106759340242196,0.2106759340242196,0.11182648290319096,0.1020045312,12.8,125.48462160865262,1.810059264,1.1501568,1,HEADROOM
540p,10,16,median,finishing_owner,0.4,400,60.38536227018588,15.430210631513091,22.301216796064182,22.30121679606475,0,337254400,566577600,903832000,1506386.6666666667,86.19613647460938,0.08412859972709914,0.14078105111689,0.14078105111689,0.08543291605252444,0.1020045312,12.8,125.48462160865262,1.810059264,1.1501568,1,HEADROOM
540p,10,16,median,finishing_owner,0.4,800,60.46961322567077,11.682661574506255,13.550215438031955,13.550215438032524,0,421568000,569342400,990910400,1651517.3333333333,94.50057983398438,0.05465528029643753,0.07323968996809299,0.07323968996809299,0.08485913715697503,0.1020045312,12.8,125.48462160865262,1.810059264,1.1501568,1,HEADROOM
540p,10,16,median,finishing_owner,0.4,1600,60.52188570607543,8.160937827252837,9.998689368390842,9.99868936839141,0,505881600,703435200,1209316800,2015528.0,115.32943725585938,0.035232707900079485,0.04713444985178821,0.04713444985178821,0.04345444744699509,0.1020045312,12.8,125.48462160865262,1.810059264,1.1501568,1,HEADROOM
540p,10,16,median,independent_au,0.4,12.5,59.922410807345386,84.87625573406149,92.62869735312597,92.62869735312597,0,84313600,27000000,111313600,185522.66666666666,10.615692138671875,0.6432288482703735,0.21052106385538044,0.6432288482703735,0.2380198692987869,0.1020045312,12.8,125.48462160865262,1.810059264,1.1501568,1,HEADROOM
540p,10,16,median,independent_au,0.4,25,60.15181588203157,50.99655602703024,57.87250610703268,57.87250610703268,0,85156736,27000000,112156736,186927.89333333334,10.696099853515625,0.32647916174480485,0.10806958067596727,0.32647916174480485,0.23808110900473364,0.1020045312,12.8,125.48462160865262,1.810059264,1.1501568,1,HEADROOM
540p,10,16,median,independent_au,0.4,50,60.30507684419071,34.05670617351461,37.63174905828237,37.63174905828237,0,167784064,27000000,194784064,324640.1066666667,18.576055908203124,0.3232499917326334,0.056584668789224156,0.3232499917326334,0.19666716747339455,0.1020045312,12.8,125.48462160865262,1.810059264,1.1501568,1,HEADROOM
540p,10,16,median,independent_au,0.4,100,60.40258384920655,21.499063933515117,25.22912457113307,28.223517246757808,0,169470336,27000000,196470336,327450.56,18.736871337890626,0.16431466579139728,0.03075418349564011,0.16431466579139728,0.1545740198490056,0.1020045312,12.8,125.48462160865262,1.810059264,1.1501568,1,HEADROOM
540p,10,16,median,independent_au,0.4,125,60.4204939294231,19.653582181405454,22.350308042812685,24.200388396406197,0,169470336,27000000,196470336,327450.56,18.736871337890626,0.13181295226021283,0.025577369882579578,0.13181295226021283,0.1541929605256876,0.1020045312,12.8,125.48462160865262,1.810059264,1.1501568,1,HEADROOM
540p,10,16,median,independent_au,0.4,200,60.45956186747102,15.510126623378255,17.129524748945187,19.2528556899414,0,252940800,27000000,279940800,466568.0,26.697235107421875,0.12394570145522502,0.017809979499588728,0.12394570145522502,0.11216446773746809,0.1020045312,12.8,125.48462160865262,1.810059264,1.1501568,1,HEADROOM
540p,10,16,median,independent_au,0.4,400,60.50236529864188,10.884369414472076,12.787273924970577,14.717466796064443,0,337254400,27000000,364254400,607090.6666666666,34.738006591796875,0.08429160779027496,0.011331388808944907,0.08429160779027496,0.08559845136658362,0.1020045312,12.8,125.48462160865262,1.810059264,1.1501568,1,HEADROOM
540p,10,16,median,independent_au,0.4,800,60.530030751596705,8.195862358031718,9.697168775845057,10.184883566938467,0,421568000,27000000,448568000,747613.3333333334,42.778778076171875,0.05470988849778283,0.008089486343200808,0.05470988849778283,0.08494392319819048,0.1020045312,12.8,125.48462160865262,1.810059264,1.1501568,1,HEADROOM
540p,10,16,median,independent_au,0.4,1600,60.546429426516205,6.2388473967889695,7.258777259015915,8.183873694562976,0,505881600,27000000,532881600,888136.0,50.819549560546875,0.03524699598319161,0.0064676961423948106,0.03524699598319161,0.04347206973020065,0.1020045312,12.8,125.48462160865262,1.810059264,1.1501568,1,HEADROOM
540p,10,16,median,raw_gather,0.4,12.5,4.210589684192825,66401.14150162539,125876.31478287559,131173.54728287528,600,84313600,1866240000,1950553600,3250922.6666666665,186.019287109375,0.0451979938158708,0.9995295163728389,0.9995295163728389,0.01672502812886735,0.1020045312,12.8,125.48462160865262,1.810059264,1.1501568,1,INTERCONNECT
540p,10,16,median,raw_gather,0.4,25,8.418183233633659,30713.949118812772,58212.315759438236,60661.89200943828,599,85156736,1866240000,1951396736,3252327.8933333335,186.09969482421874,0.04569041458234468,0.9995106254462895,0.9995106254462895,0.0333192002715125,0.1020045312,12.8,125.48462160865262,1.810059264,1.1501568,1,INTERCONNECT
540p,10,16,median,raw_gather,0.4,50,16.804511408285247,12892.252319548777,24422.512553924244,25448.260678924285,596,167784064,1866240000,2034024064,3390040.1066666665,193.97965087890626,0.09007629967596051,0.9982916929960068,0.9982916929960068,0.05480294251146734,0.1020045312,12.8,125.48462160865262,1.810059264,1.1501568,1,INTERCONNECT
540p,10,16,median,raw_gather,0.4,100,33.4663276602501,3985.285766814357,7506.432798064376,7850.009946501919,588,169470336,1866240000,2035710336,3392850.56,194.14046630859374,0.09103929160526507,0.9953918596113548,0.9953918596113548,0.0856424421998758,0.1020045312,12.8,125.48462160865262,1.810059264,1.1501568,1,INTERCONNECT
540p,10,16,median,raw_gather,0.4,125,41.74429188047693,2208.6505812674823,4135.0980812674625,4330.359800017461,580,169470336,1866240000,2035710336,3392850.56,194.14046630859374,0.09106907267598752,0.9939511573109719,0.9939511573109719,0.10653133616580181,0.1020045312,12.8,125.48462160865262,1.810059264,1.1501568,1,INTERCONNECT
540p,10,16,median,raw_gather,0.4,200,59.56892014230596,67.98577169718692,97.80885763468723,97.8088576346878,0,252940800,1866240000,2119180800,3531968.0,202.100830078125,0.122119832891823,0.888264512304029,0.888264512304029,0.1105121508505727,0.1020045312,12.8,125.48462160865262,1.810059264,1.1501568,1,INTERCONNECT_HEADROOM_LOW
540p,10,16,median,raw_gather,0.4,400,60.06737821919222,36.31249288859317,51.30403585734348,51.30403585734405,0,337254400,1866240000,2203494400,3672490.6666666665,210.1416015625,0.0836855858585071,0.45025134079658596,0.45025134079658596,0.08498303376792324,0.1020045312,12.8,125.48462160865262,1.810059264,1.1501568,1,HEADROOM
540p,10,16,median,raw_gather,0.4,800,60.319748631727876,20.475853484296294,28.051624968671604,28.051624968672172,0,421568000,1866240000,2287808000,3813013.3333333335,218.182373046875,0.05451982562835668,0.22848431581445405,0.22848431581445405,0.08464882689610213,0.1020045312,12.8,125.48462160865262,1.810059264,1.1501568,1,HEADROOM
540p,10,16,median,raw_gather,0.4,1600,60.44673075438061,12.557533782147857,16.425419524335666,16.425419524336235,0,505881600,1866240000,2372121600,3953536.0,226.22314453125,0.03518895657889349,0.11690052402335814,0.11690052402335814,0.04340048652260048,0.1020045312,12.8,125.48462160865262,1.810059264,1.1501568,1,HEADROOM
540p,10,16,adversarial,owner_only,0.4,12.5,59.4644427319112,113.22385650781143,131.52552690781158,131.5255269078126,0,84313600,15000000,99313600,165522.66666666666,9.471282958984375,0.6383128531737606,0.11817657896422122,0.6383128531737606,0.6455064107645402,0.37696389119999996,0.8,2.1222191798088064,6.7571712,3.9105331199999998,1,HEADROOM
540p,10,16,adversarial,owner_only,0.4,25,59.66025461746074,80.10709625390518,98.40876665390533,98.40876665390635,0,84313600,15000000,99313600,165522.66666666666,9.471282958984375,0.3206051194473191,0.06166927290832671,0.3206051194473191,0.6476320142616749,0.37696389119999996,0.8,2.1222191798088064,6.7571712,3.9105331199999998,1,HEADROOM
540p,10,16,adversarial,owner_only,0.4,50,59.7586449530003,63.54871612695206,81.8503865269522,81.85038652695323,0,84313600,15000000,99313600,165522.66666666666,9.471282958984375,0.16096531802703143,0.033275834033698236,0.16096531802703143,0.6487000742556851,0.37696389119999996,0.8,2.1222191798088064,6.7571712,3.9105331199999998,1,HEADROOM
540p,10,16,adversarial,owner_only,0.4,100,59.80796191853149,55.269526063475496,73.57119646347564,73.57119646347667,0,84313600,15000000,99313600,165522.66666666666,9.471282958984375,0.08094779861443284,0.019043966253059343,0.08094779861443284,0.6492354264081194,0.37696389119999996,0.8,2.1222191798088064,6.7571712,3.9105331199999998,1,HEADROOM
540p,10,16,adversarial,owner_only,0.4,125,59.817835081194964,53.61368805078018,71.91535845078033,71.91535845078135,0,84313600,15000000,99313600,165522.66666666666,9.471282958984375,0.0649284434781385,0.016194773402487768,0.0649284434781385,0.649342602890417,0.37696389119999996,0.8,2.1222191798088064,6.7571712,3.9105331199999998,1,HEADROOM
540p,10,16,adversarial,owner_only,0.4,200,59.83265093872517,51.129931031737215,69.43160143173736,69.43160143173839,0,84313600,15000000,99313600,165522.66666666666,9.471282958984375,0.04088949147107168,0.01191921988544324,0.04088949147107168,0.6495034339783302,0.37696389119999996,0.8,2.1222191798088064,6.7571712,3.9105331199999998,1,HEADROOM
540p,10,16,adversarial,owner_only,0.4,400,59.84500309421157,49.060133515868074,67.36180391586822,67.36180391586925,0,84313600,15000000,99313600,165522.66666666666,9.471282958984375,0.020847933139684114,0.008354640398549478,0.020847933139684114,0.6496375207566959,0.37696389119999996,0.8,2.1222191798088064,6.7571712,3.9105331199999998,1,HEADROOM
540p,10,16,adversarial,owner_only,0.4,800,59.85118108468336,48.025234757933504,66.32690515793365,66.32690515793468,0,84313600,15000000,99313600,165522.66666666666,9.471282958984375,0.010824050543043397,0.006571798680744657,0.010824050543043397,0.6497045849091871,0.37696389119999996,0.8,2.1222191798088064,6.7571712,3.9105331199999998,1,HEADROOM
540p,10,16,adversarial,owner_only,0.4,1600,59.85427055827418,47.50778537896622,65.80945577896637,65.80945577896739,0,84313600,15000000,99313600,165522.66666666666,9.471282958984375,0.005811333106641948,0.005680239778390876,0.005811333106641948,0.6497381221781355,0.37696389119999996,0.8,2.1222191798088064,6.7571712,3.9105331199999998,1,HEADROOM
540p,10,16,adversarial,finishing_owner,0.4,12.5,57.87671782459501,113.22385650781143,131.52552690781158,131.5255269078126,3,85156736,19147200,104303936,173839.89333333334,9.947198486328125,0.6274823356882427,0.1455421414556978,0.6274823356882427,0.6248831432825355,0.37696389119999996,12.8,33.9555068769409,6.7571712,3.9105331199999998,1,BURST_OR_PER_FRAME_LATENCY
540p,10,16,adversarial,finishing_owner,0.4,25,52.723140415486846,676.7130844882658,1200.1227719882481,1305.1599350741817,541,168627200,291480000,460107200,766845.3333333334,43.879241943359375,0.5666522491038063,0.9812725087437455,0.9812725087437455,0.4110577306854351,0.37696389119999996,12.8,33.9555068769409,6.7571712,3.9105331199999998,1,INTERCONNECT
540p,10,16,adversarial,finishing_owner,0.4,50,59.36335573620768,71.51153175390573,125.35958107031183,125.35958107031274,0,252097664,428337600,680435264,1134058.7733333334,64.89136352539063,0.4780947914283565,0.8130693467535653,0.8130693467535653,0.3481531487296278,0.37696389119999996,12.8,33.9555068769409,6.7571712,3.9105331199999998,1,INTERCONNECT_HEADROOM_LOW
540p,10,16,adversarial,finishing_owner,0.4,100,59.85981747196028,55.27157020605409,69.09200111425707,69.0920011142581,0,253783936,431102400,684886336,1141477.2266666666,65.31585083007812,0.2438561479154067,0.41495951496693473,0.41495951496693473,0.2987335471284391,0.37696389119999996,12.8,33.9555068769409,6.7571712,3.9105331199999998,1,HEADROOM
540p,10,16,adversarial,finishing_owner,0.4,125,59.92919265801024,46.638772964843156,68.27399269140551,68.27399269140653,0,335568128,566577600,902145728,1503576.2133333334,86.03532104492187,0.2588882832322231,0.4365486148177619,0.4365486148177619,0.23453398282239396,0.37696389119999996,12.8,33.9555068769409,6.7571712,3.9105331199999998,1,HEADROOM
540p,10,16,adversarial,finishing_owner,0.4,200,60.152578076707115,40.28137397802675,47.27158943212817,47.27158943212919,0,338097536,567960000,906057536,1510095.8933333333,86.40838012695312,0.16482755626938164,0.2763253364694607,0.2763253364694607,0.2342344701104866,0.37696389119999996,12.8,33.9555068769409,6.7571712,3.9105331199999998,1,HEADROOM
540p,10,16,adversarial,finishing_owner,0.4,400,60.32001516039758,26.194478989013078,33.06548515356371,33.06548515356474,0,505038464,703435200,1208473664,2014122.7733333334,115.24902954101563,0.12584620355701165,0.17343212857453083,0.17343212857453083,0.11954020245525232,0.37696389119999996,12.8,33.9555068769409,6.7571712,3.9105331199999998,1,HEADROOM
540p,10,16,adversarial,finishing_owner,0.4,800,60.41881001717273,18.377919636693605,21.893422718969305,22.246320801147448,0,509254144,706200000,1215454144,2025756.9066666667,115.91473999023438,0.06596508026020655,0.08960673462712443,0.08960673462712443,0.11737812984265238,0.37696389119999996,12.8,33.9555068769409,6.7571712,3.9105331199999998,1,HEADROOM
540p,10,16,adversarial,finishing_owner,0.4,1600,60.476905379397095,14.710431976684049,16.5481835178216,16.54818351782251,0,509254144,706200000,1215454144,2025756.9066666667,115.91473999023438,0.03543333051865303,0.047265523951079615,0.047265523951079615,0.11749099411403557,0.37696389119999996,12.8,33.9555068769409,6.7571712,3.9105331199999998,1,HEADROOM
540p,10,16,adversarial,independent_au,0.4,12.5,59.58447490336165,117.03855377343643,135.34022417343658,135.3402241734376,0,85156736,45000000,130156736,216927.89333333334,12.412713623046875,0.6459973351707679,0.3457118582235989,0.6459973351707679,0.6433214488992581,0.37696389119999996,12.8,33.9555068769409,6.7571712,3.9105331199999998,1,HEADROOM
540p,10,16,adversarial,independent_au,0.4,25,59.92757718633652,79.1347788242183,85.72886522421868,85.72886522421891,0,168627200,45000000,213627200,356045.3333333333,20.373077392578125,0.6440833404150698,0.17624837979609248,0.6440833404150698,0.4672273633468135,0.37696389119999996,12.8,33.9555068769409,6.7571712,3.9105331199999998,1,HEADROOM
540p,10,16,adversarial,independent_au,0.4,50,60.1331090425202,52.79480644335854,58.099738255468765,64.50239044335831,0,252097664,45000000,297097664,495162.7733333333,28.333441162109374,0.48429415536034376,0.09083175121266444,0.48429415536034376,0.3526675841757745,0.37696389119999996,12.8,33.9555068769409,6.7571712,3.9105331199999998,1,HEADROOM
540p,10,16,adversarial,independent_au,0.4,100,60.282685422356856,36.865154190429166,40.45196670605401,44.038779221679675,0,253783936,45000000,298783936,497973.2266666667,28.494256591796876,0.24557882188628702,0.047940151442262664,0.24557882188628702,0.3008438917322808,0.37696389119999996,12.8,33.9555068769409,6.7571712,3.9105331199999998,1,HEADROOM
540p,10,16,adversarial,independent_au,0.4,125,60.30877980089492,31.89764015234323,37.09260696484307,42.287573777342914,0,335568128,45000000,380568128,634280.2133333334,36.29380493164062,0.26052806276870427,0.03933366299401959,0.26052806276870427,0.2360195039933023,0.37696389119999996,12.8,33.9555068769409,6.7571712,3.9105331199999998,1,HEADROOM
540p,10,16,adversarial,independent_au,0.4,200,60.36423316134444,26.94006975302682,28.54675483740175,32.48714057958986,0,338097536,45000000,383097536,638495.8933333333,36.535028076171876,0.16540752460138347,0.02641707070123259,0.16540752460138347,0.2350586561750139,0.37696389119999996,12.8,33.9555068769409,6.7571712,3.9105331199999998,1,HEADROOM
540p,10,16,adversarial,independent_au,0.4,400,60.42329806994529,19.394057560888086,22.417362289794255,25.764174805419316,0,505038464,45000000,550038464,916730.7733333333,52.455755615234374,0.1260616836430882,0.01563839149844559,0.1260616836430882,0.11974488509474886,0.37696389119999996,12.8,33.9555068769409,6.7571712,3.9105331199999998,1,HEADROOM
540p,10,16,adversarial,independent_au,0.4,800,60.460631097207084,15.13228027380319,17.302473144896794,19.2326660159912,0,509254144,45000000,554254144,923756.9066666666,52.857794189453124,0.0660107403932057,0.010242452146943927,0.0660107403932057,0.11745937739057723,0.37696389119999996,12.8,33.9555068769409,6.7571712,3.9105331199999998,1,HEADROOM
540p,10,16,adversarial,independent_au,0.4,1600,60.49460194248487,13.579932136901334,14.745028572448064,15.670125007995594,0,509254144,45000000,554254144,923756.9066666666,52.857794189453124,0.03544369890911546,0.007543887600106558,0.03544369890911546,0.11752537396162434,0.37696389119999996,12.8,33.9555068769409,6.7571712,3.9105331199999998,1,HEADROOM
540p,10,16,adversarial,raw_gather,0.4,12.5,4.210472753899459,66405.0988520254,125880.2721332756,131177.5046332753,600,85156736,1866240000,1951396736,3252327.8933333335,186.09969482421874,0.04564870603021323,0.9995017589116889,0.9995017589116889,0.045459617408437195,0.37696389119999996,12.8,33.9555068769409,6.7571712,3.9105331199999998,1,INTERCONNECT
540p,10,16,adversarial,raw_gather,0.4,25,8.417715858187979,30717.906469212772,58216.273109838236,60665.84935983828,599,168627200,1866240000,2034867200,3391445.3333333335,194.06005859375,0.09047104527100369,0.9994551328642126,0.9994551328642126,0.06562900371551396,0.37696389119999996,12.8,33.9555068769409,6.7571712,3.9105331199999998,1,INTERCONNECT
540p,10,16,adversarial,raw_gather,0.4,50,16.80099713510337,12899.720689468777,24429.980923844247,25455.72904884429,597,252097664,1866240000,2118337664,3530562.7733333334,202.02042236328126,0.1353102283635962,0.9980829234793486,0.9980829234793486,0.09853418799934856,0.37696389119999996,12.8,33.9555068769409,6.7571712,3.9105331199999998,1,INTERCONNECT
540p,10,16,adversarial,raw_gather,0.4,100,33.45239256908808,3992.7541367343565,7513.901167984375,7857.478316421919,589,253783936,1866240000,2120023936,3533373.2266666666,202.18123779296874,0.13627792290333982,0.9949773869973761,0.9949773869973761,0.16694591320425992,0.37696389119999996,12.8,33.9555068769409,6.7571712,3.9105331199999998,1,INTERCONNECT
540p,10,16,adversarial,raw_gather,0.4,125,41.722612684797625,2216.1189511874827,4142.566451187464,4337.828169937462,582,335568128,1866240000,2201808128,3669680.2133333334,209.9807861328125,0.1802376286223253,0.9934349654997247,0.9934349654997247,0.16328220175703959,0.37696389119999996,12.8,33.9555068769409,6.7571712,3.9105331199999998,1,INTERCONNECT
540p,10,16,adversarial,raw_gather,0.4,200,59.52478422798792,75.4541416171869,105.27722755468676,105.27722755468778,0,338097536,1866240000,2204337536,3673895.8933333335,210.22200927734374,0.16310730205528332,0.8876063777212106,0.8876063777212106,0.23178983740819672,0.37696389119999996,12.8,33.9555068769409,6.7571712,3.9105331199999998,1,INTERCONNECT_HEADROOM_LOW
540p,10,16,adversarial,raw_gather,0.4,400,60.022500855783306,43.780862808593156,58.77240577734301,58.772405777344034,0,505038464,1866240000,2371278464,3952130.7733333334,226.14273681640626,0.12522549672131125,0.44991495033565143,0.44991495033565143,0.1189505984886029,0.37696389119999996,12.8,33.9555068769409,6.7571712,3.9105331199999998,1,HEADROOM
540p,10,16,adversarial,raw_gather,0.4,800,60.27449351770379,27.94422340429628,35.519994888671135,35.51999488867216,0,509254144,1866240000,2375494144,3959156.9066666667,226.544775390625,0.06580751592771415,0.22831289461328116,0.22831289461328116,0.11709776018942207,0.37696389119999996,12.8,33.9555068769409,6.7571712,3.9105331199999998,1,HEADROOM
540p,10,16,adversarial,raw_gather,0.4,1600,60.41304665252675,18.091960831054166,21.95984657324152,21.95984657324243,0,509254144,1866240000,2375494144,3959156.9066666667,226.544775390625,0.03539591578386291,0.1168353808947087,0.1168353808947087,0.11736693311495196,0.37696389119999996,12.8,33.9555068769409,6.7571712,3.9105331199999998,1,HEADROOM
540p,15,4,optimistic,owner_only,0.4,12.5,59.91910140326178,72.21857553343716,74.20592416625004,74.20592416625016,0,126470400,15000000,141470400,235784.0,13.491668701171875,0.964789985893507,0.11908014425312613,0.964789985893507,0.10235766301365289,0.02278388736,0.8,35.11253314061328,0.410462208,0.2875392,1,INTERCONNECT_HEADROOM_LOW
540p,15,4,optimistic,owner_only,0.4,25,60.1262999579773,38.82783353390596,40.10981753390752,40.10981753390752,0,126470400,15000000,141470400,235784.0,13.491668701171875,0.48466436416224035,0.06215101200709949,0.48466436416224035,0.10271161291182897,0.02278388736,0.8,35.11253314061328,0.410462208,0.2875392,1,HEADROOM
540p,15,4,optimistic,owner_only,0.4,50,60.22623476768841,22.269453406952834,23.551437406954392,23.551437406954392,0,126470400,15000000,141470400,235784.0,13.491668701171875,0.24333722026100482,0.03353620541731389,0.24333722026100482,0.10288232798158446,0.02278388736,0.8,35.11253314061328,0.410462208,0.2875392,1,HEADROOM
540p,15,4,optimistic,owner_only,0.4,100,60.27632685100429,13.990263343476272,15.27224734347783,15.27224734347783,0,126470400,15000000,141470400,235784.0,13.491668701171875,0.12237256906862574,0.019193102349358337,0.12237256906862574,0.10296789850022743,0.02278388736,0.8,35.11253314061328,0.410462208,0.2875392,1,HEADROOM
540p,15,4,optimistic,owner_only,0.4,125,60.28635526849567,12.33442533078096,13.616409330782517,13.616409330782517,0,126470400,15000000,141470400,235784.0,13.491668701171875,0.09815548837333427,0.01632161815134113,0.09815548837333427,0.10298502968801401,0.02278388736,0.8,35.11253314061328,0.410462208,0.2875392,1,HEADROOM
540p,15,4,optimistic,owner_only,0.4,200,60.30140415305173,9.85066831173799,11.132652311739548,11.132652311739548,0,126470400,15000000,141470400,235784.0,13.491668701171875,0.0618147544557649,0.012012599880243877,0.0618147544557649,0.10301073716055695,0.02278388736,0.8,35.11253314061328,0.410462208,0.2875392,1,HEADROOM
540p,15,4,optimistic,owner_only,0.4,400,60.31395063055504,7.78087079586885,9.062854795870408,9.062854795870408,0,126470400,15000000,141470400,235784.0,13.491668701171875,0.031516947408871655,0.008420107652779002,0.031516947408871655,0.10303216986041754,0.02278388736,0.8,35.11253314061328,0.410462208,0.2875392,1,HEADROOM
540p,15,4,optimistic,owner_only,0.4,800,60.32022582735159,6.74597203793428,8.027956037935837,8.027956037935837,0,126470400,15000000,141470400,235784.0,13.491668701171875,0.016363315509160464,0.006623300882793367,0.016363315509160464,0.10304288955520606,0.02278388736,0.8,35.11253314061328,0.410462208,0.2875392,1,HEADROOM
540p,15,4,optimistic,owner_only,0.4,1600,60.32336391543936,6.228522658966995,7.510506658968552,7.510506658968552,0,126470400,15000000,141470400,235784.0,13.491668701171875,0.008785317034759403,0.005724757282694171,0.008785317034759403,0.1030482502391194,0.02278388736,0.8,35.11253314061328,0.410462208,0.2875392,1,HEADROOM
540p,15,4,optimistic,finishing_owner,0.4,12.5,59.91910140326178,72.21857553343716,74.20592416625004,74.20592416625016,0,126470400,15000000,141470400,235784.0,13.491668701171875,0.964789985893507,0.11908014425312613,0.964789985893507,0.10235766301365289,0.02278388736,3.2,140.45013256245312,0.410462208,0.2875392,1,INTERCONNECT_HEADROOM_LOW
540p,15,4,optimistic,finishing_owner,0.4,25,60.1262999579773,38.82783353390596,40.10981753390752,40.10981753390752,0,126470400,15000000,141470400,235784.0,13.491668701171875,0.48466436416224035,0.06215101200709949,0.48466436416224035,0.10271161291182897,0.02278388736,3.2,140.45013256245312,0.410462208,0.2875392,1,HEADROOM
540p,15,4,optimistic,finishing_owner,0.4,50,60.22623476768841,22.269453406952834,23.551437406954392,23.551437406954392,0,126470400,15000000,141470400,235784.0,13.491668701171875,0.24333722026100482,0.03353620541731389,0.24333722026100482,0.10288232798158446,0.02278388736,3.2,140.45013256245312,0.410462208,0.2875392,1,HEADROOM
540p,15,4,optimistic,finishing_owner,0.4,100,60.209253255954636,13.990263343476272,15.27224734347783,15.27224734347783,0,127313536,16382400,143695936,239493.22666666665,13.703912353515625,0.12305130604567806,0.020494702095389672,0.12305130604567806,0.10266763797268003,0.02278388736,3.2,140.45013256245312,0.410462208,0.2875392,1,HEADROOM
540p,15,4,optimistic,finishing_owner,0.4,125,60.17984819814823,12.33442533078096,13.616409330782517,13.616409330782517,0,127313536,17764800,145078336,241797.22666666665,13.835748291015625,0.09863529228529452,0.01840848076242828,0.09863529228529452,0.10243190662954822,0.02278388736,3.2,140.45013256245312,0.410462208,0.2875392,1,HEADROOM
540p,15,4,optimistic,finishing_owner,0.4,200,60.21927327289445,16.273761648924847,16.472970938476465,16.472970938476692,0,252097664,223742400,475840064,793066.7733333333,45.379644775390624,0.12304958768397957,0.11189613168534254,0.12304958768397957,0.08332764261091723,0.02278388736,3.2,140.45013256245312,0.410462208,0.2875392,1,HEADROOM
540p,15,4,optimistic,finishing_owner,0.4,400,60.3018118020136,9.107279791625963,9.605851229238397,9.605851229238397,0,252940800,223742400,476683200,794472.0,45.460052490234375,0.063021208571303,0.05843682258559597,0.063021208571303,0.07498760891708682,0.02278388736,3.2,140.45013256245312,0.410462208,0.2875392,1,HEADROOM
540p,15,4,optimistic,finishing_owner,0.4,800,60.324227982208264,7.159726160573555,7.6458560357568786,7.645856035756992,0,379411200,431102400,810513600,1350856.0,77.29660034179688,0.049085160340060593,0.05649505795680465,0.05649505795680465,0.05556752149537711,0.02278388736,3.2,140.45013256245312,0.410462208,0.2875392,1,HEADROOM
540p,15,4,optimistic,finishing_owner,0.4,1600,60.35586987227977,4.853205736684231,5.772081507253461,5.772081507253574,0,503352192,634315200,1137667392,1896112.32,108.49641723632813,0.03497635595481447,0.04286084801419731,0.04286084801419731,0.028235080064367604,0.02278388736,3.2,140.45013256245312,0.410462208,0.2875392,1,HEADROOM
540p,15,4,optimistic,independent_au,0.4,12.5,59.8911519784515,74.22129159789029,76.87621225218754,76.87621225218766,0,126470400,20250000,146720400,244534.0,13.992347717285156,0.9643399570289725,0.15900625639722316,0.9643399570289725,0.10230991800848496,0.02278388736,3.2,140.45013256245312,0.410462208,0.2875392,1,INTERCONNECT_HEADROOM_LOW
540p,15,4,optimistic,independent_au,0.4,25,60.12428886887559,39.16161954464815,40.529079871797876,40.529079871797876,0,126470400,20250000,146720400,244534.0,13.992347717285156,0.4846481532325567,0.08221757972620049,0.4846481532325567,0.10270817744007217,0.02278388736,3.2,140.45013256245312,0.410462208,0.2875392,1,HEADROOM
540p,15,4,optimistic,independent_au,0.4,50,60.225225860920986,22.43634641232393,23.718330412325486,23.718330412325486,0,126470400,20250000,146720400,244534.0,13.992347717285156,0.24333314388848654,0.04358681256361842,0.24333314388848654,0.10288060450215146,0.02278388736,3.2,140.45013256245312,0.410462208,0.2875392,1,HEADROOM
540p,15,4,optimistic,independent_au,0.4,100,60.28702809193396,14.073709846161819,15.355693846163376,15.355693846163376,0,127313536,20250000,147563536,245939.22666666665,14.072755432128906,0.12321025661601749,0.02422725147486711,0.12321025661601749,0.10280025809785856,0.02278388736,3.2,140.45013256245312,0.410462208,0.2875392,1,HEADROOM
540p,15,4,optimistic,independent_au,0.4,125,60.29910299554726,12.401182532929397,13.683166532930954,13.683166532930954,0,127313536,20250000,147563536,245939.22666666665,14.072755432128906,0.09883075193084143,0.02035046881352492,0.09883075193084143,0.10263488979813452,0.02278388736,3.2,140.45013256245312,0.410462208,0.2875392,1,HEADROOM
540p,15,4,optimistic,independent_au,0.4,200,60.321163526024144,9.72368802526762,9.964620566162012,9.964620566162239,0,252097664,20250000,272347664,453912.7733333333,25.973097229003905,0.12325778603901134,0.01453333119798062,0.12325778603901134,0.08346863193438268,0.02278388736,3.2,140.45013256245312,0.410462208,0.2875392,1,HEADROOM
540p,15,4,optimistic,independent_au,0.4,400,60.34749870151471,6.071292217087603,7.233358661541388,7.233358661541388,0,252940800,20250000,273190800,455318.0,26.053504943847656,0.0630689557871228,0.009683738047423718,0.0630689557871228,0.07504442232368348,0.02278388736,3.2,140.45013256245312,0.410462208,0.2875392,1,HEADROOM
540p,15,4,optimistic,independent_au,0.4,800,60.36313740593595,4.657506441863006,4.906045090770931,4.906045090770931,0,379411200,20250000,399661200,666102.0,38.114662170410156,0.049116820509884494,0.007257649262235808,0.049116820509884494,0.05560336282002693,0.02278388736,3.2,140.45013256245312,0.410462208,0.2875392,1,HEADROOM
540p,15,4,optimistic,independent_au,0.4,1600,60.368964181848604,3.6981189809316675,3.798235548543744,3.7982355485438575,0,503352192,20250000,523602192,872670.32,49.93459625244141,0.034983944135275315,0.006043933484159925,0.034983944135275315,0.0282412057134527,0.02278388736,3.2,140.45013256245312,0.410462208,0.2875392,1,HEADROOM
540p,15,4,optimistic,raw_gather,0.4,12.5,4.210629715384956,66399.7867496254,125841.62669754228,131138.85919754195,600,126470400,1866240000,1992710400,3321184.0,190.0396728515625,0.06779763528776638,0.9995390191648732,0.9995390191648732,0.0071928685075237945,0.02278388736,3.2,140.45013256245312,0.410462208,0.2875392,1,INTERCONNECT
540p,15,4,optimistic,raw_gather,0.4,25,8.418343246002463,30712.594366812773,58177.6276741049,60627.20392410494,599,126470400,1866240000,1992710400,3321184.0,190.0396728515625,0.06785834118305742,0.9995296240898667,0.9995296240898667,0.014380755400658833,0.02278388736,3.2,140.45013256245312,0.410462208,0.2875392,1,INTERCONNECT
540p,15,4,optimistic,raw_gather,0.4,50,16.821340990150105,12873.19679656211,24360.717525729247,25386.46565072929,596,126470400,1866240000,1992710400,3321184.0,190.0396728515625,0.0679647063010765,0.9992914740288551,0.9992914740288551,0.028735296628026576,0.02278388736,3.2,140.45013256245312,0.410462208,0.2875392,1,INTERCONNECT
540p,15,4,optimistic,raw_gather,0.4,100,33.53314191477956,3966.2302438276897,7496.863446952708,7810.69750945275,586,127313536,1866240000,1993553536,3322589.2266666666,190.12008056640624,0.06853260396516558,0.9973791217256747,0.9973791217256747,0.05718005602158178,0.02278388736,3.2,140.45013256245312,0.410462208,0.2875392,1,INTERCONNECT
540p,15,4,optimistic,raw_gather,0.4,125,41.84829867856012,2191.977428072483,4113.663495780796,4285.114745780795,575,127313536,1866240000,1993553536,3322589.2266666666,190.12008056640624,0.06858972389247558,0.9964276079265193,0.9964276079265193,0.0712298410712777,0.02278388736,3.2,140.45013256245312,0.410462208,0.2875392,1,INTERCONNECT
540p,15,4,optimistic,raw_gather,0.4,200,59.739149733794385,50.68537240843716,65.59691537718754,65.59691537718766,0,252097664,1866240000,2118337664,3530562.7733333334,202.02042236328126,0.12206852297972935,0.8908028981720615,0.8908028981720615,0.08266327785689707,0.02278388736,3.2,140.45013256245312,0.410462208,0.2875392,1,INTERCONNECT_HEADROOM_LOW
540p,15,4,optimistic,raw_gather,0.4,400,60.061597466479746,26.42786508421841,33.92363656859379,33.923636568593906,0,252940800,1866240000,2119180800,3531968.0,202.100830078125,0.0627701614254693,0.4502080095952456,0.4502080095952456,0.07468889320505429,0.02278388736,3.2,140.45013256245312,0.410462208,0.2875392,1,HEADROOM
540p,15,4,optimistic,raw_gather,0.4,800,60.22413019687065,14.299111422109036,18.086997164296918,18.08699716429703,0,379411200,1866240000,2245651200,3742752.0,214.1619873046875,0.049003711873874985,0.2281221241083681,0.2281221241083681,0.0554753166545621,0.02278388736,3.2,140.45013256245312,0.410462208,0.2875392,1,HEADROOM
540p,15,4,optimistic,raw_gather,0.4,1600,60.30572688145535,8.234734591054348,10.16867746214848,10.168677462148594,0,503352192,1866240000,2369592192,3949320.32,225.98192138671874,0.03494729798415768,0.11662783058851774,0.11662783058851774,0.028211622671348656,0.02278388736,3.2,140.45013256245312,0.410462208,0.2875392,1,HEADROOM
540p,15,4,median,owner_only,0.4,12.5,59.83366913515387,79.1111627478117,81.74789874781345,81.74789874781345,0,126470400,15000000,141470400,235784.0,13.491668701171875,0.9634143945576498,0.11891036055190382,0.9634143945576498,0.22967719684704035,0.09870501888,0.8,8.104957671631622,1.810059264,1.1501568,1,INTERCONNECT_HEADROOM_LOW
540p,15,4,median,owner_only,0.4,25,60.03192429257118,45.994402493905454,48.6311384939072,48.6311384939072,0,126470400,15000000,141470400,235784.0,13.491668701171875,0.48390362348971583,0.06205345830567544,0.48390362348971583,0.23043821801579442,0.09870501888,0.8,8.104957671631622,1.810059264,1.1501568,1,HEADROOM
540p,15,4,median,owner_only,0.4,50,60.13154536850631,29.43602236695233,32.072758366954076,32.072758366954076,0,126470400,15000000,141470400,235784.0,13.491668701171875,0.24295463856261312,0.03348347884136136,0.24295463856261312,0.2308206229359403,0.09870501888,0.8,8.104957671631622,1.810059264,1.1501568,1,HEADROOM
540p,15,4,median,owner_only,0.4,100,60.18147999795067,21.156832303475767,23.793568303477514,23.793568303477514,0,126470400,15000000,141470400,235784.0,13.491668701171875,0.1221800116637106,0.01916290134917675,0.1221800116637106,0.23101230173288106,0.09870501888,0.8,8.104957671631622,1.810059264,1.1501568,1,HEADROOM
540p,15,4,median,owner_only,0.4,125,60.19147687754247,19.500994290780454,22.1377302907822,22.1377302907822,0,126470400,15000000,141470400,235784.0,13.491668701171875,0.09800101171342324,0.016295931263138073,0.09800101171342324,0.23105067570049911,0.09870501888,0.8,8.104957671631622,1.810059264,1.1501568,1,HEADROOM
540p,15,4,median,owner_only,0.4,200,60.206478425746894,17.017237271737486,19.653973271739233,19.653973271739233,0,126470400,15000000,141470400,235784.0,13.491668701171875,0.061717446431063014,0.01199368979354739,0.061717446431063014,0.2311082605618282,0.09870501888,0.8,8.104957671631622,1.810059264,1.1501568,1,HEADROOM
540p,15,4,median,owner_only,0.4,400,60.218985429224254,14.947439755868345,17.584175755870092,17.584175755870092,0,126470400,15000000,141470400,235784.0,13.491668701171875,0.03146732351216576,0.008406850069581195,0.03146732351216576,0.2311562698773383,0.09870501888,0.8,8.104957671631622,1.810059264,1.1501568,1,HEADROOM
540p,15,4,median,owner_only,0.4,800,60.22524087977379,13.912540997933775,16.54927699793552,16.54927699793552,0,126470400,15000000,141470400,235784.0,13.491668701171875,0.016337548552148643,0.006612871314957452,0.016337548552148643,0.2311802820157881,0.09870501888,0.8,8.104957671631622,1.810059264,1.1501568,1,HEADROOM
540p,15,4,median,owner_only,0.4,1600,60.22836909242842,13.39509161896649,16.031827618968236,16.031827618968236,0,126470400,15000000,141470400,235784.0,13.491668701171875,0.008771482268548722,0.005715742163683029,0.008771482268548722,0.2311922899558667,0.09870501888,0.8,8.104957671631622,1.810059264,1.1501568,1,HEADROOM
540p,15,4,median,finishing_owner,0.4,12.5,59.83366913515387,79.1111627478117,81.74789874781345,81.74789874781345,0,126470400,15000000,141470400,235784.0,13.491668701171875,0.9634143945576498,0.11891036055190382,0.9634143945576498,0.22967719684704035,0.09870501888,3.2,32.41983068652649,1.810059264,1.1501568,1,INTERCONNECT_HEADROOM_LOW
540p,15,4,median,finishing_owner,0.4,25,60.03192429257118,45.994402493905454,48.6311384939072,48.6311384939072,0,126470400,15000000,141470400,235784.0,13.491668701171875,0.48390362348971583,0.06205345830567544,0.48390362348971583,0.23043821801579442,0.09870501888,3.2,32.41983068652649,1.810059264,1.1501568,1,HEADROOM
540p,15,4,median,finishing_owner,0.4,50,60.01574515974683,29.43602236695233,32.072758366954076,32.072758366954076,0,127313536,16382400,143695936,239493.22666666665,13.703912353515625,0.24410333945720034,0.03605640765816184,0.24410333945720034,0.22995208023137786,0.09870501888,3.2,32.41983068652649,1.810059264,1.1501568,1,HEADROOM
540p,15,4,median,finishing_owner,0.4,100,60.111477021478265,19.55435422347591,33.98276937785158,33.982769377851696,0,252097664,222360000,474457664,790762.7733333333,45.247808837890624,0.24326219829237472,0.21726193429178095,0.24326219829237472,0.167197779288922,0.09870501888,3.2,32.41983068652649,1.810059264,1.1501568,1,HEADROOM
540p,15,4,median,finishing_owner,0.4,125,60.09860931072883,26.614947669921868,28.352793181562447,28.352793181562674,0,252940800,223742400,476683200,794472.0,45.460052490234375,0.1956996179709493,0.17579033966044572,0.1956996179709493,0.16673737012458134,0.09870501888,3.2,32.41983068652649,1.810059264,1.1501568,1,HEADROOM
540p,15,4,median,finishing_owner,0.4,200,60.16041315664647,19.330596373700985,26.221207183027218,26.22120718302756,0,377724928,428337600,806062528,1343437.5466666666,76.87211303710937,0.18418038420745622,0.20960618284728638,0.20960618284728638,0.12762013756243298,0.09870501888,3.2,32.41983068652649,1.810059264,1.1501568,1,HEADROOM
540p,15,4,median,finishing_owner,0.4,400,60.26653383978955,11.994707549237773,15.430210631513546,15.430210631513887,0,379411200,429720000,809131200,1348552.0,77.16476440429688,0.09446847401024919,0.10772967540660036,0.10772967540660036,0.10375837920998274,0.09870501888,3.2,32.41983068652649,1.810059264,1.1501568,1,HEADROOM
540p,15,4,median,finishing_owner,0.4,800,60.30974299788585,9.603483641767319,11.68266157450671,11.682661574507051,0,504195328,634315200,1138510528,1897517.5466666666,108.57682495117187,0.06520766493376903,0.08083140392320345,0.08083140392320345,0.06444654748783248,0.09870501888,3.2,32.41983068652649,1.810059264,1.1501568,1,HEADROOM
540p,15,4,median,finishing_owner,0.4,1600,60.335603351925116,6.804680412230937,7.723556182800166,7.723556182800621,0,505038464,635697600,1140736064,1901226.7733333334,108.78906860351563,0.03507372804305358,0.042929314379903986,0.042929314379903986,0.0642090332427604,0.09870501888,3.2,32.41983068652649,1.810059264,1.1501568,1,HEADROOM
540p,15,4,median,independent_au,0.4,12.5,59.82456593669702,80.6370416540617,84.1502691931255,84.1502691931255,0,126470400,27000000,153470400,255784.0,14.636077880859375,0.9632678190165437,0.2101773125612626,0.9632678190165437,0.2296422533589653,0.09870501888,3.2,32.41983068652649,1.810059264,1.1501568,1,INTERCONNECT_HEADROOM_LOW
540p,15,4,median,independent_au,0.4,25,60.02734213307308,46.757341947030454,49.3940779470322,49.3940779470322,0,126470400,27000000,153470400,255784.0,14.636077880859375,0.48386668774909664,0.10784594942464325,0.48386668774909664,0.23042062896327192,0.09870501888,3.2,32.41983068652649,1.810059264,1.1501568,1,HEADROOM
540p,15,4,median,independent_au,0.4,50,60.15480243121659,29.81749209351483,32.454228093516576,32.454228093516576,0,127313536,27000000,154313536,257189.22666666665,14.716485595703125,0.24466893010764085,0.05644366527292642,0.24466893010764085,0.23048488222793154,0.09870501888,3.2,32.41983068652649,1.810059264,1.1501568,1,HEADROOM
540p,15,4,median,independent_au,0.4,100,60.231549043968975,19.566260748944984,20.989910491132832,20.989910491132946,0,252097664,27000000,279097664,465162.7733333333,26.616827392578124,0.24374811189143775,0.030667100535786123,0.24374811189143775,0.1675317550371473,0.09870501888,3.2,32.41983068652649,1.810059264,1.1501568,1,HEADROOM
540p,15,4,median,independent_au,0.4,125,60.255884315074454,16.88653216890603,18.111093962812447,18.111093962812674,0,252940800,27000000,279940800,466568.0,26.697235107421875,0.19621175391918202,0.02550768688731406,0.19621175391918202,0.16717371334302983,0.09870501888,3.2,32.41983068652649,1.810059264,1.1501568,1,HEADROOM
540p,15,4,median,independent_au,0.4,200,60.28451265280444,13.029139006757305,15.232469947753998,15.232469947754112,0,377724928,27000000,404724928,674541.5466666666,38.59757690429687,0.18456031332833528,0.017758414075885118,0.18456031332833528,0.12788339364629447,0.09870501888,3.2,32.41983068652649,1.810059264,1.1501568,1,HEADROOM
540p,15,4,median,independent_au,0.4,400,60.3213561209322,9.153431311689019,10.6970810538769,10.697081053877127,0,379411200,27000000,406411200,677352.0,38.758392333984375,0.09455440855652779,0.011297487896798885,0.09455440855652779,0.1038527644462579,0.09870501888,3.2,32.41983068652649,1.810059264,1.1501568,1,HEADROOM
540p,15,4,median,independent_au,0.4,800,60.3337462939016,7.110765922484916,7.6281475669384236,7.628147566938651,0,504195328,27000000,531195328,885325.5466666666,50.65873413085937,0.06523361760420167,0.008063254067746937,0.06523361760420167,0.06447219723329065,0.09870501888,3.2,32.41983068652649,1.810059264,1.1501568,1,HEADROOM
540p,15,4,median,independent_au,0.4,1600,60.34345272641331,5.511132605695366,6.093680823469185,6.093680823469413,0,505038464,27000000,532038464,886730.7733333333,50.739141845703124,0.03507829096794058,0.006446013747038288,0.03507829096794058,0.06421738653201993,0.09870501888,3.2,32.41983068652649,1.810059264,1.1501568,1,HEADROOM
540p,15,4,median,raw_gather,0.4,12.5,4.210589684192825,66401.14150162539,125842.98144954226,131140.21394954194,600,126470400,1866240000,1992710400,3321184.0,190.0396728515625,0.06779699072380618,0.9995295163728389,0.9995295163728389,0.01616274665613461,0.09870501888,3.2,32.41983068652649,1.810059264,1.1501568,1,INTERCONNECT
540p,15,4,median,raw_gather,0.4,25,8.418183233633659,30713.949118812772,58178.9824261049,60628.55867610494,599,126470400,1866240000,1992710400,3321184.0,190.0396728515625,0.06785705135991782,0.9995106254462895,0.9995106254462895,0.03231399236570921,0.09870501888,3.2,32.41983068652649,1.810059264,1.1501568,1,INTERCONNECT
540p,15,4,median,raw_gather,0.4,50,16.820214490857545,12875.585652882108,24363.10638204924,25388.854507049284,596,127313536,1866240000,1993553536,3322589.2266666666,190.12008056640624,0.06841322250812557,0.9992245530182643,0.9992245530182643,0.06444714302580819,0.09870501888,3.2,32.41983068652649,1.810059264,1.1501568,1,INTERCONNECT
540p,15,4,median,raw_gather,0.4,100,33.528665510582776,3968.6191001476896,7499.2523032727095,7813.086365772751,587,252097664,1866240000,2118337664,3530562.7733333334,202.02042236328126,0.13568551767576434,0.9972459796509586,0.9972459796509586,0.0932587035565184,0.09870501888,3.2,32.41983068652649,1.810059264,1.1501568,1,INTERCONNECT
540p,15,4,median,raw_gather,0.4,125,41.841327245877956,2194.3662843924826,4116.052352100796,4287.5036021007945,575,252940800,1866240000,2119180800,3531968.0,202.100830078125,0.13624827348465787,0.9962616148464979,0.9962616148464979,0.11608443102949191,0.09870501888,3.2,32.41983068652649,1.810059264,1.1501568,1,INTERCONNECT
540p,15,4,median,raw_gather,0.4,200,59.72494433044174,53.07422872843699,67.98577169718737,67.98577169718772,0,377724928,1866240000,2243964928,3739941.546666667,214.001171875,0.18284720161258408,0.89059107368958,0.89059107368958,0.12669636412757154,0.09870501888,3.2,32.41983068652649,1.810059264,1.1501568,1,INTERCONNECT_HEADROOM_LOW
540p,15,4,median,raw_gather,0.4,400,60.04723831766967,28.816721404218242,36.312492888593624,36.312492888593965,0,379411200,1866240000,2245651200,3742752.0,214.1619873046875,0.09412472579690381,0.45010037669705505,0.45010037669705505,0.10338082725048804,0.09870501888,3.2,32.41983068652649,1.810059264,1.1501568,1,HEADROOM
540p,15,4,median,raw_gather,0.4,800,60.20969323764387,16.687967742108867,20.47585348429675,20.47585348429709,0,504195328,1866240000,2370435328,3950725.546666667,226.0623291015625,0.06509948985428327,0.22806743855635245,0.22806743855635245,0.06433963505040413,0.09870501888,3.2,32.41983068652649,1.810059264,1.1501568,1,HEADROOM
540p,15,4,median,raw_gather,0.4,1600,60.29125077963051,10.62359091105418,12.557533782148312,12.557533782148653,0,505038464,1866240000,2371278464,3952130.7733333334,226.14273681640626,0.035047945420982204,0.11659983463459235,0.11659983463459235,0.0641618333204814,0.09870501888,3.2,32.41983068652649,1.810059264,1.1501568,1,HEADROOM
540p,15,4,adversarial,owner_only,0.4,12.5,59.54409205954334,101.51627250781166,108.11035890781227,108.11035890781261,0,126470400,15000000,141470400,235784.0,13.491668701171875,0.9587517568319418,0.11833486994659538,0.9587517568319418,0.6209978165306699,0.3627307008,0.8,2.205492940728771,6.7571712,3.9105331199999998,1,INTERCONNECT_HEADROOM_LOW
540p,15,4,adversarial,owner_only,0.4,25,59.74042972073721,68.39951225390541,74.99359865390602,74.99359865390636,0,126470400,15000000,141470400,235784.0,13.491668701171875,0.4815539523572264,0.061752147853398824,0.4815539523572264,0.6230454631516346,0.3627307008,0.8,2.205492940728771,6.7571712,3.9105331199999998,1,HEADROOM
540p,15,4,adversarial,owner_only,0.4,50,59.839084898527226,51.84113212695229,58.435218526952895,58.435218526953236,0,126470400,15000000,141470400,235784.0,13.491668701171875,0.2417729854495562,0.03332062598437146,0.2417729854495562,0.6240743586789319,0.3627307008,0.8,2.205492940728771,6.7571712,3.9105331199999998,1,HEADROOM
540p,15,4,adversarial,owner_only,0.4,100,59.88853477755959,43.561942063475726,50.15602846347633,50.15602846347667,0,126470400,15000000,141470400,235784.0,13.491668701171875,0.12158527636565164,0.019069622148345226,0.12158527636565164,0.624590081832055,0.3627307008,0.8,2.205492940728771,6.7571712,3.9105331199999998,1,HEADROOM
540p,15,4,adversarial,owner_only,0.4,125,59.89843456245224,41.906104050780414,48.50019045078102,48.50019045078136,0,126470400,15000000,141470400,235784.0,13.491668701171875,0.09752389360894287,0.016216594492026497,0.09752389360894287,0.6246933287636953,0.3627307008,0.8,2.205492940728771,6.7571712,3.9105331199999998,1,HEADROOM
540p,15,4,adversarial,owner_only,0.4,200,59.91329037807262,39.422347031737445,46.01643343173805,46.01643343173839,0,126470400,15000000,141470400,235784.0,13.491668701171875,0.06141690040844717,0.011935284010865417,0.06141690040844717,0.6248482631785792,0.3627307008,0.8,2.205492940728771,6.7571712,3.9105331199999998,1,HEADROOM
540p,15,4,adversarial,owner_only,0.4,400,59.925675854670445,37.352549515868304,43.94663591586891,43.94663591586925,0,126470400,15000000,141470400,235784.0,13.491668701171875,0.03131405511672678,0.00836590269061639,0.03131405511672678,0.6249774339100139,0.3627307008,0.8,2.205492940728771,6.7571712,3.9105331199999998,1,HEADROOM
540p,15,4,adversarial,owner_only,0.4,800,59.93187051344335,36.317650757933734,42.91173715793434,42.91173715793468,0,126470400,15000000,141470400,235784.0,13.491668701171875,0.016257964767448584,0.006580658567414641,0.016257964767448584,0.6250420393047571,0.3627307008,0.8,2.205492940728771,6.7571712,3.9105331199999998,1,HEADROOM
540p,15,4,adversarial,owner_only,0.4,1600,59.93496832312203,35.80020137896645,42.394287778967055,42.394287778967396,0,126470400,15000000,141470400,235784.0,13.491668701171875,0.008728752244735521,0.005687898089980684,0.008728752244735521,0.6250743470111968,0.3627307008,0.8,2.205492940728771,6.7571712,3.9105331199999998,1,HEADROOM
540p,15,4,adversarial,finishing_owner,0.4,12.5,58.93151644856099,101.51627250781166,108.11035890781227,108.11035890781261,0,127313536,16382400,143695936,239493.22666666665,13.703912353515625,0.9552142666055019,0.12747652426933895,0.9552142666055019,0.613459227622772,0.3627307008,3.2,8.821971762915084,6.7571712,3.9105331199999998,1,INTERCONNECT_HEADROOM_LOW
540p,15,4,adversarial,finishing_owner,0.4,25,59.323609767895036,68.39951225390541,124.84830759140641,124.84830759140641,0,252097664,222360000,474457664,790762.7733333333,45.247808837890624,0.9532001635213603,0.8434196627370364,0.9532001635213603,0.5203965231786799,0.3627307008,3.2,8.821971762915084,6.7571712,3.9105331199999998,1,INTERCONNECT_HEADROOM_LOW
540p,15,4,adversarial,finishing_owner,0.4,50,59.64659540407982,66.67645273300784,71.51153175390618,71.51153175390641,0,252940800,223742400,476683200,794472.0,45.460052490234375,0.48199050728133946,0.4290128701448924,0.48199050728133946,0.446831939221124,0.3627307008,3.2,8.821971762915084,6.7571712,3.9105331199999998,1,HEADROOM
540p,15,4,adversarial,finishing_owner,0.4,100,59.90458788552324,49.651120071777335,55.27157020605455,55.27157020605489,0,377724928,428337600,806062528,1343437.5466666666,76.87211303710937,0.36322404297099475,0.41263734606071845,0.41263734606071845,0.3508168207640565,0.3627307008,3.2,8.821971762915084,6.7571712,3.9105331199999998,1,HEADROOM
540p,15,4,adversarial,finishing_owner,0.4,125,59.925542897144815,44.17554176367161,46.63877296484361,46.63877296484395,0,379411200,431102400,810513600,1350856.0,77.29660034179688,0.2926961004092723,0.3332909174687115,0.3332909174687115,0.34911164286196494,0.3627307008,3.2,8.821971762915084,6.7571712,3.9105331199999998,1,HEADROOM
540p,15,4,adversarial,finishing_owner,0.4,200,60.11539672169301,26.89857093847604,33.689577103027204,33.689577103027545,0,379411200,429720000,809131200,1348552.0,77.16476440429688,0.18486422131645083,0.21010978759671076,0.21010978759671076,0.2755653774195157,0.3627307008,3.2,8.821971762915084,6.7571712,3.9105331199999998,1,HEADROOM
540p,15,4,adversarial,finishing_owner,0.4,400,60.19946018750626,21.82586404892527,25.26136713120104,25.261367131201496,0,505038464,635697600,1140736064,1901226.7733333334,108.78906860351563,0.1256027152006883,0.1568819188216214,0.1568819188216214,0.17685915996115423,0.3627307008,3.2,8.821971762915084,6.7571712,3.9105331199999998,1,HEADROOM
540p,15,4,adversarial,finishing_owner,0.4,800,60.23687279354144,15.635528412230997,17.393279953369074,17.3932799533693,0,505038464,635697600,1140736064,1901226.7733333334,108.78906860351563,0.06523781476408974,0.08089918360871509,0.08089918360871509,0.1769690739380359,0.3627307008,3.2,8.821971762915084,6.7571712,3.9105331199999998,1,HEADROOM
540p,15,4,adversarial,finishing_owner,0.4,1600,60.24802622136641,13.791556206115274,14.710431976684504,14.710431976684731,0,505038464,635697600,1140736064,1901226.7733333334,108.78906860351563,0.03502281852546591,0.04286700247844979,0.04286700247844979,0.177001841439101,0.3627307008,3.2,8.821971762915084,6.7571712,3.9105331199999998,1,HEADROOM
540p,15,4,adversarial,independent_au,0.4,12.5,59.525845053888325,105.33096977343666,111.92505617343727,111.92505617343761,0,127313536,45000000,172313536,287189.2266666667,16.433099365234376,0.9648476715655788,0.34537168514593614,0.9648476715655788,0.619646008298889,0.3627307008,3.2,8.821971762915084,6.7571712,3.9105331199999998,1,INTERCONNECT_HEADROOM_LOW
540p,15,4,adversarial,independent_au,0.4,25,59.83810583720127,70.30686088671791,74.02128122421891,74.02128122421891,0,252097664,45000000,297097664,495162.7733333333,28.333441162109374,0.9614669857749719,0.1759852425049882,0.9614669857749719,0.5249097678497917,0.3627307008,3.2,8.821971762915084,6.7571712,3.9105331199999998,1,INTERCONNECT_HEADROOM_LOW
540p,15,4,adversarial,independent_au,0.4,50,60.0297984454912,43.73968834941383,47.68130884335915,47.68130884335949,0,252940800,45000000,297940800,496568.0,28.413848876953125,0.4850870834911024,0.09067569937040339,0.4850870834911024,0.4497026371536597,0.3627307008,3.2,8.821971762915084,6.7571712,3.9105331199999998,1,HEADROOM
540p,15,4,adversarial,independent_au,0.4,100,60.13477508224366,31.75165659042932,32.54691232773439,32.54691232773462,0,377724928,45000000,422724928,704541.5466666666,40.31419067382812,0.36461975450468775,0.047822524895680965,0.36461975450468775,0.35216485675569653,0.3627307008,3.2,8.821971762915084,6.7571712,3.9105331199999998,1,HEADROOM
540p,15,4,adversarial,independent_au,0.4,125,60.166083689238,26.784142552343383,30.5799897773436,30.579989777343826,0,379411200,45000000,424411200,707352.0,40.475006103515625,0.2938709809098274,0.03924059593504409,0.2938709809098274,0.3505129750325738,0.3627307008,3.2,8.821971762915084,6.7571712,3.9105331199999998,1,HEADROOM
540p,15,4,adversarial,independent_au,0.4,200,60.1933373799732,22.83968401083939,24.446369095214777,24.446369095215005,0,379411200,45000000,424411200,707352.0,40.475006103515625,0.18510390099732466,0.02634228194466942,0.18510390099732466,0.2759226527281149,0.3627307008,3.2,8.821971762915084,6.7571712,3.9105331199999998,1,HEADROOM
540p,15,4,adversarial,independent_au,0.4,400,60.233781152339205,16.146783676513223,18.236976547607355,18.236976547607583,0,505038464,45000000,550038464,916730.7733333333,52.455755615234374,0.12567432392206052,0.015589341879378589,0.12567432392206052,0.17695999104818566,0.3627307008,3.2,8.821971762915084,6.7571712,3.9105331199999998,1,HEADROOM
540p,15,4,adversarial,independent_au,0.4,800,60.246479788587855,14.047183838256387,15.132280273803644,15.132280273803872,0,505038464,45000000,550038464,916730.7733333333,52.455755615234374,0.06524821934411212,0.010206173423236738,0.06524821934411212,0.17699729819566826,0.3627307008,3.2,8.821971762915084,6.7571712,3.9105331199999998,1,HEADROOM
540p,15,4,adversarial,independent_au,0.4,1600,60.25283111479253,12.99738391912797,13.579932136901789,13.579932136902016,0,505038464,45000000,550038464,916730.7733333333,52.455755615234374,0.03502561166112614,0.0075137379356649305,0.03502561166112614,0.17701595766892098,0.3627307008,3.2,8.821971762915084,6.7571712,3.9105331199999998,1,HEADROOM
540p,15,4,adversarial,raw_gather,0.4,12.5,4.210472753899459,66405.0988520254,125846.93879994228,131144.17129994195,600,127313536,1866240000,1993553536,3322589.2266666666,190.12008056640624,0.06824707535210096,0.9995017589116889,0.9995017589116889,0.043829745426429784,0.3627307008,3.2,8.821971762915084,6.7571712,3.9105331199999998,1,INTERCONNECT
540p,15,4,adversarial,raw_gather,0.4,25,8.417715858187979,30717.906469212772,58182.9397765049,60632.51602650494,599,252097664,1866240000,2118337664,3530562.7733333334,202.02042236328126,0.1352542126801505,0.9994551328642126,0.9994551328642126,0.07384159667366945,0.3627307008,3.2,8.821971762915084,6.7571712,3.9105331199999998,1,INTERCONNECT
540p,15,4,adversarial,raw_gather,0.4,50,16.816693647425165,12883.054022802111,24370.574751969245,25396.322876969287,596,252940800,1866240000,2119180800,3531968.0,202.100830078125,0.135891858487583,0.9990153931881752,0.9990153931881752,0.12597929157332208,0.3627307008,3.2,8.821971762915084,6.7571712,3.9105331199999998,1,INTERCONNECT
540p,15,4,adversarial,raw_gather,0.4,100,33.51467846802916,3976.087470067689,7506.720673192709,7820.554735692751,588,377724928,1866240000,2243964928,3739941.546666667,214.001171875,0.20321209846720853,0.996829961842275,0.996829961842275,0.196270659128012,0.3627307008,3.2,8.821971762915084,6.7571712,3.9105331199999998,1,INTERCONNECT
540p,15,4,adversarial,raw_gather,0.4,125,41.819547171981526,2201.834654312482,4123.520722020796,4294.971972020794,576,379411200,1866240000,2245651200,3742752.0,214.1619873046875,0.20426045032466122,0.9957430210776143,0.9957430210776143,0.24363051398654112,0.3627307008,3.2,8.821971762915084,6.7571712,3.9105331199999998,1,INTERCONNECT
540p,15,4,adversarial,raw_gather,0.4,200,59.68057699597892,60.54259864843698,75.45414161718736,75.4541416171877,0,379411200,1866240000,2245651200,3742752.0,214.1619873046875,0.1835270828396093,0.8899294882753289,0.8899294882753289,0.27357218984428316,0.3627307008,3.2,8.821971762915084,6.7571712,3.9105331199999998,1,INTERCONNECT_HEADROOM_LOW
540p,15,4,adversarial,raw_gather,0.4,400,60.00239103170976,36.28509132421823,43.78086280859361,43.78086280859395,0,505038464,1866240000,2371278464,3952130.7733333334,226.14273681640626,0.1251915417288125,0.44976421168980524,0.44976421168980524,0.17628019321892993,0.3627307008,3.2,8.821971762915084,6.7571712,3.9105331199999998,1,HEADROOM
540p,15,4,adversarial,raw_gather,0.4,800,60.17581564644953,22.298129368749414,26.086015110937296,26.086015110937865,0,505038464,1866240000,2371278464,3952130.7733333334,226.14273681640626,0.06517168857480933,0.22793911411168774,0.22793911411168774,0.1767896949916024,0.3627307008,3.2,8.821971762915084,6.7571712,3.9105331199999998,1,HEADROOM
540p,15,4,adversarial,raw_gather,0.4,1600,60.23371322041906,16.15801795996049,18.09196083105462,18.09196083105485,0,505038464,1866240000,2371278464,3952130.7733333334,226.14273681640626,0.035014498225761956,0.11648856028213525,0.11648856028213525,0.17695979147193874,0.3627307008,3.2,8.821971762915084,6.7571712,3.9105331199999998,1,HEADROOM
540p,15,8,optimistic,owner_only,0.4,12.5,59.91910140326178,72.21857553343716,74.20592416625004,74.20592416625016,0,126470400,15000000,141470400,235784.0,13.491668701171875,0.964789985893507,0.11908014425312613,0.964789985893507,0.10235766301365289,0.02278388736,0.8,35.11253314061328,0.410462208,0.2875392,1,INTERCONNECT_HEADROOM_LOW
540p,15,8,optimistic,owner_only,0.4,25,60.1262999579773,38.82783353390596,40.10981753390752,40.10981753390752,0,126470400,15000000,141470400,235784.0,13.491668701171875,0.48466436416224035,0.06215101200709949,0.48466436416224035,0.10271161291182897,0.02278388736,0.8,35.11253314061328,0.410462208,0.2875392,1,HEADROOM
540p,15,8,optimistic,owner_only,0.4,50,60.22623476768841,22.269453406952834,23.551437406954392,23.551437406954392,0,126470400,15000000,141470400,235784.0,13.491668701171875,0.24333722026100482,0.03353620541731389,0.24333722026100482,0.10288232798158446,0.02278388736,0.8,35.11253314061328,0.410462208,0.2875392,1,HEADROOM
540p,15,8,optimistic,owner_only,0.4,100,60.27632685100429,13.990263343476272,15.27224734347783,15.27224734347783,0,126470400,15000000,141470400,235784.0,13.491668701171875,0.12237256906862574,0.019193102349358337,0.12237256906862574,0.10296789850022743,0.02278388736,0.8,35.11253314061328,0.410462208,0.2875392,1,HEADROOM
540p,15,8,optimistic,owner_only,0.4,125,60.28635526849567,12.33442533078096,13.616409330782517,13.616409330782517,0,126470400,15000000,141470400,235784.0,13.491668701171875,0.09815548837333427,0.01632161815134113,0.09815548837333427,0.10298502968801401,0.02278388736,0.8,35.11253314061328,0.410462208,0.2875392,1,HEADROOM
540p,15,8,optimistic,owner_only,0.4,200,60.30140415305173,9.85066831173799,11.132652311739548,11.132652311739548,0,126470400,15000000,141470400,235784.0,13.491668701171875,0.0618147544557649,0.012012599880243877,0.0618147544557649,0.10301073716055695,0.02278388736,0.8,35.11253314061328,0.410462208,0.2875392,1,HEADROOM
540p,15,8,optimistic,owner_only,0.4,400,60.31395063055504,7.78087079586885,9.062854795870408,9.062854795870408,0,126470400,15000000,141470400,235784.0,13.491668701171875,0.031516947408871655,0.008420107652779002,0.031516947408871655,0.10303216986041754,0.02278388736,0.8,35.11253314061328,0.410462208,0.2875392,1,HEADROOM
540p,15,8,optimistic,owner_only,0.4,800,60.32022582735159,6.74597203793428,8.027956037935837,8.027956037935837,0,126470400,15000000,141470400,235784.0,13.491668701171875,0.016363315509160464,0.006623300882793367,0.016363315509160464,0.10304288955520606,0.02278388736,0.8,35.11253314061328,0.410462208,0.2875392,1,HEADROOM
540p,15,8,optimistic,owner_only,0.4,1600,60.32336391543936,6.228522658966995,7.510506658968552,7.510506658968552,0,126470400,15000000,141470400,235784.0,13.491668701171875,0.008785317034759403,0.005724757282694171,0.008785317034759403,0.1030482502391194,0.02278388736,0.8,35.11253314061328,0.410462208,0.2875392,1,HEADROOM
540p,15,8,optimistic,finishing_owner,0.4,12.5,59.91910140326178,72.21857553343716,74.20592416625004,74.20592416625016,0,126470400,15000000,141470400,235784.0,13.491668701171875,0.964789985893507,0.11908014425312613,0.964789985893507,0.10235766301365289,0.02278388736,6.4,280.90026512490624,0.410462208,0.2875392,1,INTERCONNECT_HEADROOM_LOW
540p,15,8,optimistic,finishing_owner,0.4,25,60.1262999579773,38.82783353390596,40.10981753390752,40.10981753390752,0,126470400,15000000,141470400,235784.0,13.491668701171875,0.48466436416224035,0.06215101200709949,0.48466436416224035,0.10271161291182897,0.02278388736,6.4,280.90026512490624,0.410462208,0.2875392,1,HEADROOM
540p,15,8,optimistic,finishing_owner,0.4,50,60.22623476768841,22.269453406952834,23.551437406954392,23.551437406954392,0,126470400,15000000,141470400,235784.0,13.491668701171875,0.24333722026100482,0.03353620541731389,0.24333722026100482,0.10288232798158446,0.02278388736,6.4,280.90026512490624,0.410462208,0.2875392,1,HEADROOM
540p,15,8,optimistic,finishing_owner,0.4,100,60.209253255954636,13.990263343476272,15.27224734347783,15.27224734347783,0,127313536,16382400,143695936,239493.22666666665,13.703912353515625,0.12305130604567806,0.020494702095389672,0.12305130604567806,0.10266763797268003,0.02278388736,6.4,280.90026512490624,0.410462208,0.2875392,1,HEADROOM
540p,15,8,optimistic,finishing_owner,0.4,125,60.17984819814823,12.33442533078096,13.616409330782517,13.616409330782517,0,127313536,17764800,145078336,241797.22666666665,13.835748291015625,0.09863529228529452,0.01840848076242828,0.09863529228529452,0.10243190662954822,0.02278388736,6.4,280.90026512490624,0.410462208,0.2875392,1,HEADROOM
540p,15,8,optimistic,finishing_owner,0.4,200,60.21927327289445,16.273761648924847,16.472970938476465,16.472970938476692,0,252097664,223742400,475840064,793066.7733333333,45.379644775390624,0.12304958768397957,0.11189613168534254,0.12304958768397957,0.08332764261091723,0.02278388736,6.4,280.90026512490624,0.410462208,0.2875392,1,HEADROOM
540p,15,8,optimistic,finishing_owner,0.4,400,60.3018118020136,9.107279791625963,9.605851229238397,9.605851229238397,0,252940800,223742400,476683200,794472.0,45.460052490234375,0.063021208571303,0.05843682258559597,0.063021208571303,0.07498760891708682,0.02278388736,6.4,280.90026512490624,0.410462208,0.2875392,1,HEADROOM
540p,15,8,optimistic,finishing_owner,0.4,800,60.324227982208264,7.159726160573555,7.6458560357568786,7.645856035756992,0,379411200,431102400,810513600,1350856.0,77.29660034179688,0.049085160340060593,0.05649505795680465,0.05649505795680465,0.05556752149537711,0.02278388736,6.4,280.90026512490624,0.410462208,0.2875392,1,HEADROOM
540p,15,8,optimistic,finishing_owner,0.4,1600,60.35586987227977,4.853205736684231,5.772081507253461,5.772081507253574,0,504195328,634315200,1138510528,1897517.5466666666,108.57682495117187,0.03503495629552491,0.04286084801419731,0.04286084801419731,0.028235080064367604,0.02278388736,6.4,280.90026512490624,0.410462208,0.2875392,1,HEADROOM
540p,15,8,optimistic,independent_au,0.4,12.5,59.8911519784515,74.22129159789029,76.87621225218754,76.87621225218766,0,126470400,20250000,146720400,244534.0,13.992347717285156,0.9643399570289725,0.15900625639722316,0.9643399570289725,0.10230991800848496,0.02278388736,6.4,280.90026512490624,0.410462208,0.2875392,1,INTERCONNECT_HEADROOM_LOW
540p,15,8,optimistic,independent_au,0.4,25,60.12428886887559,39.16161954464815,40.529079871797876,40.529079871797876,0,126470400,20250000,146720400,244534.0,13.992347717285156,0.4846481532325567,0.08221757972620049,0.4846481532325567,0.10270817744007217,0.02278388736,6.4,280.90026512490624,0.410462208,0.2875392,1,HEADROOM
540p,15,8,optimistic,independent_au,0.4,50,60.225225860920986,22.43634641232393,23.718330412325486,23.718330412325486,0,126470400,20250000,146720400,244534.0,13.992347717285156,0.24333314388848654,0.04358681256361842,0.24333314388848654,0.10288060450215146,0.02278388736,6.4,280.90026512490624,0.410462208,0.2875392,1,HEADROOM
540p,15,8,optimistic,independent_au,0.4,100,60.28702809193396,14.073709846161819,15.355693846163376,15.355693846163376,0,127313536,20250000,147563536,245939.22666666665,14.072755432128906,0.12321025661601749,0.02422725147486711,0.12321025661601749,0.10280025809785856,0.02278388736,6.4,280.90026512490624,0.410462208,0.2875392,1,HEADROOM
540p,15,8,optimistic,independent_au,0.4,125,60.29910299554726,12.401182532929397,13.683166532930954,13.683166532930954,0,127313536,20250000,147563536,245939.22666666665,14.072755432128906,0.09883075193084143,0.02035046881352492,0.09883075193084143,0.10263488979813452,0.02278388736,6.4,280.90026512490624,0.410462208,0.2875392,1,HEADROOM
540p,15,8,optimistic,independent_au,0.4,200,60.321163526024144,9.72368802526762,9.964620566162012,9.964620566162239,0,252097664,20250000,272347664,453912.7733333333,25.973097229003905,0.12325778603901134,0.01453333119798062,0.12325778603901134,0.08346863193438268,0.02278388736,6.4,280.90026512490624,0.410462208,0.2875392,1,HEADROOM
540p,15,8,optimistic,independent_au,0.4,400,60.34749870151471,6.071292217087603,7.233358661541388,7.233358661541388,0,252940800,20250000,273190800,455318.0,26.053504943847656,0.0630689557871228,0.009683738047423718,0.0630689557871228,0.07504442232368348,0.02278388736,6.4,280.90026512490624,0.410462208,0.2875392,1,HEADROOM
540p,15,8,optimistic,independent_au,0.4,800,60.36313740593595,4.657506441863006,4.906045090770931,4.906045090770931,0,379411200,20250000,399661200,666102.0,38.114662170410156,0.049116820509884494,0.007257649262235808,0.049116820509884494,0.05560336282002693,0.02278388736,6.4,280.90026512490624,0.410462208,0.2875392,1,HEADROOM
540p,15,8,optimistic,independent_au,0.4,1600,60.37250279862461,3.6981189809316675,3.798235548543744,3.7982355485438575,0,504195328,20250000,524445328,874075.5466666666,50.01500396728515,0.03504461126112794,0.006044287758325632,0.03504461126112794,0.028242861113800657,0.02278388736,6.4,280.90026512490624,0.410462208,0.2875392,1,HEADROOM
540p,15,8,optimistic,raw_gather,0.4,12.5,4.210629715384956,66399.7867496254,125841.62669754228,131138.85919754195,600,126470400,1866240000,1992710400,3321184.0,190.0396728515625,0.06779763528776638,0.9995390191648732,0.9995390191648732,0.0071928685075237945,0.02278388736,6.4,280.90026512490624,0.410462208,0.2875392,1,INTERCONNECT
540p,15,8,optimistic,raw_gather,0.4,25,8.418343246002463,30712.594366812773,58177.6276741049,60627.20392410494,599,126470400,1866240000,1992710400,3321184.0,190.0396728515625,0.06785834118305742,0.9995296240898667,0.9995296240898667,0.014380755400658833,0.02278388736,6.4,280.90026512490624,0.410462208,0.2875392,1,INTERCONNECT
540p,15,8,optimistic,raw_gather,0.4,50,16.821340990150105,12873.19679656211,24360.717525729247,25386.46565072929,596,126470400,1866240000,1992710400,3321184.0,190.0396728515625,0.0679647063010765,0.9992914740288551,0.9992914740288551,0.028735296628026576,0.02278388736,6.4,280.90026512490624,0.410462208,0.2875392,1,INTERCONNECT
540p,15,8,optimistic,raw_gather,0.4,100,33.53314191477956,3966.2302438276897,7496.863446952708,7810.69750945275,586,127313536,1866240000,1993553536,3322589.2266666666,190.12008056640624,0.06853260396516558,0.9973791217256747,0.9973791217256747,0.05718005602158178,0.02278388736,6.4,280.90026512490624,0.410462208,0.2875392,1,INTERCONNECT
540p,15,8,optimistic,raw_gather,0.4,125,41.84829867856012,2191.977428072483,4113.663495780796,4285.114745780795,575,127313536,1866240000,1993553536,3322589.2266666666,190.12008056640624,0.06858972389247558,0.9964276079265193,0.9964276079265193,0.0712298410712777,0.02278388736,6.4,280.90026512490624,0.410462208,0.2875392,1,INTERCONNECT
540p,15,8,optimistic,raw_gather,0.4,200,59.739149733794385,50.68537240843716,65.59691537718754,65.59691537718766,0,252097664,1866240000,2118337664,3530562.7733333334,202.02042236328126,0.12206852297972935,0.8908028981720615,0.8908028981720615,0.08266327785689707,0.02278388736,6.4,280.90026512490624,0.410462208,0.2875392,1,INTERCONNECT_HEADROOM_LOW
540p,15,8,optimistic,raw_gather,0.4,400,60.061597466479746,26.42786508421841,33.92363656859379,33.923636568593906,0,252940800,1866240000,2119180800,3531968.0,202.100830078125,0.0627701614254693,0.4502080095952456,0.4502080095952456,0.07468889320505429,0.02278388736,6.4,280.90026512490624,0.410462208,0.2875392,1,HEADROOM
540p,15,8,optimistic,raw_gather,0.4,800,60.22413019687065,14.299111422109036,18.086997164296918,18.08699716429703,0,379411200,1866240000,2245651200,3742752.0,214.1619873046875,0.049003711873874985,0.2281221241083681,0.2281221241083681,0.0554753166545621,0.02278388736,6.4,280.90026512490624,0.410462208,0.2875392,1,HEADROOM
540p,15,8,optimistic,raw_gather,0.4,1600,60.30572688145535,8.234734591054348,10.16867746214848,10.168677462148594,0,504195328,1866240000,2370435328,3950725.546666667,226.0623291015625,0.03500584964035155,0.11662783058851774,0.11662783058851774,0.028211622671348656,0.02278388736,6.4,280.90026512490624,0.410462208,0.2875392,1,HEADROOM
540p,15,8,median,owner_only,0.4,12.5,59.83366913515387,79.1111627478117,81.74789874781345,81.74789874781345,0,126470400,15000000,141470400,235784.0,13.491668701171875,0.9634143945576498,0.11891036055190382,0.9634143945576498,0.22967719684704035,0.09870501888,0.8,8.104957671631622,1.810059264,1.1501568,1,INTERCONNECT_HEADROOM_LOW
540p,15,8,median,owner_only,0.4,25,60.03192429257118,45.994402493905454,48.6311384939072,48.6311384939072,0,126470400,15000000,141470400,235784.0,13.491668701171875,0.48390362348971583,0.06205345830567544,0.48390362348971583,0.23043821801579442,0.09870501888,0.8,8.104957671631622,1.810059264,1.1501568,1,HEADROOM
540p,15,8,median,owner_only,0.4,50,60.13154536850631,29.43602236695233,32.072758366954076,32.072758366954076,0,126470400,15000000,141470400,235784.0,13.491668701171875,0.24295463856261312,0.03348347884136136,0.24295463856261312,0.2308206229359403,0.09870501888,0.8,8.104957671631622,1.810059264,1.1501568,1,HEADROOM
540p,15,8,median,owner_only,0.4,100,60.18147999795067,21.156832303475767,23.793568303477514,23.793568303477514,0,126470400,15000000,141470400,235784.0,13.491668701171875,0.1221800116637106,0.01916290134917675,0.1221800116637106,0.23101230173288106,0.09870501888,0.8,8.104957671631622,1.810059264,1.1501568,1,HEADROOM
540p,15,8,median,owner_only,0.4,125,60.19147687754247,19.500994290780454,22.1377302907822,22.1377302907822,0,126470400,15000000,141470400,235784.0,13.491668701171875,0.09800101171342324,0.016295931263138073,0.09800101171342324,0.23105067570049911,0.09870501888,0.8,8.104957671631622,1.810059264,1.1501568,1,HEADROOM
540p,15,8,median,owner_only,0.4,200,60.206478425746894,17.017237271737486,19.653973271739233,19.653973271739233,0,126470400,15000000,141470400,235784.0,13.491668701171875,0.061717446431063014,0.01199368979354739,0.061717446431063014,0.2311082605618282,0.09870501888,0.8,8.104957671631622,1.810059264,1.1501568,1,HEADROOM
540p,15,8,median,owner_only,0.4,400,60.218985429224254,14.947439755868345,17.584175755870092,17.584175755870092,0,126470400,15000000,141470400,235784.0,13.491668701171875,0.03146732351216576,0.008406850069581195,0.03146732351216576,0.2311562698773383,0.09870501888,0.8,8.104957671631622,1.810059264,1.1501568,1,HEADROOM
540p,15,8,median,owner_only,0.4,800,60.22524087977379,13.912540997933775,16.54927699793552,16.54927699793552,0,126470400,15000000,141470400,235784.0,13.491668701171875,0.016337548552148643,0.006612871314957452,0.016337548552148643,0.2311802820157881,0.09870501888,0.8,8.104957671631622,1.810059264,1.1501568,1,HEADROOM
540p,15,8,median,owner_only,0.4,1600,60.22836909242842,13.39509161896649,16.031827618968236,16.031827618968236,0,126470400,15000000,141470400,235784.0,13.491668701171875,0.008771482268548722,0.005715742163683029,0.008771482268548722,0.2311922899558667,0.09870501888,0.8,8.104957671631622,1.810059264,1.1501568,1,HEADROOM
540p,15,8,median,finishing_owner,0.4,12.5,59.83366913515387,79.1111627478117,81.74789874781345,81.74789874781345,0,126470400,15000000,141470400,235784.0,13.491668701171875,0.9634143945576498,0.11891036055190382,0.9634143945576498,0.22967719684704035,0.09870501888,6.4,64.83966137305298,1.810059264,1.1501568,1,INTERCONNECT_HEADROOM_LOW
540p,15,8,median,finishing_owner,0.4,25,60.03192429257118,45.994402493905454,48.6311384939072,48.6311384939072,0,126470400,15000000,141470400,235784.0,13.491668701171875,0.48390362348971583,0.06205345830567544,0.48390362348971583,0.23043821801579442,0.09870501888,6.4,64.83966137305298,1.810059264,1.1501568,1,HEADROOM
540p,15,8,median,finishing_owner,0.4,50,60.01574515974683,29.43602236695233,32.072758366954076,32.072758366954076,0,127313536,16382400,143695936,239493.22666666665,13.703912353515625,0.24410333945720034,0.03605640765816184,0.24410333945720034,0.22995208023137786,0.09870501888,6.4,64.83966137305298,1.810059264,1.1501568,1,HEADROOM
540p,15,8,median,finishing_owner,0.4,100,60.111477021478265,19.55435422347591,33.98276937785158,33.982769377851696,0,252097664,222360000,474457664,790762.7733333333,45.247808837890624,0.24326219829237472,0.21726193429178095,0.24326219829237472,0.167197779288922,0.09870501888,6.4,64.83966137305298,1.810059264,1.1501568,1,HEADROOM
540p,15,8,median,finishing_owner,0.4,125,60.09860931072883,26.614947669921868,28.352793181562447,28.352793181562674,0,252940800,223742400,476683200,794472.0,45.460052490234375,0.1956996179709493,0.17579033966044572,0.1956996179709493,0.16673737012458134,0.09870501888,6.4,64.83966137305298,1.810059264,1.1501568,1,HEADROOM
540p,15,8,median,finishing_owner,0.4,200,60.16041315664647,19.330596373700985,26.221207183027218,26.22120718302756,0,377724928,428337600,806062528,1343437.5466666666,76.87211303710937,0.18418038420745622,0.20960618284728638,0.20960618284728638,0.12762013756243298,0.09870501888,6.4,64.83966137305298,1.810059264,1.1501568,1,HEADROOM
540p,15,8,median,finishing_owner,0.4,400,60.26653383978955,11.994707549237773,15.430210631513546,15.430210631513887,0,379411200,429720000,809131200,1348552.0,77.16476440429688,0.09446847401024919,0.10772967540660036,0.10772967540660036,0.10375837920998274,0.09870501888,6.4,64.83966137305298,1.810059264,1.1501568,1,HEADROOM
540p,15,8,median,finishing_owner,0.4,800,60.30974299788585,9.603483641767319,11.68266157450671,11.682661574507051,0,505038464,634315200,1139353664,1898922.7733333334,108.65723266601563,0.0653167347456953,0.08083140392320345,0.08083140392320345,0.06444654748783248,0.09870501888,6.4,64.83966137305298,1.810059264,1.1501568,1,HEADROOM
540p,15,8,median,finishing_owner,0.4,1600,60.33902375427944,6.804680412230937,7.723556182800166,7.723556182800621,0,507567872,637080000,1144647872,1907746.4533333334,109.16212768554688,0.035251468313077586,0.043014611065585025,0.043014611065585025,0.06378635649659102,0.09870501888,6.4,64.83966137305298,1.810059264,1.1501568,1,HEADROOM
540p,15,8,median,independent_au,0.4,12.5,59.82456593669702,80.6370416540617,84.1502691931255,84.1502691931255,0,126470400,27000000,153470400,255784.0,14.636077880859375,0.9632678190165437,0.2101773125612626,0.9632678190165437,0.2296422533589653,0.09870501888,6.4,64.83966137305298,1.810059264,1.1501568,1,INTERCONNECT_HEADROOM_LOW
540p,15,8,median,independent_au,0.4,25,60.02734213307308,46.757341947030454,49.3940779470322,49.3940779470322,0,126470400,27000000,153470400,255784.0,14.636077880859375,0.48386668774909664,0.10784594942464325,0.48386668774909664,0.23042062896327192,0.09870501888,6.4,64.83966137305298,1.810059264,1.1501568,1,HEADROOM
540p,15,8,median,independent_au,0.4,50,60.15480243121659,29.81749209351483,32.454228093516576,32.454228093516576,0,127313536,27000000,154313536,257189.22666666665,14.716485595703125,0.24466893010764085,0.05644366527292642,0.24466893010764085,0.23048488222793154,0.09870501888,6.4,64.83966137305298,1.810059264,1.1501568,1,HEADROOM
540p,15,8,median,independent_au,0.4,100,60.231549043968975,19.566260748944984,20.989910491132832,20.989910491132946,0,252097664,27000000,279097664,465162.7733333333,26.616827392578124,0.24374811189143775,0.030667100535786123,0.24374811189143775,0.1675317550371473,0.09870501888,6.4,64.83966137305298,1.810059264,1.1501568,1,HEADROOM
540p,15,8,median,independent_au,0.4,125,60.255884315074454,16.88653216890603,18.111093962812447,18.111093962812674,0,252940800,27000000,279940800,466568.0,26.697235107421875,0.19621175391918202,0.02550768688731406,0.19621175391918202,0.16717371334302983,0.09870501888,6.4,64.83966137305298,1.810059264,1.1501568,1,HEADROOM
540p,15,8,median,independent_au,0.4,200,60.28451265280444,13.029139006757305,15.232469947753998,15.232469947754112,0,377724928,27000000,404724928,674541.5466666666,38.59757690429687,0.18456031332833528,0.017758414075885118,0.18456031332833528,0.12788339364629447,0.09870501888,6.4,64.83966137305298,1.810059264,1.1501568,1,HEADROOM
540p,15,8,median,independent_au,0.4,400,60.3213561209322,9.153431311689019,10.6970810538769,10.697081053877127,0,379411200,27000000,406411200,677352.0,38.758392333984375,0.09455440855652779,0.011297487896798885,0.09455440855652779,0.1038527644462579,0.09870501888,6.4,64.83966137305298,1.810059264,1.1501568,1,HEADROOM
540p,15,8,median,independent_au,0.4,800,60.337190779218936,7.110765922484916,7.6281475669384236,7.628147566938651,0,505038464,27000000,532038464,886730.7733333333,50.739141845703124,0.06534646127682567,0.00806371440316372,0.06534646127682567,0.06447587798494935,0.09870501888,6.4,64.83966137305298,1.810059264,1.1501568,1,HEADROOM
540p,15,8,median,independent_au,0.4,1600,60.35150401539236,5.511132605695366,6.093680823469185,6.093680823469413,0,507567872,27000000,534567872,890946.4533333334,50.98036499023438,0.03525875957338953,0.006446873802555423,0.03525875957338953,0.06379954978900758,0.09870501888,6.4,64.83966137305298,1.810059264,1.1501568,1,HEADROOM
540p,15,8,median,raw_gather,0.4,12.5,4.210589684192825,66401.14150162539,125842.98144954226,131140.21394954194,600,126470400,1866240000,1992710400,3321184.0,190.0396728515625,0.06779699072380618,0.9995295163728389,0.9995295163728389,0.01616274665613461,0.09870501888,6.4,64.83966137305298,1.810059264,1.1501568,1,INTERCONNECT
540p,15,8,median,raw_gather,0.4,25,8.418183233633659,30713.949118812772,58178.9824261049,60628.55867610494,599,126470400,1866240000,1992710400,3321184.0,190.0396728515625,0.06785705135991782,0.9995106254462895,0.9995106254462895,0.03231399236570921,0.09870501888,6.4,64.83966137305298,1.810059264,1.1501568,1,INTERCONNECT
540p,15,8,median,raw_gather,0.4,50,16.820214490857545,12875.585652882108,24363.10638204924,25388.854507049284,596,127313536,1866240000,1993553536,3322589.2266666666,190.12008056640624,0.06841322250812557,0.9992245530182643,0.9992245530182643,0.06444714302580819,0.09870501888,6.4,64.83966137305298,1.810059264,1.1501568,1,INTERCONNECT
540p,15,8,median,raw_gather,0.4,100,33.528665510582776,3968.6191001476896,7499.2523032727095,7813.086365772751,587,252097664,1866240000,2118337664,3530562.7733333334,202.02042236328126,0.13568551767576434,0.9972459796509586,0.9972459796509586,0.0932587035565184,0.09870501888,6.4,64.83966137305298,1.810059264,1.1501568,1,INTERCONNECT
540p,15,8,median,raw_gather,0.4,125,41.841327245877956,2194.3662843924826,4116.052352100796,4287.5036021007945,575,252940800,1866240000,2119180800,3531968.0,202.100830078125,0.13624827348465787,0.9962616148464979,0.9962616148464979,0.11608443102949191,0.09870501888,6.4,64.83966137305298,1.810059264,1.1501568,1,INTERCONNECT
540p,15,8,median,raw_gather,0.4,200,59.72494433044174,53.07422872843699,67.98577169718737,67.98577169718772,0,377724928,1866240000,2243964928,3739941.546666667,214.001171875,0.18284720161258408,0.89059107368958,0.89059107368958,0.12669636412757154,0.09870501888,6.4,64.83966137305298,1.810059264,1.1501568,1,INTERCONNECT_HEADROOM_LOW
540p,15,8,median,raw_gather,0.4,400,60.04723831766967,28.816721404218242,36.312492888593624,36.312492888593965,0,379411200,1866240000,2245651200,3742752.0,214.1619873046875,0.09412472579690381,0.45010037669705505,0.45010037669705505,0.10338082725048804,0.09870501888,6.4,64.83966137305298,1.810059264,1.1501568,1,HEADROOM
540p,15,8,median,raw_gather,0.4,800,60.20969323764387,16.687967742108867,20.47585348429675,20.47585348429709,0,505038464,1866240000,2371278464,3952130.7733333334,226.14273681640626,0.0652083787268125,0.22806743855635245,0.22806743855635245,0.06433963505040413,0.09870501888,6.4,64.83966137305298,1.810059264,1.1501568,1,HEADROOM
540p,15,8,median,raw_gather,0.4,1600,60.29125077963051,10.62359091105418,12.557533782148312,12.557533782148653,0,507567872,1866240000,2373807872,3956346.453333333,226.3839599609375,0.03522355822442722,0.11659983463459235,0.11659983463459235,0.06373585412180503,0.09870501888,6.4,64.83966137305298,1.810059264,1.1501568,1,HEADROOM
540p,15,8,adversarial,owner_only,0.4,12.5,59.54409205954334,101.51627250781166,108.11035890781227,108.11035890781261,0,126470400,15000000,141470400,235784.0,13.491668701171875,0.9587517568319418,0.11833486994659538,0.9587517568319418,0.6209978165306699,0.3627307008,0.8,2.205492940728771,6.7571712,3.9105331199999998,1,INTERCONNECT_HEADROOM_LOW
540p,15,8,adversarial,owner_only,0.4,25,59.74042972073721,68.39951225390541,74.99359865390602,74.99359865390636,0,126470400,15000000,141470400,235784.0,13.491668701171875,0.4815539523572264,0.061752147853398824,0.4815539523572264,0.6230454631516346,0.3627307008,0.8,2.205492940728771,6.7571712,3.9105331199999998,1,HEADROOM
540p,15,8,adversarial,owner_only,0.4,50,59.839084898527226,51.84113212695229,58.435218526952895,58.435218526953236,0,126470400,15000000,141470400,235784.0,13.491668701171875,0.2417729854495562,0.03332062598437146,0.2417729854495562,0.6240743586789319,0.3627307008,0.8,2.205492940728771,6.7571712,3.9105331199999998,1,HEADROOM
540p,15,8,adversarial,owner_only,0.4,100,59.88853477755959,43.561942063475726,50.15602846347633,50.15602846347667,0,126470400,15000000,141470400,235784.0,13.491668701171875,0.12158527636565164,0.019069622148345226,0.12158527636565164,0.624590081832055,0.3627307008,0.8,2.205492940728771,6.7571712,3.9105331199999998,1,HEADROOM
540p,15,8,adversarial,owner_only,0.4,125,59.89843456245224,41.906104050780414,48.50019045078102,48.50019045078136,0,126470400,15000000,141470400,235784.0,13.491668701171875,0.09752389360894287,0.016216594492026497,0.09752389360894287,0.6246933287636953,0.3627307008,0.8,2.205492940728771,6.7571712,3.9105331199999998,1,HEADROOM
540p,15,8,adversarial,owner_only,0.4,200,59.91329037807262,39.422347031737445,46.01643343173805,46.01643343173839,0,126470400,15000000,141470400,235784.0,13.491668701171875,0.06141690040844717,0.011935284010865417,0.06141690040844717,0.6248482631785792,0.3627307008,0.8,2.205492940728771,6.7571712,3.9105331199999998,1,HEADROOM
540p,15,8,adversarial,owner_only,0.4,400,59.925675854670445,37.352549515868304,43.94663591586891,43.94663591586925,0,126470400,15000000,141470400,235784.0,13.491668701171875,0.03131405511672678,0.00836590269061639,0.03131405511672678,0.6249774339100139,0.3627307008,0.8,2.205492940728771,6.7571712,3.9105331199999998,1,HEADROOM
540p,15,8,adversarial,owner_only,0.4,800,59.93187051344335,36.317650757933734,42.91173715793434,42.91173715793468,0,126470400,15000000,141470400,235784.0,13.491668701171875,0.016257964767448584,0.006580658567414641,0.016257964767448584,0.6250420393047571,0.3627307008,0.8,2.205492940728771,6.7571712,3.9105331199999998,1,HEADROOM
540p,15,8,adversarial,owner_only,0.4,1600,59.93496832312203,35.80020137896645,42.394287778967055,42.394287778967396,0,126470400,15000000,141470400,235784.0,13.491668701171875,0.008728752244735521,0.005687898089980684,0.008728752244735521,0.6250743470111968,0.3627307008,0.8,2.205492940728771,6.7571712,3.9105331199999998,1,HEADROOM
540p,15,8,adversarial,finishing_owner,0.4,12.5,58.93151644856099,101.51627250781166,108.11035890781227,108.11035890781261,0,127313536,16382400,143695936,239493.22666666665,13.703912353515625,0.9552142666055019,0.12747652426933895,0.9552142666055019,0.613459227622772,0.3627307008,6.4,17.643943525830167,6.7571712,3.9105331199999998,1,INTERCONNECT_HEADROOM_LOW
540p,15,8,adversarial,finishing_owner,0.4,25,59.323609767895036,68.39951225390541,124.84830759140641,124.84830759140641,0,252097664,222360000,474457664,790762.7733333333,45.247808837890624,0.9532001635213603,0.8434196627370364,0.9532001635213603,0.5203965231786799,0.3627307008,6.4,17.643943525830167,6.7571712,3.9105331199999998,1,INTERCONNECT_HEADROOM_LOW
540p,15,8,adversarial,finishing_owner,0.4,50,59.64659540407982,66.67645273300784,71.51153175390618,71.51153175390641,0,252940800,223742400,476683200,794472.0,45.460052490234375,0.48199050728133946,0.4290128701448924,0.48199050728133946,0.446831939221124,0.3627307008,6.4,17.643943525830167,6.7571712,3.9105331199999998,1,HEADROOM
540p,15,8,adversarial,finishing_owner,0.4,100,59.90458788552324,49.651120071777335,55.27157020605455,55.27157020605489,0,377724928,428337600,806062528,1343437.5466666666,76.87211303710937,0.36322404297099475,0.41263734606071845,0.41263734606071845,0.3508168207640565,0.3627307008,6.4,17.643943525830167,6.7571712,3.9105331199999998,1,HEADROOM
540p,15,8,adversarial,finishing_owner,0.4,125,59.925542897144815,44.17554176367161,46.63877296484361,46.63877296484395,0,379411200,431102400,810513600,1350856.0,77.29660034179688,0.2926961004092723,0.3332909174687115,0.3332909174687115,0.34911164286196494,0.3627307008,6.4,17.643943525830167,6.7571712,3.9105331199999998,1,HEADROOM
540p,15,8,adversarial,finishing_owner,0.4,200,60.075719864274994,26.89857093847604,33.689577103027204,33.689577103027545,0,380254336,431102400,811356736,1352261.2266666666,77.37700805664062,0.18515276483333162,0.21063112427653846,0.21063112427653846,0.27421126518746153,0.3627307008,6.4,17.643943525830167,6.7571712,3.9105331199999998,1,HEADROOM
540p,15,8,adversarial,finishing_owner,0.4,400,60.2070803788741,21.82586404892527,25.26136713120104,25.261367131201496,0,506724736,635697600,1142422336,1904037.2266666666,108.94988403320312,0.12603809565951887,0.15690177730938606,0.15690177730938606,0.17688154721578844,0.3627307008,6.4,17.643943525830167,6.7571712,3.9105331199999998,1,HEADROOM
540p,15,8,adversarial,finishing_owner,0.4,800,60.26516753318793,15.635528412230997,17.393279953369074,17.3932799533693,0,507567872,637080000,1144647872,1907746.4533333334,109.16212768554688,0.06559542616148192,0.08110270716984445,0.08110270716984445,0.17587626814297663,0.3627307008,6.4,17.643943525830167,6.7571712,3.9105331199999998,1,HEADROOM
540p,15,8,adversarial,finishing_owner,0.4,1600,60.29665718597725,13.791556206115274,14.710431976684504,14.710431976684731,0,507567872,637080000,1144647872,1907746.4533333334,109.16212768554688,0.03522671677340866,0.04298440869663184,0.04298440869663184,0.17596816671132717,0.3627307008,6.4,17.643943525830167,6.7571712,3.9105331199999998,1,HEADROOM
540p,15,8,adversarial,independent_au,0.4,12.5,59.525845053888325,105.33096977343666,111.92505617343727,111.92505617343761,0,127313536,45000000,172313536,287189.2266666667,16.433099365234376,0.9648476715655788,0.34537168514593614,0.9648476715655788,0.619646008298889,0.3627307008,6.4,17.643943525830167,6.7571712,3.9105331199999998,1,INTERCONNECT_HEADROOM_LOW
540p,15,8,adversarial,independent_au,0.4,25,59.83810583720127,70.30686088671791,74.02128122421891,74.02128122421891,0,252097664,45000000,297097664,495162.7733333333,28.333441162109374,0.9614669857749719,0.1759852425049882,0.9614669857749719,0.5249097678497917,0.3627307008,6.4,17.643943525830167,6.7571712,3.9105331199999998,1,INTERCONNECT_HEADROOM_LOW
540p,15,8,adversarial,independent_au,0.4,50,60.0297984454912,43.73968834941383,47.68130884335915,47.68130884335949,0,252940800,45000000,297940800,496568.0,28.413848876953125,0.4850870834911024,0.09067569937040339,0.4850870834911024,0.4497026371536597,0.3627307008,6.4,17.643943525830167,6.7571712,3.9105331199999998,1,HEADROOM
540p,15,8,adversarial,independent_au,0.4,100,60.13477508224366,31.75165659042932,32.54691232773439,32.54691232773462,0,377724928,45000000,422724928,704541.5466666666,40.31419067382812,0.36461975450468775,0.047822524895680965,0.36461975450468775,0.35216485675569653,0.3627307008,6.4,17.643943525830167,6.7571712,3.9105331199999998,1,HEADROOM
540p,15,8,adversarial,independent_au,0.4,125,60.166083689238,26.784142552343383,30.5799897773436,30.579989777343826,0,379411200,45000000,424411200,707352.0,40.475006103515625,0.2938709809098274,0.03924059593504409,0.2938709809098274,0.3505129750325738,0.3627307008,6.4,17.643943525830167,6.7571712,3.9105331199999998,1,HEADROOM
540p,15,8,adversarial,independent_au,0.4,200,60.20481392378478,22.83968401083939,24.446369095214777,24.446369095215005,0,380254336,45000000,425254336,708757.2266666667,40.555413818359376,0.18555063142728664,0.026347304400077178,0.18555063142728664,0.27480050565709446,0.3627307008,6.4,17.643943525830167,6.7571712,3.9105331199999998,1,HEADROOM
540p,15,8,adversarial,independent_au,0.4,400,60.24642288216067,16.146783676513223,18.236976547607355,18.236976547607583,0,506724736,45000000,551724736,919541.2266666667,52.616571044921876,0.1261204556437851,0.015592613735210373,0.1261204556437851,0.17699713101106435,0.3627307008,6.4,17.643943525830167,6.7571712,3.9105331199999998,1,HEADROOM
540p,15,8,adversarial,independent_au,0.4,800,60.28450670486551,14.047183838256387,15.132280273803644,15.132280273803872,0,507567872,45000000,552567872,920946.4533333334,52.69697875976563,0.06561647582017742,0.010212615447793899,0.06561647582017742,0.1759327070691898,0.3627307008,6.4,17.643943525830167,6.7571712,3.9105331199999998,1,HEADROOM
540p,15,8,adversarial,independent_au,0.4,1600,60.30609287151045,12.99738391912797,13.579932136901789,13.579932136902016,0,507567872,45000000,552567872,920946.4533333334,52.69697875976563,0.035232229321489325,0.0075203798622693295,0.035232229321489325,0.17599570356597932,0.3627307008,6.4,17.643943525830167,6.7571712,3.9105331199999998,1,HEADROOM
540p,15,8,adversarial,raw_gather,0.4,12.5,4.210472753899459,66405.0988520254,125846.93879994228,131144.17129994195,600,127313536,1866240000,1993553536,3322589.2266666666,190.12008056640624,0.06824707535210096,0.9995017589116889,0.9995017589116889,0.043829745426429784,0.3627307008,6.4,17.643943525830167,6.7571712,3.9105331199999998,1,INTERCONNECT
540p,15,8,adversarial,raw_gather,0.4,25,8.417715858187979,30717.906469212772,58182.9397765049,60632.51602650494,599,252097664,1866240000,2118337664,3530562.7733333334,202.02042236328126,0.1352542126801505,0.9994551328642126,0.9994551328642126,0.07384159667366945,0.3627307008,6.4,17.643943525830167,6.7571712,3.9105331199999998,1,INTERCONNECT
540p,15,8,adversarial,raw_gather,0.4,50,16.816693647425165,12883.054022802111,24370.574751969245,25396.322876969287,596,252940800,1866240000,2119180800,3531968.0,202.100830078125,0.135891858487583,0.9990153931881752,0.9990153931881752,0.12597929157332208,0.3627307008,6.4,17.643943525830167,6.7571712,3.9105331199999998,1,INTERCONNECT
540p,15,8,adversarial,raw_gather,0.4,100,33.51467846802916,3976.087470067689,7506.720673192709,7820.554735692751,588,377724928,1866240000,2243964928,3739941.546666667,214.001171875,0.20321209846720853,0.996829961842275,0.996829961842275,0.196270659128012,0.3627307008,6.4,17.643943525830167,6.7571712,3.9105331199999998,1,INTERCONNECT
540p,15,8,adversarial,raw_gather,0.4,125,41.819547171981526,2201.834654312482,4123.520722020796,4294.971972020794,576,379411200,1866240000,2245651200,3742752.0,214.1619873046875,0.20426045032466122,0.9957430210776143,0.9957430210776143,0.24363051398654112,0.3627307008,6.4,17.643943525830167,6.7571712,3.9105331199999998,1,INTERCONNECT
540p,15,8,adversarial,raw_gather,0.4,200,59.68057699597892,60.54259864843698,75.45414161718736,75.4541416171877,0,380254336,1866240000,2246494336,3744157.2266666666,214.24239501953124,0.18393493848460904,0.8899294882753289,0.8899294882753289,0.27240766423036833,0.3627307008,6.4,17.643943525830167,6.7571712,3.9105331199999998,1,INTERCONNECT_HEADROOM_LOW
540p,15,8,adversarial,raw_gather,0.4,400,60.00239103170976,36.28509132421823,43.78086280859361,43.78086280859395,0,506724736,1866240000,2372964736,3954941.2266666666,226.30355224609374,0.12560959696208934,0.44976421168980524,0.44976421168980524,0.17628019321892993,0.3627307008,6.4,17.643943525830167,6.7571712,3.9105331199999998,1,HEADROOM
540p,15,8,adversarial,raw_gather,0.4,800,60.17581564644953,22.298129368749414,26.086015110937296,26.086015110937865,0,507567872,1866240000,2373807872,3956346.453333333,226.3839599609375,0.06549817139012978,0.22793911411168774,0.22793911411168774,0.17561550596418687,0.3627307008,6.4,17.643943525830167,6.7571712,3.9105331199999998,1,HEADROOM
540p,15,8,adversarial,raw_gather,0.4,1600,60.25773969014618,16.15801795996049,18.09196083105462,18.09196083105485,0,507567872,1866240000,2373807872,3956346.453333333,226.3839599609375,0.035203980262511494,0.11653502610198155,0.11653502610198155,0.17585459092265174,0.3627307008,6.4,17.643943525830167,6.7571712,3.9105331199999998,1,HEADROOM
540p,15,16,optimistic,owner_only,0.4,12.5,59.91910140326178,72.21857553343716,74.20592416625004,74.20592416625016,0,126470400,15000000,141470400,235784.0,13.491668701171875,0.964789985893507,0.11908014425312613,0.964789985893507,0.10235766301365289,0.02278388736,0.8,35.11253314061328,0.410462208,0.2875392,1,INTERCONNECT_HEADROOM_LOW
540p,15,16,optimistic,owner_only,0.4,25,60.1262999579773,38.82783353390596,40.10981753390752,40.10981753390752,0,126470400,15000000,141470400,235784.0,13.491668701171875,0.48466436416224035,0.06215101200709949,0.48466436416224035,0.10271161291182897,0.02278388736,0.8,35.11253314061328,0.410462208,0.2875392,1,HEADROOM
540p,15,16,optimistic,owner_only,0.4,50,60.22623476768841,22.269453406952834,23.551437406954392,23.551437406954392,0,126470400,15000000,141470400,235784.0,13.491668701171875,0.24333722026100482,0.03353620541731389,0.24333722026100482,0.10288232798158446,0.02278388736,0.8,35.11253314061328,0.410462208,0.2875392,1,HEADROOM
540p,15,16,optimistic,owner_only,0.4,100,60.27632685100429,13.990263343476272,15.27224734347783,15.27224734347783,0,126470400,15000000,141470400,235784.0,13.491668701171875,0.12237256906862574,0.019193102349358337,0.12237256906862574,0.10296789850022743,0.02278388736,0.8,35.11253314061328,0.410462208,0.2875392,1,HEADROOM
540p,15,16,optimistic,owner_only,0.4,125,60.28635526849567,12.33442533078096,13.616409330782517,13.616409330782517,0,126470400,15000000,141470400,235784.0,13.491668701171875,0.09815548837333427,0.01632161815134113,0.09815548837333427,0.10298502968801401,0.02278388736,0.8,35.11253314061328,0.410462208,0.2875392,1,HEADROOM
540p,15,16,optimistic,owner_only,0.4,200,60.30140415305173,9.85066831173799,11.132652311739548,11.132652311739548,0,126470400,15000000,141470400,235784.0,13.491668701171875,0.0618147544557649,0.012012599880243877,0.0618147544557649,0.10301073716055695,0.02278388736,0.8,35.11253314061328,0.410462208,0.2875392,1,HEADROOM
540p,15,16,optimistic,owner_only,0.4,400,60.31395063055504,7.78087079586885,9.062854795870408,9.062854795870408,0,126470400,15000000,141470400,235784.0,13.491668701171875,0.031516947408871655,0.008420107652779002,0.031516947408871655,0.10303216986041754,0.02278388736,0.8,35.11253314061328,0.410462208,0.2875392,1,HEADROOM
540p,15,16,optimistic,owner_only,0.4,800,60.32022582735159,6.74597203793428,8.027956037935837,8.027956037935837,0,126470400,15000000,141470400,235784.0,13.491668701171875,0.016363315509160464,0.006623300882793367,0.016363315509160464,0.10304288955520606,0.02278388736,0.8,35.11253314061328,0.410462208,0.2875392,1,HEADROOM
540p,15,16,optimistic,owner_only,0.4,1600,60.32336391543936,6.228522658966995,7.510506658968552,7.510506658968552,0,126470400,15000000,141470400,235784.0,13.491668701171875,0.008785317034759403,0.005724757282694171,0.008785317034759403,0.1030482502391194,0.02278388736,0.8,35.11253314061328,0.410462208,0.2875392,1,HEADROOM
540p,15,16,optimistic,finishing_owner,0.4,12.5,59.91910140326178,72.21857553343716,74.20592416625004,74.20592416625016,0,126470400,15000000,141470400,235784.0,13.491668701171875,0.964789985893507,0.11908014425312613,0.964789985893507,0.10235766301365289,0.02278388736,12.8,561.8005302498125,0.410462208,0.2875392,1,INTERCONNECT_HEADROOM_LOW
540p,15,16,optimistic,finishing_owner,0.4,25,60.1262999579773,38.82783353390596,40.10981753390752,40.10981753390752,0,126470400,15000000,141470400,235784.0,13.491668701171875,0.48466436416224035,0.06215101200709949,0.48466436416224035,0.10271161291182897,0.02278388736,12.8,561.8005302498125,0.410462208,0.2875392,1,HEADROOM
540p,15,16,optimistic,finishing_owner,0.4,50,60.22623476768841,22.269453406952834,23.551437406954392,23.551437406954392,0,126470400,15000000,141470400,235784.0,13.491668701171875,0.24333722026100482,0.03353620541731389,0.24333722026100482,0.10288232798158446,0.02278388736,12.8,561.8005302498125,0.410462208,0.2875392,1,HEADROOM
540p,15,16,optimistic,finishing_owner,0.4,100,60.209253255954636,13.990263343476272,15.27224734347783,15.27224734347783,0,127313536,16382400,143695936,239493.22666666665,13.703912353515625,0.12305130604567806,0.020494702095389672,0.12305130604567806,0.10266763797268003,0.02278388736,12.8,561.8005302498125,0.410462208,0.2875392,1,HEADROOM
540p,15,16,optimistic,finishing_owner,0.4,125,60.17984819814823,12.33442533078096,13.616409330782517,13.616409330782517,0,127313536,17764800,145078336,241797.22666666665,13.835748291015625,0.09863529228529452,0.01840848076242828,0.09863529228529452,0.10243190662954822,0.02278388736,12.8,561.8005302498125,0.410462208,0.2875392,1,HEADROOM
540p,15,16,optimistic,finishing_owner,0.4,200,60.21927327289445,16.273761648924847,16.472970938476465,16.472970938476692,0,252097664,223742400,475840064,793066.7733333333,45.379644775390624,0.12304958768397957,0.11189613168534254,0.12304958768397957,0.08332764261091723,0.02278388736,12.8,561.8005302498125,0.410462208,0.2875392,1,HEADROOM
540p,15,16,optimistic,finishing_owner,0.4,400,60.3018118020136,9.107279791625963,9.605851229238397,9.605851229238397,0,252940800,223742400,476683200,794472.0,45.460052490234375,0.063021208571303,0.05843682258559597,0.063021208571303,0.07498760891708682,0.02278388736,12.8,561.8005302498125,0.410462208,0.2875392,1,HEADROOM
540p,15,16,optimistic,finishing_owner,0.4,800,60.324227982208264,7.159726160573555,7.6458560357568786,7.645856035756992,0,379411200,431102400,810513600,1350856.0,77.29660034179688,0.049085160340060593,0.05649505795680465,0.05649505795680465,0.05556752149537711,0.02278388736,12.8,561.8005302498125,0.410462208,0.2875392,1,HEADROOM
540p,15,16,optimistic,finishing_owner,0.4,1600,60.35586987227977,4.853205736684231,5.772081507253461,5.772081507253574,0,504195328,634315200,1138510528,1897517.5466666666,108.57682495117187,0.03503495629552491,0.04286084801419731,0.04286084801419731,0.028235080064367604,0.02278388736,12.8,561.8005302498125,0.410462208,0.2875392,1,HEADROOM
540p,15,16,optimistic,independent_au,0.4,12.5,59.8911519784515,74.22129159789029,76.87621225218754,76.87621225218766,0,126470400,20250000,146720400,244534.0,13.992347717285156,0.9643399570289725,0.15900625639722316,0.9643399570289725,0.10230991800848496,0.02278388736,12.8,561.8005302498125,0.410462208,0.2875392,1,INTERCONNECT_HEADROOM_LOW
540p,15,16,optimistic,independent_au,0.4,25,60.12428886887559,39.16161954464815,40.529079871797876,40.529079871797876,0,126470400,20250000,146720400,244534.0,13.992347717285156,0.4846481532325567,0.08221757972620049,0.4846481532325567,0.10270817744007217,0.02278388736,12.8,561.8005302498125,0.410462208,0.2875392,1,HEADROOM
540p,15,16,optimistic,independent_au,0.4,50,60.225225860920986,22.43634641232393,23.718330412325486,23.718330412325486,0,126470400,20250000,146720400,244534.0,13.992347717285156,0.24333314388848654,0.04358681256361842,0.24333314388848654,0.10288060450215146,0.02278388736,12.8,561.8005302498125,0.410462208,0.2875392,1,HEADROOM
540p,15,16,optimistic,independent_au,0.4,100,60.28702809193396,14.073709846161819,15.355693846163376,15.355693846163376,0,127313536,20250000,147563536,245939.22666666665,14.072755432128906,0.12321025661601749,0.02422725147486711,0.12321025661601749,0.10280025809785856,0.02278388736,12.8,561.8005302498125,0.410462208,0.2875392,1,HEADROOM
540p,15,16,optimistic,independent_au,0.4,125,60.29910299554726,12.401182532929397,13.683166532930954,13.683166532930954,0,127313536,20250000,147563536,245939.22666666665,14.072755432128906,0.09883075193084143,0.02035046881352492,0.09883075193084143,0.10263488979813452,0.02278388736,12.8,561.8005302498125,0.410462208,0.2875392,1,HEADROOM
540p,15,16,optimistic,independent_au,0.4,200,60.321163526024144,9.72368802526762,9.964620566162012,9.964620566162239,0,252097664,20250000,272347664,453912.7733333333,25.973097229003905,0.12325778603901134,0.01453333119798062,0.12325778603901134,0.08346863193438268,0.02278388736,12.8,561.8005302498125,0.410462208,0.2875392,1,HEADROOM
540p,15,16,optimistic,independent_au,0.4,400,60.34749870151471,6.071292217087603,7.233358661541388,7.233358661541388,0,252940800,20250000,273190800,455318.0,26.053504943847656,0.0630689557871228,0.009683738047423718,0.0630689557871228,0.07504442232368348,0.02278388736,12.8,561.8005302498125,0.410462208,0.2875392,1,HEADROOM
540p,15,16,optimistic,independent_au,0.4,800,60.36313740593595,4.657506441863006,4.906045090770931,4.906045090770931,0,379411200,20250000,399661200,666102.0,38.114662170410156,0.049116820509884494,0.007257649262235808,0.049116820509884494,0.05560336282002693,0.02278388736,12.8,561.8005302498125,0.410462208,0.2875392,1,HEADROOM
540p,15,16,optimistic,independent_au,0.4,1600,60.37250279862461,3.6981189809316675,3.798235548543744,3.7982355485438575,0,504195328,20250000,524445328,874075.5466666666,50.01500396728515,0.03504461126112794,0.006044287758325632,0.03504461126112794,0.028242861113800657,0.02278388736,12.8,561.8005302498125,0.410462208,0.2875392,1,HEADROOM
540p,15,16,optimistic,raw_gather,0.4,12.5,4.210629715384956,66399.7867496254,125841.62669754228,131138.85919754195,600,126470400,1866240000,1992710400,3321184.0,190.0396728515625,0.06779763528776638,0.9995390191648732,0.9995390191648732,0.0071928685075237945,0.02278388736,12.8,561.8005302498125,0.410462208,0.2875392,1,INTERCONNECT
540p,15,16,optimistic,raw_gather,0.4,25,8.418343246002463,30712.594366812773,58177.6276741049,60627.20392410494,599,126470400,1866240000,1992710400,3321184.0,190.0396728515625,0.06785834118305742,0.9995296240898667,0.9995296240898667,0.014380755400658833,0.02278388736,12.8,561.8005302498125,0.410462208,0.2875392,1,INTERCONNECT
540p,15,16,optimistic,raw_gather,0.4,50,16.821340990150105,12873.19679656211,24360.717525729247,25386.46565072929,596,126470400,1866240000,1992710400,3321184.0,190.0396728515625,0.0679647063010765,0.9992914740288551,0.9992914740288551,0.028735296628026576,0.02278388736,12.8,561.8005302498125,0.410462208,0.2875392,1,INTERCONNECT
540p,15,16,optimistic,raw_gather,0.4,100,33.53314191477956,3966.2302438276897,7496.863446952708,7810.69750945275,586,127313536,1866240000,1993553536,3322589.2266666666,190.12008056640624,0.06853260396516558,0.9973791217256747,0.9973791217256747,0.05718005602158178,0.02278388736,12.8,561.8005302498125,0.410462208,0.2875392,1,INTERCONNECT
540p,15,16,optimistic,raw_gather,0.4,125,41.84829867856012,2191.977428072483,4113.663495780796,4285.114745780795,575,127313536,1866240000,1993553536,3322589.2266666666,190.12008056640624,0.06858972389247558,0.9964276079265193,0.9964276079265193,0.0712298410712777,0.02278388736,12.8,561.8005302498125,0.410462208,0.2875392,1,INTERCONNECT
540p,15,16,optimistic,raw_gather,0.4,200,59.739149733794385,50.68537240843716,65.59691537718754,65.59691537718766,0,252097664,1866240000,2118337664,3530562.7733333334,202.02042236328126,0.12206852297972935,0.8908028981720615,0.8908028981720615,0.08266327785689707,0.02278388736,12.8,561.8005302498125,0.410462208,0.2875392,1,INTERCONNECT_HEADROOM_LOW
540p,15,16,optimistic,raw_gather,0.4,400,60.061597466479746,26.42786508421841,33.92363656859379,33.923636568593906,0,252940800,1866240000,2119180800,3531968.0,202.100830078125,0.0627701614254693,0.4502080095952456,0.4502080095952456,0.07468889320505429,0.02278388736,12.8,561.8005302498125,0.410462208,0.2875392,1,HEADROOM
540p,15,16,optimistic,raw_gather,0.4,800,60.22413019687065,14.299111422109036,18.086997164296918,18.08699716429703,0,379411200,1866240000,2245651200,3742752.0,214.1619873046875,0.049003711873874985,0.2281221241083681,0.2281221241083681,0.0554753166545621,0.02278388736,12.8,561.8005302498125,0.410462208,0.2875392,1,HEADROOM
540p,15,16,optimistic,raw_gather,0.4,1600,60.30572688145535,8.234734591054348,10.16867746214848,10.168677462148594,0,504195328,1866240000,2370435328,3950725.546666667,226.0623291015625,0.03500584964035155,0.11662783058851774,0.11662783058851774,0.028211622671348656,0.02278388736,12.8,561.8005302498125,0.410462208,0.2875392,1,HEADROOM
540p,15,16,median,owner_only,0.4,12.5,59.83366913515387,79.1111627478117,81.74789874781345,81.74789874781345,0,126470400,15000000,141470400,235784.0,13.491668701171875,0.9634143945576498,0.11891036055190382,0.9634143945576498,0.22967719684704035,0.09870501888,0.8,8.104957671631622,1.810059264,1.1501568,1,INTERCONNECT_HEADROOM_LOW
540p,15,16,median,owner_only,0.4,25,60.03192429257118,45.994402493905454,48.6311384939072,48.6311384939072,0,126470400,15000000,141470400,235784.0,13.491668701171875,0.48390362348971583,0.06205345830567544,0.48390362348971583,0.23043821801579442,0.09870501888,0.8,8.104957671631622,1.810059264,1.1501568,1,HEADROOM
540p,15,16,median,owner_only,0.4,50,60.13154536850631,29.43602236695233,32.072758366954076,32.072758366954076,0,126470400,15000000,141470400,235784.0,13.491668701171875,0.24295463856261312,0.03348347884136136,0.24295463856261312,0.2308206229359403,0.09870501888,0.8,8.104957671631622,1.810059264,1.1501568,1,HEADROOM
540p,15,16,median,owner_only,0.4,100,60.18147999795067,21.156832303475767,23.793568303477514,23.793568303477514,0,126470400,15000000,141470400,235784.0,13.491668701171875,0.1221800116637106,0.01916290134917675,0.1221800116637106,0.23101230173288106,0.09870501888,0.8,8.104957671631622,1.810059264,1.1501568,1,HEADROOM
540p,15,16,median,owner_only,0.4,125,60.19147687754247,19.500994290780454,22.1377302907822,22.1377302907822,0,126470400,15000000,141470400,235784.0,13.491668701171875,0.09800101171342324,0.016295931263138073,0.09800101171342324,0.23105067570049911,0.09870501888,0.8,8.104957671631622,1.810059264,1.1501568,1,HEADROOM
540p,15,16,median,owner_only,0.4,200,60.206478425746894,17.017237271737486,19.653973271739233,19.653973271739233,0,126470400,15000000,141470400,235784.0,13.491668701171875,0.061717446431063014,0.01199368979354739,0.061717446431063014,0.2311082605618282,0.09870501888,0.8,8.104957671631622,1.810059264,1.1501568,1,HEADROOM
540p,15,16,median,owner_only,0.4,400,60.218985429224254,14.947439755868345,17.584175755870092,17.584175755870092,0,126470400,15000000,141470400,235784.0,13.491668701171875,0.03146732351216576,0.008406850069581195,0.03146732351216576,0.2311562698773383,0.09870501888,0.8,8.104957671631622,1.810059264,1.1501568,1,HEADROOM
540p,15,16,median,owner_only,0.4,800,60.22524087977379,13.912540997933775,16.54927699793552,16.54927699793552,0,126470400,15000000,141470400,235784.0,13.491668701171875,0.016337548552148643,0.006612871314957452,0.016337548552148643,0.2311802820157881,0.09870501888,0.8,8.104957671631622,1.810059264,1.1501568,1,HEADROOM
540p,15,16,median,owner_only,0.4,1600,60.22836909242842,13.39509161896649,16.031827618968236,16.031827618968236,0,126470400,15000000,141470400,235784.0,13.491668701171875,0.008771482268548722,0.005715742163683029,0.008771482268548722,0.2311922899558667,0.09870501888,0.8,8.104957671631622,1.810059264,1.1501568,1,HEADROOM
540p,15,16,median,finishing_owner,0.4,12.5,59.83366913515387,79.1111627478117,81.74789874781345,81.74789874781345,0,126470400,15000000,141470400,235784.0,13.491668701171875,0.9634143945576498,0.11891036055190382,0.9634143945576498,0.22967719684704035,0.09870501888,12.8,129.67932274610595,1.810059264,1.1501568,1,INTERCONNECT_HEADROOM_LOW
540p,15,16,median,finishing_owner,0.4,25,60.03192429257118,45.994402493905454,48.6311384939072,48.6311384939072,0,126470400,15000000,141470400,235784.0,13.491668701171875,0.48390362348971583,0.06205345830567544,0.48390362348971583,0.23043821801579442,0.09870501888,12.8,129.67932274610595,1.810059264,1.1501568,1,HEADROOM
540p,15,16,median,finishing_owner,0.4,50,60.01574515974683,29.43602236695233,32.072758366954076,32.072758366954076,0,127313536,16382400,143695936,239493.22666666665,13.703912353515625,0.24410333945720034,0.03605640765816184,0.24410333945720034,0.22995208023137786,0.09870501888,12.8,129.67932274610595,1.810059264,1.1501568,1,HEADROOM
540p,15,16,median,finishing_owner,0.4,100,60.111477021478265,19.55435422347591,33.98276937785158,33.982769377851696,0,252097664,222360000,474457664,790762.7733333333,45.247808837890624,0.24326219829237472,0.21726193429178095,0.24326219829237472,0.167197779288922,0.09870501888,12.8,129.67932274610595,1.810059264,1.1501568,1,HEADROOM
540p,15,16,median,finishing_owner,0.4,125,60.09860931072883,26.614947669921868,28.352793181562447,28.352793181562674,0,252940800,223742400,476683200,794472.0,45.460052490234375,0.1956996179709493,0.17579033966044572,0.1956996179709493,0.16673737012458134,0.09870501888,12.8,129.67932274610595,1.810059264,1.1501568,1,HEADROOM
540p,15,16,median,finishing_owner,0.4,200,60.16041315664647,19.330596373700985,26.221207183027218,26.22120718302756,0,377724928,428337600,806062528,1343437.5466666666,76.87211303710937,0.18418038420745622,0.20960618284728638,0.20960618284728638,0.12762013756243298,0.09870501888,12.8,129.67932274610595,1.810059264,1.1501568,1,HEADROOM
540p,15,16,median,finishing_owner,0.4,400,60.26653383978955,11.994707549237773,15.430210631513546,15.430210631513887,0,379411200,429720000,809131200,1348552.0,77.16476440429688,0.09446847401024919,0.10772967540660036,0.10772967540660036,0.10375837920998274,0.09870501888,12.8,129.67932274610595,1.810059264,1.1501568,1,HEADROOM
540p,15,16,median,finishing_owner,0.4,800,60.30974299788585,9.603483641767319,11.68266157450671,11.682661574507051,0,505038464,634315200,1139353664,1898922.7733333334,108.65723266601563,0.0653167347456953,0.08083140392320345,0.08083140392320345,0.06444654748783248,0.09870501888,12.8,129.67932274610595,1.810059264,1.1501568,1,HEADROOM
540p,15,16,median,finishing_owner,0.4,1600,60.33902375427944,6.804680412230937,7.723556182800166,7.723556182800621,0,507567872,637080000,1144647872,1907746.4533333334,109.16212768554688,0.035251468313077586,0.043014611065585025,0.043014611065585025,0.06378635649659102,0.09870501888,12.8,129.67932274610595,1.810059264,1.1501568,1,HEADROOM
540p,15,16,median,independent_au,0.4,12.5,59.82456593669702,80.6370416540617,84.1502691931255,84.1502691931255,0,126470400,27000000,153470400,255784.0,14.636077880859375,0.9632678190165437,0.2101773125612626,0.9632678190165437,0.2296422533589653,0.09870501888,12.8,129.67932274610595,1.810059264,1.1501568,1,INTERCONNECT_HEADROOM_LOW
540p,15,16,median,independent_au,0.4,25,60.02734213307308,46.757341947030454,49.3940779470322,49.3940779470322,0,126470400,27000000,153470400,255784.0,14.636077880859375,0.48386668774909664,0.10784594942464325,0.48386668774909664,0.23042062896327192,0.09870501888,12.8,129.67932274610595,1.810059264,1.1501568,1,HEADROOM
540p,15,16,median,independent_au,0.4,50,60.15480243121659,29.81749209351483,32.454228093516576,32.454228093516576,0,127313536,27000000,154313536,257189.22666666665,14.716485595703125,0.24466893010764085,0.05644366527292642,0.24466893010764085,0.23048488222793154,0.09870501888,12.8,129.67932274610595,1.810059264,1.1501568,1,HEADROOM
540p,15,16,median,independent_au,0.4,100,60.231549043968975,19.566260748944984,20.989910491132832,20.989910491132946,0,252097664,27000000,279097664,465162.7733333333,26.616827392578124,0.24374811189143775,0.030667100535786123,0.24374811189143775,0.1675317550371473,0.09870501888,12.8,129.67932274610595,1.810059264,1.1501568,1,HEADROOM
540p,15,16,median,independent_au,0.4,125,60.255884315074454,16.88653216890603,18.111093962812447,18.111093962812674,0,252940800,27000000,279940800,466568.0,26.697235107421875,0.19621175391918202,0.02550768688731406,0.19621175391918202,0.16717371334302983,0.09870501888,12.8,129.67932274610595,1.810059264,1.1501568,1,HEADROOM
540p,15,16,median,independent_au,0.4,200,60.28451265280444,13.029139006757305,15.232469947753998,15.232469947754112,0,377724928,27000000,404724928,674541.5466666666,38.59757690429687,0.18456031332833528,0.017758414075885118,0.18456031332833528,0.12788339364629447,0.09870501888,12.8,129.67932274610595,1.810059264,1.1501568,1,HEADROOM
540p,15,16,median,independent_au,0.4,400,60.3213561209322,9.153431311689019,10.6970810538769,10.697081053877127,0,379411200,27000000,406411200,677352.0,38.758392333984375,0.09455440855652779,0.011297487896798885,0.09455440855652779,0.1038527644462579,0.09870501888,12.8,129.67932274610595,1.810059264,1.1501568,1,HEADROOM
540p,15,16,median,independent_au,0.4,800,60.337190779218936,7.110765922484916,7.6281475669384236,7.628147566938651,0,505038464,27000000,532038464,886730.7733333333,50.739141845703124,0.06534646127682567,0.00806371440316372,0.06534646127682567,0.06447587798494935,0.09870501888,12.8,129.67932274610595,1.810059264,1.1501568,1,HEADROOM
540p,15,16,median,independent_au,0.4,1600,60.35150401539236,5.511132605695366,6.093680823469185,6.093680823469413,0,507567872,27000000,534567872,890946.4533333334,50.98036499023438,0.03525875957338953,0.006446873802555423,0.03525875957338953,0.06379954978900758,0.09870501888,12.8,129.67932274610595,1.810059264,1.1501568,1,HEADROOM
540p,15,16,median,raw_gather,0.4,12.5,4.210589684192825,66401.14150162539,125842.98144954226,131140.21394954194,600,126470400,1866240000,1992710400,3321184.0,190.0396728515625,0.06779699072380618,0.9995295163728389,0.9995295163728389,0.01616274665613461,0.09870501888,12.8,129.67932274610595,1.810059264,1.1501568,1,INTERCONNECT
540p,15,16,median,raw_gather,0.4,25,8.418183233633659,30713.949118812772,58178.9824261049,60628.55867610494,599,126470400,1866240000,1992710400,3321184.0,190.0396728515625,0.06785705135991782,0.9995106254462895,0.9995106254462895,0.03231399236570921,0.09870501888,12.8,129.67932274610595,1.810059264,1.1501568,1,INTERCONNECT
540p,15,16,median,raw_gather,0.4,50,16.820214490857545,12875.585652882108,24363.10638204924,25388.854507049284,596,127313536,1866240000,1993553536,3322589.2266666666,190.12008056640624,0.06841322250812557,0.9992245530182643,0.9992245530182643,0.06444714302580819,0.09870501888,12.8,129.67932274610595,1.810059264,1.1501568,1,INTERCONNECT
540p,15,16,median,raw_gather,0.4,100,33.528665510582776,3968.6191001476896,7499.2523032727095,7813.086365772751,587,252097664,1866240000,2118337664,3530562.7733333334,202.02042236328126,0.13568551767576434,0.9972459796509586,0.9972459796509586,0.0932587035565184,0.09870501888,12.8,129.67932274610595,1.810059264,1.1501568,1,INTERCONNECT
540p,15,16,median,raw_gather,0.4,125,41.841327245877956,2194.3662843924826,4116.052352100796,4287.5036021007945,575,252940800,1866240000,2119180800,3531968.0,202.100830078125,0.13624827348465787,0.9962616148464979,0.9962616148464979,0.11608443102949191,0.09870501888,12.8,129.67932274610595,1.810059264,1.1501568,1,INTERCONNECT
540p,15,16,median,raw_gather,0.4,200,59.72494433044174,53.07422872843699,67.98577169718737,67.98577169718772,0,377724928,1866240000,2243964928,3739941.546666667,214.001171875,0.18284720161258408,0.89059107368958,0.89059107368958,0.12669636412757154,0.09870501888,12.8,129.67932274610595,1.810059264,1.1501568,1,INTERCONNECT_HEADROOM_LOW
540p,15,16,median,raw_gather,0.4,400,60.04723831766967,28.816721404218242,36.312492888593624,36.312492888593965,0,379411200,1866240000,2245651200,3742752.0,214.1619873046875,0.09412472579690381,0.45010037669705505,0.45010037669705505,0.10338082725048804,0.09870501888,12.8,129.67932274610595,1.810059264,1.1501568,1,HEADROOM
540p,15,16,median,raw_gather,0.4,800,60.20969323764387,16.687967742108867,20.47585348429675,20.47585348429709,0,505038464,1866240000,2371278464,3952130.7733333334,226.14273681640626,0.0652083787268125,0.22806743855635245,0.22806743855635245,0.06433963505040413,0.09870501888,12.8,129.67932274610595,1.810059264,1.1501568,1,HEADROOM
540p,15,16,median,raw_gather,0.4,1600,60.29125077963051,10.62359091105418,12.557533782148312,12.557533782148653,0,507567872,1866240000,2373807872,3956346.453333333,226.3839599609375,0.03522355822442722,0.11659983463459235,0.11659983463459235,0.06373585412180503,0.09870501888,12.8,129.67932274610595,1.810059264,1.1501568,1,HEADROOM
540p,15,16,adversarial,owner_only,0.4,12.5,59.54409205954334,101.51627250781166,108.11035890781227,108.11035890781261,0,126470400,15000000,141470400,235784.0,13.491668701171875,0.9587517568319418,0.11833486994659538,0.9587517568319418,0.6209978165306699,0.3627307008,0.8,2.205492940728771,6.7571712,3.9105331199999998,1,INTERCONNECT_HEADROOM_LOW
540p,15,16,adversarial,owner_only,0.4,25,59.74042972073721,68.39951225390541,74.99359865390602,74.99359865390636,0,126470400,15000000,141470400,235784.0,13.491668701171875,0.4815539523572264,0.061752147853398824,0.4815539523572264,0.6230454631516346,0.3627307008,0.8,2.205492940728771,6.7571712,3.9105331199999998,1,HEADROOM
540p,15,16,adversarial,owner_only,0.4,50,59.839084898527226,51.84113212695229,58.435218526952895,58.435218526953236,0,126470400,15000000,141470400,235784.0,13.491668701171875,0.2417729854495562,0.03332062598437146,0.2417729854495562,0.6240743586789319,0.3627307008,0.8,2.205492940728771,6.7571712,3.9105331199999998,1,HEADROOM
540p,15,16,adversarial,owner_only,0.4,100,59.88853477755959,43.561942063475726,50.15602846347633,50.15602846347667,0,126470400,15000000,141470400,235784.0,13.491668701171875,0.12158527636565164,0.019069622148345226,0.12158527636565164,0.624590081832055,0.3627307008,0.8,2.205492940728771,6.7571712,3.9105331199999998,1,HEADROOM
540p,15,16,adversarial,owner_only,0.4,125,59.89843456245224,41.906104050780414,48.50019045078102,48.50019045078136,0,126470400,15000000,141470400,235784.0,13.491668701171875,0.09752389360894287,0.016216594492026497,0.09752389360894287,0.6246933287636953,0.3627307008,0.8,2.205492940728771,6.7571712,3.9105331199999998,1,HEADROOM
540p,15,16,adversarial,owner_only,0.4,200,59.91329037807262,39.422347031737445,46.01643343173805,46.01643343173839,0,126470400,15000000,141470400,235784.0,13.491668701171875,0.06141690040844717,0.011935284010865417,0.06141690040844717,0.6248482631785792,0.3627307008,0.8,2.205492940728771,6.7571712,3.9105331199999998,1,HEADROOM
540p,15,16,adversarial,owner_only,0.4,400,59.925675854670445,37.352549515868304,43.94663591586891,43.94663591586925,0,126470400,15000000,141470400,235784.0,13.491668701171875,0.03131405511672678,0.00836590269061639,0.03131405511672678,0.6249774339100139,0.3627307008,0.8,2.205492940728771,6.7571712,3.9105331199999998,1,HEADROOM
540p,15,16,adversarial,owner_only,0.4,800,59.93187051344335,36.317650757933734,42.91173715793434,42.91173715793468,0,126470400,15000000,141470400,235784.0,13.491668701171875,0.016257964767448584,0.006580658567414641,0.016257964767448584,0.6250420393047571,0.3627307008,0.8,2.205492940728771,6.7571712,3.9105331199999998,1,HEADROOM
540p,15,16,adversarial,owner_only,0.4,1600,59.93496832312203,35.80020137896645,42.394287778967055,42.394287778967396,0,126470400,15000000,141470400,235784.0,13.491668701171875,0.008728752244735521,0.005687898089980684,0.008728752244735521,0.6250743470111968,0.3627307008,0.8,2.205492940728771,6.7571712,3.9105331199999998,1,HEADROOM
540p,15,16,adversarial,finishing_owner,0.4,12.5,58.93151644856099,101.51627250781166,108.11035890781227,108.11035890781261,0,127313536,16382400,143695936,239493.22666666665,13.703912353515625,0.9552142666055019,0.12747652426933895,0.9552142666055019,0.613459227622772,0.3627307008,12.8,35.287887051660334,6.7571712,3.9105331199999998,1,INTERCONNECT_HEADROOM_LOW
540p,15,16,adversarial,finishing_owner,0.4,25,59.323609767895036,68.39951225390541,124.84830759140641,124.84830759140641,0,252097664,222360000,474457664,790762.7733333333,45.247808837890624,0.9532001635213603,0.8434196627370364,0.9532001635213603,0.5203965231786799,0.3627307008,12.8,35.287887051660334,6.7571712,3.9105331199999998,1,INTERCONNECT_HEADROOM_LOW
540p,15,16,adversarial,finishing_owner,0.4,50,59.64659540407982,66.67645273300784,71.51153175390618,71.51153175390641,0,252940800,223742400,476683200,794472.0,45.460052490234375,0.48199050728133946,0.4290128701448924,0.48199050728133946,0.446831939221124,0.3627307008,12.8,35.287887051660334,6.7571712,3.9105331199999998,1,HEADROOM
540p,15,16,adversarial,finishing_owner,0.4,100,59.90458788552324,49.651120071777335,55.27157020605455,55.27157020605489,0,377724928,428337600,806062528,1343437.5466666666,76.87211303710937,0.36322404297099475,0.41263734606071845,0.41263734606071845,0.3508168207640565,0.3627307008,12.8,35.287887051660334,6.7571712,3.9105331199999998,1,HEADROOM
540p,15,16,adversarial,finishing_owner,0.4,125,59.925542897144815,44.17554176367161,46.63877296484361,46.63877296484395,0,379411200,431102400,810513600,1350856.0,77.29660034179688,0.2926961004092723,0.3332909174687115,0.3332909174687115,0.34911164286196494,0.3627307008,12.8,35.287887051660334,6.7571712,3.9105331199999998,1,HEADROOM
540p,15,16,adversarial,finishing_owner,0.4,200,60.075719864274994,26.89857093847604,33.689577103027204,33.689577103027545,0,380254336,431102400,811356736,1352261.2266666666,77.37700805664062,0.18515276483333162,0.21063112427653846,0.21063112427653846,0.27421126518746153,0.3627307008,12.8,35.287887051660334,6.7571712,3.9105331199999998,1,HEADROOM
540p,15,16,adversarial,finishing_owner,0.4,400,60.2070803788741,21.82586404892527,25.26136713120104,25.261367131201496,0,506724736,635697600,1142422336,1904037.2266666666,108.94988403320312,0.12603809565951887,0.15690177730938606,0.15690177730938606,0.17688154721578844,0.3627307008,12.8,35.287887051660334,6.7571712,3.9105331199999998,1,HEADROOM
540p,15,16,adversarial,finishing_owner,0.4,800,60.26516753318793,15.635528412230997,17.393279953369074,17.3932799533693,0,507567872,637080000,1144647872,1907746.4533333334,109.16212768554688,0.06559542616148192,0.08110270716984445,0.08110270716984445,0.17587626814297663,0.3627307008,12.8,35.287887051660334,6.7571712,3.9105331199999998,1,HEADROOM
540p,15,16,adversarial,finishing_owner,0.4,1600,60.29665718597725,13.791556206115274,14.710431976684504,14.710431976684731,0,507567872,637080000,1144647872,1907746.4533333334,109.16212768554688,0.03522671677340866,0.04298440869663184,0.04298440869663184,0.17596816671132717,0.3627307008,12.8,35.287887051660334,6.7571712,3.9105331199999998,1,HEADROOM
540p,15,16,adversarial,independent_au,0.4,12.5,59.525845053888325,105.33096977343666,111.92505617343727,111.92505617343761,0,127313536,45000000,172313536,287189.2266666667,16.433099365234376,0.9648476715655788,0.34537168514593614,0.9648476715655788,0.619646008298889,0.3627307008,12.8,35.287887051660334,6.7571712,3.9105331199999998,1,INTERCONNECT_HEADROOM_LOW
540p,15,16,adversarial,independent_au,0.4,25,59.83810583720127,70.30686088671791,74.02128122421891,74.02128122421891,0,252097664,45000000,297097664,495162.7733333333,28.333441162109374,0.9614669857749719,0.1759852425049882,0.9614669857749719,0.5249097678497917,0.3627307008,12.8,35.287887051660334,6.7571712,3.9105331199999998,1,INTERCONNECT_HEADROOM_LOW
540p,15,16,adversarial,independent_au,0.4,50,60.0297984454912,43.73968834941383,47.68130884335915,47.68130884335949,0,252940800,45000000,297940800,496568.0,28.413848876953125,0.4850870834911024,0.09067569937040339,0.4850870834911024,0.4497026371536597,0.3627307008,12.8,35.287887051660334,6.7571712,3.9105331199999998,1,HEADROOM
540p,15,16,adversarial,independent_au,0.4,100,60.13477508224366,31.75165659042932,32.54691232773439,32.54691232773462,0,377724928,45000000,422724928,704541.5466666666,40.31419067382812,0.36461975450468775,0.047822524895680965,0.36461975450468775,0.35216485675569653,0.3627307008,12.8,35.287887051660334,6.7571712,3.9105331199999998,1,HEADROOM
540p,15,16,adversarial,independent_au,0.4,125,60.166083689238,26.784142552343383,30.5799897773436,30.579989777343826,0,379411200,45000000,424411200,707352.0,40.475006103515625,0.2938709809098274,0.03924059593504409,0.2938709809098274,0.3505129750325738,0.3627307008,12.8,35.287887051660334,6.7571712,3.9105331199999998,1,HEADROOM
540p,15,16,adversarial,independent_au,0.4,200,60.20481392378478,22.83968401083939,24.446369095214777,24.446369095215005,0,380254336,45000000,425254336,708757.2266666667,40.555413818359376,0.18555063142728664,0.026347304400077178,0.18555063142728664,0.27480050565709446,0.3627307008,12.8,35.287887051660334,6.7571712,3.9105331199999998,1,HEADROOM
540p,15,16,adversarial,independent_au,0.4,400,60.24642288216067,16.146783676513223,18.236976547607355,18.236976547607583,0,506724736,45000000,551724736,919541.2266666667,52.616571044921876,0.1261204556437851,0.015592613735210373,0.1261204556437851,0.17699713101106435,0.3627307008,12.8,35.287887051660334,6.7571712,3.9105331199999998,1,HEADROOM
540p,15,16,adversarial,independent_au,0.4,800,60.28450670486551,14.047183838256387,15.132280273803644,15.132280273803872,0,507567872,45000000,552567872,920946.4533333334,52.69697875976563,0.06561647582017742,0.010212615447793899,0.06561647582017742,0.1759327070691898,0.3627307008,12.8,35.287887051660334,6.7571712,3.9105331199999998,1,HEADROOM
540p,15,16,adversarial,independent_au,0.4,1600,60.30609287151045,12.99738391912797,13.579932136901789,13.579932136902016,0,507567872,45000000,552567872,920946.4533333334,52.69697875976563,0.035232229321489325,0.0075203798622693295,0.035232229321489325,0.17599570356597932,0.3627307008,12.8,35.287887051660334,6.7571712,3.9105331199999998,1,HEADROOM
540p,15,16,adversarial,raw_gather,0.4,12.5,4.210472753899459,66405.0988520254,125846.93879994228,131144.17129994195,600,127313536,1866240000,1993553536,3322589.2266666666,190.12008056640624,0.06824707535210096,0.9995017589116889,0.9995017589116889,0.043829745426429784,0.3627307008,12.8,35.287887051660334,6.7571712,3.9105331199999998,1,INTERCONNECT
540p,15,16,adversarial,raw_gather,0.4,25,8.417715858187979,30717.906469212772,58182.9397765049,60632.51602650494,599,252097664,1866240000,2118337664,3530562.7733333334,202.02042236328126,0.1352542126801505,0.9994551328642126,0.9994551328642126,0.07384159667366945,0.3627307008,12.8,35.287887051660334,6.7571712,3.9105331199999998,1,INTERCONNECT
540p,15,16,adversarial,raw_gather,0.4,50,16.816693647425165,12883.054022802111,24370.574751969245,25396.322876969287,596,252940800,1866240000,2119180800,3531968.0,202.100830078125,0.135891858487583,0.9990153931881752,0.9990153931881752,0.12597929157332208,0.3627307008,12.8,35.287887051660334,6.7571712,3.9105331199999998,1,INTERCONNECT
540p,15,16,adversarial,raw_gather,0.4,100,33.51467846802916,3976.087470067689,7506.720673192709,7820.554735692751,588,377724928,1866240000,2243964928,3739941.546666667,214.001171875,0.20321209846720853,0.996829961842275,0.996829961842275,0.196270659128012,0.3627307008,12.8,35.287887051660334,6.7571712,3.9105331199999998,1,INTERCONNECT
540p,15,16,adversarial,raw_gather,0.4,125,41.819547171981526,2201.834654312482,4123.520722020796,4294.971972020794,576,379411200,1866240000,2245651200,3742752.0,214.1619873046875,0.20426045032466122,0.9957430210776143,0.9957430210776143,0.24363051398654112,0.3627307008,12.8,35.287887051660334,6.7571712,3.9105331199999998,1,INTERCONNECT
540p,15,16,adversarial,raw_gather,0.4,200,59.68057699597892,60.54259864843698,75.45414161718736,75.4541416171877,0,380254336,1866240000,2246494336,3744157.2266666666,214.24239501953124,0.18393493848460904,0.8899294882753289,0.8899294882753289,0.27240766423036833,0.3627307008,12.8,35.287887051660334,6.7571712,3.9105331199999998,1,INTERCONNECT_HEADROOM_LOW
540p,15,16,adversarial,raw_gather,0.4,400,60.00239103170976,36.28509132421823,43.78086280859361,43.78086280859395,0,506724736,1866240000,2372964736,3954941.2266666666,226.30355224609374,0.12560959696208934,0.44976421168980524,0.44976421168980524,0.17628019321892993,0.3627307008,12.8,35.287887051660334,6.7571712,3.9105331199999998,1,HEADROOM
540p,15,16,adversarial,raw_gather,0.4,800,60.17581564644953,22.298129368749414,26.086015110937296,26.086015110937865,0,507567872,1866240000,2373807872,3956346.453333333,226.3839599609375,0.06549817139012978,0.22793911411168774,0.22793911411168774,0.17561550596418687,0.3627307008,12.8,35.287887051660334,6.7571712,3.9105331199999998,1,HEADROOM
540p,15,16,adversarial,raw_gather,0.4,1600,60.25773969014618,16.15801795996049,18.09196083105462,18.09196083105485,0,507567872,1866240000,2373807872,3956346.453333333,226.3839599609375,0.035203980262511494,0.11653502610198155,0.11653502610198155,0.17585459092265174,0.3627307008,12.8,35.287887051660334,6.7571712,3.9105331199999998,1,HEADROOM
720p,5,4,optimistic,owner_only,0.4,12.5,60.21526076633669,128.58308231280716,139.74013590562663,150.49690247279977,196,72396800,15000000,87396800,145661.33333333334,8.334808349609375,0.55472681738688,0.11966871615842768,0.55472681738688,0.13296870691494955,0.02927149056,0.8,27.33034719773423,0.506068992,0.2875392,1,BURST_OR_PER_FRAME_LATENCY
720p,5,4,optimistic,owner_only,0.4,25,60.556737995673025,72.39503299640091,82.84672195640815,94.30885315639352,0,72396800,15000000,87396800,145661.33333333334,8.334808349609375,0.27913817618911696,0.06259594475146987,0.27913817618911696,0.1337227646911327,0.02927149056,0.8,27.33034719773423,0.506068992,0.2875392,1,HEADROOM
720p,5,4,optimistic,owner_only,0.4,50,60.728933113290715,44.30100833819779,54.75269729820502,66.2148284981904,0,72396800,15000000,87396800,145661.33333333334,8.334808349609375,0.14016838725948091,0.033816126535512483,0.14016838725948091,0.13410300986212917,0.02927149056,0.8,27.33034719773423,0.506068992,0.2875392,1,HEADROOM
720p,5,4,optimistic,owner_only,0.4,100,60.81539842690979,30.253996009096227,40.70568496910346,52.16781616908884,0,72396800,15000000,87396800,145661.33333333334,8.334808349609375,0.07038669687464497,0.019364752754592207,0.07038669687464497,0.13429394453215474,0.02927149056,0.8,27.33034719773423,0.506068992,0.2875392,1,HEADROOM
720p,5,4,optimistic,owner_only,0.4,125,60.83272104409974,27.444593543275914,37.896282503283146,49.358413703268525,0,72396800,15000000,87396800,145661.33333333334,8.334808349609375,0.056406506913963934,0.016469538414900856,0.056406506913963934,0.13433219672900346,0.02927149056,0.8,27.33034719773423,0.506068992,0.2875392,1,HEADROOM
720p,5,4,optimistic,owner_only,0.4,200,60.85872348090354,23.230489844545446,33.68217880455268,45.144310004538056,0,72396800,15000000,87396800,145661.33333333334,8.334808349609375,0.03542128268534698,0.012123623067598155,0.03542128268534698,0.13438961590072898,0.02927149056,0.8,27.33034719773423,0.506068992,0.2875392,1,HEADROOM
720p,5,4,optimistic,owner_only,0.4,400,60.880409164813,19.718736762270055,30.170425722277287,41.632556922262665,0,72396800,15000000,87396800,145661.33333333334,8.334808349609375,0.01791988684215459,0.008499187895234073,0.01791988684215459,0.13443750272063656,0.02927149056,0.8,27.33034719773423,0.506068992,0.2875392,1,HEADROOM
720p,5,4,optimistic,owner_only,0.4,800,60.891257803217194,17.96286022113236,28.41454918113959,39.87668038112497,0,72396800,15000000,87396800,145661.33333333334,8.334808349609375,0.009164510905470854,0.0066860015199010445,0.009164510905470854,0.13446145893044179,0.02927149056,0.8,27.33034719773423,0.506068992,0.2875392,1,HEADROOM
720p,5,4,optimistic,owner_only,0.4,1600,60.89668357243553,17.084921950563512,27.536610910570744,38.99874211055612,0,72396800,15000000,87396800,145661.33333333334,8.334808349609375,0.0047856527038894646,0.005779165983878364,0.005779165983878364,0.13447344023730318,0.02927149056,0.8,27.33034719773423,0.506068992,0.2875392,1,HEADROOM
720p,5,4,optimistic,finishing_owner,0.4,12.5,60.21526076633669,128.58308231280716,139.74013590562663,150.49690247279977,196,72396800,15000000,87396800,145661.33333333334,8.334808349609375,0.55472681738688,0.11966871615842768,0.55472681738688,0.13296870691494955,0.02927149056,3.2,109.32138879093692,0.506068992,0.2875392,1,BURST_OR_PER_FRAME_LATENCY
720p,5,4,optimistic,finishing_owner,0.4,25,60.556737995673025,72.39503299640091,82.84672195640815,94.30885315639352,0,72396800,15000000,87396800,145661.33333333334,8.334808349609375,0.27913817618911696,0.06259594475146987,0.27913817618911696,0.1337227646911327,0.02927149056,3.2,109.32138879093692,0.506068992,0.2875392,1,HEADROOM
720p,5,4,optimistic,finishing_owner,0.4,50,60.029467803487464,44.30100833819779,54.75269729820502,112.64852487281132,0,73844736,21912000,95756736,159594.56,9.132073974609375,0.1413250311486644,0.0466167068693047,0.1413250311486644,0.13141165861345355,0.02927149056,3.2,109.32138879093692,0.506068992,0.2875392,1,HEADROOM
720p,5,4,optimistic,finishing_owner,0.4,100,60.277269187360034,30.253996009096227,71.39687015461004,112.53974430011112,0,144793600,223742400,368536000,614226.6666666666,35.146331787109375,0.13952775068377263,0.2191856114536893,0.2191856114536893,0.10330408201638787,0.02927149056,3.2,109.32138879093692,0.506068992,0.2875392,1,HEADROOM
720p,5,4,optimistic,finishing_owner,0.4,125,60.3291860299507,35.619188614921356,68.62882028296826,101.62311959937324,0,146241536,291480000,437721536,729535.8933333333,41.744378662109376,0.11298996692937574,0.22842800856823145,0.22842800856823145,0.09199694220236958,0.02927149056,3.2,109.32138879093692,0.506068992,0.2875392,1,HEADROOM
720p,5,4,optimistic,finishing_owner,0.4,200,60.570381916261226,30.134432743199795,50.905869815956976,71.67730688870688,0,215742464,361982400,577724864,962874.7733333333,55.096136474609374,0.10504723701767753,0.17909315143689836,0.17909315143689836,0.08066423416638026,0.02927149056,3.2,109.32138879093692,0.506068992,0.2875392,1,HEADROOM
720p,5,4,optimistic,finishing_owner,0.4,400,60.841271133686924,19.942441651375702,33.8240586252532,44.40977716162888,0,285243392,497457600,782700992,1304501.6533333333,74.64418334960938,0.07055085275011919,0.12513339239812904,0.12513339239812904,0.058244215235979536,0.02927149056,3.2,109.32138879093692,0.506068992,0.2875392,1,HEADROOM
720p,5,4,optimistic,finishing_owner,0.4,800,61.00854808973541,13.155185486824848,20.29599397376387,27.436802460701074,0,288139264,566577600,854716864,1424528.1066666667,81.51215209960938,0.036528743053542555,0.07355730805818644,0.07355730805818644,0.04674955213926085,0.02927149056,3.2,109.32138879093692,0.506068992,0.2875392,1,HEADROOM
720p,5,4,optimistic,finishing_owner,0.4,1600,61.10306876365464,8.891941811592915,11.838371445687699,15.608775689155664,0,289587200,567960000,857547200,1429245.3333333333,81.78207397460938,0.01918304588610084,0.03936367032227564,0.03936367032227564,0.04164923445619434,0.02927149056,3.2,109.32138879093692,0.506068992,0.2875392,1,HEADROOM
720p,5,4,optimistic,independent_au,0.4,12.5,60.15698355102715,131.4256208200768,144.70022409156172,157.97482736304482,196,72396800,20250000,92646800,154411.33333333334,8.835487365722656,0.5541899446113842,0.15971201812981847,0.5541899446113842,0.1328400178440447,0.02927149056,3.2,109.32138879093692,0.506068992,0.2875392,1,BURST_OR_PER_FRAME_LATENCY
720p,5,4,optimistic,independent_au,0.4,25,60.55469800962906,72.7288190071431,83.2659842942985,94.64263916713571,0,72396800,20250000,92646800,154411.33333333334,8.835487365722656,0.2791287728096978,0.08280614715062293,0.2791287728096978,0.13371825994760195,0.02927149056,3.2,109.32138879093692,0.506068992,0.2875392,1,HEADROOM
720p,5,4,optimistic,independent_au,0.4,50,60.79844070413329,44.46790134356888,54.919590303576115,61.79686902356298,0,73844736,20250000,94094736,156824.56,8.973573303222656,0.14313539401065095,0.04400166543585962,0.14313539401065095,0.1330950319299299,0.02927149056,3.2,109.32138879093692,0.506068992,0.2875392,1,HEADROOM
720p,5,4,optimistic,independent_au,0.4,100,60.936072981669895,30.337442511781774,34.922294991788476,40.92316778178247,0,144793600,20250000,165043600,275072.6666666667,15.739784240722656,0.14105272706046068,0.02448807995256435,0.14105272706046068,0.10443314977472562,0.02927149056,3.2,109.32138879093692,0.506068992,0.2875392,1,HEADROOM
720p,5,4,optimistic,independent_au,0.4,125,60.971920485316424,25.221160370858343,30.750504785430167,36.010543305428655,0,146241536,20250000,166491536,277485.8933333333,15.877870178222656,0.1141937382651947,0.02057753937780434,0.1141937382651947,0.09297705826944858,0.02927149056,3.2,109.32138879093692,0.506068992,0.2875392,1,HEADROOM
720p,5,4,optimistic,independent_au,0.4,200,61.0274240726019,18.928293156783184,23.513145636788067,27.857065575893557,0,215742464,20250000,235992464,393320.7733333333,22.505995178222655,0.10583988540795126,0.014703492346000472,0.10583988540795126,0.08127289725148248,0.02927149056,3.2,109.32138879093692,0.506068992,0.2875392,1,HEADROOM
720p,5,4,optimistic,independent_au,0.4,400,61.08456672771796,13.049337822945745,16.39446810544723,19.900064658393575,0,285243392,20250000,305493392,509155.6533333333,29.134120178222656,0.07083297558071425,0.009802012604654122,0.07083297558071425,0.05847712557267472,0.02927149056,3.2,109.32138879093692,0.506068992,0.2875392,1,HEADROOM
720p,5,4,optimistic,independent_au,0.4,800,61.110484003864926,9.636956250222283,11.929382490223361,15.194512772719463,0,288139264,20250000,308389264,513982.1066666667,29.410292053222655,0.036589776973079344,0.007347505086803343,0.036589776973079344,0.046827663461062055,0.02927149056,3.2,109.32138879093692,0.506068992,0.2875392,1,HEADROOM
720p,5,4,optimistic,independent_au,0.4,1600,61.12419811530978,7.51408037573492,9.806506615736907,13.041969965108365,0,289587200,20250000,309837200,516395.3333333333,29.548377990722656,0.019189679355262793,0.006119544913321936,0.019189679355262793,0.04166363670044817,0.02927149056,3.2,109.32138879093692,0.506068992,0.2875392,1,HEADROOM
720p,5,4,optimistic,raw_gather,0.4,12.5,4.20926668951291,66445.9293277504,125821.1026090006,131318.3351090003,600,72396800,1866240000,1938636800,3231061.3333333335,184.8828125,0.038777430911857515,0.9992154576941834,0.9992154576941834,0.009294998338321614,0.02927149056,3.2,109.32138879093692,0.506068992,0.2875392,1,INTERCONNECT
720p,5,4,optimistic,raw_gather,0.4,25,8.40591835573637,30777.309926240276,58216.31039499074,60865.88664499078,599,72396800,1866240000,1938636800,3231061.3333333335,184.8828125,0.03874734334571538,0.9980543877477366,0.9980543877477366,0.018562139895602132,0.02927149056,3.2,109.32138879093692,0.506068992,0.2875392,1,INTERCONNECT
720p,5,4,optimistic,raw_gather,0.4,50,16.753090945419096,12951.841176240032,24432.101410615498,25657.84953561554,599,73844736,1866240000,1940084736,3233474.56,185.0208984375,0.039441147595185105,0.9952370001410883,0.9952370001410883,0.036674512511864266,0.02927149056,3.2,109.32138879093692,0.506068992,0.2875392,1,INTERCONNECT
720p,5,4,optimistic,raw_gather,0.4,100,33.27364504184058,4039.106801239981,7569.740004365009,8053.830980927549,596,144793600,1866240000,2011033600,3351722.6666666665,191.787109375,0.07702068976130422,0.989660883933338,0.989660883933338,0.057024868623399234,0.02927149056,3.2,109.32138879093692,0.506068992,0.2875392,1,INTERCONNECT
720p,5,4,optimistic,raw_gather,0.4,125,41.44822850829463,2263.7070356149816,4185.386488739963,4533.0272699899615,594,146241536,1866240000,2012481536,3354135.8933333335,191.9251953125,0.07762799859604284,0.9869017496396059,0.9869017496396059,0.06320506761976123,0.02927149056,3.2,109.32138879093692,0.506068992,0.2875392,1,INTERCONNECT
720p,5,4,optimistic,raw_gather,0.4,200,59.10024480370247,113.65752389624868,188.21523873999922,262.77295358374795,0,215742464,1866240000,2081982464,3469970.7733333334,198.5533203125,0.10249757764909456,0.8812758398540498,0.8812758398540498,0.07870638809454811,0.02927149056,3.2,109.32138879093692,0.506068992,0.2875392,1,INTERCONNECT_HEADROOM_LOW
720p,5,4,optimistic,raw_gather,0.4,400,60.130921137509965,58.29497506812368,95.77383248999922,133.25268991187295,0,285243392,1866240000,2151483392,3585805.6533333333,205.1814453125,0.0697271388952392,0.45072764399174603,0.45072764399174603,0.05756418706925539,0.02927149056,3.2,109.32138879093692,0.506068992,0.2875392,1,HEADROOM
720p,5,4,optimistic,raw_gather,0.4,800,60.65985871635341,30.613700654061176,49.55312936499922,68.49255807593545,0,288139264,1866240000,2154379264,3590632.1066666665,205.4576171875,0.036319966006315714,0.2297726139547813,0.2297726139547813,0.04648235889254809,0.02927149056,3.2,109.32138879093692,0.506068992,0.2875392,1,HEADROOM
720p,5,4,optimistic,raw_gather,0.4,1600,60.92783249418692,16.773063447029926,26.442777802499222,36.1124921579667,0,289587200,1866240000,2155827200,3593045.3333333335,205.595703125,0.0191280312122698,0.11783094730332737,0.11783094730332737,0.041529789449258274,0.02927149056,3.2,109.32138879093692,0.506068992,0.2875392,1,HEADROOM
720p,5,4,median,owner_only,0.4,12.5,59.78563427461033,150.9352000728104,175.51427975280967,202.94220935280828,245,72396800,15000000,87396800,145661.33333333334,8.334808349609375,0.5507689280846105,0.11881489853747527,0.5507689280846105,0.31376587531004263,0.13353320448,0.8,5.991019260829769,2.3233167359999998,1.1501568,1,BURST_OR_PER_FRAME_LATENCY
720p,5,4,median,owner_only,0.4,25,60.12224249406661,94.74715075640415,119.32623043640547,146.75416003640203,0,72396800,15000000,87396800,145661.33333333334,8.334808349609375,0.27713535559647784,0.06214681791086527,0.27713535559647784,0.31553245642765915,0.13353320448,0.8,5.991019260829769,2.3233167359999998,1.1501568,1,HEADROOM
720p,5,4,median,owner_only,0.4,50,60.29197200845174,66.65312609820103,91.23220577820234,118.6601353781989,0,72396800,15000000,87396800,145661.33333333334,8.334808349609375,0.1391598377885699,0.03357281035564866,0.1391598377885699,0.31642322776918885,0.13353320448,0.8,5.991019260829769,2.3233167359999998,1.1501568,1,HEADROOM
720p,5,4,median,owner_only,0.4,100,60.37719664280507,52.606113769099466,77.18519344910078,104.61312304909734,0,72396800,15000000,87396800,145661.33333333334,8.334808349609375,0.06987952966131533,0.019225221165137814,0.06987952966131533,0.3168705021407047,0.13353320448,0.8,5.991019260829769,2.3233167359999998,1.1501568,1,HEADROOM
720p,5,4,median,owner_only,0.4,125,60.39427049011209,49.79671130327915,74.37579098328047,101.80372058327703,0,72396800,15000000,87396800,145661.33333333334,8.334808349609375,0.05599995820497215,0.01635083456411142,0.05599995820497215,0.3169601087947144,0.13353320448,0.8,5.991019260829769,2.3233167359999998,1.1501568,1,HEADROOM
720p,5,4,median,owner_only,0.4,200,60.41989937469741,45.582607604548684,70.16168728455,97.58961688454656,0,72396800,15000000,87396800,145661.33333333334,8.334808349609375,0.03516587619920946,0.012036205229163073,0.03516587619920946,0.3170946138393242,0.13353320448,0.8,5.991019260829769,2.3233167359999998,1.1501568,1,HEADROOM
720p,5,4,median,owner_only,0.4,400,60.441273400296126,42.070854522273294,66.64993420227461,94.07786380227117,0,72396800,15000000,87396800,145661.33333333334,8.334808349609375,0.017790629116780532,0.008437882502820526,0.017790629116780532,0.31720678861060914,0.13353320448,0.8,5.991019260829769,2.3233167359999998,1.1501568,1,HEADROOM
720p,5,4,median,owner_only,0.4,800,60.45196608502389,40.3149779811356,64.89405766113691,92.32198726113347,0,72396800,15000000,87396800,145661.33333333334,8.334808349609375,0.009098394784909244,0.006637766269037739,0.009098394784909244,0.31726290576356286,0.13353320448,0.8,5.991019260829769,2.3233167359999998,1.1501568,1,HEADROOM
720p,5,4,median,owner_only,0.4,1600,60.45731384624794,39.43703971056675,64.01611939056806,91.44404899056462,0,72396800,15000000,87396800,145661.33333333334,8.334808349609375,0.004751124207511896,0.005737469286669741,0.005737469286669741,0.3172909717864758,0.13353320448,0.8,5.991019260829769,2.3233167359999998,1.1501568,1,HEADROOM
720p,5,4,median,finishing_owner,0.4,12.5,59.19479374245754,150.9352000728104,175.51427975280967,202.94220935280828,245,73844736,16382400,90227136,150378.56,8.604730224609375,0.5562323886526025,0.12804602725123257,0.5562323886526025,0.31012383992764475,0.13353320448,3.2,23.964077043319076,2.3233167359999998,1.1501568,1,BURST_OR_PER_FRAME_LATENCY
720p,5,4,median,finishing_owner,0.4,25,58.275941939421315,94.74715075640415,168.0672096328126,331.4387062148435,5,143345664,91032000,234377664,390629.44,22.351995849609374,0.5318770554760368,0.34194333722072895,0.5318770554760368,0.29009719962045943,0.13353320448,3.2,23.964077043319076,2.3233167359999998,1.1501568,1,BURST_OR_PER_FRAME_LATENCY
720p,5,4,median,finishing_owner,0.4,50,59.20484549283848,87.91544314281148,143.61012562741962,225.49587391843488,0,144793600,225124800,369918400,616530.6666666666,35.278167724609375,0.2733012844206125,0.4284373242940289,0.4284373242940289,0.22872300548744878,0.13353320448,3.2,23.964077043319076,2.3233167359999998,1.1501568,1,HEADROOM
720p,5,4,median,finishing_owner,0.4,100,59.93396557331944,60.903635236405535,102.04650938191298,143.18938352742043,0,217190400,363364800,580555200,967592.0,55.366058349609375,0.2080916337231697,0.3509450108147299,0.3509450108147299,0.17674429095632826,0.13353320448,3.2,23.964077043319076,2.3233167359999998,1.1501568,1,HEADROOM
720p,5,4,median,finishing_owner,0.4,125,60.114666834041785,50.03105707640498,93.57223139281086,137.11340570921675,0,217190400,429720000,646910400,1078184.0,61.694183349609375,0.16721408059334572,0.33328607448915176,0.33328607448915176,0.16459665554548594,0.13353320448,3.2,23.964077043319076,2.3233167359999998,1.1501568,1,HEADROOM
720p,5,4,median,finishing_owner,0.4,200,60.42839913037923,40.22561674275312,67.58885069050666,94.9520846382602,0,286691328,498840000,785531328,1309218.88,74.91410522460937,0.13926034589872674,0.2443980757796357,0.2443980757796357,0.13754498496563347,0.13353320448,3.2,23.964077043319076,2.3233167359999998,1.1501568,1,HEADROOM
720p,5,4,median,finishing_owner,0.4,400,60.780103767579845,26.571104413651483,40.4527213875283,54.33433836140466,0,289587200,567960000,857547200,1429245.3333333333,81.78207397460938,0.07153713747640812,0.14203521748832018,0.14203521748832018,0.11084957149159803,0.13353320448,3.2,23.964077043319076,2.3233167359999998,1.1501568,1,HEADROOM
720p,5,4,median,finishing_owner,0.4,800,60.9753546570274,18.147146037386847,25.342160820912568,30.93754906329923,0,289587200,634315200,923902400,1539837.3333333333,88.11019897460938,0.03668428186653548,0.08172350397539486,0.08172350397539486,0.08444682250958296,0.13353320448,3.2,23.964077043319076,2.3233167359999998,1.1501568,1,HEADROOM
720p,5,4,median,finishing_owner,0.4,1600,61.00183641238557,14.719158938692999,20.231584750399634,29.27010388806775,0,289587200,635697600,925284800,1542141.3333333333,88.24203491210938,0.019151264424402677,0.04340334508340038,0.04340334508340038,0.08392577995970556,0.13353320448,3.2,23.964077043319076,2.3233167359999998,1.1501568,1,HEADROOM
720p,5,4,median,independent_au,0.4,12.5,59.7990182444665,152.4610789790604,177.91665019812172,204.46808825905828,245,73844736,27000000,100844736,168074.56,9.617303466796875,0.5619100710430018,0.21008755770535886,0.5619100710430018,0.3132893957289987,0.13353320448,3.2,23.964077043319076,2.3233167359999998,1.1501568,1,BURST_OR_PER_FRAME_LATENCY
720p,5,4,median,independent_au,0.4,25,60.31377872276152,95.51009020952915,117.45243388953054,131.51885752953058,0,143345664,27000000,170345664,283909.44,16.245428466796874,0.5504761306997449,0.10836056534577507,0.5504761306997449,0.3002415357642679,0.13353320448,3.2,23.964077043319076,2.3233167359999998,1.1501568,1,HEADROOM
720p,5,4,median,independent_au,0.4,50,60.604729938951934,62.48731678952936,75.156917744765,89.24619740476373,0,144793600,27000000,171793600,286322.6666666667,16.383514404296875,0.27976342808433546,0.05686583535107993,0.27976342808433546,0.23413110638163875,0.13353320448,3.2,23.964077043319076,2.3233167359999998,1.1501568,1,HEADROOM
720p,5,4,median,independent_au,0.4,100,60.806149300328556,41.82567679238127,50.457152154765026,60.91917055238082,0,217190400,27000000,244190400,406984.0,23.287811279296875,0.21111986879695374,0.03095966023430565,0.21111986879695374,0.17931634660022344,0.13353320448,3.2,23.964077043319076,2.3233167359999998,1.1501568,1,HEADROOM
720p,5,4,median,independent_au,0.4,125,60.843634756753154,38.97812735390471,44.88703602781197,55.434885113903874,0,217190400,27000000,244190400,406984.0,23.287811279296875,0.16924176713637745,0.025756495022895107,0.16924176713637745,0.16659260243161736,0.13353320448,3.2,23.964077043319076,2.3233167359999998,1.1501568,1,HEADROOM
720p,5,4,median,independent_au,0.4,200,60.912628896449434,29.221217276190146,34.70680319619123,43.18981102619,0,286691328,27000000,313691328,522818.88,29.915936279296876,0.1403762782366313,0.017943442499465122,0.1403762782366313,0.13864717163369883,0.13353320448,3.2,23.964077043319076,2.3233167359999998,1.1501568,1,HEADROOM
720p,5,4,median,independent_au,0.4,400,60.96480577822661,20.17619455809472,25.66178047809558,34.67951483559409,0,289587200,27000000,316587200,527645.3333333334,30.192108154296875,0.07175452856837355,0.011417998528239423,0.07175452856837355,0.11118642742741747,0.13353320448,3.2,23.964077043319076,2.3233167359999998,1.1501568,1,HEADROOM
720p,5,4,median,independent_au,0.4,800,60.991585295327546,16.523038676547003,22.008624596547406,29.367647999046312,0,289587200,27000000,316587200,527645.3333333334,30.192108154296875,0.03669404662007608,0.008151170421860464,0.03669404662007608,0.08446930086726467,0.13353320448,3.2,23.964077043319076,2.3233167359999998,1.1501568,1,HEADROOM
720p,5,4,median,independent_au,0.4,1600,61.00718958325341,13.907105258273077,19.39269117827348,28.45805020764783,0,289587200,27000000,316587200,527645.3333333334,30.192108154296875,0.019152945029394727,0.006516915505394825,0.019152945029394727,0.08393314480422111,0.13353320448,3.2,23.964077043319076,2.3233167359999998,1.1501568,1,HEADROOM
720p,5,4,median,raw_gather,0.4,12.5,4.209226684233512,66447.28407975039,125822.45736100059,131319.68986100028,600,73844736,1866240000,1940084736,3233474.56,185.0208984375,0.03955260361473603,0.999205961053435,0.999205961053435,0.02205230325017786,0.13353320448,3.2,23.964077043319076,2.3233167359999998,1.1501568,1,INTERCONNECT
720p,5,4,median,raw_gather,0.4,25,8.405542327642346,30780.503085920274,58219.50355467074,60869.07980467078,599,143345664,1866240000,2009585664,3349309.44,191.6490234375,0.07671630786428088,0.9980097410508173,0.9980097410508173,0.04184272633593911,0.13353320448,3.2,23.964077043319076,2.3233167359999998,1.1501568,1,INTERCONNECT
720p,5,4,median,raw_gather,0.4,50,16.751597392692027,12955.03433592003,24435.294570295497,25661.04269529554,599,144793600,1866240000,2011033600,3351722.6666666665,191.787109375,0.07732868898498359,0.9951482738910797,0.9951482738910797,0.0647155764106452,0.13353320448,3.2,23.964077043319076,2.3233167359999998,1.1501568,1,INTERCONNECT
720p,5,4,median,raw_gather,0.4,100,33.26775398454095,4042.2999609199815,7572.933164045011,8057.024140607551,597,217190400,1866240000,2083430400,3472384.0,198.69140625,0.11550614431602677,0.9894856657098123,0.9894856657098123,0.09810606612562911,0.13353320448,3.2,23.964077043319076,2.3233167359999998,1.1501568,1,INTERCONNECT
720p,5,4,median,raw_gather,0.4,125,41.43908768011744,2266.900195294981,4188.579648419962,4536.22042966996,594,217190400,1866240000,2083430400,3472384.0,198.69140625,0.11526636197098582,0.9866841022359436,0.9866841022359436,0.11346208172181084,0.13353320448,3.2,23.964077043319076,2.3233167359999998,1.1501568,1,INTERCONNECT
720p,5,4,median,raw_gather,0.4,200,59.08166199440975,116.85068357624914,191.408398419999,265.9661132637484,0,286691328,1866240000,2152931328,3588218.88,205.31953125,0.13615672107846427,0.8809987414948012,0.8809987414948012,0.13447958952598396,0.13353320448,3.2,23.964077043319076,2.3233167359999998,1.1501568,1,INTERCONNECT_HEADROOM_LOW
720p,5,4,median,raw_gather,0.4,400,60.11168463371662,61.48813474812414,98.966992169999,136.4458495918734,0,289587200,1866240000,2155827200,3593045.3333333335,205.595703125,0.07075041964430497,0.4505834515551528,0.4505834515551528,0.1096305216714652,0.13353320448,3.2,23.964077043319076,2.3233167359999998,1.1501568,1,HEADROOM
720p,5,4,median,raw_gather,0.4,800,60.64028235397426,33.80686033406164,52.746289044999,71.68571775593591,0,289587200,1866240000,2155827200,3593045.3333333335,205.595703125,0.036482694079469545,0.2296984609308414,0.2296984609308414,0.08398276959077727,0.13353320448,3.2,23.964077043319076,2.3233167359999998,1.1501568,1,HEADROOM
720p,5,4,median,raw_gather,0.4,1600,60.908082815044985,19.96622312703039,29.635937482499003,39.30565183796716,0,289587200,1866240000,2155827200,3593045.3333333335,205.595703125,0.019121830885365093,0.11779275255214444,0.11779275255214444,0.08379679460051662,0.13353320448,3.2,23.964077043319076,2.3233167359999998,1.1501568,1,HEADROOM
720p,5,4,adversarial,owner_only,0.4,12.5,58.4556333891586,222.32934023281132,291.6624218328161,370.08616583281764,599,72396800,15000000,87396800,145661.33333333334,8.334808349609375,0.5385164334691454,0.11617172309613336,0.5385164334691454,0.8725785566106029,0.5129699327999999,0.8,1.5595455968213818,8.97122304,3.9105331199999998,1,BURST_OR_PER_FRAME_LATENCY
720p,5,4,adversarial,owner_only,0.4,25,58.77739141081722,166.14129091640507,235.47437251640986,313.8981165164114,294,72396800,15000000,87396800,145661.33333333334,8.334808349609375,0.2709362225016434,0.060756679886719255,0.2709362225016434,0.8773815008922542,0.5129699327999999,0.8,1.5595455968213818,8.97122304,3.9105331199999998,1,BURST_OR_PER_FRAME_LATENCY
720p,5,4,adversarial,owner_only,0.4,50,58.939602379713854,138.04726625820194,207.38034785820673,285.80409185820827,0,72396800,15000000,87396800,145661.33333333334,8.334808349609375,0.13603843485719835,0.03281976069474203,0.13603843485719835,0.8798028554290178,0.5129699327999999,0.8,1.5595455968213818,8.97122304,3.9105331199999998,1,NODE_QUEUE_HEADROOM_LOW
720p,5,4,adversarial,owner_only,0.4,100,59.021044074511956,124.00025392910038,193.33333552910517,271.7570795291067,0,72396800,15000000,87396800,145661.33333333334,8.334808349609375,0.06830994198764513,0.01879339699129698,0.06830994198764513,0.8810185513743812,0.5129699327999999,0.8,1.5595455968213818,8.97122304,3.9105331199999998,1,NODE_QUEUE_HEADROOM_LOW
720p,5,4,adversarial,owner_only,0.4,125,59.03735942926222,121.19085146328007,190.52393306328486,268.9476770632864,0,72396800,15000000,87396800,145661.33333333334,8.334808349609375,0.05474177655828933,0.015983471433567414,0.05474177655828933,0.8812620938333912,0.5129699327999999,0.8,1.5595455968213818,8.97122304,3.9105331199999998,1,NODE_QUEUE_HEADROOM_LOW
720p,5,4,adversarial,owner_only,0.4,200,59.06184938127779,116.9767477645496,186.3098293645544,264.7335733645559,0,72396800,15000000,87396800,145661.33333333334,8.334808349609375,0.034375457505448265,0.011765669054799512,0.034375457505448265,0.8816276600883822,0.5129699327999999,0.8,1.5595455968213818,8.97122304,3.9105331199999998,1,NODE_QUEUE_HEADROOM_LOW
720p,5,4,adversarial,owner_only,0.4,400,59.08227320061357,113.46499468227421,182.798076282279,261.22182028228053,0,72396800,15000000,87396800,145661.33333333334,8.334808349609375,0.01739061324745796,0.00824815976269416,0.01739061324745796,0.8819325303936589,0.5129699327999999,0.8,1.5595455968213818,8.97122304,3.9105331199999998,1,NODE_QUEUE_HEADROOM_LOW
720p,5,4,adversarial,owner_only,0.4,800,59.092490408175145,111.70911814113651,181.0421997411413,259.46594374114284,0,72396800,15000000,87396800,145661.33333333334,8.334808349609375,0.00889378528732806,0.006488492682490165,0.00889378528732806,0.882085044628982,0.5129699327999999,0.8,1.5595455968213818,8.97122304,3.9105331199999998,1,NODE_QUEUE_HEADROOM_LOW
720p,5,4,adversarial,owner_only,0.4,1600,59.097600337231086,110.83117987056767,180.16426147057246,258.588005470574,0,72396800,15000000,87396800,145661.33333333334,8.334808349609375,0.004644269182751779,0.005608430895773081,0.005608430895773081,0.8821613215292821,0.5129699327999999,0.8,1.5595455968213818,8.97122304,3.9105331199999998,1,NODE_QUEUE_HEADROOM_LOW
720p,5,4,adversarial,finishing_owner,0.4,12.5,47.7418162776939,1123.7853072945118,1902.2241622749661,2439.2686056343355,599,143345664,157387200,300732864,501221.44,28.680120849609374,0.8708366885177372,0.9592675959914856,0.9592675959914856,0.5848275177099244,0.5129699327999999,3.2,6.238182387285527,8.97122304,3.9105331199999998,1,INTERCONNECT
720p,5,4,adversarial,finishing_owner,0.4,25,51.62140132844066,757.0434914757634,1316.7150344444963,1605.946704366368,597,146241536,292862400,439103936,731839.8933333333,41.876214599609376,0.48065305158281135,0.9653041991827339,0.9653041991827339,0.4993236328318391,0.5129699327999999,3.2,6.238182387285527,8.97122304,3.9105331199999998,1,INTERCONNECT
720p,5,4,adversarial,finishing_owner,0.4,50,58.52566059991946,152.96487209101497,234.85062038203068,343.10355617304594,56,217190400,431102400,648292800,1080488.0,61.826019287109375,0.4052412453779189,0.8067397242744679,0.8067397242744679,0.4140005184733034,0.5129699327999999,3.2,6.238182387285527,8.97122304,3.9105331199999998,1,INTERCONNECT
720p,5,4,adversarial,finishing_owner,0.4,100,59.63341664353231,98.17498561640559,152.5014535119135,206.82792140742094,0,288139264,566577600,854716864,1424528.1066666667,81.51215209960938,0.2746784898215864,0.5417999091982261,0.5417999091982261,0.31243376654930494,0.5129699327999999,3.2,6.238182387285527,8.97122304,3.9105331199999998,1,HEADROOM
720p,5,4,adversarial,finishing_owner,0.4,125,59.92399721942302,81.78893825312434,125.33011256953068,168.87128688593657,0,289587200,566577600,856164800,1426941.3333333333,81.65023803710938,0.2222316392547341,0.43651076912990894,0.43651076912990894,0.31395618785134594,0.5129699327999999,3.2,6.238182387285527,8.97122304,3.9105331199999998,1,HEADROOM
720p,5,4,adversarial,finishing_owner,0.4,200,60.364007110343664,64.00087337275318,84.77231044550717,112.13554439326072,0,289587200,567960000,857547200,1429245.3333333333,81.78207397460938,0.14050923647157273,0.27729658659251494,0.27729658659251494,0.2707836098993588,0.5129699327999999,3.2,6.238182387285527,8.97122304,3.9105331199999998,1,HEADROOM
720p,5,4,adversarial,finishing_owner,0.4,400,60.56924533202117,45.401445994774804,62.398686996826655,82.09549708227678,0,289587200,634315200,923902400,1539837.3333333333,88.11019897460938,0.07128896072188491,0.15751287516316034,0.15751287516316034,0.23883467896592175,0.5129699327999999,3.2,6.238182387285527,8.97122304,3.9105331199999998,1,HEADROOM
720p,5,4,adversarial,finishing_owner,0.4,800,60.60925396207554,38.54547179738711,54.230220597388325,78.31513001613894,0,289587200,635697600,925284800,1542141.3333333333,88.24203491210938,0.036464026631273794,0.08139929809222957,0.08139929809222957,0.23832633526641583,0.5129699327999999,3.2,6.238182387285527,8.97122304,3.9105331199999998,1,HEADROOM
720p,5,4,adversarial,finishing_owner,0.4,1600,60.62496185991675,35.11748469869326,50.80223349869448,74.02410580807009,0,289587200,635697600,925284800,1542141.3333333333,88.24203491210938,0.019032946278037935,0.0431351955125682,0.0431351955125682,0.23838810150642892,0.5129699327999999,3.2,6.238182387285527,8.97122304,3.9105331199999998,1,HEADROOM
720p,5,4,adversarial,independent_au,0.4,12.5,53.739087151978865,727.2659336476563,1212.313786298435,1318.0032898984336,598,143345664,45000000,188345664,313909.44,17.962042236328124,0.9802301702807329,0.31179665019591185,0.9802301702807329,0.6582928634362208,0.5129699327999999,3.2,6.238182387285527,8.97122304,3.9105331199999998,1,INTERCONNECT
720p,5,4,adversarial,independent_au,0.4,25,59.776544986405426,144.93927054921824,177.5837488984398,206.01222354922174,200,146241536,45000000,191241536,318735.8933333333,18.238214111328126,0.5565865711003719,0.17580419063002417,0.5565865711003719,0.5782067288495564,0.5129699327999999,3.2,6.238182387285527,8.97122304,3.9105331199999998,1,BURST_OR_PER_FRAME_LATENCY
720p,5,4,adversarial,independent_au,0.4,50,60.2226683903118,100.28682277460894,119.64388167461038,145.59502697461176,0,217190400,45000000,262190400,436984.0,25.004425048828125,0.41699160485007786,0.09096703163516218,0.41699160485007786,0.4260048614892391,0.5129699327999999,3.2,6.238182387285527,8.97122304,3.9105331199999998,1,HEADROOM
720p,5,4,adversarial,independent_au,0.4,100,60.43830543634356,72.03437953730418,87.71912833730494,106.996187237306,0,288139264,45000000,333139264,555232.1066666667,31.770635986328124,0.27838590171457395,0.04806390915122503,0.27838590171457395,0.31665077190210184,0.5129699327999999,3.2,6.238182387285527,8.97122304,3.9105331199999998,1,HEADROOM
720p,5,4,adversarial,independent_au,0.4,125,60.47428578619129,60.84445338984324,76.529202189844,101.32969858984507,0,289587200,45000000,334587200,557645.3333333334,31.908721923828125,0.22427241650476062,0.039441606757276496,0.22427241650476062,0.3168392815810271,0.5129699327999999,3.2,6.238182387285527,8.97122304,3.9105331199999998,1,HEADROOM
720p,5,4,adversarial,independent_au,0.4,200,60.553690032749294,52.76001609365176,68.44476489365297,91.11381056865321,0,289587200,45000000,334587200,557645.3333333334,31.908721923828125,0.14095076121246994,0.026499982308067046,0.14095076121246994,0.2716344981840177,0.5129699327999999,3.2,6.238182387285527,8.97122304,3.9105331199999998,1,HEADROOM
720p,5,4,adversarial,independent_au,0.4,400,60.59729784744304,42.224756846825585,57.9095056468268,82.21470637182756,0,289587200,45000000,334587200,557645.3333333334,31.908721923828125,0.07132197805038386,0.01568342506543166,0.07132197805038386,0.2389452947326899,0.5129699327999999,3.2,6.238182387285527,8.97122304,3.9105331199999998,1,HEADROOM
720p,5,4,adversarial,independent_au,0.4,800,60.61898011372953,36.9571272234125,52.641876023413715,76.72678544216433,0,289587200,45000000,334587200,557645.3333333334,31.908721923828125,0.03646987812472977,0.010269277573586252,0.03646987812472977,0.23836458021959395,0.5129699327999999,3.2,6.238182387285527,8.97122304,3.9105331199999998,1,HEADROOM
720p,5,4,adversarial,independent_au,0.4,1600,60.62982706649852,34.323312411705956,50.00806121170717,73.22993352108278,0,289587200,45000000,334587200,557645.3333333334,31.908721923828125,0.019034473688739097,0.007560750644138808,0.019034473688739097,0.2384072323615236,0.5129699327999999,3.2,6.238182387285527,8.97122304,3.9105331199999998,1,HEADROOM
720p,5,4,adversarial,raw_gather,0.4,12.5,4.209109829629297,66451.2414301504,125826.4147114006,131323.6472114003,600,143345664,1866240000,2009585664,3349309.44,191.6490234375,0.07677645199590818,0.9991782215597302,0.9991782215597302,0.05156073742801157,0.5129699327999999,3.2,6.238182387285527,8.97122304,3.9105331199999998,1,INTERCONNECT
720p,5,4,adversarial,raw_gather,0.4,25,8.404341494384687,30790.702248800277,58229.70271755074,60879.27896755078,599,146241536,1866240000,2012481536,3354135.8933333335,191.9251953125,0.07825383042429059,0.9978671633036825,0.9978671633036825,0.08129353753563229,0.5129699327999999,3.2,6.238182387285527,8.97122304,3.9105331199999998,1,INTERCONNECT
720p,5,4,adversarial,raw_gather,0.4,50,16.746828669860847,12965.233498800033,24445.4937331755,25671.24185817554,599,217190400,1866240000,2083430400,3472384.0,198.69140625,0.11595778051438835,0.9948649823229463,0.9948649823229463,0.11846420324071512,0.5129699327999999,3.2,6.238182387285527,8.97122304,3.9105331199999998,1,INTERCONNECT
720p,5,4,adversarial,raw_gather,0.4,100,33.24895152282512,4052.499123799982,7583.13232692501,8067.22330348755,598,288139264,1866240000,2154379264,3590632.1066666665,205.4576171875,0.15314855841705752,0.9889264224751616,0.9889264224751616,0.17419922826471432,0.5129699327999999,3.2,6.238182387285527,8.97122304,3.9105331199999998,1,INTERCONNECT
720p,5,4,adversarial,raw_gather,0.4,125,41.40991825729627,2277.0993581749817,4198.778811299962,4546.419592549961,596,289587200,1866240000,2155827200,3593045.3333333335,205.595703125,0.15357109743574782,0.9859895646054048,0.9859895646054048,0.21695648952941743,0.5129699327999999,3.2,6.238182387285527,8.97122304,3.9105331199999998,1,INTERCONNECT
720p,5,4,adversarial,raw_gather,0.4,200,59.022385468985846,127.04984645624927,201.60756129999936,276.165276143749,0,289587200,1866240000,2155827200,3593045.3333333335,205.595703125,0.13738634517450668,0.8801148370389045,0.8801148370389045,0.2647653024914048,0.5129699327999999,3.2,6.238182387285527,8.97122304,3.9105331199999998,1,INTERCONNECT_HEADROOM_LOW
720p,5,4,adversarial,raw_gather,0.4,400,60.05032432532062,71.68729762812427,109.16615504999936,146.645012471874,0,289587200,1866240000,2155827200,3593045.3333333335,205.595703125,0.07067819961595317,0.4501235087052056,0.4501235087052056,0.23678848652345993,0.5129699327999999,3.2,6.238182387285527,8.97122304,3.9105331199999998,1,HEADROOM
720p,5,4,adversarial,raw_gather,0.4,800,60.57457772848569,44.53922904531191,63.47865775624996,82.4180864671871,0,289587200,1866240000,2155827200,3593045.3333333335,205.595703125,0.03644316455127057,0.2294495793167575,0.2294495793167575,0.23818998216631856,0.5129699327999999,3.2,6.238182387285527,8.97122304,3.9105331199999998,1,HEADROOM
720p,5,4,adversarial,raw_gather,0.4,1600,60.61267647570873,38.11436332265566,53.79911212265688,75.03917290859499,0,289587200,1866240000,2155827200,3593045.3333333335,205.595703125,0.019029089334454588,0.11722145356810919,0.11722145356810919,0.23833979319698378,0.5129699327999999,3.2,6.238182387285527,8.97122304,3.9105331199999998,1,HEADROOM
720p,5,8,optimistic,owner_only,0.4,12.5,60.21526076633669,128.58308231280716,139.74013590562663,150.49690247279977,196,72396800,15000000,87396800,145661.33333333334,8.334808349609375,0.55472681738688,0.11966871615842768,0.55472681738688,0.13296870691494955,0.02927149056,0.8,27.33034719773423,0.506068992,0.2875392,1,BURST_OR_PER_FRAME_LATENCY
720p,5,8,optimistic,owner_only,0.4,25,60.556737995673025,72.39503299640091,82.84672195640815,94.30885315639352,0,72396800,15000000,87396800,145661.33333333334,8.334808349609375,0.27913817618911696,0.06259594475146987,0.27913817618911696,0.1337227646911327,0.02927149056,0.8,27.33034719773423,0.506068992,0.2875392,1,HEADROOM
720p,5,8,optimistic,owner_only,0.4,50,60.728933113290715,44.30100833819779,54.75269729820502,66.2148284981904,0,72396800,15000000,87396800,145661.33333333334,8.334808349609375,0.14016838725948091,0.033816126535512483,0.14016838725948091,0.13410300986212917,0.02927149056,0.8,27.33034719773423,0.506068992,0.2875392,1,HEADROOM
720p,5,8,optimistic,owner_only,0.4,100,60.81539842690979,30.253996009096227,40.70568496910346,52.16781616908884,0,72396800,15000000,87396800,145661.33333333334,8.334808349609375,0.07038669687464497,0.019364752754592207,0.07038669687464497,0.13429394453215474,0.02927149056,0.8,27.33034719773423,0.506068992,0.2875392,1,HEADROOM
720p,5,8,optimistic,owner_only,0.4,125,60.83272104409974,27.444593543275914,37.896282503283146,49.358413703268525,0,72396800,15000000,87396800,145661.33333333334,8.334808349609375,0.056406506913963934,0.016469538414900856,0.056406506913963934,0.13433219672900346,0.02927149056,0.8,27.33034719773423,0.506068992,0.2875392,1,HEADROOM
720p,5,8,optimistic,owner_only,0.4,200,60.85872348090354,23.230489844545446,33.68217880455268,45.144310004538056,0,72396800,15000000,87396800,145661.33333333334,8.334808349609375,0.03542128268534698,0.012123623067598155,0.03542128268534698,0.13438961590072898,0.02927149056,0.8,27.33034719773423,0.506068992,0.2875392,1,HEADROOM
720p,5,8,optimistic,owner_only,0.4,400,60.880409164813,19.718736762270055,30.170425722277287,41.632556922262665,0,72396800,15000000,87396800,145661.33333333334,8.334808349609375,0.01791988684215459,0.008499187895234073,0.01791988684215459,0.13443750272063656,0.02927149056,0.8,27.33034719773423,0.506068992,0.2875392,1,HEADROOM
720p,5,8,optimistic,owner_only,0.4,800,60.891257803217194,17.96286022113236,28.41454918113959,39.87668038112497,0,72396800,15000000,87396800,145661.33333333334,8.334808349609375,0.009164510905470854,0.0066860015199010445,0.009164510905470854,0.13446145893044179,0.02927149056,0.8,27.33034719773423,0.506068992,0.2875392,1,HEADROOM
720p,5,8,optimistic,owner_only,0.4,1600,60.89668357243553,17.084921950563512,27.536610910570744,38.99874211055612,0,72396800,15000000,87396800,145661.33333333334,8.334808349609375,0.0047856527038894646,0.005779165983878364,0.005779165983878364,0.13447344023730318,0.02927149056,0.8,27.33034719773423,0.506068992,0.2875392,1,HEADROOM
720p,5,8,optimistic,finishing_owner,0.4,12.5,60.21526076633669,128.58308231280716,139.74013590562663,150.49690247279977,196,72396800,15000000,87396800,145661.33333333334,8.334808349609375,0.55472681738688,0.11966871615842768,0.55472681738688,0.13296870691494955,0.02927149056,6.4,218.64277758187384,0.506068992,0.2875392,1,BURST_OR_PER_FRAME_LATENCY
720p,5,8,optimistic,finishing_owner,0.4,25,60.556737995673025,72.39503299640091,82.84672195640815,94.30885315639352,0,72396800,15000000,87396800,145661.33333333334,8.334808349609375,0.27913817618911696,0.06259594475146987,0.27913817618911696,0.1337227646911327,0.02927149056,6.4,218.64277758187384,0.506068992,0.2875392,1,HEADROOM
720p,5,8,optimistic,finishing_owner,0.4,50,60.029467803487464,44.30100833819779,54.75269729820502,112.64852487281132,0,73844736,21912000,95756736,159594.56,9.132073974609375,0.1413250311486644,0.0466167068693047,0.1413250311486644,0.13141165861345355,0.02927149056,6.4,218.64277758187384,0.506068992,0.2875392,1,HEADROOM
720p,5,8,optimistic,finishing_owner,0.4,100,60.277269187360034,30.253996009096227,71.39687015461004,112.53974430011112,0,144793600,223742400,368536000,614226.6666666666,35.146331787109375,0.13952775068377263,0.2191856114536893,0.2191856114536893,0.10330408201638787,0.02927149056,6.4,218.64277758187384,0.506068992,0.2875392,1,HEADROOM
720p,5,8,optimistic,finishing_owner,0.4,125,60.3291860299507,35.619188614921356,68.62882028296826,101.62311959937324,0,146241536,291480000,437721536,729535.8933333333,41.744378662109376,0.11298996692937574,0.22842800856823145,0.22842800856823145,0.09199694220236958,0.02927149056,6.4,218.64277758187384,0.506068992,0.2875392,1,HEADROOM
720p,5,8,optimistic,finishing_owner,0.4,200,60.570381916261226,30.134432743199795,50.905869815956976,71.67730688870688,0,215742464,361982400,577724864,962874.7733333333,55.096136474609374,0.10504723701767753,0.17909315143689836,0.17909315143689836,0.08066423416638026,0.02927149056,6.4,218.64277758187384,0.506068992,0.2875392,1,HEADROOM
720p,5,8,optimistic,finishing_owner,0.4,400,60.841271133686924,19.942441651375702,33.8240586252532,44.40977716162888,0,286691328,497457600,784148928,1306914.88,74.78226928710937,0.07090902008473647,0.12513339239812904,0.12513339239812904,0.058244215235979536,0.02927149056,6.4,218.64277758187384,0.506068992,0.2875392,1,HEADROOM
720p,5,8,optimistic,finishing_owner,0.4,800,60.988109146920394,13.155185486824848,20.29599397376387,27.436802460701074,0,360536064,569342400,929878464,1549797.44,88.68012084960938,0.045695592910161446,0.07386768274820757,0.07386768274820757,0.04626785440653446,0.02927149056,6.4,218.64277758187384,0.506068992,0.2875392,1,HEADROOM
720p,5,8,optimistic,finishing_owner,0.4,1600,61.08769073861024,8.891941811592915,12.662346055062699,17.256724907905664,0,434380800,637080000,1071460800,1785768.0,102.18246459960938,0.028771399544539323,0.04354832237121996,0.04354832237121996,0.034906880325771494,0.02927149056,6.4,218.64277758187384,0.506068992,0.2875392,1,HEADROOM
720p,5,8,optimistic,independent_au,0.4,12.5,60.15698355102715,131.4256208200768,144.70022409156172,157.97482736304482,196,72396800,20250000,92646800,154411.33333333334,8.835487365722656,0.5541899446113842,0.15971201812981847,0.5541899446113842,0.1328400178440447,0.02927149056,6.4,218.64277758187384,0.506068992,0.2875392,1,BURST_OR_PER_FRAME_LATENCY
720p,5,8,optimistic,independent_au,0.4,25,60.55469800962906,72.7288190071431,83.2659842942985,94.64263916713571,0,72396800,20250000,92646800,154411.33333333334,8.835487365722656,0.2791287728096978,0.08280614715062293,0.2791287728096978,0.13371825994760195,0.02927149056,6.4,218.64277758187384,0.506068992,0.2875392,1,HEADROOM
720p,5,8,optimistic,independent_au,0.4,50,60.79844070413329,44.46790134356888,54.919590303576115,61.79686902356298,0,73844736,20250000,94094736,156824.56,8.973573303222656,0.14313539401065095,0.04400166543585962,0.14313539401065095,0.1330950319299299,0.02927149056,6.4,218.64277758187384,0.506068992,0.2875392,1,HEADROOM
720p,5,8,optimistic,independent_au,0.4,100,60.936072981669895,30.337442511781774,34.922294991788476,40.92316778178247,0,144793600,20250000,165043600,275072.6666666667,15.739784240722656,0.14105272706046068,0.02448807995256435,0.14105272706046068,0.10443314977472562,0.02927149056,6.4,218.64277758187384,0.506068992,0.2875392,1,HEADROOM
720p,5,8,optimistic,independent_au,0.4,125,60.971920485316424,25.221160370858343,30.750504785430167,36.010543305428655,0,146241536,20250000,166491536,277485.8933333333,15.877870178222656,0.1141937382651947,0.02057753937780434,0.1141937382651947,0.09297705826944858,0.02927149056,6.4,218.64277758187384,0.506068992,0.2875392,1,HEADROOM
720p,5,8,optimistic,independent_au,0.4,200,61.0274240726019,18.928293156783184,23.513145636788067,27.857065575893557,0,215742464,20250000,235992464,393320.7733333333,22.505995178222655,0.10583988540795126,0.014703492346000472,0.10583988540795126,0.08127289725148248,0.02927149056,6.4,218.64277758187384,0.506068992,0.2875392,1,HEADROOM
720p,5,8,optimistic,independent_au,0.4,400,61.085992624127144,13.049337822945745,16.39446810544723,19.900064658393575,0,286691328,20250000,306941328,511568.88,29.272206115722657,0.07119423702313118,0.009802241412932946,0.07119423702313118,0.05847849060361199,0.02927149056,6.4,218.64277758187384,0.506068992,0.2875392,1,HEADROOM
720p,5,8,optimistic,independent_au,0.4,800,61.127035674850845,9.636956250222283,11.44303046897312,13.73545670897147,0,360536064,20250000,380786064,634643.44,36.314588928222655,0.04579968418555152,0.007349495146099165,0.04579968418555152,0.04637324925247085,0.02927149056,6.4,218.64277758187384,0.506068992,0.2875392,1,HEADROOM
720p,5,8,optimistic,independent_au,0.4,1600,61.14899616339017,7.107728354485516,8.457117485111667,10.245570073970157,0,434380800,20250000,454630800,757718.0,43.356971740722656,0.02880027349359951,0.006122027608779214,0.02880027349359951,0.034941911624225226,0.02927149056,6.4,218.64277758187384,0.506068992,0.2875392,1,HEADROOM
720p,5,8,optimistic,raw_gather,0.4,12.5,4.20926668951291,66445.9293277504,125821.1026090006,131318.3351090003,600,72396800,1866240000,1938636800,3231061.3333333335,184.8828125,0.038777430911857515,0.9992154576941834,0.9992154576941834,0.009294998338321614,0.02927149056,6.4,218.64277758187384,0.506068992,0.2875392,1,INTERCONNECT
720p,5,8,optimistic,raw_gather,0.4,25,8.40591835573637,30777.309926240276,58216.31039499074,60865.88664499078,599,72396800,1866240000,1938636800,3231061.3333333335,184.8828125,0.03874734334571538,0.9980543877477366,0.9980543877477366,0.018562139895602132,0.02927149056,6.4,218.64277758187384,0.506068992,0.2875392,1,INTERCONNECT
720p,5,8,optimistic,raw_gather,0.4,50,16.753090945419096,12951.841176240032,24432.101410615498,25657.84953561554,599,73844736,1866240000,1940084736,3233474.56,185.0208984375,0.039441147595185105,0.9952370001410883,0.9952370001410883,0.036674512511864266,0.02927149056,6.4,218.64277758187384,0.506068992,0.2875392,1,INTERCONNECT
720p,5,8,optimistic,raw_gather,0.4,100,33.27364504184058,4039.106801239981,7569.740004365009,8053.830980927549,596,144793600,1866240000,2011033600,3351722.6666666665,191.787109375,0.07702068976130422,0.989660883933338,0.989660883933338,0.057024868623399234,0.02927149056,6.4,218.64277758187384,0.506068992,0.2875392,1,INTERCONNECT
720p,5,8,optimistic,raw_gather,0.4,125,41.44822850829463,2263.7070356149816,4185.386488739963,4533.0272699899615,594,146241536,1866240000,2012481536,3354135.8933333335,191.9251953125,0.07762799859604284,0.9869017496396059,0.9869017496396059,0.06320506761976123,0.02927149056,6.4,218.64277758187384,0.506068992,0.2875392,1,INTERCONNECT
720p,5,8,optimistic,raw_gather,0.4,200,59.10024480370247,113.65752389624868,188.21523873999922,262.77295358374795,0,215742464,1866240000,2081982464,3469970.7733333334,198.5533203125,0.10249757764909456,0.8812758398540498,0.8812758398540498,0.07870638809454811,0.02927149056,6.4,218.64277758187384,0.506068992,0.2875392,1,INTERCONNECT_HEADROOM_LOW
720p,5,8,optimistic,raw_gather,0.4,400,60.130921137509965,58.29497506812368,95.77383248999922,133.25268991187295,0,286691328,1866240000,2152931328,3588218.88,205.31953125,0.07008112446047468,0.45072764399174603,0.45072764399174603,0.05756418706925539,0.02927149056,6.4,218.64277758187384,0.506068992,0.2875392,1,HEADROOM
720p,5,8,optimistic,raw_gather,0.4,800,60.65985871635341,30.613700654061176,49.55312936499922,68.49255807593545,0,360536064,1866240000,2226776064,3711293.44,212.3619140625,0.04544964991803425,0.2297726139547813,0.2297726139547813,0.04601883138642789,0.02927149056,6.4,218.64277758187384,0.506068992,0.2875392,1,HEADROOM
720p,5,8,optimistic,raw_gather,0.4,1600,60.92783249418692,16.773063447029926,26.442777802499222,36.1124921579667,0,434380800,1866240000,2300620800,3834368.0,219.404296875,0.02869610867390432,0.11783094730332737,0.11783094730332737,0.03481553372976004,0.02927149056,6.4,218.64277758187384,0.506068992,0.2875392,1,HEADROOM
720p,5,8,median,owner_only,0.4,12.5,59.78563427461033,150.9352000728104,175.51427975280967,202.94220935280828,245,72396800,15000000,87396800,145661.33333333334,8.334808349609375,0.5507689280846105,0.11881489853747527,0.5507689280846105,0.31376587531004263,0.13353320448,0.8,5.991019260829769,2.3233167359999998,1.1501568,1,BURST_OR_PER_FRAME_LATENCY
720p,5,8,median,owner_only,0.4,25,60.12224249406661,94.74715075640415,119.32623043640547,146.75416003640203,0,72396800,15000000,87396800,145661.33333333334,8.334808349609375,0.27713535559647784,0.06214681791086527,0.27713535559647784,0.31553245642765915,0.13353320448,0.8,5.991019260829769,2.3233167359999998,1.1501568,1,HEADROOM
720p,5,8,median,owner_only,0.4,50,60.29197200845174,66.65312609820103,91.23220577820234,118.6601353781989,0,72396800,15000000,87396800,145661.33333333334,8.334808349609375,0.1391598377885699,0.03357281035564866,0.1391598377885699,0.31642322776918885,0.13353320448,0.8,5.991019260829769,2.3233167359999998,1.1501568,1,HEADROOM
720p,5,8,median,owner_only,0.4,100,60.37719664280507,52.606113769099466,77.18519344910078,104.61312304909734,0,72396800,15000000,87396800,145661.33333333334,8.334808349609375,0.06987952966131533,0.019225221165137814,0.06987952966131533,0.3168705021407047,0.13353320448,0.8,5.991019260829769,2.3233167359999998,1.1501568,1,HEADROOM
720p,5,8,median,owner_only,0.4,125,60.39427049011209,49.79671130327915,74.37579098328047,101.80372058327703,0,72396800,15000000,87396800,145661.33333333334,8.334808349609375,0.05599995820497215,0.01635083456411142,0.05599995820497215,0.3169601087947144,0.13353320448,0.8,5.991019260829769,2.3233167359999998,1.1501568,1,HEADROOM
720p,5,8,median,owner_only,0.4,200,60.41989937469741,45.582607604548684,70.16168728455,97.58961688454656,0,72396800,15000000,87396800,145661.33333333334,8.334808349609375,0.03516587619920946,0.012036205229163073,0.03516587619920946,0.3170946138393242,0.13353320448,0.8,5.991019260829769,2.3233167359999998,1.1501568,1,HEADROOM
720p,5,8,median,owner_only,0.4,400,60.441273400296126,42.070854522273294,66.64993420227461,94.07786380227117,0,72396800,15000000,87396800,145661.33333333334,8.334808349609375,0.017790629116780532,0.008437882502820526,0.017790629116780532,0.31720678861060914,0.13353320448,0.8,5.991019260829769,2.3233167359999998,1.1501568,1,HEADROOM
720p,5,8,median,owner_only,0.4,800,60.45196608502389,40.3149779811356,64.89405766113691,92.32198726113347,0,72396800,15000000,87396800,145661.33333333334,8.334808349609375,0.009098394784909244,0.006637766269037739,0.009098394784909244,0.31726290576356286,0.13353320448,0.8,5.991019260829769,2.3233167359999998,1.1501568,1,HEADROOM
720p,5,8,median,owner_only,0.4,1600,60.45731384624794,39.43703971056675,64.01611939056806,91.44404899056462,0,72396800,15000000,87396800,145661.33333333334,8.334808349609375,0.004751124207511896,0.005737469286669741,0.005737469286669741,0.3172909717864758,0.13353320448,0.8,5.991019260829769,2.3233167359999998,1.1501568,1,HEADROOM
720p,5,8,median,finishing_owner,0.4,12.5,59.19479374245754,150.9352000728104,175.51427975280967,202.94220935280828,245,73844736,16382400,90227136,150378.56,8.604730224609375,0.5562323886526025,0.12804602725123257,0.5562323886526025,0.31012383992764475,0.13353320448,6.4,47.92815408663815,2.3233167359999998,1.1501568,1,BURST_OR_PER_FRAME_LATENCY
720p,5,8,median,finishing_owner,0.4,25,58.275941939421315,94.74715075640415,168.0672096328126,331.4387062148435,5,143345664,91032000,234377664,390629.44,22.351995849609374,0.5318770554760368,0.34194333722072895,0.5318770554760368,0.29009719962045943,0.13353320448,6.4,47.92815408663815,2.3233167359999998,1.1501568,1,BURST_OR_PER_FRAME_LATENCY
720p,5,8,median,finishing_owner,0.4,50,59.20484549283848,87.91544314281148,143.61012562741962,225.49587391843488,0,144793600,225124800,369918400,616530.6666666666,35.278167724609375,0.2733012844206125,0.4284373242940289,0.4284373242940289,0.22872300548744878,0.13353320448,6.4,47.92815408663815,2.3233167359999998,1.1501568,1,HEADROOM
720p,5,8,median,finishing_owner,0.4,100,59.93396557331944,60.903635236405535,102.04650938191298,143.18938352742043,0,217190400,363364800,580555200,967592.0,55.366058349609375,0.2080916337231697,0.3509450108147299,0.3509450108147299,0.17674429095632826,0.13353320448,6.4,47.92815408663815,2.3233167359999998,1.1501568,1,HEADROOM
720p,5,8,median,finishing_owner,0.4,125,60.114666834041785,50.03105707640498,93.57223139281086,137.11340570921675,0,217190400,429720000,646910400,1078184.0,61.694183349609375,0.16721408059334572,0.33328607448915176,0.33328607448915176,0.16459665554548594,0.13353320448,6.4,47.92815408663815,2.3233167359999998,1.1501568,1,HEADROOM
720p,5,8,median,finishing_owner,0.4,200,60.42839913037923,40.22561674275312,67.58885069050666,94.9520846382602,0,289587200,498840000,788427200,1314045.3333333333,75.19027709960938,0.1406671788294186,0.2443980757796357,0.2443980757796357,0.13754498496563347,0.13353320448,6.4,47.92815408663815,2.3233167359999998,1.1501568,1,HEADROOM
720p,5,8,median,finishing_owner,0.4,400,60.780103767579845,26.571104413651483,40.4527213875283,54.33433836140466,0,363431936,567960000,931391936,1552319.8933333333,88.82445678710937,0.08978530710347665,0.14203521748832018,0.14203521748832018,0.09728588898072249,0.13353320448,6.4,47.92815408663815,2.3233167359999998,1.1501568,1,HEADROOM
720p,5,8,median,finishing_owner,0.4,800,60.95751413418342,18.09293974079992,25.23374822773826,32.374556714676146,0,503881728,638462400,1142344128,1903906.88,108.94242553710937,0.06382189026156092,0.08220186727768267,0.08220186727768267,0.06914690276991615,0.13353320448,6.4,47.92815408663815,2.3233167359999998,1.1501568,1,HEADROOM
720p,5,8,median,finishing_owner,0.4,1600,61.06226590321551,12.981560117386834,16.751964360855936,20.522368604324583,0,577726464,704817600,1282544064,2137573.44,122.31293334960938,0.03823635706677884,0.04763915425747911,0.04763915425747911,0.05580546408602117,0.13353320448,6.4,47.92815408663815,2.3233167359999998,1.1501568,1,HEADROOM
720p,5,8,median,independent_au,0.4,12.5,59.7990182444665,152.4610789790604,177.91665019812172,204.46808825905828,245,73844736,27000000,100844736,168074.56,9.617303466796875,0.5619100710430018,0.21008755770535886,0.5619100710430018,0.3132893957289987,0.13353320448,6.4,47.92815408663815,2.3233167359999998,1.1501568,1,BURST_OR_PER_FRAME_LATENCY
720p,5,8,median,independent_au,0.4,25,60.31377872276152,95.51009020952915,117.45243388953054,131.51885752953058,0,143345664,27000000,170345664,283909.44,16.245428466796874,0.5504761306997449,0.10836056534577507,0.5504761306997449,0.3002415357642679,0.13353320448,6.4,47.92815408663815,2.3233167359999998,1.1501568,1,HEADROOM
720p,5,8,median,independent_au,0.4,50,60.604729938951934,62.48731678952936,75.156917744765,89.24619740476373,0,144793600,27000000,171793600,286322.6666666667,16.383514404296875,0.27976342808433546,0.05686583535107993,0.27976342808433546,0.23413110638163875,0.13353320448,6.4,47.92815408663815,2.3233167359999998,1.1501568,1,HEADROOM
720p,5,8,median,independent_au,0.4,100,60.806149300328556,41.82567679238127,50.457152154765026,60.91917055238082,0,217190400,27000000,244190400,406984.0,23.287811279296875,0.21111986879695374,0.03095966023430565,0.21111986879695374,0.17931634660022344,0.13353320448,6.4,47.92815408663815,2.3233167359999998,1.1501568,1,HEADROOM
720p,5,8,median,independent_au,0.4,125,60.843634756753154,38.97812735390471,44.88703602781197,55.434885113903874,0,217190400,27000000,244190400,406984.0,23.287811279296875,0.16924176713637745,0.025756495022895107,0.16924176713637745,0.16659260243161736,0.13353320448,6.4,47.92815408663815,2.3233167359999998,1.1501568,1,HEADROOM
720p,5,8,median,independent_au,0.4,200,60.928019376186306,29.221217276190146,34.70680319619123,43.123701837382896,0,289587200,27000000,316587200,527645.3333333334,30.192108154296875,0.1418302109711787,0.017947976176523574,0.1418302109711787,0.13868220289937006,0.13353320448,6.4,47.92815408663815,2.3233167359999998,1.1501568,1,HEADROOM
720p,5,8,median,independent_au,0.4,400,61.01299019070159,20.17619455809472,25.28705395059569,30.397913343094842,0,363431936,27000000,390431936,650719.8933333333,37.234490966796876,0.09012933052107683,0.011427022907858127,0.09012933052107683,0.09765865179783739,0.13353320448,6.4,47.92815408663815,2.3233167359999998,1.1501568,1,HEADROOM
720p,5,8,median,independent_au,0.4,800,61.063601548737246,14.783245374344915,18.395393811845224,22.074905513094564,0,503881728,27000000,530881728,884802.88,50.62882690429687,0.063932962693335,0.008160794975015526,0.063932962693335,0.06926724258763112,0.13353320448,6.4,47.92815408663815,2.3233167359999998,1.1501568,1,HEADROOM
720p,5,8,median,independent_au,0.4,1600,61.081307331498394,12.001292447648666,13.907105258273873,17.700522547946093,0,577726464,27000000,604726464,1007877.44,57.671209716796874,0.03824828054914747,0.006524832918179487,0.03824828054914747,0.055822866252915396,0.13353320448,6.4,47.92815408663815,2.3233167359999998,1.1501568,1,HEADROOM
720p,5,8,median,raw_gather,0.4,12.5,4.209226684233512,66447.28407975039,125822.45736100059,131319.68986100028,600,73844736,1866240000,1940084736,3233474.56,185.0208984375,0.03955260361473603,0.999205961053435,0.999205961053435,0.02205230325017786,0.13353320448,6.4,47.92815408663815,2.3233167359999998,1.1501568,1,INTERCONNECT
720p,5,8,median,raw_gather,0.4,25,8.405542327642346,30780.503085920274,58219.50355467074,60869.07980467078,599,143345664,1866240000,2009585664,3349309.44,191.6490234375,0.07671630786428088,0.9980097410508173,0.9980097410508173,0.04184272633593911,0.13353320448,6.4,47.92815408663815,2.3233167359999998,1.1501568,1,INTERCONNECT
720p,5,8,median,raw_gather,0.4,50,16.751597392692027,12955.03433592003,24435.294570295497,25661.04269529554,599,144793600,1866240000,2011033600,3351722.6666666665,191.787109375,0.07732868898498359,0.9951482738910797,0.9951482738910797,0.0647155764106452,0.13353320448,6.4,47.92815408663815,2.3233167359999998,1.1501568,1,INTERCONNECT
720p,5,8,median,raw_gather,0.4,100,33.26775398454095,4042.2999609199815,7572.933164045011,8057.024140607551,597,217190400,1866240000,2083430400,3472384.0,198.69140625,0.11550614431602677,0.9894856657098123,0.9894856657098123,0.09810606612562911,0.13353320448,6.4,47.92815408663815,2.3233167359999998,1.1501568,1,INTERCONNECT
720p,5,8,median,raw_gather,0.4,125,41.43908768011744,2266.900195294981,4188.579648419962,4536.22042966996,594,217190400,1866240000,2083430400,3472384.0,198.69140625,0.11526636197098582,0.9866841022359436,0.9866841022359436,0.11346208172181084,0.13353320448,6.4,47.92815408663815,2.3233167359999998,1.1501568,1,INTERCONNECT
720p,5,8,median,raw_gather,0.4,200,59.08166199440975,116.85068357624914,191.408398419999,265.9661132637484,0,289587200,1866240000,2155827200,3593045.3333333335,205.595703125,0.1375322006359221,0.8809987414948012,0.8809987414948012,0.13447958952598396,0.13353320448,6.4,47.92815408663815,2.3233167359999998,1.1501568,1,INTERCONNECT_HEADROOM_LOW
720p,5,8,median,raw_gather,0.4,400,60.11168463371662,61.48813474812414,98.966992169999,136.4458495918734,0,363431936,1866240000,2229671936,3716119.8933333335,212.6380859375,0.08879790804543554,0.4505834515551528,0.4505834515551528,0.0962160035146122,0.13353320448,6.4,47.92815408663815,2.3233167359999998,1.1501568,1,HEADROOM
720p,5,8,median,raw_gather,0.4,800,60.64028235397426,33.80686033406164,52.746289044999,71.68571775593591,0,503881728,1866240000,2370121728,3950202.88,226.032421875,0.0634897518508734,0.2296984609308414,0.2296984609308414,0.06878705221870494,0.13353320448,6.4,47.92815408663815,2.3233167359999998,1.1501568,1,HEADROOM
720p,5,8,median,raw_gather,0.4,1600,60.908082815044985,19.96622312703039,29.635937482499003,39.30565183796716,0,577726464,1866240000,2443966464,4073277.44,233.0748046875,0.038139809722428884,0.11779275255214444,0.11779275255214444,0.05566455449705817,0.13353320448,6.4,47.92815408663815,2.3233167359999998,1.1501568,1,HEADROOM
720p,5,8,adversarial,owner_only,0.4,12.5,58.4556333891586,222.32934023281132,291.6624218328161,370.08616583281764,599,72396800,15000000,87396800,145661.33333333334,8.334808349609375,0.5385164334691454,0.11617172309613336,0.5385164334691454,0.8725785566106029,0.5129699327999999,0.8,1.5595455968213818,8.97122304,3.9105331199999998,1,BURST_OR_PER_FRAME_LATENCY
720p,5,8,adversarial,owner_only,0.4,25,58.77739141081722,166.14129091640507,235.47437251640986,313.8981165164114,294,72396800,15000000,87396800,145661.33333333334,8.334808349609375,0.2709362225016434,0.060756679886719255,0.2709362225016434,0.8773815008922542,0.5129699327999999,0.8,1.5595455968213818,8.97122304,3.9105331199999998,1,BURST_OR_PER_FRAME_LATENCY
720p,5,8,adversarial,owner_only,0.4,50,58.939602379713854,138.04726625820194,207.38034785820673,285.80409185820827,0,72396800,15000000,87396800,145661.33333333334,8.334808349609375,0.13603843485719835,0.03281976069474203,0.13603843485719835,0.8798028554290178,0.5129699327999999,0.8,1.5595455968213818,8.97122304,3.9105331199999998,1,NODE_QUEUE_HEADROOM_LOW
720p,5,8,adversarial,owner_only,0.4,100,59.021044074511956,124.00025392910038,193.33333552910517,271.7570795291067,0,72396800,15000000,87396800,145661.33333333334,8.334808349609375,0.06830994198764513,0.01879339699129698,0.06830994198764513,0.8810185513743812,0.5129699327999999,0.8,1.5595455968213818,8.97122304,3.9105331199999998,1,NODE_QUEUE_HEADROOM_LOW
720p,5,8,adversarial,owner_only,0.4,125,59.03735942926222,121.19085146328007,190.52393306328486,268.9476770632864,0,72396800,15000000,87396800,145661.33333333334,8.334808349609375,0.05474177655828933,0.015983471433567414,0.05474177655828933,0.8812620938333912,0.5129699327999999,0.8,1.5595455968213818,8.97122304,3.9105331199999998,1,NODE_QUEUE_HEADROOM_LOW
720p,5,8,adversarial,owner_only,0.4,200,59.06184938127779,116.9767477645496,186.3098293645544,264.7335733645559,0,72396800,15000000,87396800,145661.33333333334,8.334808349609375,0.034375457505448265,0.011765669054799512,0.034375457505448265,0.8816276600883822,0.5129699327999999,0.8,1.5595455968213818,8.97122304,3.9105331199999998,1,NODE_QUEUE_HEADROOM_LOW
720p,5,8,adversarial,owner_only,0.4,400,59.08227320061357,113.46499468227421,182.798076282279,261.22182028228053,0,72396800,15000000,87396800,145661.33333333334,8.334808349609375,0.01739061324745796,0.00824815976269416,0.01739061324745796,0.8819325303936589,0.5129699327999999,0.8,1.5595455968213818,8.97122304,3.9105331199999998,1,NODE_QUEUE_HEADROOM_LOW
720p,5,8,adversarial,owner_only,0.4,800,59.092490408175145,111.70911814113651,181.0421997411413,259.46594374114284,0,72396800,15000000,87396800,145661.33333333334,8.334808349609375,0.00889378528732806,0.006488492682490165,0.00889378528732806,0.882085044628982,0.5129699327999999,0.8,1.5595455968213818,8.97122304,3.9105331199999998,1,NODE_QUEUE_HEADROOM_LOW
720p,5,8,adversarial,owner_only,0.4,1600,59.097600337231086,110.83117987056767,180.16426147057246,258.588005470574,0,72396800,15000000,87396800,145661.33333333334,8.334808349609375,0.004644269182751779,0.005608430895773081,0.005608430895773081,0.8821613215292821,0.5129699327999999,0.8,1.5595455968213818,8.97122304,3.9105331199999998,1,NODE_QUEUE_HEADROOM_LOW
720p,5,8,adversarial,finishing_owner,0.4,12.5,47.7418162776939,1123.7853072945118,1902.2241622749661,2439.2686056343355,599,143345664,157387200,300732864,501221.44,28.680120849609374,0.8708366885177372,0.9592675959914856,0.9592675959914856,0.5848275177099244,0.5129699327999999,6.4,12.476364774571055,8.97122304,3.9105331199999998,1,INTERCONNECT
720p,5,8,adversarial,finishing_owner,0.4,25,51.62140132844066,757.0434914757634,1316.7150344444963,1605.946704366368,597,146241536,292862400,439103936,731839.8933333333,41.876214599609376,0.48065305158281135,0.9653041991827339,0.9653041991827339,0.4993236328318391,0.5129699327999999,6.4,12.476364774571055,8.97122304,3.9105331199999998,1,INTERCONNECT
720p,5,8,adversarial,finishing_owner,0.4,50,58.52566059991946,152.96487209101497,234.85062038203068,343.10355617304594,56,218638336,431102400,649740736,1082901.2266666666,61.964105224609376,0.40794290570324776,0.8067397242744679,0.8067397242744679,0.4140005184733034,0.5129699327999999,6.4,12.476364774571055,8.97122304,3.9105331199999998,1,INTERCONNECT
720p,5,8,adversarial,finishing_owner,0.4,100,59.55538095600003,98.17498561640559,152.5014535119135,206.82792140742094,0,360536064,567960000,928496064,1547493.44,88.54828491210938,0.3432474226306913,0.5423995052154525,0.5423995052154525,0.3104680668904302,0.5129699327999999,6.4,12.476364774571055,8.97122304,3.9105331199999998,1,HEADROOM
720p,5,8,adversarial,finishing_owner,0.4,125,59.798020548510195,81.78893825312434,125.33011256953068,179.41816188593657,0,361984000,569342400,931326400,1552210.6666666667,88.81820678710938,0.2772115390795731,0.4376953779793539,0.4376953779793539,0.3101697761001473,0.5129699327999999,6.4,12.476364774571055,8.97122304,3.9105331199999998,1,HEADROOM
720p,5,8,adversarial,finishing_owner,0.4,200,60.24414918463209,64.00087337275318,91.36410732050717,118.72734126826072,0,434380800,637080000,1071460800,1785768.0,102.18246459960938,0.21034938123073055,0.309839089907878,0.309839089907878,0.23531582128798206,0.5129699327999999,6.4,12.476364774571055,8.97122304,3.9105331199999998,1,HEADROOM
720p,5,8,adversarial,finishing_owner,0.4,400,60.67511775084547,40.35610179682544,57.533617208202486,71.41523418207908,0,574830592,703435200,1278265792,2130442.986666667,121.90492553710938,0.1417555738665234,0.17445311966612692,0.17445311966612692,0.16086528163725838,0.5129699327999999,6.4,12.476364774571055,8.97122304,3.9105331199999998,1,HEADROOM
720p,5,8,adversarial,finishing_owner,0.4,800,60.842951608906,30.085019872386965,38.54547179738802,49.28527175466297,0,579174400,706200000,1285374400,2142290.6666666665,122.58285522460938,0.07320113744083134,0.09023577619619817,0.09023577619619817,0.15812923081854777,0.5129699327999999,6.4,12.476364774571055,8.97122304,3.9105331199999998,1,HEADROOM
720p,5,8,adversarial,finishing_owner,0.4,1600,60.88543013078501,23.204884336193118,35.11748469869417,42.654608208069476,0,579174400,706200000,1285374400,2142290.6666666665,122.58285522460938,0.038221320287603895,0.04758480510973348,0.04758480510973348,0.15823963137955627,0.5129699327999999,6.4,12.476364774571055,8.97122304,3.9105331199999998,1,HEADROOM
720p,5,8,adversarial,independent_au,0.4,12.5,53.739087151978865,727.2659336476563,1212.313786298435,1318.0032898984336,598,143345664,45000000,188345664,313909.44,17.962042236328124,0.9802301702807329,0.31179665019591185,0.9802301702807329,0.6582928634362208,0.5129699327999999,6.4,12.476364774571055,8.97122304,3.9105331199999998,1,INTERCONNECT
720p,5,8,adversarial,independent_au,0.4,25,59.776544986405426,144.93927054921824,177.5837488984398,206.01222354922174,200,146241536,45000000,191241536,318735.8933333333,18.238214111328126,0.5565865711003719,0.17580419063002417,0.5565865711003719,0.5782067288495564,0.5129699327999999,6.4,12.476364774571055,8.97122304,3.9105331199999998,1,BURST_OR_PER_FRAME_LATENCY
720p,5,8,adversarial,independent_au,0.4,50,60.233224395440956,100.28682277460894,119.64388167461038,145.59502697461176,0,218638336,45000000,263638336,439397.2266666667,25.142510986328126,0.4198451812056223,0.0909829766020358,0.4198451812056223,0.42607953286503697,0.5129699327999999,6.4,12.476364774571055,8.97122304,3.9105331199999998,1,HEADROOM
720p,5,8,adversarial,independent_au,0.4,100,60.522306532251484,72.03437953730418,85.92297328730456,101.60772208730486,0,360536064,45000000,405536064,675893.44,38.674932861328124,0.34882029793761293,0.04813071150468568,0.34882029793761293,0.3155087451577306,0.5129699327999999,6.4,12.476364774571055,8.97122304,3.9105331199999998,1,HEADROOM
720p,5,8,adversarial,independent_au,0.4,125,60.59792151810201,60.84445338984324,74.51807478984483,90.20282358984514,0,361984000,45000000,406984000,678306.6666666666,38.813018798828125,0.28091971832794643,0.03952224254909736,0.28091971832794643,0.31431882823205376,0.5129699327999999,6.4,12.476364774571055,8.97122304,3.9105331199999998,1,HEADROOM
720p,5,8,adversarial,independent_au,0.4,200,60.7057695061432,51.04386104365176,59.744312968652594,71.996751668652,0,434380800,45000000,479380800,798968.0,45.717315673828125,0.211961181717709,0.02656653652387419,0.211961181717709,0.2371189269264516,0.5129699327999999,6.4,12.476364774571055,8.97122304,3.9105331199999998,1,HEADROOM
720p,5,8,adversarial,independent_au,0.4,400,60.802374026520475,36.666242884325584,44.200750234325824,56.113350596826194,0,574830592,45000000,619830592,1033050.9866666667,59.11165161132813,0.14205288332475147,0.01573650163817527,0.14205288332475147,0.1612026706261126,0.5129699327999999,6.4,12.476364774571055,8.97122304,3.9105331199999998,1,HEADROOM
720p,5,8,adversarial,independent_au,0.4,800,60.85275291557264,28.496675298412356,36.95712722341341,45.987498317163045,0,579174400,45000000,624174400,1040290.6666666666,59.525909423828125,0.07321292955113223,0.01030888031495171,0.07321292955113223,0.1581547041567608,0.5129699327999999,6.4,12.476364774571055,8.97122304,3.9105331199999998,1,HEADROOM
720p,5,8,adversarial,independent_au,0.4,1600,60.8903372344815,22.410712049205813,34.323312411706866,41.86043592108217,0,579174400,45000000,624174400,1040290.6666666666,59.525909423828125,0.038224400761564005,0.007593237169594697,0.038224400761564005,0.15825238481298698,0.5129699327999999,6.4,12.476364774571055,8.97122304,3.9105331199999998,1,HEADROOM
720p,5,8,adversarial,raw_gather,0.4,12.5,4.209109829629297,66451.2414301504,125826.4147114006,131323.6472114003,600,143345664,1866240000,2009585664,3349309.44,191.6490234375,0.07677645199590818,0.9991782215597302,0.9991782215597302,0.05156073742801157,0.5129699327999999,6.4,12.476364774571055,8.97122304,3.9105331199999998,1,INTERCONNECT
720p,5,8,adversarial,raw_gather,0.4,25,8.404341494384687,30790.702248800277,58229.70271755074,60879.27896755078,599,146241536,1866240000,2012481536,3354135.8933333335,191.9251953125,0.07825383042429059,0.9978671633036825,0.9978671633036825,0.08129353753563229,0.5129699327999999,6.4,12.476364774571055,8.97122304,3.9105331199999998,1,INTERCONNECT
720p,5,8,adversarial,raw_gather,0.4,50,16.746828669860847,12965.233498800033,24445.4937331755,25671.24185817554,599,218638336,1866240000,2084878336,3474797.2266666666,198.8294921875,0.11673084727055419,0.9948649823229463,0.9948649823229463,0.11846420324071512,0.5129699327999999,6.4,12.476364774571055,8.97122304,3.9105331199999998,1,INTERCONNECT
720p,5,8,adversarial,raw_gather,0.4,100,33.24895152282512,4052.499123799982,7583.13232692501,8067.22330348755,598,360536064,1866240000,2226776064,3711293.44,212.3619140625,0.19163032344322078,0.9889264224751616,0.9889264224751616,0.17333005917721617,0.5129699327999999,6.4,12.476364774571055,8.97122304,3.9105331199999998,1,INTERCONNECT
720p,5,8,adversarial,raw_gather,0.4,125,41.40991825729627,2277.0993581749817,4198.778811299962,4546.419592549961,596,361984000,1866240000,2228224000,3713706.6666666665,212.5,0.19196801278651035,0.9859895646054048,0.9859895646054048,0.21479147564377005,0.5129699327999999,6.4,12.476364774571055,8.97122304,3.9105331199999998,1,INTERCONNECT
720p,5,8,adversarial,raw_gather,0.4,200,59.022385468985846,127.04984645624927,201.60756129999936,276.165276143749,0,434380800,1866240000,2300620800,3834368.0,219.404296875,0.20608345258745736,0.8801148370389045,0.8801148370389045,0.23054356811388477,0.5129699327999999,6.4,12.476364774571055,8.97122304,3.9105331199999998,1,INTERCONNECT_HEADROOM_LOW
720p,5,8,adversarial,raw_gather,0.4,400,60.05032432532062,71.68729762812427,109.16615504999936,146.645012471874,0,574830592,1866240000,2441070592,4068450.986666667,232.7986328125,0.14029586593572055,0.4501235087052056,0.4501235087052056,0.1592087941991147,0.5129699327999999,6.4,12.476364774571055,8.97122304,3.9105331199999998,1,HEADROOM
720p,5,8,adversarial,raw_gather,0.4,800,60.577838706041824,44.00602321406177,62.94545192499936,81.8848806359365,0,579174400,1866240000,2445414400,4075690.6666666665,233.212890625,0.0728821758269267,0.22946193152714797,0.22946193152714797,0.15744020935753356,0.5129699327999999,6.4,12.476364774571055,8.97122304,3.9105331199999998,1,HEADROOM
720p,5,8,adversarial,raw_gather,0.4,1600,60.84508670673662,30.16538600703052,39.83510036249936,49.50481471796775,0,579174400,1866240000,2445414400,4075690.6666666665,233.212890625,0.03819599437746842,0.11767092167757483,0.11767092167757483,0.15813477988164792,0.5129699327999999,6.4,12.476364774571055,8.97122304,3.9105331199999998,1,HEADROOM
720p,5,16,optimistic,owner_only,0.4,12.5,60.21526076633669,128.58308231280716,139.74013590562663,150.49690247279977,196,72396800,15000000,87396800,145661.33333333334,8.334808349609375,0.55472681738688,0.11966871615842768,0.55472681738688,0.13296870691494955,0.02927149056,0.8,27.33034719773423,0.506068992,0.2875392,1,BURST_OR_PER_FRAME_LATENCY
720p,5,16,optimistic,owner_only,0.4,25,60.556737995673025,72.39503299640091,82.84672195640815,94.30885315639352,0,72396800,15000000,87396800,145661.33333333334,8.334808349609375,0.27913817618911696,0.06259594475146987,0.27913817618911696,0.1337227646911327,0.02927149056,0.8,27.33034719773423,0.506068992,0.2875392,1,HEADROOM
720p,5,16,optimistic,owner_only,0.4,50,60.728933113290715,44.30100833819779,54.75269729820502,66.2148284981904,0,72396800,15000000,87396800,145661.33333333334,8.334808349609375,0.14016838725948091,0.033816126535512483,0.14016838725948091,0.13410300986212917,0.02927149056,0.8,27.33034719773423,0.506068992,0.2875392,1,HEADROOM
720p,5,16,optimistic,owner_only,0.4,100,60.81539842690979,30.253996009096227,40.70568496910346,52.16781616908884,0,72396800,15000000,87396800,145661.33333333334,8.334808349609375,0.07038669687464497,0.019364752754592207,0.07038669687464497,0.13429394453215474,0.02927149056,0.8,27.33034719773423,0.506068992,0.2875392,1,HEADROOM
720p,5,16,optimistic,owner_only,0.4,125,60.83272104409974,27.444593543275914,37.896282503283146,49.358413703268525,0,72396800,15000000,87396800,145661.33333333334,8.334808349609375,0.056406506913963934,0.016469538414900856,0.056406506913963934,0.13433219672900346,0.02927149056,0.8,27.33034719773423,0.506068992,0.2875392,1,HEADROOM
720p,5,16,optimistic,owner_only,0.4,200,60.85872348090354,23.230489844545446,33.68217880455268,45.144310004538056,0,72396800,15000000,87396800,145661.33333333334,8.334808349609375,0.03542128268534698,0.012123623067598155,0.03542128268534698,0.13438961590072898,0.02927149056,0.8,27.33034719773423,0.506068992,0.2875392,1,HEADROOM
720p,5,16,optimistic,owner_only,0.4,400,60.880409164813,19.718736762270055,30.170425722277287,41.632556922262665,0,72396800,15000000,87396800,145661.33333333334,8.334808349609375,0.01791988684215459,0.008499187895234073,0.01791988684215459,0.13443750272063656,0.02927149056,0.8,27.33034719773423,0.506068992,0.2875392,1,HEADROOM
720p,5,16,optimistic,owner_only,0.4,800,60.891257803217194,17.96286022113236,28.41454918113959,39.87668038112497,0,72396800,15000000,87396800,145661.33333333334,8.334808349609375,0.009164510905470854,0.0066860015199010445,0.009164510905470854,0.13446145893044179,0.02927149056,0.8,27.33034719773423,0.506068992,0.2875392,1,HEADROOM
720p,5,16,optimistic,owner_only,0.4,1600,60.89668357243553,17.084921950563512,27.536610910570744,38.99874211055612,0,72396800,15000000,87396800,145661.33333333334,8.334808349609375,0.0047856527038894646,0.005779165983878364,0.005779165983878364,0.13447344023730318,0.02927149056,0.8,27.33034719773423,0.506068992,0.2875392,1,HEADROOM
720p,5,16,optimistic,finishing_owner,0.4,12.5,60.21526076633669,128.58308231280716,139.74013590562663,150.49690247279977,196,72396800,15000000,87396800,145661.33333333334,8.334808349609375,0.55472681738688,0.11966871615842768,0.55472681738688,0.13296870691494955,0.02927149056,12.8,437.2855551637477,0.506068992,0.2875392,1,BURST_OR_PER_FRAME_LATENCY
720p,5,16,optimistic,finishing_owner,0.4,25,60.556737995673025,72.39503299640091,82.84672195640815,94.30885315639352,0,72396800,15000000,87396800,145661.33333333334,8.334808349609375,0.27913817618911696,0.06259594475146987,0.27913817618911696,0.1337227646911327,0.02927149056,12.8,437.2855551637477,0.506068992,0.2875392,1,HEADROOM
720p,5,16,optimistic,finishing_owner,0.4,50,60.029467803487464,44.30100833819779,54.75269729820502,112.64852487281132,0,73844736,21912000,95756736,159594.56,9.132073974609375,0.1413250311486644,0.0466167068693047,0.1413250311486644,0.13141165861345355,0.02927149056,12.8,437.2855551637477,0.506068992,0.2875392,1,HEADROOM
720p,5,16,optimistic,finishing_owner,0.4,100,60.277269187360034,30.253996009096227,71.39687015461004,112.53974430011112,0,144793600,223742400,368536000,614226.6666666666,35.146331787109375,0.13952775068377263,0.2191856114536893,0.2191856114536893,0.10330408201638787,0.02927149056,12.8,437.2855551637477,0.506068992,0.2875392,1,HEADROOM
720p,5,16,optimistic,finishing_owner,0.4,125,60.3291860299507,35.619188614921356,68.62882028296826,101.62311959937324,0,146241536,291480000,437721536,729535.8933333333,41.744378662109376,0.11298996692937574,0.22842800856823145,0.22842800856823145,0.09199694220236958,0.02927149056,12.8,437.2855551637477,0.506068992,0.2875392,1,HEADROOM
720p,5,16,optimistic,finishing_owner,0.4,200,60.570381916261226,30.134432743199795,50.905869815956976,71.67730688870688,0,215742464,361982400,577724864,962874.7733333333,55.096136474609374,0.10504723701767753,0.17909315143689836,0.17909315143689836,0.08066423416638026,0.02927149056,12.8,437.2855551637477,0.506068992,0.2875392,1,HEADROOM
720p,5,16,optimistic,finishing_owner,0.4,400,60.841271133686924,19.942441651375702,33.8240586252532,44.40977716162888,0,286691328,497457600,784148928,1306914.88,74.78226928710937,0.07090902008473647,0.12513339239812904,0.12513339239812904,0.058244215235979536,0.02927149056,12.8,437.2855551637477,0.506068992,0.2875392,1,HEADROOM
720p,5,16,optimistic,finishing_owner,0.4,800,60.988109146920394,13.155185486824848,20.29599397376387,27.436802460701074,0,360536064,569342400,929878464,1549797.44,88.68012084960938,0.045695592910161446,0.07386768274820757,0.07386768274820757,0.04626785440653446,0.02927149056,12.8,437.2855551637477,0.506068992,0.2875392,1,HEADROOM
720p,5,16,optimistic,finishing_owner,0.4,1600,61.08769073861024,8.891941811592915,12.662346055062699,17.256724907905664,0,435828736,637080000,1072908736,1788181.2266666666,102.32055053710937,0.028867412810026877,0.04354832237121996,0.04354832237121996,0.034906880325771494,0.02927149056,12.8,437.2855551637477,0.506068992,0.2875392,1,HEADROOM
720p,5,16,optimistic,independent_au,0.4,12.5,60.15698355102715,131.4256208200768,144.70022409156172,157.97482736304482,196,72396800,20250000,92646800,154411.33333333334,8.835487365722656,0.5541899446113842,0.15971201812981847,0.5541899446113842,0.1328400178440447,0.02927149056,12.8,437.2855551637477,0.506068992,0.2875392,1,BURST_OR_PER_FRAME_LATENCY
720p,5,16,optimistic,independent_au,0.4,25,60.55469800962906,72.7288190071431,83.2659842942985,94.64263916713571,0,72396800,20250000,92646800,154411.33333333334,8.835487365722656,0.2791287728096978,0.08280614715062293,0.2791287728096978,0.13371825994760195,0.02927149056,12.8,437.2855551637477,0.506068992,0.2875392,1,HEADROOM
720p,5,16,optimistic,independent_au,0.4,50,60.79844070413329,44.46790134356888,54.919590303576115,61.79686902356298,0,73844736,20250000,94094736,156824.56,8.973573303222656,0.14313539401065095,0.04400166543585962,0.14313539401065095,0.1330950319299299,0.02927149056,12.8,437.2855551637477,0.506068992,0.2875392,1,HEADROOM
720p,5,16,optimistic,independent_au,0.4,100,60.936072981669895,30.337442511781774,34.922294991788476,40.92316778178247,0,144793600,20250000,165043600,275072.6666666667,15.739784240722656,0.14105272706046068,0.02448807995256435,0.14105272706046068,0.10443314977472562,0.02927149056,12.8,437.2855551637477,0.506068992,0.2875392,1,HEADROOM
720p,5,16,optimistic,independent_au,0.4,125,60.971920485316424,25.221160370858343,30.750504785430167,36.010543305428655,0,146241536,20250000,166491536,277485.8933333333,15.877870178222656,0.1141937382651947,0.02057753937780434,0.1141937382651947,0.09297705826944858,0.02927149056,12.8,437.2855551637477,0.506068992,0.2875392,1,HEADROOM
720p,5,16,optimistic,independent_au,0.4,200,61.0274240726019,18.928293156783184,23.513145636788067,27.857065575893557,0,215742464,20250000,235992464,393320.7733333333,22.505995178222655,0.10583988540795126,0.014703492346000472,0.10583988540795126,0.08127289725148248,0.02927149056,12.8,437.2855551637477,0.506068992,0.2875392,1,HEADROOM
720p,5,16,optimistic,independent_au,0.4,400,61.085992624127144,13.049337822945745,16.39446810544723,19.900064658393575,0,286691328,20250000,306941328,511568.88,29.272206115722657,0.07119423702313118,0.009802241412932946,0.07119423702313118,0.05847849060361199,0.02927149056,12.8,437.2855551637477,0.506068992,0.2875392,1,HEADROOM
720p,5,16,optimistic,independent_au,0.4,800,61.127035674850845,9.636956250222283,11.44303046897312,13.73545670897147,0,360536064,20250000,380786064,634643.44,36.314588928222655,0.04579968418555152,0.007349495146099165,0.04579968418555152,0.04637324925247085,0.02927149056,12.8,437.2855551637477,0.506068992,0.2875392,1,HEADROOM
720p,5,16,optimistic,independent_au,0.4,1600,61.1515286538839,7.107728354485516,8.457117485111667,10.245570073970157,0,435828736,20250000,456078736,760131.2266666667,43.49505767822266,0.028897579860554645,0.006122281153034956,0.028897579860554645,0.03494335874624804,0.02927149056,12.8,437.2855551637477,0.506068992,0.2875392,1,HEADROOM
720p,5,16,optimistic,raw_gather,0.4,12.5,4.20926668951291,66445.9293277504,125821.1026090006,131318.3351090003,600,72396800,1866240000,1938636800,3231061.3333333335,184.8828125,0.038777430911857515,0.9992154576941834,0.9992154576941834,0.009294998338321614,0.02927149056,12.8,437.2855551637477,0.506068992,0.2875392,1,INTERCONNECT
720p,5,16,optimistic,raw_gather,0.4,25,8.40591835573637,30777.309926240276,58216.31039499074,60865.88664499078,599,72396800,1866240000,1938636800,3231061.3333333335,184.8828125,0.03874734334571538,0.9980543877477366,0.9980543877477366,0.018562139895602132,0.02927149056,12.8,437.2855551637477,0.506068992,0.2875392,1,INTERCONNECT
720p,5,16,optimistic,raw_gather,0.4,50,16.753090945419096,12951.841176240032,24432.101410615498,25657.84953561554,599,73844736,1866240000,1940084736,3233474.56,185.0208984375,0.039441147595185105,0.9952370001410883,0.9952370001410883,0.036674512511864266,0.02927149056,12.8,437.2855551637477,0.506068992,0.2875392,1,INTERCONNECT
720p,5,16,optimistic,raw_gather,0.4,100,33.27364504184058,4039.106801239981,7569.740004365009,8053.830980927549,596,144793600,1866240000,2011033600,3351722.6666666665,191.787109375,0.07702068976130422,0.989660883933338,0.989660883933338,0.057024868623399234,0.02927149056,12.8,437.2855551637477,0.506068992,0.2875392,1,INTERCONNECT
720p,5,16,optimistic,raw_gather,0.4,125,41.44822850829463,2263.7070356149816,4185.386488739963,4533.0272699899615,594,146241536,1866240000,2012481536,3354135.8933333335,191.9251953125,0.07762799859604284,0.9869017496396059,0.9869017496396059,0.06320506761976123,0.02927149056,12.8,437.2855551637477,0.506068992,0.2875392,1,INTERCONNECT
720p,5,16,optimistic,raw_gather,0.4,200,59.10024480370247,113.65752389624868,188.21523873999922,262.77295358374795,0,215742464,1866240000,2081982464,3469970.7733333334,198.5533203125,0.10249757764909456,0.8812758398540498,0.8812758398540498,0.07870638809454811,0.02927149056,12.8,437.2855551637477,0.506068992,0.2875392,1,INTERCONNECT_HEADROOM_LOW
720p,5,16,optimistic,raw_gather,0.4,400,60.130921137509965,58.29497506812368,95.77383248999922,133.25268991187295,0,286691328,1866240000,2152931328,3588218.88,205.31953125,0.07008112446047468,0.45072764399174603,0.45072764399174603,0.05756418706925539,0.02927149056,12.8,437.2855551637477,0.506068992,0.2875392,1,HEADROOM
720p,5,16,optimistic,raw_gather,0.4,800,60.65985871635341,30.613700654061176,49.55312936499922,68.49255807593545,0,360536064,1866240000,2226776064,3711293.44,212.3619140625,0.04544964991803425,0.2297726139547813,0.2297726139547813,0.04601883138642789,0.02927149056,12.8,437.2855551637477,0.506068992,0.2875392,1,HEADROOM
720p,5,16,optimistic,raw_gather,0.4,1600,60.92783249418692,16.773063447029926,26.442777802499222,36.1124921579667,0,435828736,1866240000,2302068736,3836781.2266666666,219.5423828125,0.028791870685630657,0.11783094730332737,0.11783094730332737,0.03481553372976004,0.02927149056,12.8,437.2855551637477,0.506068992,0.2875392,1,HEADROOM
720p,5,16,median,owner_only,0.4,12.5,59.78563427461033,150.9352000728104,175.51427975280967,202.94220935280828,245,72396800,15000000,87396800,145661.33333333334,8.334808349609375,0.5507689280846105,0.11881489853747527,0.5507689280846105,0.31376587531004263,0.13353320448,0.8,5.991019260829769,2.3233167359999998,1.1501568,1,BURST_OR_PER_FRAME_LATENCY
720p,5,16,median,owner_only,0.4,25,60.12224249406661,94.74715075640415,119.32623043640547,146.75416003640203,0,72396800,15000000,87396800,145661.33333333334,8.334808349609375,0.27713535559647784,0.06214681791086527,0.27713535559647784,0.31553245642765915,0.13353320448,0.8,5.991019260829769,2.3233167359999998,1.1501568,1,HEADROOM
720p,5,16,median,owner_only,0.4,50,60.29197200845174,66.65312609820103,91.23220577820234,118.6601353781989,0,72396800,15000000,87396800,145661.33333333334,8.334808349609375,0.1391598377885699,0.03357281035564866,0.1391598377885699,0.31642322776918885,0.13353320448,0.8,5.991019260829769,2.3233167359999998,1.1501568,1,HEADROOM
720p,5,16,median,owner_only,0.4,100,60.37719664280507,52.606113769099466,77.18519344910078,104.61312304909734,0,72396800,15000000,87396800,145661.33333333334,8.334808349609375,0.06987952966131533,0.019225221165137814,0.06987952966131533,0.3168705021407047,0.13353320448,0.8,5.991019260829769,2.3233167359999998,1.1501568,1,HEADROOM
720p,5,16,median,owner_only,0.4,125,60.39427049011209,49.79671130327915,74.37579098328047,101.80372058327703,0,72396800,15000000,87396800,145661.33333333334,8.334808349609375,0.05599995820497215,0.01635083456411142,0.05599995820497215,0.3169601087947144,0.13353320448,0.8,5.991019260829769,2.3233167359999998,1.1501568,1,HEADROOM
720p,5,16,median,owner_only,0.4,200,60.41989937469741,45.582607604548684,70.16168728455,97.58961688454656,0,72396800,15000000,87396800,145661.33333333334,8.334808349609375,0.03516587619920946,0.012036205229163073,0.03516587619920946,0.3170946138393242,0.13353320448,0.8,5.991019260829769,2.3233167359999998,1.1501568,1,HEADROOM
720p,5,16,median,owner_only,0.4,400,60.441273400296126,42.070854522273294,66.64993420227461,94.07786380227117,0,72396800,15000000,87396800,145661.33333333334,8.334808349609375,0.017790629116780532,0.008437882502820526,0.017790629116780532,0.31720678861060914,0.13353320448,0.8,5.991019260829769,2.3233167359999998,1.1501568,1,HEADROOM
720p,5,16,median,owner_only,0.4,800,60.45196608502389,40.3149779811356,64.89405766113691,92.32198726113347,0,72396800,15000000,87396800,145661.33333333334,8.334808349609375,0.009098394784909244,0.006637766269037739,0.009098394784909244,0.31726290576356286,0.13353320448,0.8,5.991019260829769,2.3233167359999998,1.1501568,1,HEADROOM
720p,5,16,median,owner_only,0.4,1600,60.45731384624794,39.43703971056675,64.01611939056806,91.44404899056462,0,72396800,15000000,87396800,145661.33333333334,8.334808349609375,0.004751124207511896,0.005737469286669741,0.005737469286669741,0.3172909717864758,0.13353320448,0.8,5.991019260829769,2.3233167359999998,1.1501568,1,HEADROOM
720p,5,16,median,finishing_owner,0.4,12.5,59.19479374245754,150.9352000728104,175.51427975280967,202.94220935280828,245,73844736,16382400,90227136,150378.56,8.604730224609375,0.5562323886526025,0.12804602725123257,0.5562323886526025,0.31012383992764475,0.13353320448,12.8,95.8563081732763,2.3233167359999998,1.1501568,1,BURST_OR_PER_FRAME_LATENCY
720p,5,16,median,finishing_owner,0.4,25,58.275941939421315,94.74715075640415,168.0672096328126,331.4387062148435,5,143345664,91032000,234377664,390629.44,22.351995849609374,0.5318770554760368,0.34194333722072895,0.5318770554760368,0.29009719962045943,0.13353320448,12.8,95.8563081732763,2.3233167359999998,1.1501568,1,BURST_OR_PER_FRAME_LATENCY
720p,5,16,median,finishing_owner,0.4,50,59.20484549283848,87.91544314281148,143.61012562741962,225.49587391843488,0,144793600,225124800,369918400,616530.6666666666,35.278167724609375,0.2733012844206125,0.4284373242940289,0.4284373242940289,0.22872300548744878,0.13353320448,12.8,95.8563081732763,2.3233167359999998,1.1501568,1,HEADROOM
720p,5,16,median,finishing_owner,0.4,100,59.93396557331944,60.903635236405535,102.04650938191298,143.18938352742043,0,217190400,363364800,580555200,967592.0,55.366058349609375,0.2080916337231697,0.3509450108147299,0.3509450108147299,0.17674429095632826,0.13353320448,12.8,95.8563081732763,2.3233167359999998,1.1501568,1,HEADROOM
720p,5,16,median,finishing_owner,0.4,125,60.114666834041785,50.03105707640498,93.57223139281086,137.11340570921675,0,217190400,429720000,646910400,1078184.0,61.694183349609375,0.16721408059334572,0.33328607448915176,0.33328607448915176,0.16459665554548594,0.13353320448,12.8,95.8563081732763,2.3233167359999998,1.1501568,1,HEADROOM
720p,5,16,median,finishing_owner,0.4,200,60.42839913037923,40.22561674275312,67.58885069050666,94.9520846382602,0,289587200,498840000,788427200,1314045.3333333333,75.19027709960938,0.1406671788294186,0.2443980757796357,0.2443980757796357,0.13754498496563347,0.13353320448,12.8,95.8563081732763,2.3233167359999998,1.1501568,1,HEADROOM
720p,5,16,median,finishing_owner,0.4,400,60.780103767579845,26.571104413651483,40.4527213875283,54.33433836140466,0,363431936,567960000,931391936,1552319.8933333333,88.82445678710937,0.08978530710347665,0.14203521748832018,0.14203521748832018,0.09728588898072249,0.13353320448,12.8,95.8563081732763,2.3233167359999998,1.1501568,1,HEADROOM
720p,5,16,median,finishing_owner,0.4,800,60.95751413418342,18.09293974079992,25.23374822773826,32.374556714676146,0,508225536,638462400,1146687936,1911146.56,109.35668334960937,0.06437235923514512,0.08220186727768267,0.08220186727768267,0.06914690276991615,0.13353320448,12.8,95.8563081732763,2.3233167359999998,1.1501568,1,HEADROOM
720p,5,16,median,finishing_owner,0.4,1600,61.062388565661784,12.961821525511823,16.732225768981152,21.326604621825027,0,651571200,704817600,1356388800,2260648.0,129.35531616210938,0.04313108224070964,0.04763924995545418,0.04763924995545418,0.05580557618855519,0.13353320448,12.8,95.8563081732763,2.3233167359999998,1.1501568,1,HEADROOM
720p,5,16,median,independent_au,0.4,12.5,59.7990182444665,152.4610789790604,177.91665019812172,204.46808825905828,245,73844736,27000000,100844736,168074.56,9.617303466796875,0.5619100710430018,0.21008755770535886,0.5619100710430018,0.3132893957289987,0.13353320448,12.8,95.8563081732763,2.3233167359999998,1.1501568,1,BURST_OR_PER_FRAME_LATENCY
720p,5,16,median,independent_au,0.4,25,60.31377872276152,95.51009020952915,117.45243388953054,131.51885752953058,0,143345664,27000000,170345664,283909.44,16.245428466796874,0.5504761306997449,0.10836056534577507,0.5504761306997449,0.3002415357642679,0.13353320448,12.8,95.8563081732763,2.3233167359999998,1.1501568,1,HEADROOM
720p,5,16,median,independent_au,0.4,50,60.604729938951934,62.48731678952936,75.156917744765,89.24619740476373,0,144793600,27000000,171793600,286322.6666666667,16.383514404296875,0.27976342808433546,0.05686583535107993,0.27976342808433546,0.23413110638163875,0.13353320448,12.8,95.8563081732763,2.3233167359999998,1.1501568,1,HEADROOM
720p,5,16,median,independent_au,0.4,100,60.806149300328556,41.82567679238127,50.457152154765026,60.91917055238082,0,217190400,27000000,244190400,406984.0,23.287811279296875,0.21111986879695374,0.03095966023430565,0.21111986879695374,0.17931634660022344,0.13353320448,12.8,95.8563081732763,2.3233167359999998,1.1501568,1,HEADROOM
720p,5,16,median,independent_au,0.4,125,60.843634756753154,38.97812735390471,44.88703602781197,55.434885113903874,0,217190400,27000000,244190400,406984.0,23.287811279296875,0.16924176713637745,0.025756495022895107,0.16924176713637745,0.16659260243161736,0.13353320448,12.8,95.8563081732763,2.3233167359999998,1.1501568,1,HEADROOM
720p,5,16,median,independent_au,0.4,200,60.928019376186306,29.221217276190146,34.70680319619123,43.123701837382896,0,289587200,27000000,316587200,527645.3333333334,30.192108154296875,0.1418302109711787,0.017947976176523574,0.1418302109711787,0.13868220289937006,0.13353320448,12.8,95.8563081732763,2.3233167359999998,1.1501568,1,HEADROOM
720p,5,16,median,independent_au,0.4,400,61.01299019070159,20.17619455809472,25.28705395059569,30.397913343094842,0,363431936,27000000,390431936,650719.8933333333,37.234490966796876,0.09012933052107683,0.011427022907858127,0.09012933052107683,0.09765865179783739,0.13353320448,12.8,95.8563081732763,2.3233167359999998,1.1501568,1,HEADROOM
720p,5,16,median,independent_au,0.4,800,61.06568134747188,14.783245374344915,18.395393811845224,22.007542249344624,0,508225536,27000000,535225536,892042.56,51.043084716796876,0.06448658598487676,0.0081610729280126,0.06448658598487676,0.06926960179868044,0.13353320448,12.8,95.8563081732763,2.3233167359999998,1.1501568,1,HEADROOM
720p,5,16,median,independent_au,0.4,1600,61.10944407107612,11.33771416467198,13.907105258273873,16.93012217482101,0,651571200,27000000,678571200,1130952.0,64.71359252929688,0.0431643196380925,0.006527838543511155,0.0431643196380925,0.05584858072300222,0.13353320448,12.8,95.8563081732763,2.3233167359999998,1.1501568,1,HEADROOM
720p,5,16,median,raw_gather,0.4,12.5,4.209226684233512,66447.28407975039,125822.45736100059,131319.68986100028,600,73844736,1866240000,1940084736,3233474.56,185.0208984375,0.03955260361473603,0.999205961053435,0.999205961053435,0.02205230325017786,0.13353320448,12.8,95.8563081732763,2.3233167359999998,1.1501568,1,INTERCONNECT
720p,5,16,median,raw_gather,0.4,25,8.405542327642346,30780.503085920274,58219.50355467074,60869.07980467078,599,143345664,1866240000,2009585664,3349309.44,191.6490234375,0.07671630786428088,0.9980097410508173,0.9980097410508173,0.04184272633593911,0.13353320448,12.8,95.8563081732763,2.3233167359999998,1.1501568,1,INTERCONNECT
720p,5,16,median,raw_gather,0.4,50,16.751597392692027,12955.03433592003,24435.294570295497,25661.04269529554,599,144793600,1866240000,2011033600,3351722.6666666665,191.787109375,0.07732868898498359,0.9951482738910797,0.9951482738910797,0.0647155764106452,0.13353320448,12.8,95.8563081732763,2.3233167359999998,1.1501568,1,INTERCONNECT
720p,5,16,median,raw_gather,0.4,100,33.26775398454095,4042.2999609199815,7572.933164045011,8057.024140607551,597,217190400,1866240000,2083430400,3472384.0,198.69140625,0.11550614431602677,0.9894856657098123,0.9894856657098123,0.09810606612562911,0.13353320448,12.8,95.8563081732763,2.3233167359999998,1.1501568,1,INTERCONNECT
720p,5,16,median,raw_gather,0.4,125,41.43908768011744,2266.900195294981,4188.579648419962,4536.22042966996,594,217190400,1866240000,2083430400,3472384.0,198.69140625,0.11526636197098582,0.9866841022359436,0.9866841022359436,0.11346208172181084,0.13353320448,12.8,95.8563081732763,2.3233167359999998,1.1501568,1,INTERCONNECT
720p,5,16,median,raw_gather,0.4,200,59.08166199440975,116.85068357624914,191.408398419999,265.9661132637484,0,289587200,1866240000,2155827200,3593045.3333333335,205.595703125,0.1375322006359221,0.8809987414948012,0.8809987414948012,0.13447958952598396,0.13353320448,12.8,95.8563081732763,2.3233167359999998,1.1501568,1,INTERCONNECT_HEADROOM_LOW
720p,5,16,median,raw_gather,0.4,400,60.11168463371662,61.48813474812414,98.966992169999,136.4458495918734,0,363431936,1866240000,2229671936,3716119.8933333335,212.6380859375,0.08879790804543554,0.4505834515551528,0.4505834515551528,0.0962160035146122,0.13353320448,12.8,95.8563081732763,2.3233167359999998,1.1501568,1,HEADROOM
720p,5,16,median,raw_gather,0.4,800,60.64028235397426,33.80686033406164,52.746289044999,71.68571775593591,0,508225536,1866240000,2374465536,3957442.56,226.4466796875,0.06403735610375959,0.2296984609308414,0.2296984609308414,0.06878705221870494,0.13353320448,12.8,95.8563081732763,2.3233167359999998,1.1501568,1,HEADROOM
720p,5,16,median,raw_gather,0.4,1600,60.908082815044985,19.96622312703039,29.635937482499003,39.30565183796716,0,651571200,1866240000,2517811200,4196352.0,240.1171875,0.043022089222644014,0.11779275255214444,0.11779275255214444,0.05566455449705817,0.13353320448,12.8,95.8563081732763,2.3233167359999998,1.1501568,1,HEADROOM
720p,5,16,adversarial,owner_only,0.4,12.5,58.4556333891586,222.32934023281132,291.6624218328161,370.08616583281764,599,72396800,15000000,87396800,145661.33333333334,8.334808349609375,0.5385164334691454,0.11617172309613336,0.5385164334691454,0.8725785566106029,0.5129699327999999,0.8,1.5595455968213818,8.97122304,3.9105331199999998,1,BURST_OR_PER_FRAME_LATENCY
720p,5,16,adversarial,owner_only,0.4,25,58.77739141081722,166.14129091640507,235.47437251640986,313.8981165164114,294,72396800,15000000,87396800,145661.33333333334,8.334808349609375,0.2709362225016434,0.060756679886719255,0.2709362225016434,0.8773815008922542,0.5129699327999999,0.8,1.5595455968213818,8.97122304,3.9105331199999998,1,BURST_OR_PER_FRAME_LATENCY
720p,5,16,adversarial,owner_only,0.4,50,58.939602379713854,138.04726625820194,207.38034785820673,285.80409185820827,0,72396800,15000000,87396800,145661.33333333334,8.334808349609375,0.13603843485719835,0.03281976069474203,0.13603843485719835,0.8798028554290178,0.5129699327999999,0.8,1.5595455968213818,8.97122304,3.9105331199999998,1,NODE_QUEUE_HEADROOM_LOW
720p,5,16,adversarial,owner_only,0.4,100,59.021044074511956,124.00025392910038,193.33333552910517,271.7570795291067,0,72396800,15000000,87396800,145661.33333333334,8.334808349609375,0.06830994198764513,0.01879339699129698,0.06830994198764513,0.8810185513743812,0.5129699327999999,0.8,1.5595455968213818,8.97122304,3.9105331199999998,1,NODE_QUEUE_HEADROOM_LOW
720p,5,16,adversarial,owner_only,0.4,125,59.03735942926222,121.19085146328007,190.52393306328486,268.9476770632864,0,72396800,15000000,87396800,145661.33333333334,8.334808349609375,0.05474177655828933,0.015983471433567414,0.05474177655828933,0.8812620938333912,0.5129699327999999,0.8,1.5595455968213818,8.97122304,3.9105331199999998,1,NODE_QUEUE_HEADROOM_LOW
720p,5,16,adversarial,owner_only,0.4,200,59.06184938127779,116.9767477645496,186.3098293645544,264.7335733645559,0,72396800,15000000,87396800,145661.33333333334,8.334808349609375,0.034375457505448265,0.011765669054799512,0.034375457505448265,0.8816276600883822,0.5129699327999999,0.8,1.5595455968213818,8.97122304,3.9105331199999998,1,NODE_QUEUE_HEADROOM_LOW
720p,5,16,adversarial,owner_only,0.4,400,59.08227320061357,113.46499468227421,182.798076282279,261.22182028228053,0,72396800,15000000,87396800,145661.33333333334,8.334808349609375,0.01739061324745796,0.00824815976269416,0.01739061324745796,0.8819325303936589,0.5129699327999999,0.8,1.5595455968213818,8.97122304,3.9105331199999998,1,NODE_QUEUE_HEADROOM_LOW
720p,5,16,adversarial,owner_only,0.4,800,59.092490408175145,111.70911814113651,181.0421997411413,259.46594374114284,0,72396800,15000000,87396800,145661.33333333334,8.334808349609375,0.00889378528732806,0.006488492682490165,0.00889378528732806,0.882085044628982,0.5129699327999999,0.8,1.5595455968213818,8.97122304,3.9105331199999998,1,NODE_QUEUE_HEADROOM_LOW
720p,5,16,adversarial,owner_only,0.4,1600,59.097600337231086,110.83117987056767,180.16426147057246,258.588005470574,0,72396800,15000000,87396800,145661.33333333334,8.334808349609375,0.004644269182751779,0.005608430895773081,0.005608430895773081,0.8821613215292821,0.5129699327999999,0.8,1.5595455968213818,8.97122304,3.9105331199999998,1,NODE_QUEUE_HEADROOM_LOW
720p,5,16,adversarial,finishing_owner,0.4,12.5,47.7418162776939,1123.7853072945118,1902.2241622749661,2439.2686056343355,599,143345664,157387200,300732864,501221.44,28.680120849609374,0.8708366885177372,0.9592675959914856,0.9592675959914856,0.5848275177099244,0.5129699327999999,12.8,24.95272954914211,8.97122304,3.9105331199999998,1,INTERCONNECT
720p,5,16,adversarial,finishing_owner,0.4,25,51.62140132844066,757.0434914757634,1316.7150344444963,1605.946704366368,597,146241536,292862400,439103936,731839.8933333333,41.876214599609376,0.48065305158281135,0.9653041991827339,0.9653041991827339,0.4993236328318391,0.5129699327999999,12.8,24.95272954914211,8.97122304,3.9105331199999998,1,INTERCONNECT
720p,5,16,adversarial,finishing_owner,0.4,50,58.52566059991946,152.96487209101497,234.85062038203068,343.10355617304594,56,218638336,431102400,649740736,1082901.2266666666,61.964105224609376,0.40794290570324776,0.8067397242744679,0.8067397242744679,0.4140005184733034,0.5129699327999999,12.8,24.95272954914211,8.97122304,3.9105331199999998,1,INTERCONNECT
720p,5,16,adversarial,finishing_owner,0.4,100,59.55538095600003,98.17498561640559,152.5014535119135,206.82792140742094,0,360536064,567960000,928496064,1547493.44,88.54828491210938,0.3432474226306913,0.5423995052154525,0.5423995052154525,0.3104680668904302,0.5129699327999999,12.8,24.95272954914211,8.97122304,3.9105331199999998,1,HEADROOM
720p,5,16,adversarial,finishing_owner,0.4,125,59.798020548510195,81.78893825312434,125.33011256953068,179.41816188593657,0,361984000,569342400,931326400,1552210.6666666667,88.81820678710938,0.2772115390795731,0.4376953779793539,0.4376953779793539,0.3101697761001473,0.5129699327999999,12.8,24.95272954914211,8.97122304,3.9105331199999998,1,HEADROOM
720p,5,16,adversarial,finishing_owner,0.4,200,60.24414918463209,64.00087337275318,91.36410732050717,118.72734126826072,0,435828736,637080000,1072908736,1788181.2266666666,102.32055053710937,0.21105065293554265,0.309839089907878,0.309839089907878,0.23531582128798206,0.5129699327999999,12.8,24.95272954914211,8.97122304,3.9105331199999998,1,HEADROOM
720p,5,16,adversarial,finishing_owner,0.4,400,60.65490157063632,40.35610179682544,57.533617208202486,71.41523418207908,0,580622336,704817600,1285439936,2142399.8933333335,122.58910522460937,0.14313662347805184,0.17472818142327862,0.17472818142327862,0.15922608853992665,0.5129699327999999,12.8,24.95272954914211,8.97122304,3.9105331199999998,1,HEADROOM
720p,5,16,adversarial,finishing_owner,0.4,800,60.87375478766537,29.988374517162356,37.12918300410092,45.917940709789036,0,726863872,707582400,1434446272,2390743.7866666666,136.79945678710936,0.09192030899238879,0.09044865494648033,0.09192030899238879,0.156617971549301,0.5129699327999999,12.8,24.95272954914211,8.97122304,3.9105331199999998,1,HEADROOM
720p,5,16,adversarial,finishing_owner,0.4,1600,60.98323993419494,23.084077642162356,27.678456495006685,33.80132964869398,0,870209536,772555200,1642764736,2737941.2266666666,156.66625366210937,0.05753212751712396,0.051681139340040635,0.05753212751712396,0.0819732925355913,0.5129699327999999,12.8,24.95272954914211,8.97122304,3.9105331199999998,1,HEADROOM
720p,5,16,adversarial,independent_au,0.4,12.5,53.739087151978865,727.2659336476563,1212.313786298435,1318.0032898984336,598,143345664,45000000,188345664,313909.44,17.962042236328124,0.9802301702807329,0.31179665019591185,0.9802301702807329,0.6582928634362208,0.5129699327999999,12.8,24.95272954914211,8.97122304,3.9105331199999998,1,INTERCONNECT
720p,5,16,adversarial,independent_au,0.4,25,59.776544986405426,144.93927054921824,177.5837488984398,206.01222354922174,200,146241536,45000000,191241536,318735.8933333333,18.238214111328126,0.5565865711003719,0.17580419063002417,0.5565865711003719,0.5782067288495564,0.5129699327999999,12.8,24.95272954914211,8.97122304,3.9105331199999998,1,BURST_OR_PER_FRAME_LATENCY
720p,5,16,adversarial,independent_au,0.4,50,60.233224395440956,100.28682277460894,119.64388167461038,145.59502697461176,0,218638336,45000000,263638336,439397.2266666667,25.142510986328126,0.4198451812056223,0.0909829766020358,0.4198451812056223,0.42607953286503697,0.5129699327999999,12.8,24.95272954914211,8.97122304,3.9105331199999998,1,HEADROOM
720p,5,16,adversarial,independent_au,0.4,100,60.522306532251484,72.03437953730418,85.92297328730456,101.60772208730486,0,360536064,45000000,405536064,675893.44,38.674932861328124,0.34882029793761293,0.04813071150468568,0.34882029793761293,0.3155087451577306,0.5129699327999999,12.8,24.95272954914211,8.97122304,3.9105331199999998,1,HEADROOM
720p,5,16,adversarial,independent_au,0.4,125,60.59792151810201,60.84445338984324,74.51807478984483,90.20282358984514,0,361984000,45000000,406984000,678306.6666666666,38.813018798828125,0.28091971832794643,0.03952224254909736,0.28091971832794643,0.31431882823205376,0.5129699327999999,12.8,24.95272954914211,8.97122304,3.9105331199999998,1,HEADROOM
720p,5,16,adversarial,independent_au,0.4,200,60.71391452930978,51.04386104365176,59.744312968652594,71.996751668652,0,435828736,45000000,480828736,801381.2266666667,45.855401611328126,0.21269636100948136,0.02657010101300271,0.21269636100948136,0.23715074168094302,0.5129699327999999,12.8,24.95272954914211,8.97122304,3.9105331199999998,1,HEADROOM
720p,5,16,adversarial,independent_au,0.4,400,60.862239337350545,36.666242884325584,44.200750234325824,54.377357209326874,0,580622336,45000000,625622336,1042703.8933333333,59.663995361328126,0.14362591003327596,0.015751995614800857,0.14362591003327596,0.15977037400978378,0.5129699327999999,12.8,24.95272954914211,8.97122304,3.9105331199999998,1,HEADROOM
720p,5,16,adversarial,independent_au,0.4,800,60.94970969665479,26.69060107966243,33.91489795466259,40.56927566091326,0,726863872,45000000,771863872,1286439.7866666666,73.61067504882813,0.09203500207692333,0.010325305469180732,0.09203500207692333,0.15681339080373385,0.5129699327999999,12.8,24.95272954914211,8.97122304,3.9105331199999998,1,HEADROOM
720p,5,16,adversarial,independent_au,0.4,1600,60.99326046346809,21.467674939830886,26.182860486705977,33.007157361706675,0,870209536,45000000,915209536,1525349.2266666666,87.28118286132812,0.05754158097300059,0.007606072054790787,0.05754158097300059,0.08198676206883282,0.5129699327999999,12.8,24.95272954914211,8.97122304,3.9105331199999998,1,HEADROOM
720p,5,16,adversarial,raw_gather,0.4,12.5,4.209109829629297,66451.2414301504,125826.4147114006,131323.6472114003,600,143345664,1866240000,2009585664,3349309.44,191.6490234375,0.07677645199590818,0.9991782215597302,0.9991782215597302,0.05156073742801157,0.5129699327999999,12.8,24.95272954914211,8.97122304,3.9105331199999998,1,INTERCONNECT
720p,5,16,adversarial,raw_gather,0.4,25,8.404341494384687,30790.702248800277,58229.70271755074,60879.27896755078,599,146241536,1866240000,2012481536,3354135.8933333335,191.9251953125,0.07825383042429059,0.9978671633036825,0.9978671633036825,0.08129353753563229,0.5129699327999999,12.8,24.95272954914211,8.97122304,3.9105331199999998,1,INTERCONNECT
720p,5,16,adversarial,raw_gather,0.4,50,16.746828669860847,12965.233498800033,24445.4937331755,25671.24185817554,599,218638336,1866240000,2084878336,3474797.2266666666,198.8294921875,0.11673084727055419,0.9948649823229463,0.9948649823229463,0.11846420324071512,0.5129699327999999,12.8,24.95272954914211,8.97122304,3.9105331199999998,1,INTERCONNECT
720p,5,16,adversarial,raw_gather,0.4,100,33.24895152282512,4052.499123799982,7583.13232692501,8067.22330348755,598,360536064,1866240000,2226776064,3711293.44,212.3619140625,0.19163032344322078,0.9889264224751616,0.9889264224751616,0.17333005917721617,0.5129699327999999,12.8,24.95272954914211,8.97122304,3.9105331199999998,1,INTERCONNECT
720p,5,16,adversarial,raw_gather,0.4,125,41.40991825729627,2277.0993581749817,4198.778811299962,4546.419592549961,596,361984000,1866240000,2228224000,3713706.6666666665,212.5,0.19196801278651035,0.9859895646054048,0.9859895646054048,0.21479147564377005,0.5129699327999999,12.8,24.95272954914211,8.97122304,3.9105331199999998,1,INTERCONNECT
720p,5,16,adversarial,raw_gather,0.4,200,59.022385468985846,127.04984645624927,201.60756129999936,276.165276143749,0,435828736,1866240000,2302068736,3836781.2266666666,219.5423828125,0.20677050235810082,0.8801148370389045,0.8801148370389045,0.23054356811388477,0.5129699327999999,12.8,24.95272954914211,8.97122304,3.9105331199999998,1,INTERCONNECT_HEADROOM_LOW
720p,5,16,adversarial,raw_gather,0.4,400,60.05032432532062,71.68729762812427,109.16615504999936,146.645012471874,0,580622336,1866240000,2446862336,4078103.8933333335,233.3509765625,0.14170991033063418,0.4501235087052056,0.4501235087052056,0.15763900377844606,0.5129699327999999,12.8,24.95272954914211,8.97122304,3.9105331199999998,1,HEADROOM
720p,5,16,adversarial,raw_gather,0.4,800,60.577838706041824,44.00602321406177,62.94545192499936,81.8848806359365,0,726863872,1866240000,2593103872,4321839.786666667,247.29765625,0.09147347114324457,0.22946193152714797,0.22946193152714797,0.1558566290526149,0.5129699327999999,12.8,24.95272954914211,8.97122304,3.9105331199999998,1,HEADROOM
720p,5,16,adversarial,raw_gather,0.4,1600,60.84508670673662,30.16538600703052,39.83510036249936,49.50481471796775,0,870209536,1866240000,2736449536,4560749.226666667,260.9681640625,0.05740179254135667,0.11767092167757483,0.11767092167757483,0.08178758782489706,0.5129699327999999,12.8,24.95272954914211,8.97122304,3.9105331199999998,1,HEADROOM
720p,10,4,optimistic,owner_only,0.4,12.5,54.14640247502449,652.1252523528101,1126.1294798328036,1168.3244798328033,552,144793600,15000000,159793600,266322.6666666667,15.239105224609375,0.99763618510181,0.10760777893045553,0.99763618510181,0.11500799846787979,0.028178841599999997,0.8,28.39009535438107,0.506068992,0.2875392,1,INTERCONNECT
720p,10,4,optimistic,owner_only,0.4,25,60.116901548996815,65.51775427640314,69.09216451640714,69.09216451640714,0,144793600,15000000,159793600,266322.6666666667,15.239105224609375,0.554221472686548,0.06214129711312129,0.554221472686548,0.1276894531345793,0.028178841599999997,0.8,28.39009535438107,0.506068992,0.2875392,1,HEADROOM
720p,10,4,optimistic,owner_only,0.4,50,60.28660086640115,37.423729618200014,40.99813985820401,40.99813985820401,0,144793600,15000000,159793600,266322.6666666667,15.239105224609375,0.27829488132239544,0.0335698195041729,0.27829488132239544,0.12804989774297298,0.028178841599999997,0.8,28.39009535438107,0.506068992,0.2875392,1,HEADROOM
720p,10,4,optimistic,owner_only,0.4,100,60.37181030613804,23.37671728909845,26.95112752910245,26.95112752910245,0,144793600,15000000,159793600,266322.6666666667,15.239105224609375,0.13974659121566899,0.019223506055469734,0.13974659121566899,0.12823088422899537,0.028178841599999997,0.8,28.39009535438107,0.506068992,0.2875392,1,HEADROOM
720p,10,4,optimistic,owner_only,0.4,125,60.38888110678527,20.56731482327814,24.141725063282138,24.141725063282138,0,144793600,15000000,159793600,266322.6666666667,15.239105224609375,0.11198992191084367,0.016349375470153263,0.11198992191084367,0.12826714293732946,0.028178841599999997,0.8,28.39009535438107,0.506068992,0.2875392,1,HEADROOM
720p,10,4,optimistic,owner_only,0.4,200,60.414505416531895,16.35321112454767,19.92762136455167,19.92762136455167,0,144793600,15000000,159793600,266322.6666666667,15.239105224609375,0.07032547356422579,0.012035130702589058,0.07032547356422579,0.12832156946321807,0.028178841599999997,0.8,28.39009535438107,0.506068992,0.2875392,1,HEADROOM
720p,10,4,optimistic,owner_only,0.4,400,60.435875625313855,12.84145804227228,16.41586828227628,16.41586828227628,0,144793600,15000000,159793600,266322.6666666667,15.239105224609375,0.035578080609816105,0.008437128948361548,0.035578080609816105,0.12836696019697894,0.028178841599999997,0.8,28.39009535438107,0.506068992,0.2875392,1,HEADROOM
720p,10,4,optimistic,owner_only,0.4,800,60.44656640011385,11.085581501134584,14.659991741138583,14.659991741138583,0,144793600,15000000,159793600,266322.6666666667,15.239105224609375,0.01819516419786763,0.006637173371094454,0.01819516419786763,0.128389667607917,0.028178841599999997,0.8,28.39009535438107,0.506068992,0.2875392,1,HEADROOM
720p,10,4,optimistic,owner_only,0.4,1600,60.451913205993854,10.207643230565736,13.782053470569736,13.782053470569736,0,144793600,15000000,159793600,266322.6666666667,15.239105224609375,0.009501399580994791,0.005736956759638438,0.009501399580994791,0.12840102432626482,0.028178841599999997,0.8,28.39009535438107,0.506068992,0.2875392,1,HEADROOM
720p,10,4,optimistic,finishing_owner,0.4,12.5,54.14640247502449,652.1252523528101,1126.1294798328036,1168.3244798328033,552,144793600,15000000,159793600,266322.6666666667,15.239105224609375,0.99763618510181,0.10760777893045553,0.99763618510181,0.11500799846787979,0.028178841599999997,3.2,113.56038141752428,0.506068992,0.2875392,1,INTERCONNECT
720p,10,4,optimistic,finishing_owner,0.4,25,60.116901548996815,65.51775427640314,69.09216451640714,69.09216451640714,0,144793600,15000000,159793600,266322.6666666667,15.239105224609375,0.554221472686548,0.06214129711312129,0.554221472686548,0.1276894531345793,0.028178841599999997,3.2,113.56038141752428,0.506068992,0.2875392,1,HEADROOM
720p,10,4,optimistic,finishing_owner,0.4,50,60.28660086640115,37.423729618200014,40.99813985820401,40.99813985820401,0,144793600,15000000,159793600,266322.6666666667,15.239105224609375,0.27829488132239544,0.0335698195041729,0.27829488132239544,0.12804989774297298,0.028178841599999997,3.2,113.56038141752428,0.506068992,0.2875392,1,HEADROOM
720p,10,4,optimistic,finishing_owner,0.4,100,60.25481474610497,23.37671728909845,26.95112752910245,26.95112752910245,0,146241536,17764800,164006336,273343.8933333333,15.640863037109375,0.14087053165417707,0.02183416915913,0.14087053165417707,0.12752195101846936,0.028178841599999997,3.2,113.56038141752428,0.506068992,0.2875392,1,HEADROOM
720p,10,4,optimistic,finishing_owner,0.4,125,60.26031995312212,20.56731482327814,34.353343863281225,34.35334386328134,0,288139264,154622400,442761664,737936.1066666667,42.225042724609374,0.2223855007801673,0.1233001765880666,0.2223855007801673,0.11478689572383166,0.028178841599999997,3.2,113.56038141752428,0.506068992,0.2875392,1,HEADROOM
720p,10,4,optimistic,finishing_owner,0.4,200,60.33719523827832,16.35321112454767,23.343426578652725,23.343426578652725,0,288139264,156004800,444144064,740240.1066666667,42.356878662109374,0.13976860657607562,0.07963392074995597,0.13976860657607562,0.1047448164106929,0.028178841599999997,3.2,113.56038141752428,0.506068992,0.2875392,1,HEADROOM
720p,10,4,optimistic,finishing_owner,0.4,400,60.42059649973011,12.931830842049749,16.506938569101294,16.506938569101862,0,291035136,292862400,583897536,973162.56,55.684808349609376,0.07148580661944566,0.07514694602621586,0.07514694602621586,0.08193373715531484,0.028178841599999997,3.2,113.56038141752428,0.506068992,0.2875392,1,HEADROOM
720p,10,4,optimistic,finishing_owner,0.4,800,60.492784857463406,7.881930863411981,11.397433945688135,11.397433945688817,0,434380800,431102400,865483200,1442472.0,82.53890991210938,0.054619163871079776,0.05665291543389271,0.05665291543389271,0.059020961525921935,0.028178841599999997,3.2,113.56038141752428,0.506068992,0.2875392,1,HEADROOM
720p,10,4,optimistic,finishing_owner,0.4,1600,60.534254321533446,6.95928910926159,7.973066041025049,8.61795819738768,0,577726464,567960000,1145686464,1909477.44,109.26117553710938,0.03794607959419163,0.0389972300660454,0.0389972300660454,0.046154827062616546,0.028178841599999997,3.2,113.56038141752428,0.506068992,0.2875392,1,HEADROOM
720p,10,4,optimistic,independent_au,0.4,12.5,54.120502556490074,653.5178132028877,1128.1760968942908,1170.4420295114778,553,144793600,20250000,165043600,275072.6666666667,15.739784240722656,0.9971589844986298,0.14368564005815154,0.9971589844986298,0.11495298654363428,0.028178841599999997,3.2,113.56038141752428,0.506068992,0.2875392,1,INTERCONNECT
720p,10,4,optimistic,independent_au,0.4,25,60.114891088546614,65.85154028714533,69.5114268542975,69.5114268542975,0,144793600,20250000,165043600,275072.6666666667,15.739784240722656,0.5542029381260037,0.08220472863443738,0.5542029381260037,0.12768518287798222,0.028178841599999997,3.2,113.56038141752428,0.506068992,0.2875392,1,HEADROOM
720p,10,4,optimistic,independent_au,0.4,50,60.285589936137576,37.59062262357111,41.16503286357511,41.16503286357511,0,144793600,20250000,165043600,275072.6666666667,15.739784240722656,0.27829021466821885,0.043630499865648924,0.27829021466821885,0.1280477505076833,0.028178841599999997,3.2,113.56038141752428,0.506068992,0.2875392,1,HEADROOM
720p,10,4,optimistic,independent_au,0.4,100,60.399166903599486,23.460163791783998,27.034574031787997,27.034574031787997,0,146241536,20250000,166491536,277485.8933333333,15.877870178222656,0.1412080144803606,0.024272316147588582,0.1412080144803606,0.12782745471697035,0.028178841599999997,3.2,113.56038141752428,0.506068992,0.2875392,1,HEADROOM
720p,10,4,optimistic,independent_au,0.4,125,60.42415474418904,20.634072025426576,23.873226065429662,23.873226065429776,0,288139264,20250000,308389264,513982.1066666667,29.410292053222655,0.2229901189117168,0.02039267278645963,0.2229901189117168,0.11509897649427503,0.028178841599999997,3.2,113.56038141752428,0.506068992,0.2875392,1,HEADROOM
720p,10,4,optimistic,independent_au,0.4,200,60.46327425545411,16.394934375890443,17.676918375894275,17.676918375894275,0,288139264,20250000,308389264,513982.1066666667,29.410292053222655,0.14006066338248752,0.01456757029711042,0.14006066338248752,0.1049636884257935,0.028178841599999997,3.2,113.56038141752428,0.506068992,0.2875392,1,HEADROOM
720p,10,4,optimistic,independent_au,0.4,400,60.5058624815509,10.569893427944407,11.9700818958936,13.02278593839354,0,291035136,20250000,311285136,518808.56,29.686463928222658,0.07158668790564224,0.00970915009257998,0.07158668790564224,0.08204936263648374,0.028178841599999997,3.2,113.56038141752428,0.506068992,0.2875392,1,HEADROOM
720p,10,4,optimistic,independent_au,0.4,800,60.533118916274915,7.793143833971044,8.317234052723506,8.803586073973378,0,434380800,20250000,454630800,757718.0,43.356971740722656,0.05465558164508378,0.00727808667215387,0.05465558164508378,0.059060314234495495,0.028178841599999997,3.2,113.56038141752428,0.506068992,0.2875392,1,HEADROOM
720p,10,4,optimistic,independent_au,0.4,1600,60.5460863034453,5.560601026360018,6.164691245111499,6.980439791473373,0,577726464,20250000,597976464,996627.44,57.027479553222655,0.037953496507679964,0.006061666343022287,0.037953496507679964,0.04616384845199468,0.028178841599999997,3.2,113.56038141752428,0.506068992,0.2875392,1,HEADROOM
720p,10,4,optimistic,raw_gather,0.4,12.5,4.20926668951291,66445.9293277504,125921.1026090006,131218.3351090003,600,144793600,1866240000,2011033600,3351722.6666666665,191.787109375,0.07755486182371503,0.9992154576941834,0.9992154576941834,0.008940563266445883,0.028178841599999997,3.2,113.56038141752428,0.506068992,0.2875392,1,INTERCONNECT
720p,10,4,optimistic,raw_gather,0.4,25,8.415619081626502,30735.665655875273,58234.032296500736,60683.60854650078,599,144793600,1866240000,2011033600,3351722.6666666665,191.787109375,0.07758411828970727,0.9992061776687485,0.9992061776687485,0.017874936509261103,0.028178841599999997,3.2,113.56038141752428,0.506068992,0.2875392,1,INTERCONNECT
720p,10,4,optimistic,raw_gather,0.4,50,16.799999598946453,12901.841176240028,24432.101410615498,25457.84953561554,597,144793600,1866240000,2011033600,3351722.6666666665,191.787109375,0.07755212314865735,0.9980236636749594,0.9980236636749594,0.035683521708154656,0.028178841599999997,3.2,113.56038141752428,0.506068992,0.2875392,1,INTERCONNECT
720p,10,4,optimistic,raw_gather,0.4,100,33.45919661375915,3989.106801239981,7510.2538324900015,7853.830980927545,589,146241536,1866240000,2012481536,3354135.8933333335,191.9251953125,0.0782247001432625,0.9951797602827501,0.9951797602827501,0.07081230022324392,0.028178841599999997,3.2,113.56038141752428,0.506068992,0.2875392,1,INTERCONNECT
720p,10,4,optimistic,raw_gather,0.4,125,41.73654615868332,2211.318051239982,4137.765551239963,4333.0272699899615,580,288139264,1866240000,2154379264,3590632.1066666665,205.4576171875,0.1540251151264004,0.993766728044259,0.993766728044259,0.07950187744632867,0.028178841599999997,3.2,113.56038141752428,0.506068992,0.2875392,1,INTERCONNECT
720p,10,4,optimistic,raw_gather,0.4,200,59.56337842289802,68.9228949899989,98.74598092749966,98.74598092750034,0,288139264,1866240000,2154379264,3590632.1066666665,205.4576171875,0.13797609206485706,0.8881818767169567,0.8881818767169567,0.10340147753087875,0.028178841599999997,3.2,113.56038141752428,0.506068992,0.2875392,1,INTERCONNECT_HEADROOM_LOW
720p,10,4,optimistic,raw_gather,0.4,400,60.07041417303032,35.807660614998895,50.79920358374966,50.79920358375034,0,291035136,1866240000,2157275136,3595458.56,205.7337890625,0.07107149316446147,0.4502740976127934,0.4502740976127934,0.08145887016666493,0.028178841599999997,3.2,113.56038141752428,0.506068992,0.2875392,1,HEADROOM
720p,10,4,optimistic,raw_gather,0.4,800,60.32718300733248,19.250043427498895,26.82581491187466,26.82581491187534,0,434380800,1866240000,2300620800,3834368.0,219.404296875,0.054469641335277076,0.2285124763798088,0.2285124763798088,0.05885938886154173,0.028178841599999997,3.2,113.56038141752428,0.506068992,0.2875392,1,HEADROOM
720p,10,4,optimistic,raw_gather,0.4,1600,60.45639234943026,10.971234833748895,14.839120575937159,14.83912057593784,0,577726464,1866240000,2443966464,4073277.44,233.0748046875,0.037897271582531075,0.11691920899622782,0.11691920899622782,0.046095460578343225,0.028178841599999997,3.2,113.56038141752428,0.506068992,0.2875392,1,HEADROOM
720p,10,4,median,owner_only,0.4,12.5,53.98423957414923,661.7047313928088,1136.1872704728066,1184.2902782328056,559,144793600,15000000,159793600,266322.6666666667,15.239105224609375,0.994648367437121,0.10728550471110819,0.994648367437121,0.2705030184111815,0.1276674048,0.8,6.266282307948975,2.3233167359999998,1.1501568,1,INTERCONNECT
720p,10,4,median,owner_only,0.4,25,59.917070912104144,78.29039299640499,86.41271491640612,86.41271491640691,0,144793600,15000000,159793600,266322.6666666667,15.239105224609375,0.5523792215556196,0.06193473731613423,0.5523792215556196,0.3002311167839841,0.1276674048,0.8,6.266282307948975,2.3233167359999998,1.1501568,1,HEADROOM
720p,10,4,median,owner_only,0.4,50,60.085642350148085,50.196368338201864,58.31869025820299,58.31869025820379,0,144793600,15000000,159793600,266322.6666666667,15.239105224609375,0.2773672170383316,0.033457918335065825,0.2773672170383316,0.3010757907697345,0.1276674048,0.8,6.266282307948975,2.3233167359999998,1.1501568,1,HEADROOM
720p,10,4,median,owner_only,0.4,100,60.1702842659813,36.1493560091003,44.27167792910143,44.271677929102225,0,144793600,15000000,159793600,266322.6666666667,15.239105224609375,0.1392801056653718,0.019159336420111056,0.1392801056653718,0.30149991258561265,0.1276674048,0.8,6.266282307948975,2.3233167359999998,1.1501568,1,HEADROOM
720p,10,4,median,owner_only,0.4,125,60.18724127338219,33.33995354327999,41.46227546328112,41.46227546328191,0,144793600,15000000,159793600,266322.6666666667,15.239105224609375,0.11161598504062752,0.016294784537424827,0.11161598504062752,0.3015848803784601,0.1276674048,0.8,6.266282307948975,2.3233167359999998,1.1501568,1,HEADROOM
720p,10,4,median,owner_only,0.4,200,60.21269471245903,29.12584984454952,37.24817176455065,37.248171764551444,0,144793600,15000000,159793600,266322.6666666667,15.239105224609375,0.0700905559192595,0.011994928135606958,0.0700905559192595,0.30171242190082925,0.1276674048,0.8,6.266282307948975,2.3233167359999998,1.1501568,1,HEADROOM
720p,10,4,median,owner_only,0.4,400,60.2339223630484,25.61409676227413,33.73641868227526,33.73641868227605,0,144793600,15000000,159793600,266322.6666666667,15.239105224609375,0.03545919245985628,0.008408935334921748,0.03545919245985628,0.3018187889369031,0.1276674048,0.8,6.266282307948975,2.3233167359999998,1.1501568,1,HEADROOM
720p,10,4,median,owner_only,0.4,800,60.24454180210024,23.858220221136435,31.980542141137562,31.980542141138358,0,144793600,15000000,159793600,266322.6666666667,15.239105224609375,0.01813435229486334,0.006614990601053119,0.01813435229486334,0.3018720005842286,0.1276674048,0.8,6.266282307948975,2.3233167359999998,1.1501568,1,HEADROOM
720p,10,4,median,owner_only,0.4,1600,60.24985292593152,22.980281950567587,31.102603870568714,31.10260387056951,0,144793600,15000000,159793600,266322.6666666667,15.239105224609375,0.009469641190589876,0.005717781004429368,0.009469641190589876,0.30189861344455327,0.1276674048,0.8,6.266282307948975,2.3233167359999998,1.1501568,1,HEADROOM
720p,10,4,median,finishing_owner,0.4,12.5,53.98423957414923,661.7047313928088,1136.1872704728066,1184.2902782328056,559,144793600,15000000,159793600,266322.6666666667,15.239105224609375,0.994648367437121,0.10728550471110819,0.994648367437121,0.2705030184111815,0.1276674048,3.2,25.0651292317959,2.3233167359999998,1.1501568,1,INTERCONNECT
720p,10,4,median,finishing_owner,0.4,25,59.917070912104144,78.29039299640499,86.41271491640612,86.41271491640691,0,144793600,15000000,159793600,266322.6666666667,15.239105224609375,0.5523792215556196,0.06193473731613423,0.5523792215556196,0.3002311167839841,0.1276674048,3.2,25.0651292317959,2.3233167359999998,1.1501568,1,HEADROOM
720p,10,4,median,finishing_owner,0.4,50,59.74449841538099,50.196368338201864,58.31869025820299,58.31869025820379,0,146241536,19147200,165388736,275647.8933333333,15.772698974609375,0.27855035340855006,0.0411444286749509,0.27855035340855006,0.29772772648650325,0.1276674048,3.2,25.0651292317959,2.3233167359999998,1.1501568,1,HEADROOM
720p,10,4,median,finishing_owner,0.4,100,59.98963324665224,44.64341028685551,60.5852166573045,60.58521665730484,0,289587200,291480000,581067200,968445.3333333334,55.414886474609375,0.2777238817914147,0.28272813175767275,0.28272813175767275,0.2191006892194061,0.1276674048,3.2,25.0651292317959,2.3233167359999998,1.1501568,1,HEADROOM
720p,10,4,median,finishing_owner,0.4,125,60.1036510209313,37.46077153820261,49.76032221312505,49.760322213125164,0,289587200,291480000,581067200,968445.3333333334,55.414886474609375,0.22292193731784107,0.22757405186231555,0.22757405186231555,0.21951711738500415,0.1276674048,3.2,25.0651292317959,2.3233167359999998,1.1501568,1,HEADROOM
720p,10,4,median,finishing_owner,0.4,200,60.236138647240516,26.444395124100993,40.026407453202864,40.02640745320332,0,432932864,428337600,861270464,1435450.7733333334,82.13715209960938,0.2096443275146472,0.20987001964950927,0.20987001964950927,0.1654799683446878,0.1276674048,3.2,25.0651292317959,2.3233167359999998,1.1501568,1,HEADROOM
720p,10,4,median,finishing_owner,0.4,400,60.38029187417765,19.56049360432553,26.43149976887662,26.431499768877188,0,574830592,565195200,1140025792,1900042.9866666666,108.72133178710938,0.141107024259201,0.140437551262313,0.141107024259201,0.11122447326386863,0.1276674048,3.2,25.0651292317959,2.3233167359999998,1.1501568,1,HEADROOM
720p,10,4,median,finishing_owner,0.4,800,60.46172971192305,14.419311658524748,16.286865522050448,16.82868439477538,0,577726464,567960000,1145686464,1909477.44,109.26117553710938,0.07260079375581098,0.07306407849997161,0.07306407849997161,0.1102689270791016,0.1276674048,3.2,25.0651292317959,2.3233167359999998,1.1501568,1,HEADROOM
720p,10,4,median,finishing_owner,0.4,1600,60.48262263044115,10.176610128068205,12.009110110568827,12.797398778581538,0,579174400,567960000,1147134400,1911890.6666666667,109.39926147460938,0.038000712026167886,0.0389639680236069,0.0389639680236069,0.11030703117766973,0.1276674048,3.2,25.0651292317959,2.3233167359999998,1.1501568,1,HEADROOM
720p,10,4,median,independent_au,0.4,12.5,53.97682914813354,663.2306102990588,1137.7131493790566,1185.8161571390556,560,144793600,27000000,171793600,286322.6666666667,16.383514404296875,0.9945118318816207,0.18963288263449266,0.9945118318816207,0.2704658864144956,0.1276674048,3.2,25.0651292317959,2.3233167359999998,1.1501568,1,INTERCONNECT
720p,10,4,median,independent_au,0.4,25,59.91250626838847,79.05333244952999,87.17565436953112,87.17565436953191,0,144793600,27000000,171793600,286322.6666666667,16.383514404296875,0.5523371398199145,0.10763963372891484,0.5523371398199145,0.30020824436950166,0.1276674048,3.2,25.0651292317959,2.3233167359999998,1.1501568,1,HEADROOM
720p,10,4,median,independent_au,0.4,50,60.16370882301234,50.577838064764364,58.70015998476549,58.70015998476629,0,146241536,27000000,173241536,288735.8933333333,16.521600341796876,0.28050486320100637,0.0564520222016668,0.28050486320100637,0.2998167985332012,0.1276674048,3.2,25.0651292317959,2.3233167359999998,1.1501568,1,HEADROOM
720p,10,4,median,independent_au,0.4,100,60.31163280252051,33.771926862382315,36.84924431476554,36.84924431476611,0,289587200,27000000,316587200,527645.3333333334,30.192108154296875,0.279214588797793,0.030707875457131592,0.279214588797793,0.22027673115866928,0.1276674048,3.2,25.0651292317959,2.3233167359999998,1.1501568,1,HEADROOM
720p,10,4,median,independent_au,0.4,125,60.33507862260264,28.430278267811445,33.492541433906126,33.49254143390681,0,289587200,27000000,316587200,527645.3333333334,30.192108154296875,0.22378029264962332,0.025541211639670592,0.22378029264962332,0.22036236254298175,0.1276674048,3.2,25.0651292317959,2.3233167359999998,1.1501568,1,HEADROOM
720p,10,4,median,independent_au,0.4,200,60.39433391300166,23.735631356190424,25.234342311191426,29.221217276190146,0,432932864,27000000,459932864,766554.7733333333,43.862615966796874,0.21019490630092563,0.017790764862631127,0.21019490630092563,0.16591456040450991,0.1276674048,3.2,25.0651292317959,2.3233167359999998,1.1501568,1,HEADROOM
720p,10,4,median,independent_au,0.4,400,60.44936985260639,16.269319593095133,18.222757075595723,20.17619455809472,0,574830592,27000000,601830592,1003050.9866666667,57.39503784179688,0.14126845752948453,0.011321463378737883,0.14126845752948453,0.11135171944844953,0.1276674048,3.2,25.0651292317959,2.3233167359999998,1.1501568,1,HEADROOM
720p,10,4,median,independent_au,0.4,800,60.47162653261627,11.86811453779751,12.977171155595443,14.48960119404785,0,577726464,27000000,604726464,1007877.44,57.671209716796874,0.07261267758780537,0.008081680959229232,0.07261267758780537,0.11028697670825605,0.1276674048,3.2,25.0651292317959,2.3233167359999998,1.1501568,1,HEADROOM
720p,10,4,median,independent_au,0.4,1600,60.48757405618238,9.364556447648283,12.021031039523905,12.021031039524132,0,579174400,27000000,606174400,1010290.6666666666,57.809295654296875,0.03800382296440979,0.006461409088719262,0.03800382296440979,0.11031606149166502,0.1276674048,3.2,25.0651292317959,2.3233167359999998,1.1501568,1,HEADROOM
720p,10,4,median,raw_gather,0.4,12.5,4.209226684233512,66447.28407975039,125922.45736100059,131219.68986100028,600,144793600,1866240000,2011033600,3351722.6666666665,191.787109375,0.07755412473477653,0.999205961053435,0.999205961053435,0.021091498782679633,0.1276674048,3.2,25.0651292317959,2.3233167359999998,1.1501568,1,INTERCONNECT
720p,10,4,median,raw_gather,0.4,25,8.415459172799528,30737.020407875272,58235.387048500736,60684.96329850078,599,144793600,1866240000,2011033600,3351722.6666666665,191.787109375,0.07758264408023707,0.9991871913189354,0.9991871913189354,0.04216799431677856,0.1276674048,3.2,25.0651292317959,2.3233167359999998,1.1501568,1,INTERCONNECT
720p,10,4,median,raw_gather,0.4,50,16.79849767098978,12905.034335920027,24435.294570295497,25461.04269529554,597,146241536,1866240000,2012481536,3354135.8933333335,191.9251953125,0.07832064185147228,0.9979344398846212,0.9979344398846212,0.08371278783194237,0.1276674048,3.2,25.0651292317959,2.3233167359999998,1.1501568,1,INTERCONNECT
720p,10,4,median,raw_gather,0.4,100,33.45323967579433,3992.2999609199815,7513.44699217,7857.024140607544,590,289587200,1866240000,2155827200,3593045.3333333335,205.595703125,0.1548728184928293,0.9950025825649383,0.9950025825649383,0.12218157493065776,0.1276674048,3.2,25.0651292317959,2.3233167359999998,1.1501568,1,INTERCONNECT
720p,10,4,median,raw_gather,0.4,125,41.727277733559696,2214.5112109199827,4140.958710919964,4336.220429669962,582,289587200,1866240000,2155827200,3593045.3333333335,205.595703125,0.15476473447720027,0.9935460424974913,0.9935460424974913,0.15240092022370727,0.1276674048,3.2,25.0651292317959,2.3233167359999998,1.1501568,1,INTERCONNECT
720p,10,4,median,raw_gather,0.4,200,59.544503274013145,72.11605466999936,101.93914060749967,101.93914060750024,0,432932864,1866240000,2299172864,3831954.7733333334,219.2662109375,0.20723717732272104,0.8879004191233184,0.8879004191233184,0.163579916278967,0.1276674048,3.2,25.0651292317959,2.3233167359999998,1.1501568,1,INTERCONNECT_HEADROOM_LOW
720p,10,4,median,raw_gather,0.4,400,60.05121635718703,39.00082029499936,53.99236326374967,53.992363263750235,0,574830592,1866240000,2441070592,4068450.986666667,232.7986328125,0.1403379841383638,0.450130195172233,0.450130195172233,0.11061829449418684,0.1276674048,3.2,25.0651292317959,2.3233167359999998,1.1501568,1,HEADROOM
720p,10,4,median,raw_gather,0.4,800,60.30782074642253,22.443203107499357,30.018974591874667,30.018974591875235,0,577726464,1866240000,2443966464,4073277.44,233.0748046875,0.07241598407347617,0.22843913434777147,0.22843913434777147,0.10998823090030456,0.1276674048,3.2,25.0651292317959,2.3233167359999998,1.1501568,1,HEADROOM
720p,10,4,median,raw_gather,0.4,1600,60.43694707251186,14.164394513749357,18.032280255937167,18.032280255937735,0,579174400,1866240000,2445414400,4075690.6666666665,233.212890625,0.03797201446564525,0.11688160294155504,0.11688160294155504,0.11022372898319732,0.1276674048,3.2,25.0651292317959,2.3233167359999998,1.1501568,1,HEADROOM
720p,10,4,adversarial,owner_only,0.4,12.5,53.474487332587515,697.4382188328109,1171.993592632809,1235.2860926328085,579,144793600,15000000,159793600,266322.6666666667,15.239105224609375,0.9852562885847301,0.1062724492907674,0.9852562885847301,0.7577141491281529,0.4876664832,0.8,1.6404654155243776,8.97122304,3.9105331199999998,1,INTERCONNECT
720p,10,4,adversarial,owner_only,0.4,25,59.28977007524539,119.08704451640551,141.36587971640802,141.36587971640802,0,144793600,15000000,159793600,266322.6666666667,15.239105224609375,0.5465960959343165,0.06128631255241319,0.5465960959343165,0.8401146027853761,0.4876664832,0.8,1.6404654155243776,8.97122304,3.9105331199999998,1,NODE_QUEUE_HEADROOM_LOW
720p,10,4,adversarial,owner_only,0.4,50,59.4548254166519,90.99301985820239,113.27185505820489,113.27185505820489,0,144793600,15000000,159793600,266322.6666666667,15.239105224609375,0.2744552412241285,0.0331066560264714,0.2744552412241285,0.842453377289095,0.4876664832,0.8,1.6404654155243776,8.97122304,3.9105331199999998,1,NODE_QUEUE_HEADROOM_LOW
720p,10,4,adversarial,owner_only,0.4,100,59.53769818786086,76.94600752910083,99.22484272910333,99.22484272910333,0,144793600,15000000,159793600,266322.6666666667,15.239105224609375,0.13781581715688504,0.018957909259956517,0.13781581715688504,0.8436276544903318,0.4876664832,0.8,1.6404654155243776,8.97122304,3.9105331199999998,1,NODE_QUEUE_HEADROOM_LOW
720p,10,4,adversarial,owner_only,0.4,125,59.554300473320616,74.13660506328051,96.41544026328302,96.41544026328302,0,144793600,15000000,159793600,266322.6666666667,15.239105224609375,0.11044220951318,0.01612342539645503,0.11044220951318,0.8438629028719101,0.4876664832,0.8,1.6404654155243776,8.97122304,3.9105331199999998,1,NODE_QUEUE_HEADROOM_LOW
720p,10,4,adversarial,owner_only,0.4,200,59.57922126978481,69.92250136455004,92.20133656455255,92.20133656455255,0,144793600,15000000,159793600,266322.6666666667,15.239105224609375,0.06935316148824866,0.011868734341142538,0.06935316148824866,0.8442160215464477,0.4876664832,0.8,1.6404654155243776,8.97122304,3.9105331199999998,1,NODE_QUEUE_HEADROOM_LOW
720p,10,4,adversarial,owner_only,0.4,400,59.60000453775126,66.41074828227465,88.68958348227716,88.68958348227716,0,144793600,15000000,159793600,266322.6666666667,15.239105224609375,0.03508601048383517,0.008320437462104353,0.03508601048383517,0.8445105129383027,0.4876664832,0.8,1.6404654155243776,8.97122304,3.9105331199999998,1,NODE_QUEUE_HEADROOM_LOW
720p,10,4,adversarial,owner_only,0.4,800,59.610401610118494,64.65487174113696,86.93370694113946,86.93370694113946,0,144793600,15000000,159793600,266322.6666666667,15.239105224609375,0.017943468252894775,0.006545360535254147,0.017943468252894775,0.8446578356941651,0.4876664832,0.8,1.6404654155243776,8.97122304,3.9105331199999998,1,NODE_QUEUE_HEADROOM_LOW
720p,10,4,adversarial,owner_only,0.4,1600,59.61560150672832,63.77693347056811,86.05576867057061,86.05576867057061,0,144793600,15000000,159793600,266322.6666666667,15.239105224609375,0.009369954086426146,0.0056575898082581386,0.009369954086426146,0.8447315163488435,0.4876664832,0.8,1.6404654155243776,8.97122304,3.9105331199999998,1,NODE_QUEUE_HEADROOM_LOW
720p,10,4,adversarial,finishing_owner,0.4,12.5,52.640777024111564,697.4382188328109,1171.993592632809,1235.2860926328085,579,146241536,17764800,164006336,273343.8933333333,15.640863037109375,0.9795943033391155,0.12312209942159526,0.9795943033391155,0.7431485843124961,0.4876664832,3.2,6.5618616620975105,8.97122304,3.9105331199999998,1,INTERCONNECT
720p,10,4,adversarial,finishing_owner,0.4,25,53.41720466118397,638.506796316402,1115.4115481163954,1211.070298116394,543,288139264,154622400,442761664,737936.1066666667,42.225042724609374,0.979988531210024,0.5293980143583407,0.979988531210024,0.6166761721649953,0.4876664832,3.2,6.5618616620975105,8.97122304,3.9105331199999998,1,INTERCONNECT
720p,10,4,adversarial,finishing_owner,0.4,50,59.35935469236894,98.28156703730451,126.04084743281237,126.04084743281271,0,291035136,291480000,582515136,970858.56,55.552972412109376,0.5507612896452116,0.5547665727305657,0.5547665727305657,0.5307550692215764,0.4876664832,3.2,6.5618616620975105,8.97122304,3.9105331199999998,1,HEADROOM
720p,10,4,adversarial,finishing_owner,0.4,100,59.84591063688593,57.600785787304176,84.60481044550761,84.60481044550806,0,434380800,429720000,864100800,1440168.0,82.40707397460938,0.41557979076250323,0.4135481365477873,0.41557979076250323,0.3795676075360181,0.4876664832,3.2,6.5618616620975105,8.97122304,3.9105331199999998,1,HEADROOM
720p,10,4,adversarial,finishing_owner,0.4,125,59.913051168278066,59.88298366328081,70.97132838984362,70.97132838984396,0,434380800,431102400,865483200,1442472.0,82.53890991210938,0.3333145272021933,0.3332214415895874,0.3333145272021933,0.3784272387273835,0.4876664832,3.2,6.5618616620975105,8.97122304,3.9105331199999998,1,HEADROOM
720p,10,4,adversarial,finishing_owner,0.4,200,60.09386776054824,50.02636104365183,57.016576497753704,57.2372393395508,0,576278528,566577600,1142856128,1904760.2133333334,108.99125366210937,0.27839387213034694,0.2753954255605141,0.27839387213034694,0.3139356919015417,0.4876664832,3.2,6.5618616620975105,8.97122304,3.9105331199999998,1,HEADROOM
720p,10,4,adversarial,finishing_owner,0.4,400,60.23439495117847,33.15220027705027,36.72730800410136,39.80589132182621,0,579174400,567960000,1147134400,1911890.6666666667,109.39926147460938,0.14181378891572785,0.14075996677931746,0.14181378891572785,0.3140078337274579,0.4876664832,3.2,6.5618616620975105,8.97122304,3.9105331199999998,1,HEADROOM
720p,10,4,adversarial,finishing_owner,0.4,800,60.27588137940333,24.666797216137184,33.28537414113816,33.28537414113816,0,579174400,567960000,1147134400,1911890.6666666667,109.39926147460938,0.07255103322863092,0.07283949284519449,0.07283949284519449,0.3142241065640413,0.4876664832,3.2,6.5618616620975105,8.97122304,3.9105331199999998,1,HEADROOM
720p,10,4,adversarial,finishing_owner,0.4,1600,60.29664603122561,20.375773008068336,32.407435870569316,32.407435870569316,0,579174400,567960000,1147134400,1911890.6666666667,109.39926147460938,0.037883864527117166,0.03884415863125879,0.03884415863125879,0.314332354739226,0.4876664832,3.2,6.5618616620975105,8.97122304,3.9105331199999998,1,HEADROOM
720p,10,4,adversarial,independent_au,0.4,12.5,53.559017734775935,701.2529160984359,1175.808289898434,1239.1007898984335,580,146241536,45000000,191241536,318735.8933333333,18.238214111328126,0.996681881070897,0.31075187917239555,0.996681881070897,0.756111715230487,0.4876664832,3.2,6.5618616620975105,8.97122304,3.9105331199999998,1,INTERCONNECT
720p,10,4,adversarial,independent_au,0.4,25,53.974986893469065,631.4327693492141,1109.4681431492081,1169.2059795492078,540,288139264,45000000,333139264,555232.1066666667,31.770635986328124,0.9902215674390674,0.15874167513747267,0.9902215674390674,0.6231155022289506,0.4876664832,3.2,6.5618616620975105,8.97122304,3.9105331199999998,1,INTERCONNECT
720p,10,4,adversarial,independent_au,0.4,50,59.90432338114894,76.26194537460879,88.27438407460977,98.54078057460939,0,291035136,45000000,336035136,560058.56,32.046807861328126,0.5558177404675674,0.09048616784593705,0.5558177404675674,0.5356278461517846,0.4876664832,3.2,6.5618616620975105,8.97122304,3.9105331199999998,1,HEADROOM
720p,10,4,adversarial,independent_au,0.4,100,60.09605193394411,52.64743348730417,59.94194083730508,62.86371713730472,0,434380800,45000000,479380800,798968.0,45.717315673828125,0.4173168128377998,0.047791730089829246,0.4173168128377998,0.38115410747661393,0.4876664832,3.2,6.5618616620975105,8.97122304,3.9105331199999998,1,HEADROOM
720p,10,4,adversarial,independent_au,0.4,125,60.141156091469185,49.71757838984331,54.275452189844145,58.83332598984376,0,434380800,45000000,479380800,798968.0,45.717315673828125,0.33458354427181963,0.0392243380413655,0.33458354427181963,0.37986801189016045,0.4876664832,3.2,6.5618616620975105,8.97122304,3.9105331199999998,1,HEADROOM
720p,10,4,adversarial,independent_au,0.4,200,60.192286942694466,37.12268468730417,44.05956416865229,50.88386104365236,0,576278528,45000000,621278528,1035464.2133333334,59.24973754882812,0.27884981378014667,0.026341822244041975,0.27884981378014667,0.3144498424329499,0.4876664832,3.2,6.5618616620975105,8.97122304,3.9105331199999998,1,HEADROOM
720p,10,4,adversarial,independent_au,0.4,400,60.253610424934905,29.60194600932573,35.16045997182664,35.16045997182664,0,579174400,45000000,624174400,1040290.6666666666,59.525909423828125,0.14185902916660809,0.015594473971433907,0.14185902916660809,0.3141080058847975,0.4876664832,3.2,6.5618616620975105,8.97122304,3.9105331199999998,1,HEADROOM
720p,10,4,adversarial,independent_au,0.4,800,60.2855008221928,23.078452642162574,33.344978785913554,33.344978785913554,0,579174400,45000000,624174400,1040290.6666666666,59.525909423828125,0.07256261166593435,0.01021278385819532,0.07256261166593435,0.31427425366677947,0.4876664832,3.2,6.5618616620975105,8.97122304,3.9105331199999998,1,HEADROOM
720p,10,4,adversarial,independent_au,0.4,1600,60.3014586831332,19.58160072108103,32.43723819295701,32.43723819295701,0,579174400,45000000,624174400,1040290.6666666666,59.525909423828125,0.03788688827495198,0.007519801962835112,0.03788688827495198,0.3143574435676472,0.4876664832,3.2,6.5618616620975105,8.97122304,3.9105331199999998,1,HEADROOM
720p,10,4,adversarial,raw_gather,0.4,12.5,4.209109829629297,66451.2414301504,125926.4147114006,131223.6472114003,600,146241536,1866240000,2012481536,3354135.8933333335,191.9251953125,0.07832749143016896,0.9991782215597302,0.9991782215597302,0.059421501503902144,0.4876664832,3.2,6.5618616620975105,8.97122304,3.9105331199999998,1,INTERCONNECT
720p,10,4,adversarial,raw_gather,0.4,25,8.414992099774878,30740.977758275272,58239.344398900736,60688.92064890078,599,288139264,1866240000,2154379264,3590632.1066666665,205.4576171875,0.1543808928286132,0.9991317346440165,0.9991317346440165,0.09714707367790648,0.4876664832,3.2,6.5618616620975105,8.97122304,3.9105331199999998,1,INTERCONNECT
720p,10,4,adversarial,raw_gather,0.4,50,16.79370221214074,12915.23349880003,24445.4937331755,25471.24185817554,597,291035136,1866240000,2157275136,3595458.56,205.7337890625,0.15581909770096175,0.997649560032016,0.997649560032016,0.15015902087017083,0.4876664832,3.2,6.5618616620975105,8.97122304,3.9105331199999998,1,INTERCONNECT
720p,10,4,adversarial,raw_gather,0.4,100,33.43422702173324,4002.499123799982,7523.646155050003,7867.223303487546,589,434380800,1866240000,2300620800,3834368.0,219.404296875,0.23217274032812568,0.9944370875612993,0.9944370875612993,0.212053746453205,0.4876664832,3.2,6.5618616620975105,8.97122304,3.9105331199999998,1,INTERCONNECT
720p,10,4,adversarial,raw_gather,0.4,125,41.69770132452389,2224.7103737999823,4151.1578737999625,4346.419592549961,582,434380800,1866240000,2300620800,3834368.0,219.404296875,0.23197699551914502,0.992841814334407,0.992841814334407,0.26337410073138573,0.4876664832,3.2,6.5618616620975105,8.97122304,3.9105331199999998,1,INTERCONNECT
720p,10,4,adversarial,raw_gather,0.4,200,59.48429484834068,82.31521754999949,112.1383034874998,112.13830348750025,0,576278528,1866240000,2442518528,4070864.2133333334,232.93671875,0.2755699340198657,0.8870026185968227,0.8870026185968227,0.31075122897562646,0.4876664832,3.2,6.5618616620975105,8.97122304,3.9105331199999998,1,INTERCONNECT_HEADROOM_LOW
720p,10,4,adversarial,raw_gather,0.4,400,59.989979372435414,49.19998317499949,64.1915261437498,64.19152614375025,0,579174400,1866240000,2445414400,4075690.6666666665,233.212890625,0.1412383452789207,0.4496711767281427,0.4496711767281427,0.31273367124151347,0.4876664832,3.2,6.5618616620975105,8.97122304,3.9105331199999998,1,HEADROOM
720p,10,4,adversarial,raw_gather,0.4,800,60.24605957007371,32.64236598749949,40.2181374718748,40.21813747187525,0,579174400,1866240000,2445414400,4075690.6666666665,233.212890625,0.07251513822336353,0.22820519006845907,0.22820519006845907,0.3140686425346771,0.4876664832,3.2,6.5618616620975105,8.97122304,3.9105331199999998,1,HEADROOM
720p,10,4,adversarial,raw_gather,0.4,1600,60.29020588560922,24.36355739374949,34.24647758046922,34.24647758046922,0,579174400,1866240000,2445414400,4075690.6666666665,233.212890625,0.037879818238971394,0.11659781386924883,0.11659781386924883,0.31429878162579916,0.4876664832,3.2,6.5618616620975105,8.97122304,3.9105331199999998,1,HEADROOM
720p,10,8,optimistic,owner_only,0.4,12.5,54.14640247502449,652.1252523528101,1126.1294798328036,1168.3244798328033,552,144793600,15000000,159793600,266322.6666666667,15.239105224609375,0.99763618510181,0.10760777893045553,0.99763618510181,0.11500799846787979,0.028178841599999997,0.8,28.39009535438107,0.506068992,0.2875392,1,INTERCONNECT
720p,10,8,optimistic,owner_only,0.4,25,60.116901548996815,65.51775427640314,69.09216451640714,69.09216451640714,0,144793600,15000000,159793600,266322.6666666667,15.239105224609375,0.554221472686548,0.06214129711312129,0.554221472686548,0.1276894531345793,0.028178841599999997,0.8,28.39009535438107,0.506068992,0.2875392,1,HEADROOM
720p,10,8,optimistic,owner_only,0.4,50,60.28660086640115,37.423729618200014,40.99813985820401,40.99813985820401,0,144793600,15000000,159793600,266322.6666666667,15.239105224609375,0.27829488132239544,0.0335698195041729,0.27829488132239544,0.12804989774297298,0.028178841599999997,0.8,28.39009535438107,0.506068992,0.2875392,1,HEADROOM
720p,10,8,optimistic,owner_only,0.4,100,60.37181030613804,23.37671728909845,26.95112752910245,26.95112752910245,0,144793600,15000000,159793600,266322.6666666667,15.239105224609375,0.13974659121566899,0.019223506055469734,0.13974659121566899,0.12823088422899537,0.028178841599999997,0.8,28.39009535438107,0.506068992,0.2875392,1,HEADROOM
720p,10,8,optimistic,owner_only,0.4,125,60.38888110678527,20.56731482327814,24.141725063282138,24.141725063282138,0,144793600,15000000,159793600,266322.6666666667,15.239105224609375,0.11198992191084367,0.016349375470153263,0.11198992191084367,0.12826714293732946,0.028178841599999997,0.8,28.39009535438107,0.506068992,0.2875392,1,HEADROOM
720p,10,8,optimistic,owner_only,0.4,200,60.414505416531895,16.35321112454767,19.92762136455167,19.92762136455167,0,144793600,15000000,159793600,266322.6666666667,15.239105224609375,0.07032547356422579,0.012035130702589058,0.07032547356422579,0.12832156946321807,0.028178841599999997,0.8,28.39009535438107,0.506068992,0.2875392,1,HEADROOM
720p,10,8,optimistic,owner_only,0.4,400,60.435875625313855,12.84145804227228,16.41586828227628,16.41586828227628,0,144793600,15000000,159793600,266322.6666666667,15.239105224609375,0.035578080609816105,0.008437128948361548,0.035578080609816105,0.12836696019697894,0.028178841599999997,0.8,28.39009535438107,0.506068992,0.2875392,1,HEADROOM
720p,10,8,optimistic,owner_only,0.4,800,60.44656640011385,11.085581501134584,14.659991741138583,14.659991741138583,0,144793600,15000000,159793600,266322.6666666667,15.239105224609375,0.01819516419786763,0.006637173371094454,0.01819516419786763,0.128389667607917,0.028178841599999997,0.8,28.39009535438107,0.506068992,0.2875392,1,HEADROOM
720p,10,8,optimistic,owner_only,0.4,1600,60.451913205993854,10.207643230565736,13.782053470569736,13.782053470569736,0,144793600,15000000,159793600,266322.6666666667,15.239105224609375,0.009501399580994791,0.005736956759638438,0.009501399580994791,0.12840102432626482,0.028178841599999997,0.8,28.39009535438107,0.506068992,0.2875392,1,HEADROOM
720p,10,8,optimistic,finishing_owner,0.4,12.5,54.14640247502449,652.1252523528101,1126.1294798328036,1168.3244798328033,552,144793600,15000000,159793600,266322.6666666667,15.239105224609375,0.99763618510181,0.10760777893045553,0.99763618510181,0.11500799846787979,0.028178841599999997,6.4,227.12076283504857,0.506068992,0.2875392,1,INTERCONNECT
720p,10,8,optimistic,finishing_owner,0.4,25,60.116901548996815,65.51775427640314,69.09216451640714,69.09216451640714,0,144793600,15000000,159793600,266322.6666666667,15.239105224609375,0.554221472686548,0.06214129711312129,0.554221472686548,0.1276894531345793,0.028178841599999997,6.4,227.12076283504857,0.506068992,0.2875392,1,HEADROOM
720p,10,8,optimistic,finishing_owner,0.4,50,60.28660086640115,37.423729618200014,40.99813985820401,40.99813985820401,0,144793600,15000000,159793600,266322.6666666667,15.239105224609375,0.27829488132239544,0.0335698195041729,0.27829488132239544,0.12804989774297298,0.028178841599999997,6.4,227.12076283504857,0.506068992,0.2875392,1,HEADROOM
720p,10,8,optimistic,finishing_owner,0.4,100,60.25481474610497,23.37671728909845,26.95112752910245,26.95112752910245,0,146241536,17764800,164006336,273343.8933333333,15.640863037109375,0.14087053165417707,0.02183416915913,0.14087053165417707,0.12752195101846936,0.028178841599999997,6.4,227.12076283504857,0.506068992,0.2875392,1,HEADROOM
720p,10,8,optimistic,finishing_owner,0.4,125,60.26031995312212,20.56731482327814,34.353343863281225,34.35334386328134,0,288139264,154622400,442761664,737936.1066666667,42.225042724609374,0.2223855007801673,0.1233001765880666,0.2223855007801673,0.11478689572383166,0.028178841599999997,6.4,227.12076283504857,0.506068992,0.2875392,1,HEADROOM
720p,10,8,optimistic,finishing_owner,0.4,200,60.33719523827832,16.35321112454767,23.343426578652725,23.343426578652725,0,288139264,156004800,444144064,740240.1066666667,42.356878662109374,0.13976860657607562,0.07963392074995597,0.13976860657607562,0.1047448164106929,0.028178841599999997,6.4,227.12076283504857,0.506068992,0.2875392,1,HEADROOM
720p,10,8,optimistic,finishing_owner,0.4,400,60.42059649973011,12.931830842049749,16.506938569101294,16.506938569101862,0,291035136,292862400,583897536,973162.56,55.684808349609376,0.07148580661944566,0.07514694602621586,0.07514694602621586,0.08193373715531484,0.028178841599999997,6.4,227.12076283504857,0.506068992,0.2875392,1,HEADROOM
720p,10,8,optimistic,finishing_owner,0.4,800,60.492784857463406,7.881930863411981,11.397433945688135,11.397433945688817,0,435828736,431102400,866931136,1444885.2266666666,82.67699584960937,0.05480125463633221,0.05665291543389271,0.05665291543389271,0.059020961525921935,0.028178841599999997,6.4,227.12076283504857,0.506068992,0.2875392,1,HEADROOM
720p,10,8,optimistic,finishing_owner,0.4,1600,60.534254321533446,6.95928910926159,7.973066041025049,8.61795819738768,0,580622336,567960000,1148582336,1914303.8933333333,109.53734741210937,0.038136366421570124,0.0389972300660454,0.0389972300660454,0.046154827062616546,0.028178841599999997,6.4,227.12076283504857,0.506068992,0.2875392,1,HEADROOM
720p,10,8,optimistic,independent_au,0.4,12.5,54.120502556490074,653.5178132028877,1128.1760968942908,1170.4420295114778,553,144793600,20250000,165043600,275072.6666666667,15.739784240722656,0.9971589844986298,0.14368564005815154,0.9971589844986298,0.11495298654363428,0.028178841599999997,6.4,227.12076283504857,0.506068992,0.2875392,1,INTERCONNECT
720p,10,8,optimistic,independent_au,0.4,25,60.114891088546614,65.85154028714533,69.5114268542975,69.5114268542975,0,144793600,20250000,165043600,275072.6666666667,15.739784240722656,0.5542029381260037,0.08220472863443738,0.5542029381260037,0.12768518287798222,0.028178841599999997,6.4,227.12076283504857,0.506068992,0.2875392,1,HEADROOM
720p,10,8,optimistic,independent_au,0.4,50,60.285589936137576,37.59062262357111,41.16503286357511,41.16503286357511,0,144793600,20250000,165043600,275072.6666666667,15.739784240722656,0.27829021466821885,0.043630499865648924,0.27829021466821885,0.1280477505076833,0.028178841599999997,6.4,227.12076283504857,0.506068992,0.2875392,1,HEADROOM
720p,10,8,optimistic,independent_au,0.4,100,60.399166903599486,23.460163791783998,27.034574031787997,27.034574031787997,0,146241536,20250000,166491536,277485.8933333333,15.877870178222656,0.1412080144803606,0.024272316147588582,0.1412080144803606,0.12782745471697035,0.028178841599999997,6.4,227.12076283504857,0.506068992,0.2875392,1,HEADROOM
720p,10,8,optimistic,independent_au,0.4,125,60.42415474418904,20.634072025426576,23.873226065429662,23.873226065429776,0,288139264,20250000,308389264,513982.1066666667,29.410292053222655,0.2229901189117168,0.02039267278645963,0.2229901189117168,0.11509897649427503,0.028178841599999997,6.4,227.12076283504857,0.506068992,0.2875392,1,HEADROOM
720p,10,8,optimistic,independent_au,0.4,200,60.46327425545411,16.394934375890443,17.676918375894275,17.676918375894275,0,288139264,20250000,308389264,513982.1066666667,29.410292053222655,0.14006066338248752,0.01456757029711042,0.14006066338248752,0.1049636884257935,0.028178841599999997,6.4,227.12076283504857,0.506068992,0.2875392,1,HEADROOM
720p,10,8,optimistic,independent_au,0.4,400,60.5058624815509,10.569893427944407,11.9700818958936,13.02278593839354,0,291035136,20250000,311285136,518808.56,29.686463928222658,0.07158668790564224,0.00970915009257998,0.07158668790564224,0.08204936263648374,0.028178841599999997,6.4,227.12076283504857,0.506068992,0.2875392,1,HEADROOM
720p,10,8,optimistic,independent_au,0.4,800,60.536089261223374,7.793143833971044,8.317234052723506,8.803586073973378,0,435828736,20250000,456078736,760131.2266666667,43.49505767822266,0.0548404846976183,0.0072784438060397175,0.0548404846976183,0.05906321230928796,0.028178841599999997,6.4,227.12076283504857,0.506068992,0.2875392,1,HEADROOM
720p,10,8,optimistic,independent_au,0.4,1600,60.55680003234878,5.560601026360018,6.164691245111499,6.980439791473373,0,580622336,20250000,600872336,1001453.8933333333,57.30365142822266,0.038150570139754564,0.006062738964786426,0.038150570139754564,0.046172017220409825,0.028178841599999997,6.4,227.12076283504857,0.506068992,0.2875392,1,HEADROOM
720p,10,8,optimistic,raw_gather,0.4,12.5,4.20926668951291,66445.9293277504,125921.1026090006,131218.3351090003,600,144793600,1866240000,2011033600,3351722.6666666665,191.787109375,0.07755486182371503,0.9992154576941834,0.9992154576941834,0.008940563266445883,0.028178841599999997,6.4,227.12076283504857,0.506068992,0.2875392,1,INTERCONNECT
720p,10,8,optimistic,raw_gather,0.4,25,8.415619081626502,30735.665655875273,58234.032296500736,60683.60854650078,599,144793600,1866240000,2011033600,3351722.6666666665,191.787109375,0.07758411828970727,0.9992061776687485,0.9992061776687485,0.017874936509261103,0.028178841599999997,6.4,227.12076283504857,0.506068992,0.2875392,1,INTERCONNECT
720p,10,8,optimistic,raw_gather,0.4,50,16.799999598946453,12901.841176240028,24432.101410615498,25457.84953561554,597,144793600,1866240000,2011033600,3351722.6666666665,191.787109375,0.07755212314865735,0.9980236636749594,0.9980236636749594,0.035683521708154656,0.028178841599999997,6.4,227.12076283504857,0.506068992,0.2875392,1,INTERCONNECT
720p,10,8,optimistic,raw_gather,0.4,100,33.45919661375915,3989.106801239981,7510.2538324900015,7853.830980927545,589,146241536,1866240000,2012481536,3354135.8933333335,191.9251953125,0.0782247001432625,0.9951797602827501,0.9951797602827501,0.07081230022324392,0.028178841599999997,6.4,227.12076283504857,0.506068992,0.2875392,1,INTERCONNECT
720p,10,8,optimistic,raw_gather,0.4,125,41.73654615868332,2211.318051239982,4137.765551239963,4333.0272699899615,580,288139264,1866240000,2154379264,3590632.1066666665,205.4576171875,0.1540251151264004,0.993766728044259,0.993766728044259,0.07950187744632867,0.028178841599999997,6.4,227.12076283504857,0.506068992,0.2875392,1,INTERCONNECT
720p,10,8,optimistic,raw_gather,0.4,200,59.56337842289802,68.9228949899989,98.74598092749966,98.74598092750034,0,288139264,1866240000,2154379264,3590632.1066666665,205.4576171875,0.13797609206485706,0.8881818767169567,0.8881818767169567,0.10340147753087875,0.028178841599999997,6.4,227.12076283504857,0.506068992,0.2875392,1,INTERCONNECT_HEADROOM_LOW
720p,10,8,optimistic,raw_gather,0.4,400,60.07041417303032,35.807660614998895,50.79920358374966,50.79920358375034,0,291035136,1866240000,2157275136,3595458.56,205.7337890625,0.07107149316446147,0.4502740976127934,0.4502740976127934,0.08145887016666493,0.028178841599999997,6.4,227.12076283504857,0.506068992,0.2875392,1,HEADROOM
720p,10,8,optimistic,raw_gather,0.4,800,60.32718300733248,19.250043427498895,26.82581491187466,26.82581491187534,0,435828736,1866240000,2302068736,3836781.2266666666,219.5423828125,0.05465123361847601,0.2285124763798088,0.2285124763798088,0.05885938886154173,0.028178841599999997,6.4,227.12076283504857,0.506068992,0.2875392,1,HEADROOM
720p,10,8,optimistic,raw_gather,0.4,1600,60.45639234943026,10.971234833748895,14.839120575937159,14.83912057593784,0,580622336,1866240000,2446862336,4078103.8933333335,233.3509765625,0.038087313654145895,0.11691920899622782,0.11691920899622782,0.046095460578343225,0.028178841599999997,6.4,227.12076283504857,0.506068992,0.2875392,1,HEADROOM
720p,10,8,median,owner_only,0.4,12.5,53.98423957414923,661.7047313928088,1136.1872704728066,1184.2902782328056,559,144793600,15000000,159793600,266322.6666666667,15.239105224609375,0.994648367437121,0.10728550471110819,0.994648367437121,0.2705030184111815,0.1276674048,0.8,6.266282307948975,2.3233167359999998,1.1501568,1,INTERCONNECT
720p,10,8,median,owner_only,0.4,25,59.917070912104144,78.29039299640499,86.41271491640612,86.41271491640691,0,144793600,15000000,159793600,266322.6666666667,15.239105224609375,0.5523792215556196,0.06193473731613423,0.5523792215556196,0.3002311167839841,0.1276674048,0.8,6.266282307948975,2.3233167359999998,1.1501568,1,HEADROOM
720p,10,8,median,owner_only,0.4,50,60.085642350148085,50.196368338201864,58.31869025820299,58.31869025820379,0,144793600,15000000,159793600,266322.6666666667,15.239105224609375,0.2773672170383316,0.033457918335065825,0.2773672170383316,0.3010757907697345,0.1276674048,0.8,6.266282307948975,2.3233167359999998,1.1501568,1,HEADROOM
720p,10,8,median,owner_only,0.4,100,60.1702842659813,36.1493560091003,44.27167792910143,44.271677929102225,0,144793600,15000000,159793600,266322.6666666667,15.239105224609375,0.1392801056653718,0.019159336420111056,0.1392801056653718,0.30149991258561265,0.1276674048,0.8,6.266282307948975,2.3233167359999998,1.1501568,1,HEADROOM
720p,10,8,median,owner_only,0.4,125,60.18724127338219,33.33995354327999,41.46227546328112,41.46227546328191,0,144793600,15000000,159793600,266322.6666666667,15.239105224609375,0.11161598504062752,0.016294784537424827,0.11161598504062752,0.3015848803784601,0.1276674048,0.8,6.266282307948975,2.3233167359999998,1.1501568,1,HEADROOM
720p,10,8,median,owner_only,0.4,200,60.21269471245903,29.12584984454952,37.24817176455065,37.248171764551444,0,144793600,15000000,159793600,266322.6666666667,15.239105224609375,0.0700905559192595,0.011994928135606958,0.0700905559192595,0.30171242190082925,0.1276674048,0.8,6.266282307948975,2.3233167359999998,1.1501568,1,HEADROOM
720p,10,8,median,owner_only,0.4,400,60.2339223630484,25.61409676227413,33.73641868227526,33.73641868227605,0,144793600,15000000,159793600,266322.6666666667,15.239105224609375,0.03545919245985628,0.008408935334921748,0.03545919245985628,0.3018187889369031,0.1276674048,0.8,6.266282307948975,2.3233167359999998,1.1501568,1,HEADROOM
720p,10,8,median,owner_only,0.4,800,60.24454180210024,23.858220221136435,31.980542141137562,31.980542141138358,0,144793600,15000000,159793600,266322.6666666667,15.239105224609375,0.01813435229486334,0.006614990601053119,0.01813435229486334,0.3018720005842286,0.1276674048,0.8,6.266282307948975,2.3233167359999998,1.1501568,1,HEADROOM
720p,10,8,median,owner_only,0.4,1600,60.24985292593152,22.980281950567587,31.102603870568714,31.10260387056951,0,144793600,15000000,159793600,266322.6666666667,15.239105224609375,0.009469641190589876,0.005717781004429368,0.009469641190589876,0.30189861344455327,0.1276674048,0.8,6.266282307948975,2.3233167359999998,1.1501568,1,HEADROOM
720p,10,8,median,finishing_owner,0.4,12.5,53.98423957414923,661.7047313928088,1136.1872704728066,1184.2902782328056,559,144793600,15000000,159793600,266322.6666666667,15.239105224609375,0.994648367437121,0.10728550471110819,0.994648367437121,0.2705030184111815,0.1276674048,6.4,50.1302584635918,2.3233167359999998,1.1501568,1,INTERCONNECT
720p,10,8,median,finishing_owner,0.4,25,59.917070912104144,78.29039299640499,86.41271491640612,86.41271491640691,0,144793600,15000000,159793600,266322.6666666667,15.239105224609375,0.5523792215556196,0.06193473731613423,0.5523792215556196,0.3002311167839841,0.1276674048,6.4,50.1302584635918,2.3233167359999998,1.1501568,1,HEADROOM
720p,10,8,median,finishing_owner,0.4,50,59.74449841538099,50.196368338201864,58.31869025820299,58.31869025820379,0,146241536,19147200,165388736,275647.8933333333,15.772698974609375,0.27855035340855006,0.0411444286749509,0.27855035340855006,0.29772772648650325,0.1276674048,6.4,50.1302584635918,2.3233167359999998,1.1501568,1,HEADROOM
720p,10,8,median,finishing_owner,0.4,100,59.98963324665224,44.64341028685551,60.5852166573045,60.58521665730484,0,289587200,291480000,581067200,968445.3333333334,55.414886474609375,0.2777238817914147,0.28272813175767275,0.28272813175767275,0.2191006892194061,0.1276674048,6.4,50.1302584635918,2.3233167359999998,1.1501568,1,HEADROOM
720p,10,8,median,finishing_owner,0.4,125,60.1036510209313,37.46077153820261,49.76032221312505,49.760322213125164,0,289587200,291480000,581067200,968445.3333333334,55.414886474609375,0.22292193731784107,0.22757405186231555,0.22757405186231555,0.21951711738500415,0.1276674048,6.4,50.1302584635918,2.3233167359999998,1.1501568,1,HEADROOM
720p,10,8,median,finishing_owner,0.4,200,60.236138647240516,26.444395124100993,40.026407453202864,40.02640745320332,0,432932864,428337600,861270464,1435450.7733333334,82.13715209960938,0.2096443275146472,0.20987001964950927,0.20987001964950927,0.1654799683446878,0.1276674048,6.4,50.1302584635918,2.3233167359999998,1.1501568,1,HEADROOM
720p,10,8,median,finishing_owner,0.4,400,60.360271648727334,19.56049360432553,26.43149976887662,26.431499768877188,0,576278528,566577600,1142856128,1904760.2133333334,108.99125366210937,0.14141557329389468,0.1407225554164534,0.14141557329389468,0.11063574226325407,0.1276674048,6.4,50.1302584635918,2.3233167359999998,1.1501568,1,HEADROOM
720p,10,8,median,finishing_owner,0.4,800,60.452939884489645,14.419311658524748,16.286865522050448,16.82868439477538,0,722520064,569342400,1291862464,2153104.1066666665,123.20160522460938,0.09078732186659347,0.07321949552209446,0.09078732186659347,0.109700196702976,0.1276674048,6.4,50.1302584635918,2.3233167359999998,1.1501568,1,HEADROOM
720p,10,8,median,finishing_owner,0.4,1600,60.50971966613884,10.132710197387041,11.970461738525046,12.06536289971882,0,867313664,703435200,1570748864,2617914.7733333334,149.79828491210938,0.05694360238330891,0.04712497493882745,0.05694360238330891,0.056141010074648605,0.1276674048,6.4,50.1302584635918,2.3233167359999998,1.1501568,1,HEADROOM
720p,10,8,median,independent_au,0.4,12.5,53.97682914813354,663.2306102990588,1137.7131493790566,1185.8161571390556,560,144793600,27000000,171793600,286322.6666666667,16.383514404296875,0.9945118318816207,0.18963288263449266,0.9945118318816207,0.2704658864144956,0.1276674048,6.4,50.1302584635918,2.3233167359999998,1.1501568,1,INTERCONNECT
720p,10,8,median,independent_au,0.4,25,59.91250626838847,79.05333244952999,87.17565436953112,87.17565436953191,0,144793600,27000000,171793600,286322.6666666667,16.383514404296875,0.5523371398199145,0.10763963372891484,0.5523371398199145,0.30020824436950166,0.1276674048,6.4,50.1302584635918,2.3233167359999998,1.1501568,1,HEADROOM
720p,10,8,median,independent_au,0.4,50,60.16370882301234,50.577838064764364,58.70015998476549,58.70015998476629,0,146241536,27000000,173241536,288735.8933333333,16.521600341796876,0.28050486320100637,0.0564520222016668,0.28050486320100637,0.2998167985332012,0.1276674048,6.4,50.1302584635918,2.3233167359999998,1.1501568,1,HEADROOM
720p,10,8,median,independent_au,0.4,100,60.31163280252051,33.771926862382315,36.84924431476554,36.84924431476611,0,289587200,27000000,316587200,527645.3333333334,30.192108154296875,0.279214588797793,0.030707875457131592,0.279214588797793,0.22027673115866928,0.1276674048,6.4,50.1302584635918,2.3233167359999998,1.1501568,1,HEADROOM
720p,10,8,median,independent_au,0.4,125,60.33507862260264,28.430278267811445,33.492541433906126,33.49254143390681,0,289587200,27000000,316587200,527645.3333333334,30.192108154296875,0.22378029264962332,0.025541211639670592,0.22378029264962332,0.22036236254298175,0.1276674048,6.4,50.1302584635918,2.3233167359999998,1.1501568,1,HEADROOM
720p,10,8,median,independent_au,0.4,200,60.39433391300166,23.735631356190424,25.234342311191426,29.221217276190146,0,432932864,27000000,459932864,766554.7733333333,43.862615966796874,0.21019490630092563,0.017790764862631127,0.21019490630092563,0.16591456040450991,0.1276674048,6.4,50.1302584635918,2.3233167359999998,1.1501568,1,HEADROOM
720p,10,8,median,independent_au,0.4,400,60.46126903996481,16.269319593095133,18.222757075595723,20.17619455809472,0,576278528,27000000,603278528,1005464.2133333334,57.53312377929687,0.14165219588675101,0.011323691958030662,0.14165219588675101,0.1108208627247927,0.1276674048,6.4,50.1302584635918,2.3233167359999998,1.1501568,1,HEADROOM
720p,10,8,median,independent_au,0.4,800,60.49447122347718,11.800751274047343,12.977171155595443,14.48960119404785,0,722520064,27000000,749520064,1249200.1066666667,71.47980346679688,0.09084969301094833,0.008084734019213495,0.09084969301094833,0.10977556104530535,0.1276674048,6.4,50.1302584635918,2.3233167359999998,1.1501568,1,HEADROOM
720p,10,8,median,independent_au,0.4,1600,60.521163677669804,8.508602836547198,10.307593557023665,11.953667775773923,0,867313664,27000000,894313664,1490522.7733333334,85.28839721679688,0.05695437194637886,0.006464997202293861,0.05695437194637886,0.056151627845978554,0.1276674048,6.4,50.1302584635918,2.3233167359999998,1.1501568,1,HEADROOM
720p,10,8,median,raw_gather,0.4,12.5,4.209226684233512,66447.28407975039,125922.45736100059,131219.68986100028,600,144793600,1866240000,2011033600,3351722.6666666665,191.787109375,0.07755412473477653,0.999205961053435,0.999205961053435,0.021091498782679633,0.1276674048,6.4,50.1302584635918,2.3233167359999998,1.1501568,1,INTERCONNECT
720p,10,8,median,raw_gather,0.4,25,8.415459172799528,30737.020407875272,58235.387048500736,60684.96329850078,599,144793600,1866240000,2011033600,3351722.6666666665,191.787109375,0.07758264408023707,0.9991871913189354,0.9991871913189354,0.04216799431677856,0.1276674048,6.4,50.1302584635918,2.3233167359999998,1.1501568,1,INTERCONNECT
720p,10,8,median,raw_gather,0.4,50,16.79849767098978,12905.034335920027,24435.294570295497,25461.04269529554,597,146241536,1866240000,2012481536,3354135.8933333335,191.9251953125,0.07832064185147228,0.9979344398846212,0.9979344398846212,0.08371278783194237,0.1276674048,6.4,50.1302584635918,2.3233167359999998,1.1501568,1,INTERCONNECT
720p,10,8,median,raw_gather,0.4,100,33.45323967579433,3992.2999609199815,7513.44699217,7857.024140607544,590,289587200,1866240000,2155827200,3593045.3333333335,205.595703125,0.1548728184928293,0.9950025825649383,0.9950025825649383,0.12218157493065776,0.1276674048,6.4,50.1302584635918,2.3233167359999998,1.1501568,1,INTERCONNECT
720p,10,8,median,raw_gather,0.4,125,41.727277733559696,2214.5112109199827,4140.958710919964,4336.220429669962,582,289587200,1866240000,2155827200,3593045.3333333335,205.595703125,0.15476473447720027,0.9935460424974913,0.9935460424974913,0.15240092022370727,0.1276674048,6.4,50.1302584635918,2.3233167359999998,1.1501568,1,INTERCONNECT
720p,10,8,median,raw_gather,0.4,200,59.544503274013145,72.11605466999936,101.93914060749967,101.93914060750024,0,432932864,1866240000,2299172864,3831954.7733333334,219.2662109375,0.20723717732272104,0.8879004191233184,0.8879004191233184,0.163579916278967,0.1276674048,6.4,50.1302584635918,2.3233167359999998,1.1501568,1,INTERCONNECT_HEADROOM_LOW
720p,10,8,median,raw_gather,0.4,400,60.05121635718703,39.00082029499936,53.99236326374967,53.992363263750235,0,576278528,1866240000,2442518528,4070864.2133333334,232.93671875,0.14069150048840715,0.450130195172233,0.450130195172233,0.11006926764930708,0.1276674048,6.4,50.1302584635918,2.3233167359999998,1.1501568,1,HEADROOM
720p,10,8,median,raw_gather,0.4,800,60.30782074642253,22.443203107499357,30.018974591874667,30.018974591875235,0,722520064,1866240000,2588760064,4314600.106666666,246.8833984375,0.09056938411332827,0.22843913434777147,0.22843913434777147,0.10943685801305046,0.1276674048,6.4,50.1302584635918,2.3233167359999998,1.1501568,1,HEADROOM
720p,10,8,median,raw_gather,0.4,1600,60.43694707251186,14.164394513749357,18.032280255937167,18.032280255937735,0,867313664,1866240000,2733553664,4555922.773333333,260.6919921875,0.05687511861477122,0.11688160294155504,0.11688160294155504,0.05607349155143429,0.1276674048,6.4,50.1302584635918,2.3233167359999998,1.1501568,1,HEADROOM
720p,10,8,adversarial,owner_only,0.4,12.5,53.474487332587515,697.4382188328109,1171.993592632809,1235.2860926328085,579,144793600,15000000,159793600,266322.6666666667,15.239105224609375,0.9852562885847301,0.1062724492907674,0.9852562885847301,0.7577141491281529,0.4876664832,0.8,1.6404654155243776,8.97122304,3.9105331199999998,1,INTERCONNECT
720p,10,8,adversarial,owner_only,0.4,25,59.28977007524539,119.08704451640551,141.36587971640802,141.36587971640802,0,144793600,15000000,159793600,266322.6666666667,15.239105224609375,0.5465960959343165,0.06128631255241319,0.5465960959343165,0.8401146027853761,0.4876664832,0.8,1.6404654155243776,8.97122304,3.9105331199999998,1,NODE_QUEUE_HEADROOM_LOW
720p,10,8,adversarial,owner_only,0.4,50,59.4548254166519,90.99301985820239,113.27185505820489,113.27185505820489,0,144793600,15000000,159793600,266322.6666666667,15.239105224609375,0.2744552412241285,0.0331066560264714,0.2744552412241285,0.842453377289095,0.4876664832,0.8,1.6404654155243776,8.97122304,3.9105331199999998,1,NODE_QUEUE_HEADROOM_LOW
720p,10,8,adversarial,owner_only,0.4,100,59.53769818786086,76.94600752910083,99.22484272910333,99.22484272910333,0,144793600,15000000,159793600,266322.6666666667,15.239105224609375,0.13781581715688504,0.018957909259956517,0.13781581715688504,0.8436276544903318,0.4876664832,0.8,1.6404654155243776,8.97122304,3.9105331199999998,1,NODE_QUEUE_HEADROOM_LOW
720p,10,8,adversarial,owner_only,0.4,125,59.554300473320616,74.13660506328051,96.41544026328302,96.41544026328302,0,144793600,15000000,159793600,266322.6666666667,15.239105224609375,0.11044220951318,0.01612342539645503,0.11044220951318,0.8438629028719101,0.4876664832,0.8,1.6404654155243776,8.97122304,3.9105331199999998,1,NODE_QUEUE_HEADROOM_LOW
720p,10,8,adversarial,owner_only,0.4,200,59.57922126978481,69.92250136455004,92.20133656455255,92.20133656455255,0,144793600,15000000,159793600,266322.6666666667,15.239105224609375,0.06935316148824866,0.011868734341142538,0.06935316148824866,0.8442160215464477,0.4876664832,0.8,1.6404654155243776,8.97122304,3.9105331199999998,1,NODE_QUEUE_HEADROOM_LOW
720p,10,8,adversarial,owner_only,0.4,400,59.60000453775126,66.41074828227465,88.68958348227716,88.68958348227716,0,144793600,15000000,159793600,266322.6666666667,15.239105224609375,0.03508601048383517,0.008320437462104353,0.03508601048383517,0.8445105129383027,0.4876664832,0.8,1.6404654155243776,8.97122304,3.9105331199999998,1,NODE_QUEUE_HEADROOM_LOW
720p,10,8,adversarial,owner_only,0.4,800,59.610401610118494,64.65487174113696,86.93370694113946,86.93370694113946,0,144793600,15000000,159793600,266322.6666666667,15.239105224609375,0.017943468252894775,0.006545360535254147,0.017943468252894775,0.8446578356941651,0.4876664832,0.8,1.6404654155243776,8.97122304,3.9105331199999998,1,NODE_QUEUE_HEADROOM_LOW
720p,10,8,adversarial,owner_only,0.4,1600,59.61560150672832,63.77693347056811,86.05576867057061,86.05576867057061,0,144793600,15000000,159793600,266322.6666666667,15.239105224609375,0.009369954086426146,0.0056575898082581386,0.009369954086426146,0.8447315163488435,0.4876664832,0.8,1.6404654155243776,8.97122304,3.9105331199999998,1,NODE_QUEUE_HEADROOM_LOW
720p,10,8,adversarial,finishing_owner,0.4,12.5,52.640777024111564,697.4382188328109,1171.993592632809,1235.2860926328085,579,146241536,17764800,164006336,273343.8933333333,15.640863037109375,0.9795943033391155,0.12312209942159526,0.9795943033391155,0.7431485843124961,0.4876664832,6.4,13.123723324195021,8.97122304,3.9105331199999998,1,INTERCONNECT
720p,10,8,adversarial,finishing_owner,0.4,25,53.41720466118397,638.506796316402,1115.4115481163954,1211.070298116394,543,288139264,154622400,442761664,737936.1066666667,42.225042724609374,0.979988531210024,0.5293980143583407,0.979988531210024,0.6166761721649953,0.4876664832,6.4,13.123723324195021,8.97122304,3.9105331199999998,1,INTERCONNECT
720p,10,8,adversarial,finishing_owner,0.4,50,59.35935469236894,98.28156703730451,126.04084743281237,126.04084743281271,0,291035136,291480000,582515136,970858.56,55.552972412109376,0.5507612896452116,0.5547665727305657,0.5547665727305657,0.5307550692215764,0.4876664832,6.4,13.123723324195021,8.97122304,3.9105331199999998,1,HEADROOM
720p,10,8,adversarial,finishing_owner,0.4,100,59.84591063688593,57.600785787304176,84.60481044550761,84.60481044550806,0,434380800,429720000,864100800,1440168.0,82.40707397460938,0.41557979076250323,0.4135481365477873,0.41557979076250323,0.3795676075360181,0.4876664832,6.4,13.123723324195021,8.97122304,3.9105331199999998,1,HEADROOM
720p,10,8,adversarial,finishing_owner,0.4,125,59.913051168278066,59.88298366328081,70.97132838984362,70.97132838984396,0,435828736,431102400,866931136,1444885.2266666666,82.67699584960937,0.33442560225422335,0.3332214415895874,0.33442560225422335,0.3784272387273835,0.4876664832,6.4,13.123723324195021,8.97122304,3.9105331199999998,1,HEADROOM
720p,10,8,adversarial,finishing_owner,0.4,200,60.09386776054824,50.02636104365183,57.016576497753704,57.2372393395508,0,579174400,566577600,1145752000,1909586.6666666667,109.26742553710938,0.2797929168397025,0.2753954255605141,0.2797929168397025,0.3139356919015417,0.4876664832,6.4,13.123723324195021,8.97122304,3.9105331199999998,1,HEADROOM
720p,10,8,adversarial,finishing_owner,0.4,400,60.29690645104971,29.75965648432566,36.78099406977526,39.80589132182621,0,723968000,567960000,1291928000,2153213.3333333335,123.20785522460938,0.1774572344933843,0.14090604804488563,0.1774572344933843,0.22571793638316162,0.4876664832,6.4,13.123723324195021,8.97122304,3.9105331199999998,1,HEADROOM
720p,10,8,adversarial,finishing_owner,0.4,800,60.38197282218976,22.860722997387256,26.472871434887566,29.845019872387695,0,868761600,703435200,1572196800,2620328.0,149.93637084960938,0.10902212067258236,0.0892204135455244,0.10902212067258236,0.1591732257800523,0.4876664832,6.4,13.123723324195021,8.97122304,3.9105331199999998,1,HEADROOM
720p,10,8,adversarial,finishing_owner,0.4,1600,60.39757034321048,19.43273589869341,21.318810117443718,22.964884336193833,0,870209536,704817600,1575027136,2625045.2266666666,150.20629272460937,0.0570198666958009,0.047120576477094556,0.0570198666958009,0.15855056448925323,0.4876664832,6.4,13.123723324195021,8.97122304,3.9105331199999998,1,HEADROOM
720p,10,8,adversarial,independent_au,0.4,12.5,53.559017734775935,701.2529160984359,1175.808289898434,1239.1007898984335,580,146241536,45000000,191241536,318735.8933333333,18.238214111328126,0.996681881070897,0.31075187917239555,0.996681881070897,0.756111715230487,0.4876664832,6.4,13.123723324195021,8.97122304,3.9105331199999998,1,INTERCONNECT
720p,10,8,adversarial,independent_au,0.4,25,53.974986893469065,631.4327693492141,1109.4681431492081,1169.2059795492078,540,288139264,45000000,333139264,555232.1066666667,31.770635986328124,0.9902215674390674,0.15874167513747267,0.9902215674390674,0.6231155022289506,0.4876664832,6.4,13.123723324195021,8.97122304,3.9105331199999998,1,INTERCONNECT
720p,10,8,adversarial,independent_au,0.4,50,59.90432338114894,76.26194537460879,88.27438407460977,98.54078057460939,0,291035136,45000000,336035136,560058.56,32.046807861328126,0.5558177404675674,0.09048616784593705,0.5558177404675674,0.5356278461517846,0.4876664832,6.4,13.123723324195021,8.97122304,3.9105331199999998,1,HEADROOM
720p,10,8,adversarial,independent_au,0.4,100,60.09605193394411,52.64743348730417,59.94194083730508,62.86371713730472,0,434380800,45000000,479380800,798968.0,45.717315673828125,0.4173168128377998,0.047791730089829246,0.4173168128377998,0.38115410747661393,0.4876664832,6.4,13.123723324195021,8.97122304,3.9105331199999998,1,HEADROOM
720p,10,8,adversarial,independent_au,0.4,125,60.16864471840403,49.71757838984331,54.275452189844145,58.83332598984376,0,435828736,45000000,480828736,801381.2266666667,45.855401611328126,0.33585228684575064,0.039242266250020905,0.33585228684575064,0.38004163758580634,0.4876664832,6.4,13.123723324195021,8.97122304,3.9105331199999998,1,HEADROOM
720p,10,8,adversarial,independent_au,0.4,200,60.25289248884864,37.12268468730417,44.05956416865229,50.88386104365236,0,579174400,45000000,624174400,1040290.6666666666,59.525909423828125,0.2805333250417191,0.02636834492003394,0.2805333250417191,0.3147664511781349,0.4876664832,6.4,13.123723324195021,8.97122304,3.9105331199999998,1,HEADROOM
720p,10,8,adversarial,independent_au,0.4,400,60.34866588454492,26.540008046825733,33.60430492182604,35.160459971826185,0,723968000,45000000,768968000,1281613.3333333333,73.33450317382812,0.1776095654580659,0.015619075648914758,0.1776095654580659,0.22591169478976225,0.4876664832,6.4,13.123723324195021,8.97122304,3.9105331199999998,1,HEADROOM
720p,10,8,adversarial,independent_au,0.4,800,60.391633383223045,21.272378423412647,24.884526860912956,28.256675298413086,0,868761600,45000000,913761600,1522936.0,87.14309692382812,0.10903956321050404,0.010230763453476704,0.10903956321050404,0.1591986920341451,0.4876664832,6.4,13.123723324195021,8.97122304,3.9105331199999998,1,HEADROOM
720p,10,8,adversarial,independent_au,0.4,1600,60.402399120045615,18.638563611706104,20.524637830456413,22.17071204920653,0,870209536,45000000,915209536,1525349.2266666666,87.28118286132812,0.05702442542572792,0.0075323895869523335,0.05702442542572792,0.15856324058348437,0.4876664832,6.4,13.123723324195021,8.97122304,3.9105331199999998,1,HEADROOM
720p,10,8,adversarial,raw_gather,0.4,12.5,4.209109829629297,66451.2414301504,125926.4147114006,131223.6472114003,600,146241536,1866240000,2012481536,3354135.8933333335,191.9251953125,0.07832749143016896,0.9991782215597302,0.9991782215597302,0.059421501503902144,0.4876664832,6.4,13.123723324195021,8.97122304,3.9105331199999998,1,INTERCONNECT
720p,10,8,adversarial,raw_gather,0.4,25,8.414992099774878,30740.977758275272,58239.344398900736,60688.92064890078,599,288139264,1866240000,2154379264,3590632.1066666665,205.4576171875,0.1543808928286132,0.9991317346440165,0.9991317346440165,0.09714707367790648,0.4876664832,6.4,13.123723324195021,8.97122304,3.9105331199999998,1,INTERCONNECT
720p,10,8,adversarial,raw_gather,0.4,50,16.79370221214074,12915.23349880003,24445.4937331755,25471.24185817554,597,291035136,1866240000,2157275136,3595458.56,205.7337890625,0.15581909770096175,0.997649560032016,0.997649560032016,0.15015902087017083,0.4876664832,6.4,13.123723324195021,8.97122304,3.9105331199999998,1,INTERCONNECT
720p,10,8,adversarial,raw_gather,0.4,100,33.43422702173324,4002.499123799982,7523.646155050003,7867.223303487546,589,434380800,1866240000,2300620800,3834368.0,219.404296875,0.23217274032812568,0.9944370875612993,0.9944370875612993,0.212053746453205,0.4876664832,6.4,13.123723324195021,8.97122304,3.9105331199999998,1,INTERCONNECT
720p,10,8,adversarial,raw_gather,0.4,125,41.69770132452389,2224.7103737999823,4151.1578737999625,4346.419592549961,582,435828736,1866240000,2302068736,3836781.2266666666,219.5423828125,0.2327502707031872,0.992841814334407,0.992841814334407,0.26337410073138573,0.4876664832,6.4,13.123723324195021,8.97122304,3.9105331199999998,1,INTERCONNECT
720p,10,8,adversarial,raw_gather,0.4,200,59.48429484834068,82.31521754999949,112.1383034874998,112.13830348750025,0,579174400,1866240000,2445414400,4075690.6666666665,233.212890625,0.27695478726860184,0.8870026185968227,0.8870026185968227,0.31075122897562646,0.4876664832,6.4,13.123723324195021,8.97122304,3.9105331199999998,1,INTERCONNECT_HEADROOM_LOW
720p,10,8,adversarial,raw_gather,0.4,400,59.989979372435414,49.19998317499949,64.1915261437498,64.19152614375025,0,723968000,1866240000,2590208000,4317013.333333333,247.021484375,0.17655393059658747,0.4496711767281427,0.4496711767281427,0.22456897284784041,0.4876664832,6.4,13.123723324195021,8.97122304,3.9105331199999998,1,HEADROOM
720p,10,8,adversarial,raw_gather,0.4,800,60.246424293253696,32.582074681249196,40.157846165624505,40.15784616562553,0,868761600,1866240000,2735001600,4558336.0,260.830078125,0.10877738226163024,0.2282065715981924,0.2282065715981924,0.15881590561325307,0.4876664832,6.4,13.123723324195021,8.97122304,3.9105331199999998,1,HEADROOM
720p,10,8,adversarial,raw_gather,0.4,1600,60.38537693669739,22.42961452265581,26.29750026484362,26.29750026484396,0,870209536,1866240000,2736449536,4560749.226666667,260.9681640625,0.05700835519939479,0.11678186924503531,0.11678186924503531,0.15851855539559745,0.4876664832,6.4,13.123723324195021,8.97122304,3.9105331199999998,1,HEADROOM
720p,10,16,optimistic,owner_only,0.4,12.5,54.14640247502449,652.1252523528101,1126.1294798328036,1168.3244798328033,552,144793600,15000000,159793600,266322.6666666667,15.239105224609375,0.99763618510181,0.10760777893045553,0.99763618510181,0.11500799846787979,0.028178841599999997,0.8,28.39009535438107,0.506068992,0.2875392,1,INTERCONNECT
720p,10,16,optimistic,owner_only,0.4,25,60.116901548996815,65.51775427640314,69.09216451640714,69.09216451640714,0,144793600,15000000,159793600,266322.6666666667,15.239105224609375,0.554221472686548,0.06214129711312129,0.554221472686548,0.1276894531345793,0.028178841599999997,0.8,28.39009535438107,0.506068992,0.2875392,1,HEADROOM
720p,10,16,optimistic,owner_only,0.4,50,60.28660086640115,37.423729618200014,40.99813985820401,40.99813985820401,0,144793600,15000000,159793600,266322.6666666667,15.239105224609375,0.27829488132239544,0.0335698195041729,0.27829488132239544,0.12804989774297298,0.028178841599999997,0.8,28.39009535438107,0.506068992,0.2875392,1,HEADROOM
720p,10,16,optimistic,owner_only,0.4,100,60.37181030613804,23.37671728909845,26.95112752910245,26.95112752910245,0,144793600,15000000,159793600,266322.6666666667,15.239105224609375,0.13974659121566899,0.019223506055469734,0.13974659121566899,0.12823088422899537,0.028178841599999997,0.8,28.39009535438107,0.506068992,0.2875392,1,HEADROOM
720p,10,16,optimistic,owner_only,0.4,125,60.38888110678527,20.56731482327814,24.141725063282138,24.141725063282138,0,144793600,15000000,159793600,266322.6666666667,15.239105224609375,0.11198992191084367,0.016349375470153263,0.11198992191084367,0.12826714293732946,0.028178841599999997,0.8,28.39009535438107,0.506068992,0.2875392,1,HEADROOM
720p,10,16,optimistic,owner_only,0.4,200,60.414505416531895,16.35321112454767,19.92762136455167,19.92762136455167,0,144793600,15000000,159793600,266322.6666666667,15.239105224609375,0.07032547356422579,0.012035130702589058,0.07032547356422579,0.12832156946321807,0.028178841599999997,0.8,28.39009535438107,0.506068992,0.2875392,1,HEADROOM
720p,10,16,optimistic,owner_only,0.4,400,60.435875625313855,12.84145804227228,16.41586828227628,16.41586828227628,0,144793600,15000000,159793600,266322.6666666667,15.239105224609375,0.035578080609816105,0.008437128948361548,0.035578080609816105,0.12836696019697894,0.028178841599999997,0.8,28.39009535438107,0.506068992,0.2875392,1,HEADROOM
720p,10,16,optimistic,owner_only,0.4,800,60.44656640011385,11.085581501134584,14.659991741138583,14.659991741138583,0,144793600,15000000,159793600,266322.6666666667,15.239105224609375,0.01819516419786763,0.006637173371094454,0.01819516419786763,0.128389667607917,0.028178841599999997,0.8,28.39009535438107,0.506068992,0.2875392,1,HEADROOM
720p,10,16,optimistic,owner_only,0.4,1600,60.451913205993854,10.207643230565736,13.782053470569736,13.782053470569736,0,144793600,15000000,159793600,266322.6666666667,15.239105224609375,0.009501399580994791,0.005736956759638438,0.009501399580994791,0.12840102432626482,0.028178841599999997,0.8,28.39009535438107,0.506068992,0.2875392,1,HEADROOM
720p,10,16,optimistic,finishing_owner,0.4,12.5,54.14640247502449,652.1252523528101,1126.1294798328036,1168.3244798328033,552,144793600,15000000,159793600,266322.6666666667,15.239105224609375,0.99763618510181,0.10760777893045553,0.99763618510181,0.11500799846787979,0.028178841599999997,12.8,454.24152567009713,0.506068992,0.2875392,1,INTERCONNECT
720p,10,16,optimistic,finishing_owner,0.4,25,60.116901548996815,65.51775427640314,69.09216451640714,69.09216451640714,0,144793600,15000000,159793600,266322.6666666667,15.239105224609375,0.554221472686548,0.06214129711312129,0.554221472686548,0.1276894531345793,0.028178841599999997,12.8,454.24152567009713,0.506068992,0.2875392,1,HEADROOM
720p,10,16,optimistic,finishing_owner,0.4,50,60.28660086640115,37.423729618200014,40.99813985820401,40.99813985820401,0,144793600,15000000,159793600,266322.6666666667,15.239105224609375,0.27829488132239544,0.0335698195041729,0.27829488132239544,0.12804989774297298,0.028178841599999997,12.8,454.24152567009713,0.506068992,0.2875392,1,HEADROOM
720p,10,16,optimistic,finishing_owner,0.4,100,60.25481474610497,23.37671728909845,26.95112752910245,26.95112752910245,0,146241536,17764800,164006336,273343.8933333333,15.640863037109375,0.14087053165417707,0.02183416915913,0.14087053165417707,0.12752195101846936,0.028178841599999997,12.8,454.24152567009713,0.506068992,0.2875392,1,HEADROOM
720p,10,16,optimistic,finishing_owner,0.4,125,60.26031995312212,20.56731482327814,34.353343863281225,34.35334386328134,0,288139264,154622400,442761664,737936.1066666667,42.225042724609374,0.2223855007801673,0.1233001765880666,0.2223855007801673,0.11478689572383166,0.028178841599999997,12.8,454.24152567009713,0.506068992,0.2875392,1,HEADROOM
720p,10,16,optimistic,finishing_owner,0.4,200,60.33719523827832,16.35321112454767,23.343426578652725,23.343426578652725,0,288139264,156004800,444144064,740240.1066666667,42.356878662109374,0.13976860657607562,0.07963392074995597,0.13976860657607562,0.1047448164106929,0.028178841599999997,12.8,454.24152567009713,0.506068992,0.2875392,1,HEADROOM
720p,10,16,optimistic,finishing_owner,0.4,400,60.42059649973011,12.931830842049749,16.506938569101294,16.506938569101862,0,291035136,292862400,583897536,973162.56,55.684808349609376,0.07148580661944566,0.07514694602621586,0.07514694602621586,0.08193373715531484,0.028178841599999997,12.8,454.24152567009713,0.506068992,0.2875392,1,HEADROOM
720p,10,16,optimistic,finishing_owner,0.4,800,60.492784857463406,7.881930863411981,11.397433945688135,11.397433945688817,0,435828736,431102400,866931136,1444885.2266666666,82.67699584960937,0.05480125463633221,0.05665291543389271,0.05665291543389271,0.059020961525921935,0.028178841599999997,12.8,454.24152567009713,0.506068992,0.2875392,1,HEADROOM
720p,10,16,optimistic,finishing_owner,0.4,1600,60.534254321533446,6.95928910926159,7.973066041025049,8.61795819738768,0,580622336,567960000,1148582336,1914303.8933333333,109.53734741210937,0.038136366421570124,0.0389972300660454,0.0389972300660454,0.046154827062616546,0.028178841599999997,12.8,454.24152567009713,0.506068992,0.2875392,1,HEADROOM
720p,10,16,optimistic,independent_au,0.4,12.5,54.120502556490074,653.5178132028877,1128.1760968942908,1170.4420295114778,553,144793600,20250000,165043600,275072.6666666667,15.739784240722656,0.9971589844986298,0.14368564005815154,0.9971589844986298,0.11495298654363428,0.028178841599999997,12.8,454.24152567009713,0.506068992,0.2875392,1,INTERCONNECT
720p,10,16,optimistic,independent_au,0.4,25,60.114891088546614,65.85154028714533,69.5114268542975,69.5114268542975,0,144793600,20250000,165043600,275072.6666666667,15.739784240722656,0.5542029381260037,0.08220472863443738,0.5542029381260037,0.12768518287798222,0.028178841599999997,12.8,454.24152567009713,0.506068992,0.2875392,1,HEADROOM
720p,10,16,optimistic,independent_au,0.4,50,60.285589936137576,37.59062262357111,41.16503286357511,41.16503286357511,0,144793600,20250000,165043600,275072.6666666667,15.739784240722656,0.27829021466821885,0.043630499865648924,0.27829021466821885,0.1280477505076833,0.028178841599999997,12.8,454.24152567009713,0.506068992,0.2875392,1,HEADROOM
720p,10,16,optimistic,independent_au,0.4,100,60.399166903599486,23.460163791783998,27.034574031787997,27.034574031787997,0,146241536,20250000,166491536,277485.8933333333,15.877870178222656,0.1412080144803606,0.024272316147588582,0.1412080144803606,0.12782745471697035,0.028178841599999997,12.8,454.24152567009713,0.506068992,0.2875392,1,HEADROOM
720p,10,16,optimistic,independent_au,0.4,125,60.42415474418904,20.634072025426576,23.873226065429662,23.873226065429776,0,288139264,20250000,308389264,513982.1066666667,29.410292053222655,0.2229901189117168,0.02039267278645963,0.2229901189117168,0.11509897649427503,0.028178841599999997,12.8,454.24152567009713,0.506068992,0.2875392,1,HEADROOM
720p,10,16,optimistic,independent_au,0.4,200,60.46327425545411,16.394934375890443,17.676918375894275,17.676918375894275,0,288139264,20250000,308389264,513982.1066666667,29.410292053222655,0.14006066338248752,0.01456757029711042,0.14006066338248752,0.1049636884257935,0.028178841599999997,12.8,454.24152567009713,0.506068992,0.2875392,1,HEADROOM
720p,10,16,optimistic,independent_au,0.4,400,60.5058624815509,10.569893427944407,11.9700818958936,13.02278593839354,0,291035136,20250000,311285136,518808.56,29.686463928222658,0.07158668790564224,0.00970915009257998,0.07158668790564224,0.08204936263648374,0.028178841599999997,12.8,454.24152567009713,0.506068992,0.2875392,1,HEADROOM
720p,10,16,optimistic,independent_au,0.4,800,60.536089261223374,7.793143833971044,8.317234052723506,8.803586073973378,0,435828736,20250000,456078736,760131.2266666667,43.49505767822266,0.0548404846976183,0.0072784438060397175,0.0548404846976183,0.05906321230928796,0.028178841599999997,12.8,454.24152567009713,0.506068992,0.2875392,1,HEADROOM
720p,10,16,optimistic,independent_au,0.4,1600,60.55680003234878,5.560601026360018,6.164691245111499,6.980439791473373,0,580622336,20250000,600872336,1001453.8933333333,57.30365142822266,0.038150570139754564,0.006062738964786426,0.038150570139754564,0.046172017220409825,0.028178841599999997,12.8,454.24152567009713,0.506068992,0.2875392,1,HEADROOM
720p,10,16,optimistic,raw_gather,0.4,12.5,4.20926668951291,66445.9293277504,125921.1026090006,131218.3351090003,600,144793600,1866240000,2011033600,3351722.6666666665,191.787109375,0.07755486182371503,0.9992154576941834,0.9992154576941834,0.008940563266445883,0.028178841599999997,12.8,454.24152567009713,0.506068992,0.2875392,1,INTERCONNECT
720p,10,16,optimistic,raw_gather,0.4,25,8.415619081626502,30735.665655875273,58234.032296500736,60683.60854650078,599,144793600,1866240000,2011033600,3351722.6666666665,191.787109375,0.07758411828970727,0.9992061776687485,0.9992061776687485,0.017874936509261103,0.028178841599999997,12.8,454.24152567009713,0.506068992,0.2875392,1,INTERCONNECT
720p,10,16,optimistic,raw_gather,0.4,50,16.799999598946453,12901.841176240028,24432.101410615498,25457.84953561554,597,144793600,1866240000,2011033600,3351722.6666666665,191.787109375,0.07755212314865735,0.9980236636749594,0.9980236636749594,0.035683521708154656,0.028178841599999997,12.8,454.24152567009713,0.506068992,0.2875392,1,INTERCONNECT
720p,10,16,optimistic,raw_gather,0.4,100,33.45919661375915,3989.106801239981,7510.2538324900015,7853.830980927545,589,146241536,1866240000,2012481536,3354135.8933333335,191.9251953125,0.0782247001432625,0.9951797602827501,0.9951797602827501,0.07081230022324392,0.028178841599999997,12.8,454.24152567009713,0.506068992,0.2875392,1,INTERCONNECT
720p,10,16,optimistic,raw_gather,0.4,125,41.73654615868332,2211.318051239982,4137.765551239963,4333.0272699899615,580,288139264,1866240000,2154379264,3590632.1066666665,205.4576171875,0.1540251151264004,0.993766728044259,0.993766728044259,0.07950187744632867,0.028178841599999997,12.8,454.24152567009713,0.506068992,0.2875392,1,INTERCONNECT
720p,10,16,optimistic,raw_gather,0.4,200,59.56337842289802,68.9228949899989,98.74598092749966,98.74598092750034,0,288139264,1866240000,2154379264,3590632.1066666665,205.4576171875,0.13797609206485706,0.8881818767169567,0.8881818767169567,0.10340147753087875,0.028178841599999997,12.8,454.24152567009713,0.506068992,0.2875392,1,INTERCONNECT_HEADROOM_LOW
720p,10,16,optimistic,raw_gather,0.4,400,60.07041417303032,35.807660614998895,50.79920358374966,50.79920358375034,0,291035136,1866240000,2157275136,3595458.56,205.7337890625,0.07107149316446147,0.4502740976127934,0.4502740976127934,0.08145887016666493,0.028178841599999997,12.8,454.24152567009713,0.506068992,0.2875392,1,HEADROOM
720p,10,16,optimistic,raw_gather,0.4,800,60.32718300733248,19.250043427498895,26.82581491187466,26.82581491187534,0,435828736,1866240000,2302068736,3836781.2266666666,219.5423828125,0.05465123361847601,0.2285124763798088,0.2285124763798088,0.05885938886154173,0.028178841599999997,12.8,454.24152567009713,0.506068992,0.2875392,1,HEADROOM
720p,10,16,optimistic,raw_gather,0.4,1600,60.45639234943026,10.971234833748895,14.839120575937159,14.83912057593784,0,580622336,1866240000,2446862336,4078103.8933333335,233.3509765625,0.038087313654145895,0.11691920899622782,0.11691920899622782,0.046095460578343225,0.028178841599999997,12.8,454.24152567009713,0.506068992,0.2875392,1,HEADROOM
720p,10,16,median,owner_only,0.4,12.5,53.98423957414923,661.7047313928088,1136.1872704728066,1184.2902782328056,559,144793600,15000000,159793600,266322.6666666667,15.239105224609375,0.994648367437121,0.10728550471110819,0.994648367437121,0.2705030184111815,0.1276674048,0.8,6.266282307948975,2.3233167359999998,1.1501568,1,INTERCONNECT
720p,10,16,median,owner_only,0.4,25,59.917070912104144,78.29039299640499,86.41271491640612,86.41271491640691,0,144793600,15000000,159793600,266322.6666666667,15.239105224609375,0.5523792215556196,0.06193473731613423,0.5523792215556196,0.3002311167839841,0.1276674048,0.8,6.266282307948975,2.3233167359999998,1.1501568,1,HEADROOM
720p,10,16,median,owner_only,0.4,50,60.085642350148085,50.196368338201864,58.31869025820299,58.31869025820379,0,144793600,15000000,159793600,266322.6666666667,15.239105224609375,0.2773672170383316,0.033457918335065825,0.2773672170383316,0.3010757907697345,0.1276674048,0.8,6.266282307948975,2.3233167359999998,1.1501568,1,HEADROOM
720p,10,16,median,owner_only,0.4,100,60.1702842659813,36.1493560091003,44.27167792910143,44.271677929102225,0,144793600,15000000,159793600,266322.6666666667,15.239105224609375,0.1392801056653718,0.019159336420111056,0.1392801056653718,0.30149991258561265,0.1276674048,0.8,6.266282307948975,2.3233167359999998,1.1501568,1,HEADROOM
720p,10,16,median,owner_only,0.4,125,60.18724127338219,33.33995354327999,41.46227546328112,41.46227546328191,0,144793600,15000000,159793600,266322.6666666667,15.239105224609375,0.11161598504062752,0.016294784537424827,0.11161598504062752,0.3015848803784601,0.1276674048,0.8,6.266282307948975,2.3233167359999998,1.1501568,1,HEADROOM
720p,10,16,median,owner_only,0.4,200,60.21269471245903,29.12584984454952,37.24817176455065,37.248171764551444,0,144793600,15000000,159793600,266322.6666666667,15.239105224609375,0.0700905559192595,0.011994928135606958,0.0700905559192595,0.30171242190082925,0.1276674048,0.8,6.266282307948975,2.3233167359999998,1.1501568,1,HEADROOM
720p,10,16,median,owner_only,0.4,400,60.2339223630484,25.61409676227413,33.73641868227526,33.73641868227605,0,144793600,15000000,159793600,266322.6666666667,15.239105224609375,0.03545919245985628,0.008408935334921748,0.03545919245985628,0.3018187889369031,0.1276674048,0.8,6.266282307948975,2.3233167359999998,1.1501568,1,HEADROOM
720p,10,16,median,owner_only,0.4,800,60.24454180210024,23.858220221136435,31.980542141137562,31.980542141138358,0,144793600,15000000,159793600,266322.6666666667,15.239105224609375,0.01813435229486334,0.006614990601053119,0.01813435229486334,0.3018720005842286,0.1276674048,0.8,6.266282307948975,2.3233167359999998,1.1501568,1,HEADROOM
720p,10,16,median,owner_only,0.4,1600,60.24985292593152,22.980281950567587,31.102603870568714,31.10260387056951,0,144793600,15000000,159793600,266322.6666666667,15.239105224609375,0.009469641190589876,0.005717781004429368,0.009469641190589876,0.30189861344455327,0.1276674048,0.8,6.266282307948975,2.3233167359999998,1.1501568,1,HEADROOM
720p,10,16,median,finishing_owner,0.4,12.5,53.98423957414923,661.7047313928088,1136.1872704728066,1184.2902782328056,559,144793600,15000000,159793600,266322.6666666667,15.239105224609375,0.994648367437121,0.10728550471110819,0.994648367437121,0.2705030184111815,0.1276674048,12.8,100.2605169271836,2.3233167359999998,1.1501568,1,INTERCONNECT
720p,10,16,median,finishing_owner,0.4,25,59.917070912104144,78.29039299640499,86.41271491640612,86.41271491640691,0,144793600,15000000,159793600,266322.6666666667,15.239105224609375,0.5523792215556196,0.06193473731613423,0.5523792215556196,0.3002311167839841,0.1276674048,12.8,100.2605169271836,2.3233167359999998,1.1501568,1,HEADROOM
720p,10,16,median,finishing_owner,0.4,50,59.74449841538099,50.196368338201864,58.31869025820299,58.31869025820379,0,146241536,19147200,165388736,275647.8933333333,15.772698974609375,0.27855035340855006,0.0411444286749509,0.27855035340855006,0.29772772648650325,0.1276674048,12.8,100.2605169271836,2.3233167359999998,1.1501568,1,HEADROOM
720p,10,16,median,finishing_owner,0.4,100,59.98963324665224,44.64341028685551,60.5852166573045,60.58521665730484,0,289587200,291480000,581067200,968445.3333333334,55.414886474609375,0.2777238817914147,0.28272813175767275,0.28272813175767275,0.2191006892194061,0.1276674048,12.8,100.2605169271836,2.3233167359999998,1.1501568,1,HEADROOM
720p,10,16,median,finishing_owner,0.4,125,60.1036510209313,37.46077153820261,49.76032221312505,49.760322213125164,0,289587200,291480000,581067200,968445.3333333334,55.414886474609375,0.22292193731784107,0.22757405186231555,0.22757405186231555,0.21951711738500415,0.1276674048,12.8,100.2605169271836,2.3233167359999998,1.1501568,1,HEADROOM
720p,10,16,median,finishing_owner,0.4,200,60.236138647240516,26.444395124100993,40.026407453202864,40.02640745320332,0,432932864,428337600,861270464,1435450.7733333334,82.13715209960938,0.2096443275146472,0.20987001964950927,0.20987001964950927,0.1654799683446878,0.1276674048,12.8,100.2605169271836,2.3233167359999998,1.1501568,1,HEADROOM
720p,10,16,median,finishing_owner,0.4,400,60.360271648727334,19.56049360432553,26.43149976887662,26.431499768877188,0,576278528,566577600,1142856128,1904760.2133333334,108.99125366210937,0.14141557329389468,0.1407225554164534,0.14141557329389468,0.11063574226325407,0.1276674048,12.8,100.2605169271836,2.3233167359999998,1.1501568,1,HEADROOM
720p,10,16,median,finishing_owner,0.4,800,60.452939884489645,14.419311658524748,16.286865522050448,16.82868439477538,0,722520064,569342400,1291862464,2153104.1066666665,123.20160522460938,0.09078732186659347,0.07321949552209446,0.09078732186659347,0.109700196702976,0.1276674048,12.8,100.2605169271836,2.3233167359999998,1.1501568,1,HEADROOM
720p,10,16,median,finishing_owner,0.4,1600,60.50971966613884,10.132710197387041,11.970461738525046,12.06536289971882,0,867313664,703435200,1570748864,2617914.7733333334,149.79828491210938,0.05694360238330891,0.04712497493882745,0.05694360238330891,0.056141010074648605,0.1276674048,12.8,100.2605169271836,2.3233167359999998,1.1501568,1,HEADROOM
720p,10,16,median,independent_au,0.4,12.5,53.97682914813354,663.2306102990588,1137.7131493790566,1185.8161571390556,560,144793600,27000000,171793600,286322.6666666667,16.383514404296875,0.9945118318816207,0.18963288263449266,0.9945118318816207,0.2704658864144956,0.1276674048,12.8,100.2605169271836,2.3233167359999998,1.1501568,1,INTERCONNECT
720p,10,16,median,independent_au,0.4,25,59.91250626838847,79.05333244952999,87.17565436953112,87.17565436953191,0,144793600,27000000,171793600,286322.6666666667,16.383514404296875,0.5523371398199145,0.10763963372891484,0.5523371398199145,0.30020824436950166,0.1276674048,12.8,100.2605169271836,2.3233167359999998,1.1501568,1,HEADROOM
720p,10,16,median,independent_au,0.4,50,60.16370882301234,50.577838064764364,58.70015998476549,58.70015998476629,0,146241536,27000000,173241536,288735.8933333333,16.521600341796876,0.28050486320100637,0.0564520222016668,0.28050486320100637,0.2998167985332012,0.1276674048,12.8,100.2605169271836,2.3233167359999998,1.1501568,1,HEADROOM
720p,10,16,median,independent_au,0.4,100,60.31163280252051,33.771926862382315,36.84924431476554,36.84924431476611,0,289587200,27000000,316587200,527645.3333333334,30.192108154296875,0.279214588797793,0.030707875457131592,0.279214588797793,0.22027673115866928,0.1276674048,12.8,100.2605169271836,2.3233167359999998,1.1501568,1,HEADROOM
720p,10,16,median,independent_au,0.4,125,60.33507862260264,28.430278267811445,33.492541433906126,33.49254143390681,0,289587200,27000000,316587200,527645.3333333334,30.192108154296875,0.22378029264962332,0.025541211639670592,0.22378029264962332,0.22036236254298175,0.1276674048,12.8,100.2605169271836,2.3233167359999998,1.1501568,1,HEADROOM
720p,10,16,median,independent_au,0.4,200,60.39433391300166,23.735631356190424,25.234342311191426,29.221217276190146,0,432932864,27000000,459932864,766554.7733333333,43.862615966796874,0.21019490630092563,0.017790764862631127,0.21019490630092563,0.16591456040450991,0.1276674048,12.8,100.2605169271836,2.3233167359999998,1.1501568,1,HEADROOM
720p,10,16,median,independent_au,0.4,400,60.46126903996481,16.269319593095133,18.222757075595723,20.17619455809472,0,576278528,27000000,603278528,1005464.2133333334,57.53312377929687,0.14165219588675101,0.011323691958030662,0.14165219588675101,0.1108208627247927,0.1276674048,12.8,100.2605169271836,2.3233167359999998,1.1501568,1,HEADROOM
720p,10,16,median,independent_au,0.4,800,60.49447122347718,11.800751274047343,12.977171155595443,14.48960119404785,0,722520064,27000000,749520064,1249200.1066666667,71.47980346679688,0.09084969301094833,0.008084734019213495,0.09084969301094833,0.10977556104530535,0.1276674048,12.8,100.2605169271836,2.3233167359999998,1.1501568,1,HEADROOM
720p,10,16,median,independent_au,0.4,1600,60.521163677669804,8.508602836547198,10.307593557023665,11.953667775773923,0,867313664,27000000,894313664,1490522.7733333334,85.28839721679688,0.05695437194637886,0.006464997202293861,0.05695437194637886,0.056151627845978554,0.1276674048,12.8,100.2605169271836,2.3233167359999998,1.1501568,1,HEADROOM
720p,10,16,median,raw_gather,0.4,12.5,4.209226684233512,66447.28407975039,125922.45736100059,131219.68986100028,600,144793600,1866240000,2011033600,3351722.6666666665,191.787109375,0.07755412473477653,0.999205961053435,0.999205961053435,0.021091498782679633,0.1276674048,12.8,100.2605169271836,2.3233167359999998,1.1501568,1,INTERCONNECT
720p,10,16,median,raw_gather,0.4,25,8.415459172799528,30737.020407875272,58235.387048500736,60684.96329850078,599,144793600,1866240000,2011033600,3351722.6666666665,191.787109375,0.07758264408023707,0.9991871913189354,0.9991871913189354,0.04216799431677856,0.1276674048,12.8,100.2605169271836,2.3233167359999998,1.1501568,1,INTERCONNECT
720p,10,16,median,raw_gather,0.4,50,16.79849767098978,12905.034335920027,24435.294570295497,25461.04269529554,597,146241536,1866240000,2012481536,3354135.8933333335,191.9251953125,0.07832064185147228,0.9979344398846212,0.9979344398846212,0.08371278783194237,0.1276674048,12.8,100.2605169271836,2.3233167359999998,1.1501568,1,INTERCONNECT
720p,10,16,median,raw_gather,0.4,100,33.45323967579433,3992.2999609199815,7513.44699217,7857.024140607544,590,289587200,1866240000,2155827200,3593045.3333333335,205.595703125,0.1548728184928293,0.9950025825649383,0.9950025825649383,0.12218157493065776,0.1276674048,12.8,100.2605169271836,2.3233167359999998,1.1501568,1,INTERCONNECT
720p,10,16,median,raw_gather,0.4,125,41.727277733559696,2214.5112109199827,4140.958710919964,4336.220429669962,582,289587200,1866240000,2155827200,3593045.3333333335,205.595703125,0.15476473447720027,0.9935460424974913,0.9935460424974913,0.15240092022370727,0.1276674048,12.8,100.2605169271836,2.3233167359999998,1.1501568,1,INTERCONNECT
720p,10,16,median,raw_gather,0.4,200,59.544503274013145,72.11605466999936,101.93914060749967,101.93914060750024,0,432932864,1866240000,2299172864,3831954.7733333334,219.2662109375,0.20723717732272104,0.8879004191233184,0.8879004191233184,0.163579916278967,0.1276674048,12.8,100.2605169271836,2.3233167359999998,1.1501568,1,INTERCONNECT_HEADROOM_LOW
720p,10,16,median,raw_gather,0.4,400,60.05121635718703,39.00082029499936,53.99236326374967,53.992363263750235,0,576278528,1866240000,2442518528,4070864.2133333334,232.93671875,0.14069150048840715,0.450130195172233,0.450130195172233,0.11006926764930708,0.1276674048,12.8,100.2605169271836,2.3233167359999998,1.1501568,1,HEADROOM
720p,10,16,median,raw_gather,0.4,800,60.30782074642253,22.443203107499357,30.018974591874667,30.018974591875235,0,722520064,1866240000,2588760064,4314600.106666666,246.8833984375,0.09056938411332827,0.22843913434777147,0.22843913434777147,0.10943685801305046,0.1276674048,12.8,100.2605169271836,2.3233167359999998,1.1501568,1,HEADROOM
720p,10,16,median,raw_gather,0.4,1600,60.43694707251186,14.164394513749357,18.032280255937167,18.032280255937735,0,867313664,1866240000,2733553664,4555922.773333333,260.6919921875,0.05687511861477122,0.11688160294155504,0.11688160294155504,0.05607349155143429,0.1276674048,12.8,100.2605169271836,2.3233167359999998,1.1501568,1,HEADROOM
720p,10,16,adversarial,owner_only,0.4,12.5,53.474487332587515,697.4382188328109,1171.993592632809,1235.2860926328085,579,144793600,15000000,159793600,266322.6666666667,15.239105224609375,0.9852562885847301,0.1062724492907674,0.9852562885847301,0.7577141491281529,0.4876664832,0.8,1.6404654155243776,8.97122304,3.9105331199999998,1,INTERCONNECT
720p,10,16,adversarial,owner_only,0.4,25,59.28977007524539,119.08704451640551,141.36587971640802,141.36587971640802,0,144793600,15000000,159793600,266322.6666666667,15.239105224609375,0.5465960959343165,0.06128631255241319,0.5465960959343165,0.8401146027853761,0.4876664832,0.8,1.6404654155243776,8.97122304,3.9105331199999998,1,NODE_QUEUE_HEADROOM_LOW
720p,10,16,adversarial,owner_only,0.4,50,59.4548254166519,90.99301985820239,113.27185505820489,113.27185505820489,0,144793600,15000000,159793600,266322.6666666667,15.239105224609375,0.2744552412241285,0.0331066560264714,0.2744552412241285,0.842453377289095,0.4876664832,0.8,1.6404654155243776,8.97122304,3.9105331199999998,1,NODE_QUEUE_HEADROOM_LOW
720p,10,16,adversarial,owner_only,0.4,100,59.53769818786086,76.94600752910083,99.22484272910333,99.22484272910333,0,144793600,15000000,159793600,266322.6666666667,15.239105224609375,0.13781581715688504,0.018957909259956517,0.13781581715688504,0.8436276544903318,0.4876664832,0.8,1.6404654155243776,8.97122304,3.9105331199999998,1,NODE_QUEUE_HEADROOM_LOW
720p,10,16,adversarial,owner_only,0.4,125,59.554300473320616,74.13660506328051,96.41544026328302,96.41544026328302,0,144793600,15000000,159793600,266322.6666666667,15.239105224609375,0.11044220951318,0.01612342539645503,0.11044220951318,0.8438629028719101,0.4876664832,0.8,1.6404654155243776,8.97122304,3.9105331199999998,1,NODE_QUEUE_HEADROOM_LOW
720p,10,16,adversarial,owner_only,0.4,200,59.57922126978481,69.92250136455004,92.20133656455255,92.20133656455255,0,144793600,15000000,159793600,266322.6666666667,15.239105224609375,0.06935316148824866,0.011868734341142538,0.06935316148824866,0.8442160215464477,0.4876664832,0.8,1.6404654155243776,8.97122304,3.9105331199999998,1,NODE_QUEUE_HEADROOM_LOW
720p,10,16,adversarial,owner_only,0.4,400,59.60000453775126,66.41074828227465,88.68958348227716,88.68958348227716,0,144793600,15000000,159793600,266322.6666666667,15.239105224609375,0.03508601048383517,0.008320437462104353,0.03508601048383517,0.8445105129383027,0.4876664832,0.8,1.6404654155243776,8.97122304,3.9105331199999998,1,NODE_QUEUE_HEADROOM_LOW
720p,10,16,adversarial,owner_only,0.4,800,59.610401610118494,64.65487174113696,86.93370694113946,86.93370694113946,0,144793600,15000000,159793600,266322.6666666667,15.239105224609375,0.017943468252894775,0.006545360535254147,0.017943468252894775,0.8446578356941651,0.4876664832,0.8,1.6404654155243776,8.97122304,3.9105331199999998,1,NODE_QUEUE_HEADROOM_LOW
720p,10,16,adversarial,owner_only,0.4,1600,59.61560150672832,63.77693347056811,86.05576867057061,86.05576867057061,0,144793600,15000000,159793600,266322.6666666667,15.239105224609375,0.009369954086426146,0.0056575898082581386,0.009369954086426146,0.8447315163488435,0.4876664832,0.8,1.6404654155243776,8.97122304,3.9105331199999998,1,NODE_QUEUE_HEADROOM_LOW
720p,10,16,adversarial,finishing_owner,0.4,12.5,52.640777024111564,697.4382188328109,1171.993592632809,1235.2860926328085,579,146241536,17764800,164006336,273343.8933333333,15.640863037109375,0.9795943033391155,0.12312209942159526,0.9795943033391155,0.7431485843124961,0.4876664832,12.8,26.247446648390042,8.97122304,3.9105331199999998,1,INTERCONNECT
720p,10,16,adversarial,finishing_owner,0.4,25,53.41720466118397,638.506796316402,1115.4115481163954,1211.070298116394,543,288139264,154622400,442761664,737936.1066666667,42.225042724609374,0.979988531210024,0.5293980143583407,0.979988531210024,0.6166761721649953,0.4876664832,12.8,26.247446648390042,8.97122304,3.9105331199999998,1,INTERCONNECT
720p,10,16,adversarial,finishing_owner,0.4,50,59.35935469236894,98.28156703730451,126.04084743281237,126.04084743281271,0,291035136,291480000,582515136,970858.56,55.552972412109376,0.5507612896452116,0.5547665727305657,0.5547665727305657,0.5307550692215764,0.4876664832,12.8,26.247446648390042,8.97122304,3.9105331199999998,1,HEADROOM
720p,10,16,adversarial,finishing_owner,0.4,100,59.84591063688593,57.600785787304176,84.60481044550761,84.60481044550806,0,434380800,429720000,864100800,1440168.0,82.40707397460938,0.41557979076250323,0.4135481365477873,0.41557979076250323,0.3795676075360181,0.4876664832,12.8,26.247446648390042,8.97122304,3.9105331199999998,1,HEADROOM
720p,10,16,adversarial,finishing_owner,0.4,125,59.913051168278066,59.88298366328081,70.97132838984362,70.97132838984396,0,435828736,431102400,866931136,1444885.2266666666,82.67699584960937,0.33442560225422335,0.3332214415895874,0.33442560225422335,0.3784272387273835,0.4876664832,12.8,26.247446648390042,8.97122304,3.9105331199999998,1,HEADROOM
720p,10,16,adversarial,finishing_owner,0.4,200,60.09386776054824,50.02636104365183,57.016576497753704,57.2372393395508,0,579174400,566577600,1145752000,1909586.6666666667,109.26742553710938,0.2797929168397025,0.2753954255605141,0.2797929168397025,0.3139356919015417,0.4876664832,12.8,26.247446648390042,8.97122304,3.9105331199999998,1,HEADROOM
720p,10,16,adversarial,finishing_owner,0.4,400,60.29690645104971,29.75965648432566,36.78099406977526,39.80589132182621,0,723968000,567960000,1291928000,2153213.3333333335,123.20785522460938,0.1774572344933843,0.14090604804488563,0.1774572344933843,0.22571793638316162,0.4876664832,12.8,26.247446648390042,8.97122304,3.9105331199999998,1,HEADROOM
720p,10,16,adversarial,finishing_owner,0.4,800,60.38911896582659,22.860722997387256,26.472871434887566,29.845019872387695,0,870209536,703435200,1573644736,2622741.2266666666,150.07445678710937,0.10921680204518708,0.08923097268860526,0.10921680204518708,0.15919206376565295,0.4876664832,12.8,26.247446648390042,8.97122304,3.9105331199999998,1,HEADROOM
720p,10,16,adversarial,finishing_owner,0.4,1600,60.441360750519856,19.43273589869341,21.318810117443718,22.964884336193833,0,874553344,706200000,1580753344,2634588.9066666667,150.75238647460938,0.0573462003773206,0.04723774416477954,0.0573462003773206,0.15708550674104813,0.4876664832,12.8,26.247446648390042,8.97122304,3.9105331199999998,1,HEADROOM
720p,10,16,adversarial,independent_au,0.4,12.5,53.559017734775935,701.2529160984359,1175.808289898434,1239.1007898984335,580,146241536,45000000,191241536,318735.8933333333,18.238214111328126,0.996681881070897,0.31075187917239555,0.996681881070897,0.756111715230487,0.4876664832,12.8,26.247446648390042,8.97122304,3.9105331199999998,1,INTERCONNECT
720p,10,16,adversarial,independent_au,0.4,25,53.974986893469065,631.4327693492141,1109.4681431492081,1169.2059795492078,540,288139264,45000000,333139264,555232.1066666667,31.770635986328124,0.9902215674390674,0.15874167513747267,0.9902215674390674,0.6231155022289506,0.4876664832,12.8,26.247446648390042,8.97122304,3.9105331199999998,1,INTERCONNECT
720p,10,16,adversarial,independent_au,0.4,50,59.90432338114894,76.26194537460879,88.27438407460977,98.54078057460939,0,291035136,45000000,336035136,560058.56,32.046807861328126,0.5558177404675674,0.09048616784593705,0.5558177404675674,0.5356278461517846,0.4876664832,12.8,26.247446648390042,8.97122304,3.9105331199999998,1,HEADROOM
720p,10,16,adversarial,independent_au,0.4,100,60.09605193394411,52.64743348730417,59.94194083730508,62.86371713730472,0,434380800,45000000,479380800,798968.0,45.717315673828125,0.4173168128377998,0.047791730089829246,0.4173168128377998,0.38115410747661393,0.4876664832,12.8,26.247446648390042,8.97122304,3.9105331199999998,1,HEADROOM
720p,10,16,adversarial,independent_au,0.4,125,60.16864471840403,49.71757838984331,54.275452189844145,58.83332598984376,0,435828736,45000000,480828736,801381.2266666667,45.855401611328126,0.33585228684575064,0.039242266250020905,0.33585228684575064,0.38004163758580634,0.4876664832,12.8,26.247446648390042,8.97122304,3.9105331199999998,1,HEADROOM
720p,10,16,adversarial,independent_au,0.4,200,60.25289248884864,37.12268468730417,44.05956416865229,50.88386104365236,0,579174400,45000000,624174400,1040290.6666666666,59.525909423828125,0.2805333250417191,0.02636834492003394,0.2805333250417191,0.3147664511781349,0.4876664832,12.8,26.247446648390042,8.97122304,3.9105331199999998,1,HEADROOM
720p,10,16,adversarial,independent_au,0.4,400,60.34866588454492,26.540008046825733,33.60430492182604,35.160459971826185,0,723968000,45000000,768968000,1281613.3333333333,73.33450317382812,0.1776095654580659,0.015619075648914758,0.1776095654580659,0.22591169478976225,0.4876664832,12.8,26.247446648390042,8.97122304,3.9105331199999998,1,HEADROOM
720p,10,16,adversarial,independent_au,0.4,800,60.4019502476407,21.272378423412647,24.884526860912956,28.256675298413086,0,870209536,45000000,915209536,1525349.2266666666,87.28118286132812,0.10924000807286022,0.010232511202188333,0.10924000807286022,0.1592258883729287,0.4876664832,12.8,26.247446648390042,8.97122304,3.9105331199999998,1,HEADROOM
720p,10,16,adversarial,independent_au,0.4,1600,60.44619653224688,18.638563611706104,20.524637830456413,22.17071204920653,0,874553344,45000000,919553344,1532588.9066666667,87.69544067382813,0.05735078852200257,0.007537851276825689,0.05735078852200257,0.15709807481055627,0.4876664832,12.8,26.247446648390042,8.97122304,3.9105331199999998,1,HEADROOM
720p,10,16,adversarial,raw_gather,0.4,12.5,4.209109829629297,66451.2414301504,125926.4147114006,131223.6472114003,600,146241536,1866240000,2012481536,3354135.8933333335,191.9251953125,0.07832749143016896,0.9991782215597302,0.9991782215597302,0.059421501503902144,0.4876664832,12.8,26.247446648390042,8.97122304,3.9105331199999998,1,INTERCONNECT
720p,10,16,adversarial,raw_gather,0.4,25,8.414992099774878,30740.977758275272,58239.344398900736,60688.92064890078,599,288139264,1866240000,2154379264,3590632.1066666665,205.4576171875,0.1543808928286132,0.9991317346440165,0.9991317346440165,0.09714707367790648,0.4876664832,12.8,26.247446648390042,8.97122304,3.9105331199999998,1,INTERCONNECT
720p,10,16,adversarial,raw_gather,0.4,50,16.79370221214074,12915.23349880003,24445.4937331755,25471.24185817554,597,291035136,1866240000,2157275136,3595458.56,205.7337890625,0.15581909770096175,0.997649560032016,0.997649560032016,0.15015902087017083,0.4876664832,12.8,26.247446648390042,8.97122304,3.9105331199999998,1,INTERCONNECT
720p,10,16,adversarial,raw_gather,0.4,100,33.43422702173324,4002.499123799982,7523.646155050003,7867.223303487546,589,434380800,1866240000,2300620800,3834368.0,219.404296875,0.23217274032812568,0.9944370875612993,0.9944370875612993,0.212053746453205,0.4876664832,12.8,26.247446648390042,8.97122304,3.9105331199999998,1,INTERCONNECT
720p,10,16,adversarial,raw_gather,0.4,125,41.69770132452389,2224.7103737999823,4151.1578737999625,4346.419592549961,582,435828736,1866240000,2302068736,3836781.2266666666,219.5423828125,0.2327502707031872,0.992841814334407,0.992841814334407,0.26337410073138573,0.4876664832,12.8,26.247446648390042,8.97122304,3.9105331199999998,1,INTERCONNECT
720p,10,16,adversarial,raw_gather,0.4,200,59.48429484834068,82.31521754999949,112.1383034874998,112.13830348750025,0,579174400,1866240000,2445414400,4075690.6666666665,233.212890625,0.27695478726860184,0.8870026185968227,0.8870026185968227,0.31075122897562646,0.4876664832,12.8,26.247446648390042,8.97122304,3.9105331199999998,1,INTERCONNECT_HEADROOM_LOW
720p,10,16,adversarial,raw_gather,0.4,400,59.989979372435414,49.19998317499949,64.1915261437498,64.19152614375025,0,723968000,1866240000,2590208000,4317013.333333333,247.021484375,0.17655393059658747,0.4496711767281427,0.4496711767281427,0.22456897284784041,0.4876664832,12.8,26.247446648390042,8.97122304,3.9105331199999998,1,HEADROOM
720p,10,16,adversarial,raw_gather,0.4,800,60.246424293253696,32.582074681249196,40.157846165624505,40.15784616562553,0,870209536,1866240000,2736449536,4560749.226666667,260.9681640625,0.1089587314511101,0.2282065715981924,0.2282065715981924,0.15881590561325307,0.4876664832,12.8,26.247446648390042,8.97122304,3.9105331199999998,1,HEADROOM
720p,10,16,adversarial,raw_gather,0.4,1600,60.38667268518439,22.42961452265581,26.29750026484362,26.29750026484396,0,874553344,1866240000,2740793344,4567988.906666666,261.382421875,0.05729431285007049,0.11678437514858446,0.11678437514858446,0.1569433738977561,0.4876664832,12.8,26.247446648390042,8.97122304,3.9105331199999998,1,HEADROOM
720p,15,4,optimistic,owner_only,0.4,12.5,36.14602330481285,3411.5633016692127,6389.966441539469,6653.258941539474,592,217190400,15000000,232190400,386984.0,22.143402099609375,0.9989744234544821,0.07183474999642876,0.9989744234544821,0.07373122510680286,0.02708619264,0.8,29.53534336230727,0.506068992,0.2875392,1,INTERCONNECT
720p,15,4,optimistic,owner_only,0.4,25,59.97170580444826,63.22532803640388,64.5073120364068,64.5073120364068,0,217190400,15000000,232190400,386984.0,22.143402099609375,0.8293243560642312,0.06199121200112997,0.8293243560642312,0.1223312258562609,0.02708619264,0.8,29.53534336230727,0.506068992,0.2875392,1,INTERCONNECT_HEADROOM_LOW
720p,15,4,optimistic,owner_only,0.4,50,60.14058523687437,35.131303378200755,36.41328737820368,36.41328737820368,0,217190400,15000000,232190400,386984.0,22.143402099609375,0.41643126641635964,0.03348851257597397,0.41643126641635964,0.12267570877055316,0.02708619264,0.8,29.53534336230727,0.506068992,0.2875392,1,HEADROOM
720p,15,4,optimistic,owner_only,0.4,100,60.22538212746554,21.084291049099193,22.366275049102114,22.366275049102114,0,217190400,15000000,232190400,386984.0,22.143402099609375,0.2091114664517195,0.019176880602876405,0.2091114664517195,0.12284867879759627,0.02708619264,0.8,29.53534336230727,0.506068992,0.2875392,1,HEADROOM
720p,15,4,optimistic,owner_only,0.4,125,60.24237020849403,18.27488858327888,19.556872583281802,19.556872583281802,0,217190400,15000000,232190400,386984.0,22.143402099609375,0.167577330753409,0.01630970986213517,0.167577330753409,0.12288333135165128,0.02708619264,0.8,29.53534336230727,0.506068992,0.2875392,1,HEADROOM
720p,15,4,optimistic,owner_only,0.4,200,60.26787030732349,14.060784884548411,15.342768884551333,15.342768884551333,0,217190400,15000000,232190400,386984.0,22.143402099609375,0.10523217456258642,0.012005919626660448,0.10523217456258642,0.12293534685308517,0.02708619264,0.8,29.53534336230727,0.506068992,0.2875392,1,HEADROOM
720p,15,4,optimistic,owner_only,0.4,400,60.28913688630579,10.54903180227302,11.831015802275942,11.831015802275942,0,217190400,15000000,232190400,386984.0,22.143402099609375,0.05323754516279709,0.008416643538827538,0.05323754516279709,0.12297872675435322,0.02708619264,0.8,29.53534336230727,0.506068992,0.2875392,1,HEADROOM
720p,15,4,optimistic,owner_only,0.4,800,60.2997758050052,8.793155261135325,10.075139261138247,10.075139261138247,0,217190400,15000000,232190400,386984.0,22.143402099609375,0.02722646761945629,0.006621055422846853,0.02722646761945629,0.12300042818753451,0.02708619264,0.8,29.53534336230727,0.506068992,0.2875392,1,HEADROOM
720p,15,4,optimistic,owner_only,0.4,1600,60.305096672526226,7.915216990566478,9.1972009905694,9.1972009905694,0,217190400,15000000,232190400,386984.0,22.143402099609375,0.014217486011659763,0.005723023700129904,0.014217486011659763,0.12301128177653513,0.02708619264,0.8,29.53534336230727,0.506068992,0.2875392,1,HEADROOM
720p,15,4,optimistic,finishing_owner,0.4,12.5,36.14602330481285,3411.5633016692127,6389.966441539469,6653.258941539474,592,217190400,15000000,232190400,386984.0,22.143402099609375,0.9989744234544821,0.07183474999642876,0.9989744234544821,0.07373122510680286,0.02708619264,3.2,118.14137344922908,0.506068992,0.2875392,1,INTERCONNECT
720p,15,4,optimistic,finishing_owner,0.4,25,59.97170580444826,63.22532803640388,64.5073120364068,64.5073120364068,0,217190400,15000000,232190400,386984.0,22.143402099609375,0.8293243560642312,0.06199121200112997,0.8293243560642312,0.1223312258562609,0.02708619264,3.2,118.14137344922908,0.506068992,0.2875392,1,INTERCONNECT_HEADROOM_LOW
720p,15,4,optimistic,finishing_owner,0.4,50,60.14058523687437,35.131303378200755,36.41328737820368,36.41328737820368,0,217190400,15000000,232190400,386984.0,22.143402099609375,0.41643126641635964,0.03348851257597397,0.41643126641635964,0.12267570877055316,0.02708619264,3.2,118.14137344922908,0.506068992,0.2875392,1,HEADROOM
720p,15,4,optimistic,finishing_owner,0.4,100,60.22538212746554,21.084291049099193,22.366275049102114,22.366275049102114,0,217190400,15000000,232190400,386984.0,22.143402099609375,0.2091114664517195,0.019176880602876405,0.2091114664517195,0.12284867879759627,0.02708619264,3.2,118.14137344922908,0.506068992,0.2875392,1,HEADROOM
720p,15,4,optimistic,finishing_owner,0.4,125,60.188407051724056,18.27488858327888,19.556872583281802,19.556872583281802,0,218638336,16382400,235020736,391701.2266666667,22.413323974609376,0.1685434018979355,0.017353099496970913,0.1685434018979355,0.12254329398554765,0.02708619264,3.2,118.14137344922908,0.506068992,0.2875392,1,HEADROOM
720p,15,4,optimistic,finishing_owner,0.4,200,60.220554317856646,14.060784884548411,15.342768884551333,15.342768884551333,0,218638336,17764800,236403136,394005.2266666667,22.545159912109376,0.10585055438213199,0.013319699381225084,0.10585055438213199,0.122378660359504,0.02708619264,3.2,118.14137344922908,0.506068992,0.2875392,1,HEADROOM
720p,15,4,optimistic,finishing_owner,0.4,400,60.281661391113396,11.851586279663074,12.931830842050658,12.931830842051,0,434380800,223742400,658123200,1096872.0,62.763519287109375,0.10646188804626305,0.05841729537817691,0.10646188804626305,0.0882868623221037,0.02708619264,3.2,118.14137344922908,0.506068992,0.2875392,1,HEADROOM
720p,15,4,optimistic,finishing_owner,0.4,800,60.32279621745055,7.772128541024358,9.52988008216289,9.529880082163345,0,648675328,428337600,1077012928,1795021.5466666666,102.71195678710937,0.08133938409210296,0.05616235405911161,0.08133938409210296,0.06917008072328358,0.02708619264,3.2,118.14137344922908,0.506068992,0.2875392,1,HEADROOM
720p,15,4,optimistic,finishing_owner,0.4,1600,60.353811307925035,5.192277390511663,6.111153161081347,6.111153161081802,0,651571200,429720000,1081291200,1802152.0,103.11996459960938,0.042678865641851166,0.030592650823966585,0.042678865641851166,0.05403396035766974,0.02708619264,3.2,118.14137344922908,0.506068992,0.2875392,1,HEADROOM
720p,15,4,optimistic,independent_au,0.4,12.5,36.13763516150055,3413.2896485300344,6390.6340135609535,6653.9265135609585,592,217190400,20250000,237440400,395734.0,22.644081115722656,0.998742598764983,0.09594255398771226,0.998742598764983,0.07371411484054832,0.02708619264,3.2,118.14137344922908,0.506068992,0.2875392,1,INTERCONNECT
720p,15,4,optimistic,independent_au,0.4,25,59.969705043530894,63.55911404714607,64.92657437429716,64.92657437429716,0,217190400,20250000,237440400,395734.0,22.644081115722656,0.8292966883543139,0.08200619247782279,0.8292966883543139,0.1223271446727697,0.02708619264,3.2,118.14137344922908,0.506068992,0.2875392,1,INTERCONNECT_HEADROOM_LOW
720p,15,4,optimistic,independent_au,0.4,50,60.13957919763552,35.29819638357185,36.58018038357477,36.58018038357477,0,217190400,20250000,237440400,395734.0,22.644081115722656,0.41642430030200195,0.04352482748998924,0.41642430030200195,0.12267365663593906,0.02708619264,3.2,118.14137344922908,0.506068992,0.2875392,1,HEADROOM
720p,15,4,optimistic,independent_au,0.4,100,60.22487768413985,21.16773755178474,22.44972155178766,22.44972155178766,0,217190400,20250000,237440400,395734.0,22.644081115722656,0.2091097149496144,0.024202275396155826,0.2091097149496144,0.12284764982619086,0.02708619264,3.2,118.14137344922908,0.506068992,0.2875392,1,HEADROOM
720p,15,4,optimistic,independent_au,0.4,125,60.251749876635714,18.341645785427318,19.62362978543024,19.62362978543024,0,218638336,20250000,238888336,398147.2266666667,22.782167053222658,0.16872077850116182,0.020334487511618926,0.16872077850116182,0.12267225965842804,0.02708619264,3.2,118.14137344922908,0.506068992,0.2875392,1,HEADROOM
720p,15,4,optimistic,independent_au,0.4,200,60.28861539530416,14.102508135891185,15.384492135894106,15.384492135894106,0,218638336,20250000,238888336,398147.2266666667,22.782167053222658,0.10597018633938099,0.01452548929414492,0.10597018633938099,0.12251697232914625,0.02708619264,3.2,118.14137344922908,0.506068992,0.2875392,1,HEADROOM
720p,15,4,optimistic,independent_au,0.4,400,60.323438162092074,9.011968265446292,9.677655655893432,9.677655655893773,0,434380800,20250000,454630800,757718.0,43.356971740722656,0.10653566892443113,0.009679877142397632,0.10653566892443113,0.08834804743118234,0.02708619264,3.2,118.14137344922908,0.506068992,0.2875392,1,HEADROOM
720p,15,4,optimistic,independent_au,0.4,800,60.34732177261691,6.51115983397176,6.820439791473291,6.820439791473518,0,648675328,20250000,668925328,1114875.5466666666,63.79369049072265,0.0813724544017842,0.007255747699056318,0.0813724544017842,0.06919820333591123,0.02708619264,3.2,118.14137344922908,0.506068992,0.2875392,1,HEADROOM
720p,15,4,optimistic,independent_au,0.4,1600,60.360695455221716,4.617563916985091,5.221654135736571,5.221654135736912,0,651571200,20250000,671821200,1119702.0,64.06986236572266,0.042683733728740236,0.006043105647631521,0.042683733728740236,0.054040123642706155,0.02708619264,3.2,118.14137344922908,0.506068992,0.2875392,1,HEADROOM
720p,15,4,optimistic,raw_gather,0.4,12.5,4.20926668951291,66445.9293277504,125887.76927566728,131185.00177566695,600,217190400,1866240000,2083430400,3472384.0,198.69140625,0.11633229273557254,0.9992154576941834,0.9992154576941834,0.008586128194570147,0.02708619264,3.2,118.14137344922908,0.506068992,0.2875392,1,INTERCONNECT
720p,15,4,optimistic,raw_gather,0.4,25,8.415619081626502,30735.665655875273,58200.6989631674,60650.27521316744,599,217190400,1866240000,2083430400,3472384.0,198.69140625,0.11637617743456087,0.9992061776687485,0.9992061776687485,0.017166311759608983,0.02708619264,3.2,118.14137344922908,0.506068992,0.2875392,1,INTERCONNECT
720p,15,4,optimistic,raw_gather,0.4,50,16.815694246535223,12885.174509573359,24372.695238740496,25398.44336374054,596,217190400,1866240000,2083430400,3472384.0,198.69140625,0.11643685912223911,0.9989560226071353,0.9989560226071353,0.03430091679416841,0.02708619264,3.2,118.14137344922908,0.506068992,0.2875392,1,INTERCONNECT
720p,15,4,optimistic,raw_gather,0.4,100,33.52150787613789,3972.4401345733154,7503.073337698335,7816.907400198377,587,217190400,1866240000,2083430400,3472384.0,198.69140625,0.1163916511947759,0.9970330895145554,0.9970330895145554,0.06837769738298974,0.02708619264,3.2,118.14137344922908,0.506068992,0.2875392,1,INTERCONNECT
720p,15,4,optimistic,raw_gather,0.4,125,41.8335454754454,2197.0337543649825,4118.719822073295,4290.1710720732935,576,218638336,1866240000,2084878336,3474797.2266666666,198.8294921875,0.1171449522135441,0.9960763272447938,0.9960763272447938,0.08517288814853988,0.02708619264,3.2,118.14137344922908,0.506068992,0.2875392,1,INTERCONNECT
720p,15,4,optimistic,raw_gather,0.4,200,59.71937354439353,54.01135202124897,68.9228949899998,68.92289499000026,0,218638336,1866240000,2084878336,3474797.2266666666,198.8294921875,0.10496962156247168,0.8905080046740524,0.8905080046740524,0.12136017369246631,0.02708619264,3.2,118.14137344922908,0.506068992,0.2875392,1,INTERCONNECT_HEADROOM_LOW
720p,15,4,optimistic,raw_gather,0.4,400,60.0502722359568,28.311889130623968,35.807660614999804,35.80766061500026,0,434380800,1866240000,2300620800,3834368.0,219.404296875,0.10605323762484264,0.4501231182552376,0.4501231182552376,0.08794797613329089,0.02708619264,3.2,118.14137344922908,0.506068992,0.2875392,1,HEADROOM
720p,15,4,optimistic,raw_gather,0.4,800,60.21710050779853,15.462157685311468,19.250043427499804,19.25004342750026,0,648675328,1866240000,2514915328,4191525.546666667,239.841015625,0.08119686377700878,0.22809549644935978,0.22809549644935978,0.06904888307948767,0.02708619264,3.2,118.14137344922908,0.506068992,0.2875392,1,HEADROOM
720p,15,4,optimistic,raw_gather,0.4,1600,60.300862731894696,9.037291962655218,10.971234833749804,10.971234833750259,0,651571200,1866240000,2517811200,4196352.0,240.1171875,0.04264142334759742,0.11661842360115096,0.11661842360115096,0.05398655620545106,0.02708619264,3.2,118.14137344922908,0.506068992,0.2875392,1,HEADROOM
720p,15,4,median,owner_only,0.4,12.5,36.10140863993012,3421.467474392808,6393.15960121947,6656.452101219473,592,217190400,15000000,232190400,386984.0,22.143402099609375,0.9977413995958683,0.07174608510317068,0.9977413995958683,0.17232550514842926,0.12180160512,0.8,6.568057943175979,2.3233167359999998,1.1501568,1,INTERCONNECT
720p,15,4,median,owner_only,0.4,25,59.84899121482397,72.80480707640527,75.44154307640656,75.44154307640656,0,217190400,15000000,232190400,386984.0,22.143402099609375,0.8276273858571187,0.06186436508158699,0.8276273858571187,0.2856815850756345,0.12180160512,0.8,6.568057943175979,2.3233167359999998,1.1501568,1,INTERCONNECT_HEADROOM_LOW
720p,15,4,median,owner_only,0.4,50,60.01717926030592,44.71078241820214,47.347518418203435,47.347518418203435,0,217190400,15000000,232190400,386984.0,22.143402099609375,0.41557676679845035,0.03341979554267631,0.41557676679845035,0.2864844094248636,0.12180160512,0.8,6.568057943175979,2.3233167359999998,1.1501568,1,HEADROOM
720p,15,4,median,owner_only,0.4,100,60.10162826423115,30.66377008910058,33.30050608910187,33.30050608910187,0,217190400,15000000,232190400,386984.0,22.143402099609375,0.20868177466885562,0.01913747507358698,0.20868177466885562,0.2868875160572347,0.12180160512,0.8,6.568057943175979,2.3233167359999998,1.1501568,1,HEADROOM
720p,15,4,median,owner_only,0.4,125,60.11854659141563,27.854367623280268,30.49110362328156,30.49110362328156,0,217190400,15000000,232190400,386984.0,22.143402099609375,0.1672328882760892,0.01627618649209446,0.1672328882760892,0.2869682735508664,0.12180160512,0.8,6.568057943175979,2.3233167359999998,1.1501568,1,HEADROOM
720p,15,4,median,owner_only,0.4,200,60.14394194884875,23.6402639245498,26.27699992455109,26.27699992455109,0,217190400,15000000,232190400,386984.0,22.143402099609375,0.10501578645088167,0.011981231946413502,0.10501578645088167,0.28708949507553694,0.12180160512,0.8,6.568057943175979,2.3233167359999998,1.1501568,1,HEADROOM
720p,15,4,median,owner_only,0.4,400,60.165121141779935,20.12851084227441,22.7652468422757,22.7652468422757,0,217190400,15000000,232190400,386984.0,22.143402099609375,0.053128034658234,0.008399330364866451,0.053128034658234,0.2871905912725553,0.12180160512,0.8,6.568057943175979,2.3233167359999998,1.1501568,1,HEADROOM
720p,15,4,median,owner_only,0.4,800,60.1757163327891,18.372634301136713,21.009370301138006,21.009370301138006,0,217190400,15000000,232190400,386984.0,22.143402099609375,0.027170452465865986,0.006607433404683334,0.027170452465865986,0.28724116607591016,0.12180160512,0.8,6.568057943175979,2.3233167359999998,1.1501568,1,HEADROOM
720p,15,4,median,owner_only,0.4,1600,60.18101532779171,17.494696030567866,20.131432030569158,20.131432030569158,0,217190400,15000000,232190400,386984.0,22.143402099609375,0.014188232683493313,0.005711248236432105,0.014188232683493313,0.28726646015791435,0.12180160512,0.8,6.568057943175979,2.3233167359999998,1.1501568,1,HEADROOM
720p,15,4,median,finishing_owner,0.4,12.5,36.10140863993012,3421.467474392808,6393.15960121947,6656.452101219473,592,217190400,15000000,232190400,386984.0,22.143402099609375,0.9977413995958683,0.07174608510317068,0.9977413995958683,0.17232550514842926,0.12180160512,3.2,26.272231772703915,2.3233167359999998,1.1501568,1,INTERCONNECT
720p,15,4,median,finishing_owner,0.4,25,59.84899121482397,72.80480707640527,75.44154307640656,75.44154307640656,0,217190400,15000000,232190400,386984.0,22.143402099609375,0.8276273858571187,0.06186436508158699,0.8276273858571187,0.2856815850756345,0.12180160512,3.2,26.272231772703915,2.3233167359999998,1.1501568,1,INTERCONNECT_HEADROOM_LOW
720p,15,4,median,finishing_owner,0.4,50,59.873443592844616,44.71078241820214,47.347518418203435,47.347518418203435,0,218638336,16382400,235020736,391701.2266666667,22.413323974609376,0.4173453750211915,0.035970915371213406,0.4173453750211915,0.2852509038754984,0.12180160512,3.2,26.272231772703915,2.3233167359999998,1.1501568,1,HEADROOM
720p,15,4,median,finishing_owner,0.4,100,60.05021419785375,30.66377008910058,44.165782418203435,44.165782418203435,0,432932864,222360000,655292864,1092154.7733333334,62.493597412109374,0.4156164930812442,0.2170405110258698,0.4156164930812442,0.24677283370935868,0.12180160512,3.2,26.272231772703915,2.3233167359999998,1.1501568,1,HEADROOM
720p,15,4,median,finishing_owner,0.4,125,60.05273760163758,35.70809586328096,35.97883072656259,35.978830726562705,0,432932864,223742400,656675264,1094458.7733333334,62.625433349609374,0.3329859868427739,0.17565616345546461,0.3329859868427739,0.24623416273615287,0.12180160512,3.2,26.272231772703915,2.3233167359999998,1.1501568,1,HEADROOM
720p,15,4,median,finishing_owner,0.4,200,60.159066889099066,23.695149848876945,26.444395124101447,26.444395124101675,0,434380800,223742400,658123200,1096872.0,62.763519287109375,0.21008439143822444,0.11178425950417328,0.21008439143822444,0.2043953868628242,0.12180160512,3.2,26.272231772703915,2.3233167359999998,1.1501568,1,HEADROOM
720p,15,4,median,finishing_owner,0.4,400,60.221613513171256,19.42088895955021,19.560493604325984,19.560493604326325,0,651571200,431102400,1082673600,1804456.0,103.25180053710938,0.15952572900723846,0.1079801851063393,0.15952572900723846,0.16433889562708795,0.12180160512,3.2,26.272231772703915,2.3233167359999998,1.1501568,1,HEADROOM
720p,15,4,median,finishing_owner,0.4,800,60.292829268443896,12.61323743977482,14.370988980912898,14.37098898091324,0,864417792,634315200,1498732992,2497888.32,142.93031616210936,0.10834081885074413,0.08080873494090621,0.10834081885074413,0.0835015701092945,0.12180160512,3.2,26.272231772703915,2.3233167359999998,1.1501568,1,HEADROOM
720p,15,4,median,finishing_owner,0.4,1600,60.31872137081819,8.341537139830962,9.260412910400191,9.26041291040076,0,867313664,635697600,1503011264,2505018.7733333334,143.33832397460938,0.056771902995962256,0.04291730270132562,0.056771902995962256,0.08298595640622793,0.12180160512,3.2,26.272231772703915,2.3233167359999998,1.1501568,1,HEADROOM
720p,15,4,median,independent_au,0.4,12.5,36.098094451140994,3423.431599068589,6394.68548012572,6657.977980125723,592,217190400,27000000,244190400,406984.0,23.287811279296875,0.997649804738893,0.12682081953342675,0.997649804738893,0.1723096852876881,0.12180160512,3.2,26.272231772703915,2.3233167359999998,1.1501568,1,INTERCONNECT
720p,15,4,median,independent_au,0.4,25,59.84443693781013,73.56774652953027,76.20448252953156,76.20448252953156,0,217190400,27000000,244190400,406984.0,23.287811279296875,0.8275644066104694,0.10751733943231502,0.8275644066104694,0.28565984581069825,0.12180160512,3.2,26.272231772703915,2.3233167359999998,1.1501568,1,INTERCONNECT_HEADROOM_LOW
720p,15,4,median,independent_au,0.4,50,60.02910450419591,45.09225214476464,47.728988144765935,47.728988144765935,0,218638336,27000000,245638336,409397.2266666667,23.425897216796876,0.4184304029989678,0.05632572204260215,0.4184304029989678,0.2859925083832162,0.12180160512,3.2,26.272231772703915,2.3233167359999998,1.1501568,1,HEADROOM
720p,15,4,median,independent_au,0.4,100,60.14941710612774,30.85450495238183,31.363658394765935,31.363658394765935,0,432932864,27000000,459932864,766554.7733333333,43.862615966796874,0.4163030912123425,0.03062528277690469,0.4163030912123425,0.24718050224333465,0.12180160512,3.2,26.272231772703915,2.3233167359999998,1.1501568,1,HEADROOM
720p,15,4,median,independent_au,0.4,125,60.182845632296576,25.31380875390596,28.006955513906632,28.006955513906632,0,432932864,27000000,459932864,766554.7733333333,43.862615966796874,0.3337074219132706,0.025476767950978845,0.3337074219132706,0.24676764452689298,0.12180160512,3.2,26.272231772703915,2.3233167359999998,1.1501568,1,HEADROOM
720p,15,4,median,independent_au,0.4,200,60.24056233272221,18.99940091369126,20.88678143619154,20.88678143619154,0,434380800,27000000,461380800,768968.0,44.000701904296875,0.21036898562433637,0.017745467334699984,0.21036898562433637,0.20467227434775842,0.12180160512,3.2,26.272231772703915,2.3233167359999998,1.1501568,1,HEADROOM
720p,15,4,median,independent_au,0.4,400,60.28251520493613,13.42046967309534,14.69060863809591,14.69060863809591,0,651571200,27000000,678571200,1130952.0,64.71359252929688,0.15968705624856921,0.011290213445317948,0.15968705624856921,0.16450509038977515,0.12180160512,3.2,26.272231772703915,2.3233167359999998,1.1501568,1,HEADROOM
720p,15,4,median,independent_au,0.4,800,60.308698538951575,9.994677055297416,11.037452756547736,11.037452756547964,0,864417792,27000000,891417792,1485696.32,85.01222534179688,0.10836933450977403,0.008059906581068341,0.10836933450977403,0.08352354799654842,0.12180160512,3.2,26.272231772703915,2.3233167359999998,1.1501568,1,HEADROOM
720p,15,4,median,independent_au,0.4,1600,60.323955315330295,7.478482228898429,8.42151933827381,8.421519338274038,0,867313664,27000000,894313664,1490522.7733333334,85.28839721679688,0.05677682917780721,0.006443930992833908,0.05677682917780721,0.08299315722019154,0.12180160512,3.2,26.272231772703915,2.3233167359999998,1.1501568,1,HEADROOM
720p,15,4,median,raw_gather,0.4,12.5,4.209226684233512,66447.28407975039,125889.12402766726,131186.35652766694,600,217190400,1866240000,2083430400,3472384.0,198.69140625,0.11633118710216481,0.999205961053435,0.999205961053435,0.020092210857459544,0.12180160512,3.2,26.272231772703915,2.3233167359999998,1.1501568,1,INTERCONNECT
720p,15,4,median,raw_gather,0.4,25,8.415459172799528,30737.020407875272,58202.0537151674,60651.62996516744,599,217190400,1866240000,2083430400,3472384.0,198.69140625,0.1163739661203556,0.9991871913189354,0.9991871913189354,0.0401701293008457,0.12180160512,3.2,26.272231772703915,2.3233167359999998,1.1501568,1,INTERCONNECT
720p,15,4,median,raw_gather,0.4,50,16.814189511175503,12888.36766925336,24375.888398420495,25401.636523420537,596,218638336,1866240000,2084878336,3474797.2266666666,198.8294921875,0.11720261615380939,0.9988666320397296,0.9988666320397296,0.080106679492374,0.12180160512,3.2,26.272231772703915,2.3233167359999998,1.1501568,1,INTERCONNECT
720p,15,4,median,raw_gather,0.4,100,33.5155287322132,3975.633294253316,7506.266497378338,7820.1005598783795,587,432932864,1866240000,2299172864,3831954.7733333334,219.2662109375,0.23196597550094977,0.9968552513229705,0.9968552513229705,0.13773009986717558,0.12180160512,3.2,26.272231772703915,2.3233167359999998,1.1501568,1,INTERCONNECT
720p,15,4,median,raw_gather,0.4,125,41.824233923833766,2200.226914044982,4121.912981753296,4293.364231753294,576,432932864,1866240000,2299172864,3831954.7733333334,219.2662109375,0.23191088971589255,0.995854614836131,0.995854614836131,0.171491852555201,0.12180160512,3.2,26.272231772703915,2.3233167359999998,1.1501568,1,INTERCONNECT
720p,15,4,median,raw_gather,0.4,200,59.70039941462675,57.20451170124943,72.11605466999981,72.11605467000015,0,434380800,1866240000,2300620800,3834368.0,219.404296875,0.20848265653391387,0.8902250711227405,0.8902250711227405,0.20283702632410464,0.12180160512,3.2,26.272231772703915,2.3233167359999998,1.1501568,1,INTERCONNECT_HEADROOM_LOW
720p,15,4,median,raw_gather,0.4,400,60.03108729016369,31.50504881062443,39.00082029499981,39.00082029500015,0,651571200,1866240000,2517811200,4196352.0,240.1171875,0.15902102923506067,0.44997931228563237,0.44997931228563237,0.16381896819156325,0.12180160512,3.2,26.272231772703915,2.3233167359999998,1.1501568,1,HEADROOM
720p,15,4,median,raw_gather,0.4,800,60.197808833993214,18.65531736531193,22.443203107499812,22.443203107500153,0,864417792,1866240000,2730657792,4551096.32,260.4158203125,0.10817007563300417,0.22802242179320972,0.22802242179320972,0.08336997310903146,0.12180160512,3.2,26.272231772703915,2.3233167359999998,1.1501568,1,HEADROOM
720p,15,4,median,raw_gather,0.4,1600,60.28163690554125,12.210713050780669,14.1446559218748,14.14465592187537,0,867313664,1866240000,2733553664,4555922.773333333,260.6919921875,0.056736999144927074,0.11658124195133383,0.11658124195133383,0.08293493593117672,0.12180160512,3.2,26.272231772703915,2.3233167359999998,1.1501568,1,HEADROOM
720p,15,4,adversarial,owner_only,0.4,12.5,35.96043827953662,3454.04363823281,6403.35876409947,6666.6512640994715,595,217190400,15000000,232190400,386984.0,22.143402099609375,0.9938453753137305,0.07146592785017557,0.9938453753137305,0.4823043901136147,0.4623630336,0.8,1.7302421298068065,8.97122304,3.9105331199999998,1,INTERCONNECT
720p,15,4,adversarial,owner_only,0.4,25,59.46255387986342,103.40229571640566,109.9963821164074,109.9963821164074,0,217190400,15000000,232190400,386984.0,22.143402099609375,0.8222835009421167,0.061464914733537795,0.8222835009421167,0.7975167199212188,0.4623630336,0.8,1.7302421298068065,8.97122304,3.9105331199999998,1,INTERCONNECT_HEADROOM_LOW
720p,15,4,adversarial,owner_only,0.4,50,59.62857398715193,75.30827105820254,81.90235745820428,81.90235745820428,0,217190400,15000000,232190400,386984.0,22.143402099609375,0.41288594851994165,0.03320340568671049,0.41288594851994165,0.7997433954130452,0.4623630336,0.8,1.7302421298068065,8.97122304,3.9105331199999998,1,NODE_QUEUE_HEADROOM_LOW
720p,15,4,adversarial,owner_only,0.4,100,59.71193217427256,61.26125872910097,67.85534512910272,67.85534512910272,0,217190400,15000000,232190400,386984.0,22.143402099609375,0.20732869199900603,0.01901338859834093,0.20732869199900603,0.8008614023541083,0.4623630336,0.8,1.7302421298068065,8.97122304,3.9105331199999998,1,NODE_QUEUE_HEADROOM_LOW
720p,15,4,adversarial,owner_only,0.4,125,59.728631786998605,58.45185626328066,65.0459426632824,65.0459426632824,0,217190400,15000000,232190400,386984.0,22.143402099609375,0.16614825495373978,0.016170622960829283,0.16614825495373978,0.8010853789493978,0.4623630336,0.8,1.7302421298068065,8.97122304,3.9105331199999998,1,NODE_QUEUE_HEADROOM_LOW
720p,15,4,adversarial,owner_only,0.4,200,59.75369872734103,54.23775256455019,60.831838964551935,60.831838964551935,0,217190400,15000000,232190400,386984.0,22.143402099609375,0.10433439282276509,0.011903491871504942,0.10433439282276509,0.8014215788388399,0.4623630336,0.8,1.7302421298068065,8.97122304,3.9105331199999998,1,NODE_QUEUE_HEADROOM_LOW
720p,15,4,adversarial,owner_only,0.4,400,59.77460392229923,50.7259994822748,57.320085882276544,57.320085882276544,0,217190400,15000000,232190400,386984.0,22.143402099609375,0.0527831934615826,0.008344812347162174,0.0527831934615826,0.8017019610529315,0.4623630336,0.8,1.7302421298068065,8.97122304,3.9105331199999998,1,NODE_QUEUE_HEADROOM_LOW
720p,15,4,adversarial,owner_only,0.4,800,59.78506200609525,48.970122941137106,55.56420934113885,55.56420934113885,0,217190400,15000000,232190400,386984.0,22.143402099609375,0.02699406478889476,0.006564538652361548,0.02699406478889476,0.8018422257429163,0.4623630336,0.8,1.7302421298068065,8.97122304,3.9105331199999998,1,NODE_QUEUE_HEADROOM_LOW
720p,15,4,adversarial,owner_only,0.4,1600,59.79029242041246,48.09218467056826,54.68627107057,54.68627107057,0,217190400,15000000,232190400,386984.0,22.143402099609375,0.014096116133207931,0.0056741681788167785,0.014096116133207931,0.8019123764949091,0.4623630336,0.8,1.7302421298068065,8.97122304,3.9105331199999998,1,NODE_QUEUE_HEADROOM_LOW
720p,15,4,adversarial,finishing_owner,0.4,12.5,35.96043827953662,3454.04363823281,6403.35876409947,6666.6512640994715,595,217190400,15000000,232190400,386984.0,22.143402099609375,0.9938453753137305,0.07146592785017557,0.9938453753137305,0.4823043901136147,0.4623630336,3.2,6.920968519227226,8.97122304,3.9105331199999998,1,INTERCONNECT
720p,15,4,adversarial,finishing_owner,0.4,25,59.32107882025322,103.40229571640566,109.9963821164074,109.9963821164074,0,218638336,16382400,235020736,391701.2266666667,22.413323974609376,0.8257959471491236,0.06653244229119301,0.8257959471491236,0.7940685176179341,0.4623630336,3.2,6.920968519227226,8.97122304,3.9105331199999998,1,INTERCONNECT_HEADROOM_LOW
720p,15,4,adversarial,finishing_owner,0.4,50,59.6458576068499,66.21760865820261,98.00314845820321,98.00314845820321,0,432932864,222360000,655292864,1092154.7733333334,62.493597412109374,0.8232578800313844,0.42638640762791175,0.8232578800313844,0.5669963319691942,0.4623630336,3.2,6.920968519227226,8.97122304,3.9105331199999998,1,INTERCONNECT_HEADROOM_LOW
720p,15,4,adversarial,finishing_owner,0.4,100,59.811950294561846,57.12315791865217,70.78437953730463,70.78437953730486,0,648675328,428337600,1077012928,1795021.5466666666,102.71195678710937,0.620250921420442,0.41199923584196835,0.620250921420442,0.4688188326714463,0.4623630336,3.2,6.920968519227226,8.97122304,3.9105331199999998,1,HEADROOM
720p,15,4,adversarial,finishing_owner,0.4,125,59.90963385807271,59.57371852656206,59.84445338984369,59.84445338984392,0,648675328,428337600,1077012928,1795021.5466666666,102.71195678710937,0.49772524411727515,0.3310962372975612,0.49772524411727515,0.4695844972918242,0.4623630336,3.2,6.920968519227226,8.97122304,3.9105331199999998,1,HEADROOM
720p,15,4,adversarial,finishing_owner,0.4,200,60.055632587784444,36.444348714550415,43.4286455895508,43.42864558955091,0,651571200,429720000,1081291200,1802152.0,103.11996459960938,0.31457676783907795,0.20990090551048643,0.31457676783907795,0.3354022944488718,0.4623630336,3.2,6.920968519227226,8.97122304,3.9105331199999998,1,HEADROOM
720p,15,4,adversarial,finishing_owner,0.4,400,60.14065836435221,27.59368631455027,31.02918939682604,31.029189396826496,0,865865728,634315200,1500180928,2500301.546666667,143.0684020996094,0.21170160918806288,0.15639831669103574,0.21170160918806288,0.23714468876922903,0.4623630336,3.2,6.920968519227226,8.97122304,3.9105331199999998,1,HEADROOM
720p,15,4,adversarial,finishing_owner,0.4,800,60.180102612462825,21.05464877863733,22.86072299738771,22.860722997387825,0,867313664,635697600,1503011264,2505018.7733333334,143.33832397460938,0.10849253422971929,0.08082294025328197,0.10849253422971929,0.2366388360523217,0.4623630336,3.2,6.920968519227226,8.97122304,3.9105331199999998,1,HEADROOM
720p,15,4,adversarial,finishing_owner,0.4,1600,60.195588825962304,18.48969878931848,19.432735898693863,19.432735898693977,0,867313664,635697600,1503011264,2505018.7733333334,143.33832397460938,0.056656010803068625,0.042829692808743894,0.056656010803068625,0.23669973059018867,0.4623630336,3.2,6.920968519227226,8.97122304,3.9105331199999998,1,HEADROOM
720p,15,4,adversarial,independent_au,0.4,12.5,35.9522185126983,3457.858335498435,6407.173461365095,6670.4659613650965,595,217190400,45000000,262190400,436984.0,25.004425048828125,0.9936182040764137,0.20859642196132827,0.9936182040764137,0.4821941459168946,0.4623630336,3.2,6.920968519227226,8.97122304,3.9105331199999998,1,INTERCONNECT
720p,15,4,adversarial,independent_au,0.4,25,59.54385499991321,105.30964434921816,111.9037307492199,111.9037307492199,0,218638336,45000000,263638336,439397.2266666667,25.142510986328126,0.8288971663100565,0.17511984403969716,0.8288971663100565,0.7970505866271509,0.4623630336,3.2,6.920968519227226,8.97122304,3.9105331199999998,1,INTERCONNECT_HEADROOM_LOW
720p,15,4,adversarial,independent_au,0.4,50,59.80936295524031,65.33512792460911,72.58963527460946,72.58963527460946,0,432932864,45000000,477932864,796554.7733333333,45.579229736328124,0.8255146514467092,0.09034272903296825,0.8255146514467092,0.5685506215127493,0.4623630336,3.2,6.920968519227226,8.97122304,3.9105331199999998,1,INTERCONNECT_HEADROOM_LOW
720p,15,4,adversarial,independent_au,0.4,100,60.01156299482763,46.053347087304246,49.055123387304775,49.05512338730489,0,648675328,45000000,693675328,1156125.5466666666,66.15403442382812,0.6223209084490765,0.047724539776258075,0.6223209084490765,0.4703834396214642,0.4623630336,3.2,6.920968519227226,8.97122304,3.9105331199999998,1,HEADROOM
720p,15,4,adversarial,independent_au,0.4,125,60.04703688965904,40.62691598984338,43.14857718984422,43.14857718984422,0,648675328,45000000,693675328,1156125.5466666666,66.15403442382812,0.4988667793434923,0.03916295306595249,0.4988667793434923,0.470661491580701,0.4623630336,3.2,6.920968519227226,8.97122304,3.9105331199999998,1,HEADROOM
720p,15,4,adversarial,independent_au,0.4,200,60.125322396439834,30.138387812304245,37.07526729365236,37.07526729365247,0,651571200,45000000,696571200,1160952.0,66.43020629882812,0.31494180928171184,0.02631251669238929,0.31494180928171184,0.3357915022669487,0.4623630336,3.2,6.920968519227226,8.97122304,3.9105331199999998,1,HEADROOM
720p,15,4,adversarial,independent_au,0.4,400,60.16831519545235,23.007859609325806,26.540008046826188,26.5400080468263,0,865865728,45000000,910865728,1518109.5466666666,86.86692504882812,0.21179896421888864,0.015572398377512274,0.21179896421888864,0.23725374428644422,0.4623630336,3.2,6.920968519227226,8.97122304,3.9105331199999998,1,HEADROOM
720p,15,4,adversarial,independent_au,0.4,800,60.189691506395064,19.46630420466272,21.2723784234131,21.272378423413215,0,867313664,45000000,912313664,1520522.7733333334,87.00501098632813,0.10850982106304138,0.010196553092580055,0.10850982106304138,0.23667654128379606,0.4623630336,3.2,6.920968519227226,8.97122304,3.9105331199999998,1,HEADROOM
720p,15,4,adversarial,independent_au,0.4,1600,60.20038535873345,17.695526502331177,18.63856361170656,18.638563611706672,0,867313664,45000000,912313664,1520522.7733333334,87.00501098632813,0.05666052529354541,0.007507197767185297,0.05666052529354541,0.23671859140768114,0.4623630336,3.2,6.920968519227226,8.97122304,3.9105331199999998,1,HEADROOM
720p,15,4,adversarial,raw_gather,0.4,12.5,4.209109829629297,66451.2414301504,125893.08137806728,131190.31387806695,600,217190400,1866240000,2083430400,3472384.0,198.69140625,0.11632795756955785,0.9991782215597302,0.9991782215597302,0.05645293123292649,0.4623630336,3.2,6.920968519227226,8.97122304,3.9105331199999998,1,INTERCONNECT
720p,15,4,adversarial,raw_gather,0.4,25,8.414992099774878,30740.977758275272,58206.0110655674,60655.58731556744,599,218638336,1866240000,2084878336,3474797.2266666666,198.8294921875,0.11714329053829445,0.9991317346440165,0.9991317346440165,0.11264259577412622,0.4623630336,3.2,6.920968519227226,8.97122304,3.9105331199999998,1,INTERCONNECT
720p,15,4,adversarial,raw_gather,0.4,50,16.80938509033943,12898.56683213336,24386.087561300497,25411.83568630054,596,432932864,1866240000,2299172864,3831954.7733333334,219.2662109375,0.2320103908190726,0.9985812197897819,0.9985812197897819,0.15979080645804258,0.4623630336,3.2,6.920968519227226,8.97122304,3.9105331199999998,1,INTERCONNECT
720p,15,4,adversarial,raw_gather,0.4,100,33.49644523030275,3985.8324571333146,7516.465660258336,7830.299722758378,588,648675328,1866240000,2514915328,4191525.546666667,239.841015625,0.3473586953123252,0.9962876490856594,0.9962876490856594,0.26255228719638274,0.4623630336,3.2,6.920968519227226,8.97122304,3.9105331199999998,1,INTERCONNECT
720p,15,4,adversarial,raw_gather,0.4,125,41.794519958425454,2210.4260769249827,4132.112144633296,4303.563394633295,578,648675328,1866240000,2514915328,4191525.546666667,239.841015625,0.3472260855132665,0.9951471113913379,0.9951471113913379,0.32759436805647846,0.4623630336,3.2,6.920968519227226,8.97122304,3.9105331199999998,1,INTERCONNECT
720p,15,4,adversarial,raw_gather,0.4,200,59.63987546770054,67.40367458124956,82.31521754999994,82.31521755000017,0,651571200,1866240000,2517811200,4196352.0,240.1171875,0.31239899490743994,0.8893225656875121,0.8893225656875121,0.3330803491791128,0.4623630336,3.2,6.920968519227226,8.97122304,3.9105331199999998,1,INTERCONNECT_HEADROOM_LOW
720p,15,4,adversarial,raw_gather,0.4,400,59.969891330682984,41.70421169062456,49.19998317499994,49.19998317500017,0,865865728,1866240000,2732105728,4553509.546666667,260.55390625,0.2111004907964911,0.44952060135759797,0.44952060135759797,0.23647132575404234,0.4623630336,3.2,6.920968519227226,8.97122304,3.9105331199999998,1,HEADROOM
720p,15,4,adversarial,raw_gather,0.4,800,60.15519967745517,25.182040501561914,28.969926243749796,28.969926243750365,0,867313664,1866240000,2733553664,4555922.773333333,260.6919921875,0.10844763928252821,0.22786102317667262,0.22786102317667262,0.23654091329548543,0.4623630336,3.2,6.920968519227226,8.97122304,3.9105331199999998,1,HEADROOM
720p,15,4,adversarial,raw_gather,0.4,1600,60.18347682926981,20.495671651562134,22.429614522656266,22.42961452265638,0,867313664,1866240000,2733553664,4555922.773333333,260.6919921875,0.05664461100735534,0.11639140597160266,0.11639140597160266,0.23665210407120382,0.4623630336,3.2,6.920968519227226,8.97122304,3.9105331199999998,1,HEADROOM
720p,15,8,optimistic,owner_only,0.4,12.5,36.14602330481285,3411.5633016692127,6389.966441539469,6653.258941539474,592,217190400,15000000,232190400,386984.0,22.143402099609375,0.9989744234544821,0.07183474999642876,0.9989744234544821,0.07373122510680286,0.02708619264,0.8,29.53534336230727,0.506068992,0.2875392,1,INTERCONNECT
720p,15,8,optimistic,owner_only,0.4,25,59.97170580444826,63.22532803640388,64.5073120364068,64.5073120364068,0,217190400,15000000,232190400,386984.0,22.143402099609375,0.8293243560642312,0.06199121200112997,0.8293243560642312,0.1223312258562609,0.02708619264,0.8,29.53534336230727,0.506068992,0.2875392,1,INTERCONNECT_HEADROOM_LOW
720p,15,8,optimistic,owner_only,0.4,50,60.14058523687437,35.131303378200755,36.41328737820368,36.41328737820368,0,217190400,15000000,232190400,386984.0,22.143402099609375,0.41643126641635964,0.03348851257597397,0.41643126641635964,0.12267570877055316,0.02708619264,0.8,29.53534336230727,0.506068992,0.2875392,1,HEADROOM
720p,15,8,optimistic,owner_only,0.4,100,60.22538212746554,21.084291049099193,22.366275049102114,22.366275049102114,0,217190400,15000000,232190400,386984.0,22.143402099609375,0.2091114664517195,0.019176880602876405,0.2091114664517195,0.12284867879759627,0.02708619264,0.8,29.53534336230727,0.506068992,0.2875392,1,HEADROOM
720p,15,8,optimistic,owner_only,0.4,125,60.24237020849403,18.27488858327888,19.556872583281802,19.556872583281802,0,217190400,15000000,232190400,386984.0,22.143402099609375,0.167577330753409,0.01630970986213517,0.167577330753409,0.12288333135165128,0.02708619264,0.8,29.53534336230727,0.506068992,0.2875392,1,HEADROOM
720p,15,8,optimistic,owner_only,0.4,200,60.26787030732349,14.060784884548411,15.342768884551333,15.342768884551333,0,217190400,15000000,232190400,386984.0,22.143402099609375,0.10523217456258642,0.012005919626660448,0.10523217456258642,0.12293534685308517,0.02708619264,0.8,29.53534336230727,0.506068992,0.2875392,1,HEADROOM
720p,15,8,optimistic,owner_only,0.4,400,60.28913688630579,10.54903180227302,11.831015802275942,11.831015802275942,0,217190400,15000000,232190400,386984.0,22.143402099609375,0.05323754516279709,0.008416643538827538,0.05323754516279709,0.12297872675435322,0.02708619264,0.8,29.53534336230727,0.506068992,0.2875392,1,HEADROOM
720p,15,8,optimistic,owner_only,0.4,800,60.2997758050052,8.793155261135325,10.075139261138247,10.075139261138247,0,217190400,15000000,232190400,386984.0,22.143402099609375,0.02722646761945629,0.006621055422846853,0.02722646761945629,0.12300042818753451,0.02708619264,0.8,29.53534336230727,0.506068992,0.2875392,1,HEADROOM
720p,15,8,optimistic,owner_only,0.4,1600,60.305096672526226,7.915216990566478,9.1972009905694,9.1972009905694,0,217190400,15000000,232190400,386984.0,22.143402099609375,0.014217486011659763,0.005723023700129904,0.014217486011659763,0.12301128177653513,0.02708619264,0.8,29.53534336230727,0.506068992,0.2875392,1,HEADROOM
720p,15,8,optimistic,finishing_owner,0.4,12.5,36.14602330481285,3411.5633016692127,6389.966441539469,6653.258941539474,592,217190400,15000000,232190400,386984.0,22.143402099609375,0.9989744234544821,0.07183474999642876,0.9989744234544821,0.07373122510680286,0.02708619264,6.4,236.28274689845816,0.506068992,0.2875392,1,INTERCONNECT
720p,15,8,optimistic,finishing_owner,0.4,25,59.97170580444826,63.22532803640388,64.5073120364068,64.5073120364068,0,217190400,15000000,232190400,386984.0,22.143402099609375,0.8293243560642312,0.06199121200112997,0.8293243560642312,0.1223312258562609,0.02708619264,6.4,236.28274689845816,0.506068992,0.2875392,1,INTERCONNECT_HEADROOM_LOW
720p,15,8,optimistic,finishing_owner,0.4,50,60.14058523687437,35.131303378200755,36.41328737820368,36.41328737820368,0,217190400,15000000,232190400,386984.0,22.143402099609375,0.41643126641635964,0.03348851257597397,0.41643126641635964,0.12267570877055316,0.02708619264,6.4,236.28274689845816,0.506068992,0.2875392,1,HEADROOM
720p,15,8,optimistic,finishing_owner,0.4,100,60.22538212746554,21.084291049099193,22.366275049102114,22.366275049102114,0,217190400,15000000,232190400,386984.0,22.143402099609375,0.2091114664517195,0.019176880602876405,0.2091114664517195,0.12284867879759627,0.02708619264,6.4,236.28274689845816,0.506068992,0.2875392,1,HEADROOM
720p,15,8,optimistic,finishing_owner,0.4,125,60.188407051724056,18.27488858327888,19.556872583281802,19.556872583281802,0,218638336,16382400,235020736,391701.2266666667,22.413323974609376,0.1685434018979355,0.017353099496970913,0.1685434018979355,0.12254329398554765,0.02708619264,6.4,236.28274689845816,0.506068992,0.2875392,1,HEADROOM
720p,15,8,optimistic,finishing_owner,0.4,200,60.220554317856646,14.060784884548411,15.342768884551333,15.342768884551333,0,218638336,17764800,236403136,394005.2266666667,22.545159912109376,0.10585055438213199,0.013319699381225084,0.10585055438213199,0.122378660359504,0.02708619264,6.4,236.28274689845816,0.506068992,0.2875392,1,HEADROOM
720p,15,8,optimistic,finishing_owner,0.4,400,60.281661391113396,11.851586279663074,12.931830842050658,12.931830842051,0,434380800,223742400,658123200,1096872.0,62.763519287109375,0.10646188804626305,0.05841729537817691,0.10646188804626305,0.0882868623221037,0.02708619264,6.4,236.28274689845816,0.506068992,0.2875392,1,HEADROOM
720p,15,8,optimistic,finishing_owner,0.4,800,60.32279621745055,7.772128541024358,9.52988008216289,9.529880082163345,0,648675328,428337600,1077012928,1795021.5466666666,102.71195678710937,0.08133938409210296,0.05616235405911161,0.08133938409210296,0.06917008072328358,0.02708619264,6.4,236.28274689845816,0.506068992,0.2875392,1,HEADROOM
720p,15,8,optimistic,finishing_owner,0.4,1600,60.353811307925035,5.192277390511663,6.111153161081347,6.111153161081802,0,651571200,429720000,1081291200,1802152.0,103.11996459960938,0.042678865641851166,0.030592650823966585,0.042678865641851166,0.05403396035766974,0.02708619264,6.4,236.28274689845816,0.506068992,0.2875392,1,HEADROOM
720p,15,8,optimistic,independent_au,0.4,12.5,36.13763516150055,3413.2896485300344,6390.6340135609535,6653.9265135609585,592,217190400,20250000,237440400,395734.0,22.644081115722656,0.998742598764983,0.09594255398771226,0.998742598764983,0.07371411484054832,0.02708619264,6.4,236.28274689845816,0.506068992,0.2875392,1,INTERCONNECT
720p,15,8,optimistic,independent_au,0.4,25,59.969705043530894,63.55911404714607,64.92657437429716,64.92657437429716,0,217190400,20250000,237440400,395734.0,22.644081115722656,0.8292966883543139,0.08200619247782279,0.8292966883543139,0.1223271446727697,0.02708619264,6.4,236.28274689845816,0.506068992,0.2875392,1,INTERCONNECT_HEADROOM_LOW
720p,15,8,optimistic,independent_au,0.4,50,60.13957919763552,35.29819638357185,36.58018038357477,36.58018038357477,0,217190400,20250000,237440400,395734.0,22.644081115722656,0.41642430030200195,0.04352482748998924,0.41642430030200195,0.12267365663593906,0.02708619264,6.4,236.28274689845816,0.506068992,0.2875392,1,HEADROOM
720p,15,8,optimistic,independent_au,0.4,100,60.22487768413985,21.16773755178474,22.44972155178766,22.44972155178766,0,217190400,20250000,237440400,395734.0,22.644081115722656,0.2091097149496144,0.024202275396155826,0.2091097149496144,0.12284764982619086,0.02708619264,6.4,236.28274689845816,0.506068992,0.2875392,1,HEADROOM
720p,15,8,optimistic,independent_au,0.4,125,60.251749876635714,18.341645785427318,19.62362978543024,19.62362978543024,0,218638336,20250000,238888336,398147.2266666667,22.782167053222658,0.16872077850116182,0.020334487511618926,0.16872077850116182,0.12267225965842804,0.02708619264,6.4,236.28274689845816,0.506068992,0.2875392,1,HEADROOM
720p,15,8,optimistic,independent_au,0.4,200,60.28861539530416,14.102508135891185,15.384492135894106,15.384492135894106,0,218638336,20250000,238888336,398147.2266666667,22.782167053222658,0.10597018633938099,0.01452548929414492,0.10597018633938099,0.12251697232914625,0.02708619264,6.4,236.28274689845816,0.506068992,0.2875392,1,HEADROOM
720p,15,8,optimistic,independent_au,0.4,400,60.323438162092074,9.011968265446292,9.677655655893432,9.677655655893773,0,434380800,20250000,454630800,757718.0,43.356971740722656,0.10653566892443113,0.009679877142397632,0.10653566892443113,0.08834804743118234,0.02708619264,6.4,236.28274689845816,0.506068992,0.2875392,1,HEADROOM
720p,15,8,optimistic,independent_au,0.4,800,60.34732177261691,6.51115983397176,6.820439791473291,6.820439791473518,0,648675328,20250000,668925328,1114875.5466666666,63.79369049072265,0.0813724544017842,0.007255747699056318,0.0813724544017842,0.06919820333591123,0.02708619264,6.4,236.28274689845816,0.506068992,0.2875392,1,HEADROOM
720p,15,8,optimistic,independent_au,0.4,1600,60.360695455221716,4.617563916985091,5.221654135736571,5.221654135736912,0,651571200,20250000,671821200,1119702.0,64.06986236572266,0.042683733728740236,0.006043105647631521,0.042683733728740236,0.054040123642706155,0.02708619264,6.4,236.28274689845816,0.506068992,0.2875392,1,HEADROOM
720p,15,8,optimistic,raw_gather,0.4,12.5,4.20926668951291,66445.9293277504,125887.76927566728,131185.00177566695,600,217190400,1866240000,2083430400,3472384.0,198.69140625,0.11633229273557254,0.9992154576941834,0.9992154576941834,0.008586128194570147,0.02708619264,6.4,236.28274689845816,0.506068992,0.2875392,1,INTERCONNECT
720p,15,8,optimistic,raw_gather,0.4,25,8.415619081626502,30735.665655875273,58200.6989631674,60650.27521316744,599,217190400,1866240000,2083430400,3472384.0,198.69140625,0.11637617743456087,0.9992061776687485,0.9992061776687485,0.017166311759608983,0.02708619264,6.4,236.28274689845816,0.506068992,0.2875392,1,INTERCONNECT
720p,15,8,optimistic,raw_gather,0.4,50,16.815694246535223,12885.174509573359,24372.695238740496,25398.44336374054,596,217190400,1866240000,2083430400,3472384.0,198.69140625,0.11643685912223911,0.9989560226071353,0.9989560226071353,0.03430091679416841,0.02708619264,6.4,236.28274689845816,0.506068992,0.2875392,1,INTERCONNECT
720p,15,8,optimistic,raw_gather,0.4,100,33.52150787613789,3972.4401345733154,7503.073337698335,7816.907400198377,587,217190400,1866240000,2083430400,3472384.0,198.69140625,0.1163916511947759,0.9970330895145554,0.9970330895145554,0.06837769738298974,0.02708619264,6.4,236.28274689845816,0.506068992,0.2875392,1,INTERCONNECT
720p,15,8,optimistic,raw_gather,0.4,125,41.8335454754454,2197.0337543649825,4118.719822073295,4290.1710720732935,576,218638336,1866240000,2084878336,3474797.2266666666,198.8294921875,0.1171449522135441,0.9960763272447938,0.9960763272447938,0.08517288814853988,0.02708619264,6.4,236.28274689845816,0.506068992,0.2875392,1,INTERCONNECT
720p,15,8,optimistic,raw_gather,0.4,200,59.71937354439353,54.01135202124897,68.9228949899998,68.92289499000026,0,218638336,1866240000,2084878336,3474797.2266666666,198.8294921875,0.10496962156247168,0.8905080046740524,0.8905080046740524,0.12136017369246631,0.02708619264,6.4,236.28274689845816,0.506068992,0.2875392,1,INTERCONNECT_HEADROOM_LOW
720p,15,8,optimistic,raw_gather,0.4,400,60.0502722359568,28.311889130623968,35.807660614999804,35.80766061500026,0,434380800,1866240000,2300620800,3834368.0,219.404296875,0.10605323762484264,0.4501231182552376,0.4501231182552376,0.08794797613329089,0.02708619264,6.4,236.28274689845816,0.506068992,0.2875392,1,HEADROOM
720p,15,8,optimistic,raw_gather,0.4,800,60.21710050779853,15.462157685311468,19.250043427499804,19.25004342750026,0,648675328,1866240000,2514915328,4191525.546666667,239.841015625,0.08119686377700878,0.22809549644935978,0.22809549644935978,0.06904888307948767,0.02708619264,6.4,236.28274689845816,0.506068992,0.2875392,1,HEADROOM
720p,15,8,optimistic,raw_gather,0.4,1600,60.300862731894696,9.037291962655218,10.971234833749804,10.971234833750259,0,651571200,1866240000,2517811200,4196352.0,240.1171875,0.04264142334759742,0.11661842360115096,0.11661842360115096,0.05398655620545106,0.02708619264,6.4,236.28274689845816,0.506068992,0.2875392,1,HEADROOM
720p,15,8,median,owner_only,0.4,12.5,36.10140863993012,3421.467474392808,6393.15960121947,6656.452101219473,592,217190400,15000000,232190400,386984.0,22.143402099609375,0.9977413995958683,0.07174608510317068,0.9977413995958683,0.17232550514842926,0.12180160512,0.8,6.568057943175979,2.3233167359999998,1.1501568,1,INTERCONNECT
720p,15,8,median,owner_only,0.4,25,59.84899121482397,72.80480707640527,75.44154307640656,75.44154307640656,0,217190400,15000000,232190400,386984.0,22.143402099609375,0.8276273858571187,0.06186436508158699,0.8276273858571187,0.2856815850756345,0.12180160512,0.8,6.568057943175979,2.3233167359999998,1.1501568,1,INTERCONNECT_HEADROOM_LOW
720p,15,8,median,owner_only,0.4,50,60.01717926030592,44.71078241820214,47.347518418203435,47.347518418203435,0,217190400,15000000,232190400,386984.0,22.143402099609375,0.41557676679845035,0.03341979554267631,0.41557676679845035,0.2864844094248636,0.12180160512,0.8,6.568057943175979,2.3233167359999998,1.1501568,1,HEADROOM
720p,15,8,median,owner_only,0.4,100,60.10162826423115,30.66377008910058,33.30050608910187,33.30050608910187,0,217190400,15000000,232190400,386984.0,22.143402099609375,0.20868177466885562,0.01913747507358698,0.20868177466885562,0.2868875160572347,0.12180160512,0.8,6.568057943175979,2.3233167359999998,1.1501568,1,HEADROOM
720p,15,8,median,owner_only,0.4,125,60.11854659141563,27.854367623280268,30.49110362328156,30.49110362328156,0,217190400,15000000,232190400,386984.0,22.143402099609375,0.1672328882760892,0.01627618649209446,0.1672328882760892,0.2869682735508664,0.12180160512,0.8,6.568057943175979,2.3233167359999998,1.1501568,1,HEADROOM
720p,15,8,median,owner_only,0.4,200,60.14394194884875,23.6402639245498,26.27699992455109,26.27699992455109,0,217190400,15000000,232190400,386984.0,22.143402099609375,0.10501578645088167,0.011981231946413502,0.10501578645088167,0.28708949507553694,0.12180160512,0.8,6.568057943175979,2.3233167359999998,1.1501568,1,HEADROOM
720p,15,8,median,owner_only,0.4,400,60.165121141779935,20.12851084227441,22.7652468422757,22.7652468422757,0,217190400,15000000,232190400,386984.0,22.143402099609375,0.053128034658234,0.008399330364866451,0.053128034658234,0.2871905912725553,0.12180160512,0.8,6.568057943175979,2.3233167359999998,1.1501568,1,HEADROOM
720p,15,8,median,owner_only,0.4,800,60.1757163327891,18.372634301136713,21.009370301138006,21.009370301138006,0,217190400,15000000,232190400,386984.0,22.143402099609375,0.027170452465865986,0.006607433404683334,0.027170452465865986,0.28724116607591016,0.12180160512,0.8,6.568057943175979,2.3233167359999998,1.1501568,1,HEADROOM
720p,15,8,median,owner_only,0.4,1600,60.18101532779171,17.494696030567866,20.131432030569158,20.131432030569158,0,217190400,15000000,232190400,386984.0,22.143402099609375,0.014188232683493313,0.005711248236432105,0.014188232683493313,0.28726646015791435,0.12180160512,0.8,6.568057943175979,2.3233167359999998,1.1501568,1,HEADROOM
720p,15,8,median,finishing_owner,0.4,12.5,36.10140863993012,3421.467474392808,6393.15960121947,6656.452101219473,592,217190400,15000000,232190400,386984.0,22.143402099609375,0.9977413995958683,0.07174608510317068,0.9977413995958683,0.17232550514842926,0.12180160512,6.4,52.54446354540783,2.3233167359999998,1.1501568,1,INTERCONNECT
720p,15,8,median,finishing_owner,0.4,25,59.84899121482397,72.80480707640527,75.44154307640656,75.44154307640656,0,217190400,15000000,232190400,386984.0,22.143402099609375,0.8276273858571187,0.06186436508158699,0.8276273858571187,0.2856815850756345,0.12180160512,6.4,52.54446354540783,2.3233167359999998,1.1501568,1,INTERCONNECT_HEADROOM_LOW
720p,15,8,median,finishing_owner,0.4,50,59.873443592844616,44.71078241820214,47.347518418203435,47.347518418203435,0,218638336,16382400,235020736,391701.2266666667,22.413323974609376,0.4173453750211915,0.035970915371213406,0.4173453750211915,0.2852509038754984,0.12180160512,6.4,52.54446354540783,2.3233167359999998,1.1501568,1,HEADROOM
720p,15,8,median,finishing_owner,0.4,100,60.05021419785375,30.66377008910058,44.165782418203435,44.165782418203435,0,432932864,222360000,655292864,1092154.7733333334,62.493597412109374,0.4156164930812442,0.2170405110258698,0.4156164930812442,0.24677283370935868,0.12180160512,6.4,52.54446354540783,2.3233167359999998,1.1501568,1,HEADROOM
720p,15,8,median,finishing_owner,0.4,125,60.05273760163758,35.70809586328096,35.97883072656259,35.978830726562705,0,432932864,223742400,656675264,1094458.7733333334,62.625433349609374,0.3329859868427739,0.17565616345546461,0.3329859868427739,0.24623416273615287,0.12180160512,6.4,52.54446354540783,2.3233167359999998,1.1501568,1,HEADROOM
720p,15,8,median,finishing_owner,0.4,200,60.159066889099066,23.695149848876945,26.444395124101447,26.444395124101675,0,434380800,223742400,658123200,1096872.0,62.763519287109375,0.21008439143822444,0.11178425950417328,0.21008439143822444,0.2043953868628242,0.12180160512,6.4,52.54446354540783,2.3233167359999998,1.1501568,1,HEADROOM
720p,15,8,median,finishing_owner,0.4,400,60.221613513171256,19.42088895955021,19.560493604325984,19.560493604326325,0,651571200,431102400,1082673600,1804456.0,103.25180053710938,0.15952572900723846,0.1079801851063393,0.15952572900723846,0.16433889562708795,0.12180160512,6.4,52.54446354540783,2.3233167359999998,1.1501568,1,HEADROOM
720p,15,8,median,finishing_owner,0.4,800,60.29323740560342,12.61323743977482,14.370988980912898,14.37098898091324,0,865865728,634315200,1500180928,2500301.546666667,143.0684020996094,0.10852304233943609,0.0808092819553347,0.10852304233943609,0.0835021353521941,0.12180160512,6.4,52.54446354540783,2.3233167359999998,1.1501568,1,HEADROOM
720p,15,8,median,finishing_owner,0.4,1600,60.32384922732315,8.341537139830962,9.260412910400191,9.26041291040076,0,870209536,637080000,1507289536,2512149.2266666666,143.74633178710937,0.05696635475591699,0.04300379341666537,0.05696635475591699,0.08244149183532586,0.12180160512,6.4,52.54446354540783,2.3233167359999998,1.1501568,1,HEADROOM
720p,15,8,median,independent_au,0.4,12.5,36.098094451140994,3423.431599068589,6394.68548012572,6657.977980125723,592,217190400,27000000,244190400,406984.0,23.287811279296875,0.997649804738893,0.12682081953342675,0.997649804738893,0.1723096852876881,0.12180160512,6.4,52.54446354540783,2.3233167359999998,1.1501568,1,INTERCONNECT
720p,15,8,median,independent_au,0.4,25,59.84443693781013,73.56774652953027,76.20448252953156,76.20448252953156,0,217190400,27000000,244190400,406984.0,23.287811279296875,0.8275644066104694,0.10751733943231502,0.8275644066104694,0.28565984581069825,0.12180160512,6.4,52.54446354540783,2.3233167359999998,1.1501568,1,INTERCONNECT_HEADROOM_LOW
720p,15,8,median,independent_au,0.4,50,60.02910450419591,45.09225214476464,47.728988144765935,47.728988144765935,0,218638336,27000000,245638336,409397.2266666667,23.425897216796876,0.4184304029989678,0.05632572204260215,0.4184304029989678,0.2859925083832162,0.12180160512,6.4,52.54446354540783,2.3233167359999998,1.1501568,1,HEADROOM
720p,15,8,median,independent_au,0.4,100,60.14941710612774,30.85450495238183,31.363658394765935,31.363658394765935,0,432932864,27000000,459932864,766554.7733333333,43.862615966796874,0.4163030912123425,0.03062528277690469,0.4163030912123425,0.24718050224333465,0.12180160512,6.4,52.54446354540783,2.3233167359999998,1.1501568,1,HEADROOM
720p,15,8,median,independent_au,0.4,125,60.182845632296576,25.31380875390596,28.006955513906632,28.006955513906632,0,432932864,27000000,459932864,766554.7733333333,43.862615966796874,0.3337074219132706,0.025476767950978845,0.3337074219132706,0.24676764452689298,0.12180160512,6.4,52.54446354540783,2.3233167359999998,1.1501568,1,HEADROOM
720p,15,8,median,independent_au,0.4,200,60.24056233272221,18.99940091369126,20.88678143619154,20.88678143619154,0,434380800,27000000,461380800,768968.0,44.000701904296875,0.21036898562433637,0.017745467334699984,0.21036898562433637,0.20467227434775842,0.12180160512,6.4,52.54446354540783,2.3233167359999998,1.1501568,1,HEADROOM
720p,15,8,median,independent_au,0.4,400,60.28251520493613,13.42046967309534,14.69060863809591,14.69060863809591,0,651571200,27000000,678571200,1130952.0,64.71359252929688,0.15968705624856921,0.011290213445317948,0.15968705624856921,0.16450509038977515,0.12180160512,6.4,52.54446354540783,2.3233167359999998,1.1501568,1,HEADROOM
720p,15,8,median,independent_au,0.4,800,60.31292408496721,9.994677055297416,11.037452756547736,11.037452756547964,0,865865728,27000000,892865728,1488109.5466666666,85.15031127929687,0.10855847679991708,0.008060471300701911,0.10855847679991708,0.08352940009755537,0.12180160512,6.4,52.54446354540783,2.3233167359999998,1.1501568,1,HEADROOM
720p,15,8,median,independent_au,0.4,1600,60.329795082474,7.478482228898429,8.42151933827381,8.421519338274038,0,870209536,27000000,897209536,1495349.2266666666,85.56456909179687,0.05697196967767994,0.006444554808966182,0.05697196967767994,0.08244961772873538,0.12180160512,6.4,52.54446354540783,2.3233167359999998,1.1501568,1,HEADROOM
720p,15,8,median,raw_gather,0.4,12.5,4.209226684233512,66447.28407975039,125889.12402766726,131186.35652766694,600,217190400,1866240000,2083430400,3472384.0,198.69140625,0.11633118710216481,0.999205961053435,0.999205961053435,0.020092210857459544,0.12180160512,6.4,52.54446354540783,2.3233167359999998,1.1501568,1,INTERCONNECT
720p,15,8,median,raw_gather,0.4,25,8.415459172799528,30737.020407875272,58202.0537151674,60651.62996516744,599,217190400,1866240000,2083430400,3472384.0,198.69140625,0.1163739661203556,0.9991871913189354,0.9991871913189354,0.0401701293008457,0.12180160512,6.4,52.54446354540783,2.3233167359999998,1.1501568,1,INTERCONNECT
720p,15,8,median,raw_gather,0.4,50,16.814189511175503,12888.36766925336,24375.888398420495,25401.636523420537,596,218638336,1866240000,2084878336,3474797.2266666666,198.8294921875,0.11720261615380939,0.9988666320397296,0.9988666320397296,0.080106679492374,0.12180160512,6.4,52.54446354540783,2.3233167359999998,1.1501568,1,INTERCONNECT
720p,15,8,median,raw_gather,0.4,100,33.5155287322132,3975.633294253316,7506.266497378338,7820.1005598783795,587,432932864,1866240000,2299172864,3831954.7733333334,219.2662109375,0.23196597550094977,0.9968552513229705,0.9968552513229705,0.13773009986717558,0.12180160512,6.4,52.54446354540783,2.3233167359999998,1.1501568,1,INTERCONNECT
720p,15,8,median,raw_gather,0.4,125,41.824233923833766,2200.226914044982,4121.912981753296,4293.364231753294,576,432932864,1866240000,2299172864,3831954.7733333334,219.2662109375,0.23191088971589255,0.995854614836131,0.995854614836131,0.171491852555201,0.12180160512,6.4,52.54446354540783,2.3233167359999998,1.1501568,1,INTERCONNECT
720p,15,8,median,raw_gather,0.4,200,59.70039941462675,57.20451170124943,72.11605466999981,72.11605467000015,0,434380800,1866240000,2300620800,3834368.0,219.404296875,0.20848265653391387,0.8902250711227405,0.8902250711227405,0.20283702632410464,0.12180160512,6.4,52.54446354540783,2.3233167359999998,1.1501568,1,INTERCONNECT_HEADROOM_LOW
720p,15,8,median,raw_gather,0.4,400,60.03108729016369,31.50504881062443,39.00082029499981,39.00082029500015,0,651571200,1866240000,2517811200,4196352.0,240.1171875,0.15902102923506067,0.44997931228563237,0.44997931228563237,0.16381896819156325,0.12180160512,6.4,52.54446354540783,2.3233167359999998,1.1501568,1,HEADROOM
720p,15,8,median,raw_gather,0.4,800,60.197808833993214,18.65531736531193,22.443203107499812,22.443203107500153,0,865865728,1866240000,2732105728,4553509.546666667,260.55390625,0.10835127848393802,0.22802242179320972,0.22802242179320972,0.08336997310903146,0.12180160512,6.4,52.54446354540783,2.3233167359999998,1.1501568,1,HEADROOM
720p,15,8,median,raw_gather,0.4,1600,60.28163690554125,12.210713050780669,14.1446559218748,14.14465592187537,0,870209536,1866240000,2736449536,4560749.226666667,260.9681640625,0.05692649188031307,0.11658124195133383,0.11658124195133383,0.0823838024334374,0.12180160512,6.4,52.54446354540783,2.3233167359999998,1.1501568,1,HEADROOM
720p,15,8,adversarial,owner_only,0.4,12.5,35.96043827953662,3454.04363823281,6403.35876409947,6666.6512640994715,595,217190400,15000000,232190400,386984.0,22.143402099609375,0.9938453753137305,0.07146592785017557,0.9938453753137305,0.4823043901136147,0.4623630336,0.8,1.7302421298068065,8.97122304,3.9105331199999998,1,INTERCONNECT
720p,15,8,adversarial,owner_only,0.4,25,59.46255387986342,103.40229571640566,109.9963821164074,109.9963821164074,0,217190400,15000000,232190400,386984.0,22.143402099609375,0.8222835009421167,0.061464914733537795,0.8222835009421167,0.7975167199212188,0.4623630336,0.8,1.7302421298068065,8.97122304,3.9105331199999998,1,INTERCONNECT_HEADROOM_LOW
720p,15,8,adversarial,owner_only,0.4,50,59.62857398715193,75.30827105820254,81.90235745820428,81.90235745820428,0,217190400,15000000,232190400,386984.0,22.143402099609375,0.41288594851994165,0.03320340568671049,0.41288594851994165,0.7997433954130452,0.4623630336,0.8,1.7302421298068065,8.97122304,3.9105331199999998,1,NODE_QUEUE_HEADROOM_LOW
720p,15,8,adversarial,owner_only,0.4,100,59.71193217427256,61.26125872910097,67.85534512910272,67.85534512910272,0,217190400,15000000,232190400,386984.0,22.143402099609375,0.20732869199900603,0.01901338859834093,0.20732869199900603,0.8008614023541083,0.4623630336,0.8,1.7302421298068065,8.97122304,3.9105331199999998,1,NODE_QUEUE_HEADROOM_LOW
720p,15,8,adversarial,owner_only,0.4,125,59.728631786998605,58.45185626328066,65.0459426632824,65.0459426632824,0,217190400,15000000,232190400,386984.0,22.143402099609375,0.16614825495373978,0.016170622960829283,0.16614825495373978,0.8010853789493978,0.4623630336,0.8,1.7302421298068065,8.97122304,3.9105331199999998,1,NODE_QUEUE_HEADROOM_LOW
720p,15,8,adversarial,owner_only,0.4,200,59.75369872734103,54.23775256455019,60.831838964551935,60.831838964551935,0,217190400,15000000,232190400,386984.0,22.143402099609375,0.10433439282276509,0.011903491871504942,0.10433439282276509,0.8014215788388399,0.4623630336,0.8,1.7302421298068065,8.97122304,3.9105331199999998,1,NODE_QUEUE_HEADROOM_LOW
720p,15,8,adversarial,owner_only,0.4,400,59.77460392229923,50.7259994822748,57.320085882276544,57.320085882276544,0,217190400,15000000,232190400,386984.0,22.143402099609375,0.0527831934615826,0.008344812347162174,0.0527831934615826,0.8017019610529315,0.4623630336,0.8,1.7302421298068065,8.97122304,3.9105331199999998,1,NODE_QUEUE_HEADROOM_LOW
720p,15,8,adversarial,owner_only,0.4,800,59.78506200609525,48.970122941137106,55.56420934113885,55.56420934113885,0,217190400,15000000,232190400,386984.0,22.143402099609375,0.02699406478889476,0.006564538652361548,0.02699406478889476,0.8018422257429163,0.4623630336,0.8,1.7302421298068065,8.97122304,3.9105331199999998,1,NODE_QUEUE_HEADROOM_LOW
720p,15,8,adversarial,owner_only,0.4,1600,59.79029242041246,48.09218467056826,54.68627107057,54.68627107057,0,217190400,15000000,232190400,386984.0,22.143402099609375,0.014096116133207931,0.0056741681788167785,0.014096116133207931,0.8019123764949091,0.4623630336,0.8,1.7302421298068065,8.97122304,3.9105331199999998,1,NODE_QUEUE_HEADROOM_LOW
720p,15,8,adversarial,finishing_owner,0.4,12.5,35.96043827953662,3454.04363823281,6403.35876409947,6666.6512640994715,595,217190400,15000000,232190400,386984.0,22.143402099609375,0.9938453753137305,0.07146592785017557,0.9938453753137305,0.4823043901136147,0.4623630336,6.4,13.841937038454452,8.97122304,3.9105331199999998,1,INTERCONNECT
720p,15,8,adversarial,finishing_owner,0.4,25,59.32107882025322,103.40229571640566,109.9963821164074,109.9963821164074,0,218638336,16382400,235020736,391701.2266666667,22.413323974609376,0.8257959471491236,0.06653244229119301,0.8257959471491236,0.7940685176179341,0.4623630336,6.4,13.841937038454452,8.97122304,3.9105331199999998,1,INTERCONNECT_HEADROOM_LOW
720p,15,8,adversarial,finishing_owner,0.4,50,59.6458576068499,66.21760865820261,98.00314845820321,98.00314845820321,0,432932864,222360000,655292864,1092154.7733333334,62.493597412109374,0.8232578800313844,0.42638640762791175,0.8232578800313844,0.5669963319691942,0.4623630336,6.4,13.841937038454452,8.97122304,3.9105331199999998,1,INTERCONNECT_HEADROOM_LOW
720p,15,8,adversarial,finishing_owner,0.4,100,59.811950294561846,57.12315791865217,70.78437953730463,70.78437953730486,0,648675328,428337600,1077012928,1795021.5466666666,102.71195678710937,0.620250921420442,0.41199923584196835,0.620250921420442,0.4688188326714463,0.4623630336,6.4,13.841937038454452,8.97122304,3.9105331199999998,1,HEADROOM
720p,15,8,adversarial,finishing_owner,0.4,125,59.90963385807271,59.57371852656206,59.84445338984369,59.84445338984392,0,648675328,428337600,1077012928,1795021.5466666666,102.71195678710937,0.49772524411727515,0.3310962372975612,0.49772524411727515,0.4695844972918242,0.4623630336,6.4,13.841937038454452,8.97122304,3.9105331199999998,1,HEADROOM
720p,15,8,adversarial,finishing_owner,0.4,200,60.055632587784444,36.444348714550415,43.4286455895508,43.42864558955091,0,651571200,429720000,1081291200,1802152.0,103.11996459960938,0.31457676783907795,0.20990090551048643,0.31457676783907795,0.3354022944488718,0.4623630336,6.4,13.841937038454452,8.97122304,3.9105331199999998,1,HEADROOM
720p,15,8,adversarial,finishing_owner,0.4,400,60.15827983239883,27.59368631455027,31.02918939682604,31.029189396826496,0,867313664,634315200,1501628864,2502714.7733333334,143.20648803710938,0.21211778528121714,0.1564441420613438,0.21211778528121714,0.2372141731691213,0.4623630336,6.4,13.841937038454452,8.97122304,3.9105331199999998,1,HEADROOM
720p,15,8,adversarial,finishing_owner,0.4,800,60.220295758930014,21.05464877863733,22.86072299738771,22.860722997387825,0,871657472,637080000,1508737472,2514562.453333333,143.88441772460936,0.10910880594888754,0.08104232034082208,0.10910880594888754,0.2352226489461765,0.4623630336,6.4,13.841937038454452,8.97122304,3.9105331199999998,1,HEADROOM
720p,15,8,adversarial,finishing_owner,0.4,1600,60.26190899716536,18.48969878931848,19.432735898693863,19.432735898693977,0,871657472,637080000,1508737472,2514562.453333333,143.88441772460936,0.05700257734526052,0.042959637334187124,0.05700257734526052,0.23538519175679518,0.4623630336,6.4,13.841937038454452,8.97122304,3.9105331199999998,1,HEADROOM
720p,15,8,adversarial,independent_au,0.4,12.5,35.9522185126983,3457.858335498435,6407.173461365095,6670.4659613650965,595,217190400,45000000,262190400,436984.0,25.004425048828125,0.9936182040764137,0.20859642196132827,0.9936182040764137,0.4821941459168946,0.4623630336,6.4,13.841937038454452,8.97122304,3.9105331199999998,1,INTERCONNECT
720p,15,8,adversarial,independent_au,0.4,25,59.54385499991321,105.30964434921816,111.9037307492199,111.9037307492199,0,218638336,45000000,263638336,439397.2266666667,25.142510986328126,0.8288971663100565,0.17511984403969716,0.8288971663100565,0.7970505866271509,0.4623630336,6.4,13.841937038454452,8.97122304,3.9105331199999998,1,INTERCONNECT_HEADROOM_LOW
720p,15,8,adversarial,independent_au,0.4,50,59.80936295524031,65.33512792460911,72.58963527460946,72.58963527460946,0,432932864,45000000,477932864,796554.7733333333,45.579229736328124,0.8255146514467092,0.09034272903296825,0.8255146514467092,0.5685506215127493,0.4623630336,6.4,13.841937038454452,8.97122304,3.9105331199999998,1,INTERCONNECT_HEADROOM_LOW
720p,15,8,adversarial,independent_au,0.4,100,60.01156299482763,46.053347087304246,49.055123387304775,49.05512338730489,0,648675328,45000000,693675328,1156125.5466666666,66.15403442382812,0.6223209084490765,0.047724539776258075,0.6223209084490765,0.4703834396214642,0.4623630336,6.4,13.841937038454452,8.97122304,3.9105331199999998,1,HEADROOM
720p,15,8,adversarial,independent_au,0.4,125,60.04703688965904,40.62691598984338,43.14857718984422,43.14857718984422,0,648675328,45000000,693675328,1156125.5466666666,66.15403442382812,0.4988667793434923,0.03916295306595249,0.4988667793434923,0.470661491580701,0.4623630336,6.4,13.841937038454452,8.97122304,3.9105331199999998,1,HEADROOM
720p,15,8,adversarial,independent_au,0.4,200,60.125322396439834,30.138387812304245,37.07526729365236,37.07526729365247,0,651571200,45000000,696571200,1160952.0,66.43020629882812,0.31494180928171184,0.02631251669238929,0.31494180928171184,0.3357915022669487,0.4623630336,6.4,13.841937038454452,8.97122304,3.9105331199999998,1,HEADROOM
720p,15,8,adversarial,independent_au,0.4,400,60.18054418289387,23.007859609325806,26.540008046826188,26.5400080468263,0,867313664,45000000,912313664,1520522.7733333334,87.00501098632813,0.21219628926655193,0.015575563409864837,0.21219628926655193,0.23730196523213473,0.4623630336,6.4,13.841937038454452,8.97122304,3.9105331199999998,1,HEADROOM
720p,15,8,adversarial,independent_au,0.4,800,60.22989746664125,19.46630420466272,21.2723784234131,21.272378423413215,0,871657472,45000000,916657472,1527762.4533333334,87.41926879882813,0.10912620258984122,0.01020336426236724,0.10912620258984122,0.23526015356307983,0.4623630336,6.4,13.841937038454452,8.97122304,3.9105331199999998,1,HEADROOM
720p,15,8,adversarial,independent_au,0.4,1600,60.26671610528991,17.695526502331177,18.63856361170656,18.638563611706672,0,871657472,45000000,916657472,1527762.4533333334,87.41926879882813,0.057007124455653084,0.007515469442349451,0.057007124455653084,0.23540396849464706,0.4623630336,6.4,13.841937038454452,8.97122304,3.9105331199999998,1,HEADROOM
720p,15,8,adversarial,raw_gather,0.4,12.5,4.209109829629297,66451.2414301504,125893.08137806728,131190.31387806695,600,217190400,1866240000,2083430400,3472384.0,198.69140625,0.11632795756955785,0.9991782215597302,0.9991782215597302,0.05645293123292649,0.4623630336,6.4,13.841937038454452,8.97122304,3.9105331199999998,1,INTERCONNECT
720p,15,8,adversarial,raw_gather,0.4,25,8.414992099774878,30740.977758275272,58206.0110655674,60655.58731556744,599,218638336,1866240000,2084878336,3474797.2266666666,198.8294921875,0.11714329053829445,0.9991317346440165,0.9991317346440165,0.11264259577412622,0.4623630336,6.4,13.841937038454452,8.97122304,3.9105331199999998,1,INTERCONNECT
720p,15,8,adversarial,raw_gather,0.4,50,16.80938509033943,12898.56683213336,24386.087561300497,25411.83568630054,596,432932864,1866240000,2299172864,3831954.7733333334,219.2662109375,0.2320103908190726,0.9985812197897819,0.9985812197897819,0.15979080645804258,0.4623630336,6.4,13.841937038454452,8.97122304,3.9105331199999998,1,INTERCONNECT
720p,15,8,adversarial,raw_gather,0.4,100,33.49644523030275,3985.8324571333146,7516.465660258336,7830.299722758378,588,648675328,1866240000,2514915328,4191525.546666667,239.841015625,0.3473586953123252,0.9962876490856594,0.9962876490856594,0.26255228719638274,0.4623630336,6.4,13.841937038454452,8.97122304,3.9105331199999998,1,INTERCONNECT
720p,15,8,adversarial,raw_gather,0.4,125,41.794519958425454,2210.4260769249827,4132.112144633296,4303.563394633295,578,648675328,1866240000,2514915328,4191525.546666667,239.841015625,0.3472260855132665,0.9951471113913379,0.9951471113913379,0.32759436805647846,0.4623630336,6.4,13.841937038454452,8.97122304,3.9105331199999998,1,INTERCONNECT
720p,15,8,adversarial,raw_gather,0.4,200,59.63987546770054,67.40367458124956,82.31521754999994,82.31521755000017,0,651571200,1866240000,2517811200,4196352.0,240.1171875,0.31239899490743994,0.8893225656875121,0.8893225656875121,0.3330803491791128,0.4623630336,6.4,13.841937038454452,8.97122304,3.9105331199999998,1,INTERCONNECT_HEADROOM_LOW
720p,15,8,adversarial,raw_gather,0.4,400,59.969891330682984,41.70421169062456,49.19998317499994,49.19998317500017,0,867313664,1866240000,2733553664,4555922.773333333,260.6919921875,0.21145352839309228,0.44952060135759797,0.44952060135759797,0.23647132575404234,0.4623630336,6.4,13.841937038454452,8.97122304,3.9105331199999998,1,HEADROOM
720p,15,8,adversarial,raw_gather,0.4,800,60.1584156564442,25.182040501561914,28.969926243749796,28.969926243750365,0,871657472,1866240000,2737897472,4563162.453333333,261.10625,0.10899668985896911,0.22787320493763233,0.22787320493763233,0.23498094303224273,0.4623630336,6.4,13.841937038454452,8.97122304,3.9105331199999998,1,HEADROOM
720p,15,8,adversarial,raw_gather,0.4,1600,60.23150112091737,20.495671651562134,22.429614522656266,22.42961452265638,0,871657472,1866240000,2737897472,4563162.453333333,261.10625,0.056973814112456,0.11648428220807382,0.11648428220807382,0.2352664174945679,0.4623630336,6.4,13.841937038454452,8.97122304,3.9105331199999998,1,HEADROOM
720p,15,16,optimistic,owner_only,0.4,12.5,36.14602330481285,3411.5633016692127,6389.966441539469,6653.258941539474,592,217190400,15000000,232190400,386984.0,22.143402099609375,0.9989744234544821,0.07183474999642876,0.9989744234544821,0.07373122510680286,0.02708619264,0.8,29.53534336230727,0.506068992,0.2875392,1,INTERCONNECT
720p,15,16,optimistic,owner_only,0.4,25,59.97170580444826,63.22532803640388,64.5073120364068,64.5073120364068,0,217190400,15000000,232190400,386984.0,22.143402099609375,0.8293243560642312,0.06199121200112997,0.8293243560642312,0.1223312258562609,0.02708619264,0.8,29.53534336230727,0.506068992,0.2875392,1,INTERCONNECT_HEADROOM_LOW
720p,15,16,optimistic,owner_only,0.4,50,60.14058523687437,35.131303378200755,36.41328737820368,36.41328737820368,0,217190400,15000000,232190400,386984.0,22.143402099609375,0.41643126641635964,0.03348851257597397,0.41643126641635964,0.12267570877055316,0.02708619264,0.8,29.53534336230727,0.506068992,0.2875392,1,HEADROOM
720p,15,16,optimistic,owner_only,0.4,100,60.22538212746554,21.084291049099193,22.366275049102114,22.366275049102114,0,217190400,15000000,232190400,386984.0,22.143402099609375,0.2091114664517195,0.019176880602876405,0.2091114664517195,0.12284867879759627,0.02708619264,0.8,29.53534336230727,0.506068992,0.2875392,1,HEADROOM
720p,15,16,optimistic,owner_only,0.4,125,60.24237020849403,18.27488858327888,19.556872583281802,19.556872583281802,0,217190400,15000000,232190400,386984.0,22.143402099609375,0.167577330753409,0.01630970986213517,0.167577330753409,0.12288333135165128,0.02708619264,0.8,29.53534336230727,0.506068992,0.2875392,1,HEADROOM
720p,15,16,optimistic,owner_only,0.4,200,60.26787030732349,14.060784884548411,15.342768884551333,15.342768884551333,0,217190400,15000000,232190400,386984.0,22.143402099609375,0.10523217456258642,0.012005919626660448,0.10523217456258642,0.12293534685308517,0.02708619264,0.8,29.53534336230727,0.506068992,0.2875392,1,HEADROOM
720p,15,16,optimistic,owner_only,0.4,400,60.28913688630579,10.54903180227302,11.831015802275942,11.831015802275942,0,217190400,15000000,232190400,386984.0,22.143402099609375,0.05323754516279709,0.008416643538827538,0.05323754516279709,0.12297872675435322,0.02708619264,0.8,29.53534336230727,0.506068992,0.2875392,1,HEADROOM
720p,15,16,optimistic,owner_only,0.4,800,60.2997758050052,8.793155261135325,10.075139261138247,10.075139261138247,0,217190400,15000000,232190400,386984.0,22.143402099609375,0.02722646761945629,0.006621055422846853,0.02722646761945629,0.12300042818753451,0.02708619264,0.8,29.53534336230727,0.506068992,0.2875392,1,HEADROOM
720p,15,16,optimistic,owner_only,0.4,1600,60.305096672526226,7.915216990566478,9.1972009905694,9.1972009905694,0,217190400,15000000,232190400,386984.0,22.143402099609375,0.014217486011659763,0.005723023700129904,0.014217486011659763,0.12301128177653513,0.02708619264,0.8,29.53534336230727,0.506068992,0.2875392,1,HEADROOM
720p,15,16,optimistic,finishing_owner,0.4,12.5,36.14602330481285,3411.5633016692127,6389.966441539469,6653.258941539474,592,217190400,15000000,232190400,386984.0,22.143402099609375,0.9989744234544821,0.07183474999642876,0.9989744234544821,0.07373122510680286,0.02708619264,12.8,472.5654937969163,0.506068992,0.2875392,1,INTERCONNECT
720p,15,16,optimistic,finishing_owner,0.4,25,59.97170580444826,63.22532803640388,64.5073120364068,64.5073120364068,0,217190400,15000000,232190400,386984.0,22.143402099609375,0.8293243560642312,0.06199121200112997,0.8293243560642312,0.1223312258562609,0.02708619264,12.8,472.5654937969163,0.506068992,0.2875392,1,INTERCONNECT_HEADROOM_LOW
720p,15,16,optimistic,finishing_owner,0.4,50,60.14058523687437,35.131303378200755,36.41328737820368,36.41328737820368,0,217190400,15000000,232190400,386984.0,22.143402099609375,0.41643126641635964,0.03348851257597397,0.41643126641635964,0.12267570877055316,0.02708619264,12.8,472.5654937969163,0.506068992,0.2875392,1,HEADROOM
720p,15,16,optimistic,finishing_owner,0.4,100,60.22538212746554,21.084291049099193,22.366275049102114,22.366275049102114,0,217190400,15000000,232190400,386984.0,22.143402099609375,0.2091114664517195,0.019176880602876405,0.2091114664517195,0.12284867879759627,0.02708619264,12.8,472.5654937969163,0.506068992,0.2875392,1,HEADROOM
720p,15,16,optimistic,finishing_owner,0.4,125,60.188407051724056,18.27488858327888,19.556872583281802,19.556872583281802,0,218638336,16382400,235020736,391701.2266666667,22.413323974609376,0.1685434018979355,0.017353099496970913,0.1685434018979355,0.12254329398554765,0.02708619264,12.8,472.5654937969163,0.506068992,0.2875392,1,HEADROOM
720p,15,16,optimistic,finishing_owner,0.4,200,60.220554317856646,14.060784884548411,15.342768884551333,15.342768884551333,0,218638336,17764800,236403136,394005.2266666667,22.545159912109376,0.10585055438213199,0.013319699381225084,0.10585055438213199,0.122378660359504,0.02708619264,12.8,472.5654937969163,0.506068992,0.2875392,1,HEADROOM
720p,15,16,optimistic,finishing_owner,0.4,400,60.281661391113396,11.851586279663074,12.931830842050658,12.931830842051,0,434380800,223742400,658123200,1096872.0,62.763519287109375,0.10646188804626305,0.05841729537817691,0.10646188804626305,0.0882868623221037,0.02708619264,12.8,472.5654937969163,0.506068992,0.2875392,1,HEADROOM
720p,15,16,optimistic,finishing_owner,0.4,800,60.32279621745055,7.772128541024358,9.52988008216289,9.529880082163345,0,648675328,428337600,1077012928,1795021.5466666666,102.71195678710937,0.08133938409210296,0.05616235405911161,0.08133938409210296,0.06917008072328358,0.02708619264,12.8,472.5654937969163,0.506068992,0.2875392,1,HEADROOM
720p,15,16,optimistic,finishing_owner,0.4,1600,60.353811307925035,5.192277390511663,6.111153161081347,6.111153161081802,0,651571200,429720000,1081291200,1802152.0,103.11996459960938,0.042678865641851166,0.030592650823966585,0.042678865641851166,0.05403396035766974,0.02708619264,12.8,472.5654937969163,0.506068992,0.2875392,1,HEADROOM
720p,15,16,optimistic,independent_au,0.4,12.5,36.13763516150055,3413.2896485300344,6390.6340135609535,6653.9265135609585,592,217190400,20250000,237440400,395734.0,22.644081115722656,0.998742598764983,0.09594255398771226,0.998742598764983,0.07371411484054832,0.02708619264,12.8,472.5654937969163,0.506068992,0.2875392,1,INTERCONNECT
720p,15,16,optimistic,independent_au,0.4,25,59.969705043530894,63.55911404714607,64.92657437429716,64.92657437429716,0,217190400,20250000,237440400,395734.0,22.644081115722656,0.8292966883543139,0.08200619247782279,0.8292966883543139,0.1223271446727697,0.02708619264,12.8,472.5654937969163,0.506068992,0.2875392,1,INTERCONNECT_HEADROOM_LOW
720p,15,16,optimistic,independent_au,0.4,50,60.13957919763552,35.29819638357185,36.58018038357477,36.58018038357477,0,217190400,20250000,237440400,395734.0,22.644081115722656,0.41642430030200195,0.04352482748998924,0.41642430030200195,0.12267365663593906,0.02708619264,12.8,472.5654937969163,0.506068992,0.2875392,1,HEADROOM
720p,15,16,optimistic,independent_au,0.4,100,60.22487768413985,21.16773755178474,22.44972155178766,22.44972155178766,0,217190400,20250000,237440400,395734.0,22.644081115722656,0.2091097149496144,0.024202275396155826,0.2091097149496144,0.12284764982619086,0.02708619264,12.8,472.5654937969163,0.506068992,0.2875392,1,HEADROOM
720p,15,16,optimistic,independent_au,0.4,125,60.251749876635714,18.341645785427318,19.62362978543024,19.62362978543024,0,218638336,20250000,238888336,398147.2266666667,22.782167053222658,0.16872077850116182,0.020334487511618926,0.16872077850116182,0.12267225965842804,0.02708619264,12.8,472.5654937969163,0.506068992,0.2875392,1,HEADROOM
720p,15,16,optimistic,independent_au,0.4,200,60.28861539530416,14.102508135891185,15.384492135894106,15.384492135894106,0,218638336,20250000,238888336,398147.2266666667,22.782167053222658,0.10597018633938099,0.01452548929414492,0.10597018633938099,0.12251697232914625,0.02708619264,12.8,472.5654937969163,0.506068992,0.2875392,1,HEADROOM
720p,15,16,optimistic,independent_au,0.4,400,60.323438162092074,9.011968265446292,9.677655655893432,9.677655655893773,0,434380800,20250000,454630800,757718.0,43.356971740722656,0.10653566892443113,0.009679877142397632,0.10653566892443113,0.08834804743118234,0.02708619264,12.8,472.5654937969163,0.506068992,0.2875392,1,HEADROOM
720p,15,16,optimistic,independent_au,0.4,800,60.34732177261691,6.51115983397176,6.820439791473291,6.820439791473518,0,648675328,20250000,668925328,1114875.5466666666,63.79369049072265,0.0813724544017842,0.007255747699056318,0.0813724544017842,0.06919820333591123,0.02708619264,12.8,472.5654937969163,0.506068992,0.2875392,1,HEADROOM
720p,15,16,optimistic,independent_au,0.4,1600,60.360695455221716,4.617563916985091,5.221654135736571,5.221654135736912,0,651571200,20250000,671821200,1119702.0,64.06986236572266,0.042683733728740236,0.006043105647631521,0.042683733728740236,0.054040123642706155,0.02708619264,12.8,472.5654937969163,0.506068992,0.2875392,1,HEADROOM
720p,15,16,optimistic,raw_gather,0.4,12.5,4.20926668951291,66445.9293277504,125887.76927566728,131185.00177566695,600,217190400,1866240000,2083430400,3472384.0,198.69140625,0.11633229273557254,0.9992154576941834,0.9992154576941834,0.008586128194570147,0.02708619264,12.8,472.5654937969163,0.506068992,0.2875392,1,INTERCONNECT
720p,15,16,optimistic,raw_gather,0.4,25,8.415619081626502,30735.665655875273,58200.6989631674,60650.27521316744,599,217190400,1866240000,2083430400,3472384.0,198.69140625,0.11637617743456087,0.9992061776687485,0.9992061776687485,0.017166311759608983,0.02708619264,12.8,472.5654937969163,0.506068992,0.2875392,1,INTERCONNECT
720p,15,16,optimistic,raw_gather,0.4,50,16.815694246535223,12885.174509573359,24372.695238740496,25398.44336374054,596,217190400,1866240000,2083430400,3472384.0,198.69140625,0.11643685912223911,0.9989560226071353,0.9989560226071353,0.03430091679416841,0.02708619264,12.8,472.5654937969163,0.506068992,0.2875392,1,INTERCONNECT
720p,15,16,optimistic,raw_gather,0.4,100,33.52150787613789,3972.4401345733154,7503.073337698335,7816.907400198377,587,217190400,1866240000,2083430400,3472384.0,198.69140625,0.1163916511947759,0.9970330895145554,0.9970330895145554,0.06837769738298974,0.02708619264,12.8,472.5654937969163,0.506068992,0.2875392,1,INTERCONNECT
720p,15,16,optimistic,raw_gather,0.4,125,41.8335454754454,2197.0337543649825,4118.719822073295,4290.1710720732935,576,218638336,1866240000,2084878336,3474797.2266666666,198.8294921875,0.1171449522135441,0.9960763272447938,0.9960763272447938,0.08517288814853988,0.02708619264,12.8,472.5654937969163,0.506068992,0.2875392,1,INTERCONNECT
720p,15,16,optimistic,raw_gather,0.4,200,59.71937354439353,54.01135202124897,68.9228949899998,68.92289499000026,0,218638336,1866240000,2084878336,3474797.2266666666,198.8294921875,0.10496962156247168,0.8905080046740524,0.8905080046740524,0.12136017369246631,0.02708619264,12.8,472.5654937969163,0.506068992,0.2875392,1,INTERCONNECT_HEADROOM_LOW
720p,15,16,optimistic,raw_gather,0.4,400,60.0502722359568,28.311889130623968,35.807660614999804,35.80766061500026,0,434380800,1866240000,2300620800,3834368.0,219.404296875,0.10605323762484264,0.4501231182552376,0.4501231182552376,0.08794797613329089,0.02708619264,12.8,472.5654937969163,0.506068992,0.2875392,1,HEADROOM
720p,15,16,optimistic,raw_gather,0.4,800,60.21710050779853,15.462157685311468,19.250043427499804,19.25004342750026,0,648675328,1866240000,2514915328,4191525.546666667,239.841015625,0.08119686377700878,0.22809549644935978,0.22809549644935978,0.06904888307948767,0.02708619264,12.8,472.5654937969163,0.506068992,0.2875392,1,HEADROOM
720p,15,16,optimistic,raw_gather,0.4,1600,60.300862731894696,9.037291962655218,10.971234833749804,10.971234833750259,0,651571200,1866240000,2517811200,4196352.0,240.1171875,0.04264142334759742,0.11661842360115096,0.11661842360115096,0.05398655620545106,0.02708619264,12.8,472.5654937969163,0.506068992,0.2875392,1,HEADROOM
720p,15,16,median,owner_only,0.4,12.5,36.10140863993012,3421.467474392808,6393.15960121947,6656.452101219473,592,217190400,15000000,232190400,386984.0,22.143402099609375,0.9977413995958683,0.07174608510317068,0.9977413995958683,0.17232550514842926,0.12180160512,0.8,6.568057943175979,2.3233167359999998,1.1501568,1,INTERCONNECT
720p,15,16,median,owner_only,0.4,25,59.84899121482397,72.80480707640527,75.44154307640656,75.44154307640656,0,217190400,15000000,232190400,386984.0,22.143402099609375,0.8276273858571187,0.06186436508158699,0.8276273858571187,0.2856815850756345,0.12180160512,0.8,6.568057943175979,2.3233167359999998,1.1501568,1,INTERCONNECT_HEADROOM_LOW
720p,15,16,median,owner_only,0.4,50,60.01717926030592,44.71078241820214,47.347518418203435,47.347518418203435,0,217190400,15000000,232190400,386984.0,22.143402099609375,0.41557676679845035,0.03341979554267631,0.41557676679845035,0.2864844094248636,0.12180160512,0.8,6.568057943175979,2.3233167359999998,1.1501568,1,HEADROOM
720p,15,16,median,owner_only,0.4,100,60.10162826423115,30.66377008910058,33.30050608910187,33.30050608910187,0,217190400,15000000,232190400,386984.0,22.143402099609375,0.20868177466885562,0.01913747507358698,0.20868177466885562,0.2868875160572347,0.12180160512,0.8,6.568057943175979,2.3233167359999998,1.1501568,1,HEADROOM
720p,15,16,median,owner_only,0.4,125,60.11854659141563,27.854367623280268,30.49110362328156,30.49110362328156,0,217190400,15000000,232190400,386984.0,22.143402099609375,0.1672328882760892,0.01627618649209446,0.1672328882760892,0.2869682735508664,0.12180160512,0.8,6.568057943175979,2.3233167359999998,1.1501568,1,HEADROOM
720p,15,16,median,owner_only,0.4,200,60.14394194884875,23.6402639245498,26.27699992455109,26.27699992455109,0,217190400,15000000,232190400,386984.0,22.143402099609375,0.10501578645088167,0.011981231946413502,0.10501578645088167,0.28708949507553694,0.12180160512,0.8,6.568057943175979,2.3233167359999998,1.1501568,1,HEADROOM
720p,15,16,median,owner_only,0.4,400,60.165121141779935,20.12851084227441,22.7652468422757,22.7652468422757,0,217190400,15000000,232190400,386984.0,22.143402099609375,0.053128034658234,0.008399330364866451,0.053128034658234,0.2871905912725553,0.12180160512,0.8,6.568057943175979,2.3233167359999998,1.1501568,1,HEADROOM
720p,15,16,median,owner_only,0.4,800,60.1757163327891,18.372634301136713,21.009370301138006,21.009370301138006,0,217190400,15000000,232190400,386984.0,22.143402099609375,0.027170452465865986,0.006607433404683334,0.027170452465865986,0.28724116607591016,0.12180160512,0.8,6.568057943175979,2.3233167359999998,1.1501568,1,HEADROOM
720p,15,16,median,owner_only,0.4,1600,60.18101532779171,17.494696030567866,20.131432030569158,20.131432030569158,0,217190400,15000000,232190400,386984.0,22.143402099609375,0.014188232683493313,0.005711248236432105,0.014188232683493313,0.28726646015791435,0.12180160512,0.8,6.568057943175979,2.3233167359999998,1.1501568,1,HEADROOM
720p,15,16,median,finishing_owner,0.4,12.5,36.10140863993012,3421.467474392808,6393.15960121947,6656.452101219473,592,217190400,15000000,232190400,386984.0,22.143402099609375,0.9977413995958683,0.07174608510317068,0.9977413995958683,0.17232550514842926,0.12180160512,12.8,105.08892709081566,2.3233167359999998,1.1501568,1,INTERCONNECT
720p,15,16,median,finishing_owner,0.4,25,59.84899121482397,72.80480707640527,75.44154307640656,75.44154307640656,0,217190400,15000000,232190400,386984.0,22.143402099609375,0.8276273858571187,0.06186436508158699,0.8276273858571187,0.2856815850756345,0.12180160512,12.8,105.08892709081566,2.3233167359999998,1.1501568,1,INTERCONNECT_HEADROOM_LOW
720p,15,16,median,finishing_owner,0.4,50,59.873443592844616,44.71078241820214,47.347518418203435,47.347518418203435,0,218638336,16382400,235020736,391701.2266666667,22.413323974609376,0.4173453750211915,0.035970915371213406,0.4173453750211915,0.2852509038754984,0.12180160512,12.8,105.08892709081566,2.3233167359999998,1.1501568,1,HEADROOM
720p,15,16,median,finishing_owner,0.4,100,60.05021419785375,30.66377008910058,44.165782418203435,44.165782418203435,0,432932864,222360000,655292864,1092154.7733333334,62.493597412109374,0.4156164930812442,0.2170405110258698,0.4156164930812442,0.24677283370935868,0.12180160512,12.8,105.08892709081566,2.3233167359999998,1.1501568,1,HEADROOM
720p,15,16,median,finishing_owner,0.4,125,60.05273760163758,35.70809586328096,35.97883072656259,35.978830726562705,0,432932864,223742400,656675264,1094458.7733333334,62.625433349609374,0.3329859868427739,0.17565616345546461,0.3329859868427739,0.24623416273615287,0.12180160512,12.8,105.08892709081566,2.3233167359999998,1.1501568,1,HEADROOM
720p,15,16,median,finishing_owner,0.4,200,60.159066889099066,23.695149848876945,26.444395124101447,26.444395124101675,0,434380800,223742400,658123200,1096872.0,62.763519287109375,0.21008439143822444,0.11178425950417328,0.21008439143822444,0.2043953868628242,0.12180160512,12.8,105.08892709081566,2.3233167359999998,1.1501568,1,HEADROOM
720p,15,16,median,finishing_owner,0.4,400,60.221613513171256,19.42088895955021,19.560493604325984,19.560493604326325,0,651571200,431102400,1082673600,1804456.0,103.25180053710938,0.15952572900723846,0.1079801851063393,0.15952572900723846,0.16433889562708795,0.12180160512,12.8,105.08892709081566,2.3233167359999998,1.1501568,1,HEADROOM
720p,15,16,median,finishing_owner,0.4,800,60.29323740560342,12.61323743977482,14.370988980912898,14.37098898091324,0,865865728,634315200,1500180928,2500301.546666667,143.0684020996094,0.10852304233943609,0.0808092819553347,0.10852304233943609,0.0835021353521941,0.12180160512,12.8,105.08892709081566,2.3233167359999998,1.1501568,1,HEADROOM
720p,15,16,median,finishing_owner,0.4,1600,60.32384922732315,8.341537139830962,9.260412910400191,9.26041291040076,0,870209536,637080000,1507289536,2512149.2266666666,143.74633178710937,0.05696635475591699,0.04300379341666537,0.05696635475591699,0.08244149183532586,0.12180160512,12.8,105.08892709081566,2.3233167359999998,1.1501568,1,HEADROOM
720p,15,16,median,independent_au,0.4,12.5,36.098094451140994,3423.431599068589,6394.68548012572,6657.977980125723,592,217190400,27000000,244190400,406984.0,23.287811279296875,0.997649804738893,0.12682081953342675,0.997649804738893,0.1723096852876881,0.12180160512,12.8,105.08892709081566,2.3233167359999998,1.1501568,1,INTERCONNECT
720p,15,16,median,independent_au,0.4,25,59.84443693781013,73.56774652953027,76.20448252953156,76.20448252953156,0,217190400,27000000,244190400,406984.0,23.287811279296875,0.8275644066104694,0.10751733943231502,0.8275644066104694,0.28565984581069825,0.12180160512,12.8,105.08892709081566,2.3233167359999998,1.1501568,1,INTERCONNECT_HEADROOM_LOW
720p,15,16,median,independent_au,0.4,50,60.02910450419591,45.09225214476464,47.728988144765935,47.728988144765935,0,218638336,27000000,245638336,409397.2266666667,23.425897216796876,0.4184304029989678,0.05632572204260215,0.4184304029989678,0.2859925083832162,0.12180160512,12.8,105.08892709081566,2.3233167359999998,1.1501568,1,HEADROOM
720p,15,16,median,independent_au,0.4,100,60.14941710612774,30.85450495238183,31.363658394765935,31.363658394765935,0,432932864,27000000,459932864,766554.7733333333,43.862615966796874,0.4163030912123425,0.03062528277690469,0.4163030912123425,0.24718050224333465,0.12180160512,12.8,105.08892709081566,2.3233167359999998,1.1501568,1,HEADROOM
720p,15,16,median,independent_au,0.4,125,60.182845632296576,25.31380875390596,28.006955513906632,28.006955513906632,0,432932864,27000000,459932864,766554.7733333333,43.862615966796874,0.3337074219132706,0.025476767950978845,0.3337074219132706,0.24676764452689298,0.12180160512,12.8,105.08892709081566,2.3233167359999998,1.1501568,1,HEADROOM
720p,15,16,median,independent_au,0.4,200,60.24056233272221,18.99940091369126,20.88678143619154,20.88678143619154,0,434380800,27000000,461380800,768968.0,44.000701904296875,0.21036898562433637,0.017745467334699984,0.21036898562433637,0.20467227434775842,0.12180160512,12.8,105.08892709081566,2.3233167359999998,1.1501568,1,HEADROOM
720p,15,16,median,independent_au,0.4,400,60.28251520493613,13.42046967309534,14.69060863809591,14.69060863809591,0,651571200,27000000,678571200,1130952.0,64.71359252929688,0.15968705624856921,0.011290213445317948,0.15968705624856921,0.16450509038977515,0.12180160512,12.8,105.08892709081566,2.3233167359999998,1.1501568,1,HEADROOM
720p,15,16,median,independent_au,0.4,800,60.31292408496721,9.994677055297416,11.037452756547736,11.037452756547964,0,865865728,27000000,892865728,1488109.5466666666,85.15031127929687,0.10855847679991708,0.008060471300701911,0.10855847679991708,0.08352940009755537,0.12180160512,12.8,105.08892709081566,2.3233167359999998,1.1501568,1,HEADROOM
720p,15,16,median,independent_au,0.4,1600,60.329795082474,7.478482228898429,8.42151933827381,8.421519338274038,0,870209536,27000000,897209536,1495349.2266666666,85.56456909179687,0.05697196967767994,0.006444554808966182,0.05697196967767994,0.08244961772873538,0.12180160512,12.8,105.08892709081566,2.3233167359999998,1.1501568,1,HEADROOM
720p,15,16,median,raw_gather,0.4,12.5,4.209226684233512,66447.28407975039,125889.12402766726,131186.35652766694,600,217190400,1866240000,2083430400,3472384.0,198.69140625,0.11633118710216481,0.999205961053435,0.999205961053435,0.020092210857459544,0.12180160512,12.8,105.08892709081566,2.3233167359999998,1.1501568,1,INTERCONNECT
720p,15,16,median,raw_gather,0.4,25,8.415459172799528,30737.020407875272,58202.0537151674,60651.62996516744,599,217190400,1866240000,2083430400,3472384.0,198.69140625,0.1163739661203556,0.9991871913189354,0.9991871913189354,0.0401701293008457,0.12180160512,12.8,105.08892709081566,2.3233167359999998,1.1501568,1,INTERCONNECT
720p,15,16,median,raw_gather,0.4,50,16.814189511175503,12888.36766925336,24375.888398420495,25401.636523420537,596,218638336,1866240000,2084878336,3474797.2266666666,198.8294921875,0.11720261615380939,0.9988666320397296,0.9988666320397296,0.080106679492374,0.12180160512,12.8,105.08892709081566,2.3233167359999998,1.1501568,1,INTERCONNECT
720p,15,16,median,raw_gather,0.4,100,33.5155287322132,3975.633294253316,7506.266497378338,7820.1005598783795,587,432932864,1866240000,2299172864,3831954.7733333334,219.2662109375,0.23196597550094977,0.9968552513229705,0.9968552513229705,0.13773009986717558,0.12180160512,12.8,105.08892709081566,2.3233167359999998,1.1501568,1,INTERCONNECT
720p,15,16,median,raw_gather,0.4,125,41.824233923833766,2200.226914044982,4121.912981753296,4293.364231753294,576,432932864,1866240000,2299172864,3831954.7733333334,219.2662109375,0.23191088971589255,0.995854614836131,0.995854614836131,0.171491852555201,0.12180160512,12.8,105.08892709081566,2.3233167359999998,1.1501568,1,INTERCONNECT
720p,15,16,median,raw_gather,0.4,200,59.70039941462675,57.20451170124943,72.11605466999981,72.11605467000015,0,434380800,1866240000,2300620800,3834368.0,219.404296875,0.20848265653391387,0.8902250711227405,0.8902250711227405,0.20283702632410464,0.12180160512,12.8,105.08892709081566,2.3233167359999998,1.1501568,1,INTERCONNECT_HEADROOM_LOW
720p,15,16,median,raw_gather,0.4,400,60.03108729016369,31.50504881062443,39.00082029499981,39.00082029500015,0,651571200,1866240000,2517811200,4196352.0,240.1171875,0.15902102923506067,0.44997931228563237,0.44997931228563237,0.16381896819156325,0.12180160512,12.8,105.08892709081566,2.3233167359999998,1.1501568,1,HEADROOM
720p,15,16,median,raw_gather,0.4,800,60.197808833993214,18.65531736531193,22.443203107499812,22.443203107500153,0,865865728,1866240000,2732105728,4553509.546666667,260.55390625,0.10835127848393802,0.22802242179320972,0.22802242179320972,0.08336997310903146,0.12180160512,12.8,105.08892709081566,2.3233167359999998,1.1501568,1,HEADROOM
720p,15,16,median,raw_gather,0.4,1600,60.28163690554125,12.210713050780669,14.1446559218748,14.14465592187537,0,870209536,1866240000,2736449536,4560749.226666667,260.9681640625,0.05692649188031307,0.11658124195133383,0.11658124195133383,0.0823838024334374,0.12180160512,12.8,105.08892709081566,2.3233167359999998,1.1501568,1,HEADROOM
720p,15,16,adversarial,owner_only,0.4,12.5,35.96043827953662,3454.04363823281,6403.35876409947,6666.6512640994715,595,217190400,15000000,232190400,386984.0,22.143402099609375,0.9938453753137305,0.07146592785017557,0.9938453753137305,0.4823043901136147,0.4623630336,0.8,1.7302421298068065,8.97122304,3.9105331199999998,1,INTERCONNECT
720p,15,16,adversarial,owner_only,0.4,25,59.46255387986342,103.40229571640566,109.9963821164074,109.9963821164074,0,217190400,15000000,232190400,386984.0,22.143402099609375,0.8222835009421167,0.061464914733537795,0.8222835009421167,0.7975167199212188,0.4623630336,0.8,1.7302421298068065,8.97122304,3.9105331199999998,1,INTERCONNECT_HEADROOM_LOW
720p,15,16,adversarial,owner_only,0.4,50,59.62857398715193,75.30827105820254,81.90235745820428,81.90235745820428,0,217190400,15000000,232190400,386984.0,22.143402099609375,0.41288594851994165,0.03320340568671049,0.41288594851994165,0.7997433954130452,0.4623630336,0.8,1.7302421298068065,8.97122304,3.9105331199999998,1,NODE_QUEUE_HEADROOM_LOW
720p,15,16,adversarial,owner_only,0.4,100,59.71193217427256,61.26125872910097,67.85534512910272,67.85534512910272,0,217190400,15000000,232190400,386984.0,22.143402099609375,0.20732869199900603,0.01901338859834093,0.20732869199900603,0.8008614023541083,0.4623630336,0.8,1.7302421298068065,8.97122304,3.9105331199999998,1,NODE_QUEUE_HEADROOM_LOW
720p,15,16,adversarial,owner_only,0.4,125,59.728631786998605,58.45185626328066,65.0459426632824,65.0459426632824,0,217190400,15000000,232190400,386984.0,22.143402099609375,0.16614825495373978,0.016170622960829283,0.16614825495373978,0.8010853789493978,0.4623630336,0.8,1.7302421298068065,8.97122304,3.9105331199999998,1,NODE_QUEUE_HEADROOM_LOW
720p,15,16,adversarial,owner_only,0.4,200,59.75369872734103,54.23775256455019,60.831838964551935,60.831838964551935,0,217190400,15000000,232190400,386984.0,22.143402099609375,0.10433439282276509,0.011903491871504942,0.10433439282276509,0.8014215788388399,0.4623630336,0.8,1.7302421298068065,8.97122304,3.9105331199999998,1,NODE_QUEUE_HEADROOM_LOW
720p,15,16,adversarial,owner_only,0.4,400,59.77460392229923,50.7259994822748,57.320085882276544,57.320085882276544,0,217190400,15000000,232190400,386984.0,22.143402099609375,0.0527831934615826,0.008344812347162174,0.0527831934615826,0.8017019610529315,0.4623630336,0.8,1.7302421298068065,8.97122304,3.9105331199999998,1,NODE_QUEUE_HEADROOM_LOW
720p,15,16,adversarial,owner_only,0.4,800,59.78506200609525,48.970122941137106,55.56420934113885,55.56420934113885,0,217190400,15000000,232190400,386984.0,22.143402099609375,0.02699406478889476,0.006564538652361548,0.02699406478889476,0.8018422257429163,0.4623630336,0.8,1.7302421298068065,8.97122304,3.9105331199999998,1,NODE_QUEUE_HEADROOM_LOW
720p,15,16,adversarial,owner_only,0.4,1600,59.79029242041246,48.09218467056826,54.68627107057,54.68627107057,0,217190400,15000000,232190400,386984.0,22.143402099609375,0.014096116133207931,0.0056741681788167785,0.014096116133207931,0.8019123764949091,0.4623630336,0.8,1.7302421298068065,8.97122304,3.9105331199999998,1,NODE_QUEUE_HEADROOM_LOW
720p,15,16,adversarial,finishing_owner,0.4,12.5,35.96043827953662,3454.04363823281,6403.35876409947,6666.6512640994715,595,217190400,15000000,232190400,386984.0,22.143402099609375,0.9938453753137305,0.07146592785017557,0.9938453753137305,0.4823043901136147,0.4623630336,12.8,27.683874076908904,8.97122304,3.9105331199999998,1,INTERCONNECT
720p,15,16,adversarial,finishing_owner,0.4,25,59.32107882025322,103.40229571640566,109.9963821164074,109.9963821164074,0,218638336,16382400,235020736,391701.2266666667,22.413323974609376,0.8257959471491236,0.06653244229119301,0.8257959471491236,0.7940685176179341,0.4623630336,12.8,27.683874076908904,8.97122304,3.9105331199999998,1,INTERCONNECT_HEADROOM_LOW
720p,15,16,adversarial,finishing_owner,0.4,50,59.6458576068499,66.21760865820261,98.00314845820321,98.00314845820321,0,432932864,222360000,655292864,1092154.7733333334,62.493597412109374,0.8232578800313844,0.42638640762791175,0.8232578800313844,0.5669963319691942,0.4623630336,12.8,27.683874076908904,8.97122304,3.9105331199999998,1,INTERCONNECT_HEADROOM_LOW
720p,15,16,adversarial,finishing_owner,0.4,100,59.811950294561846,57.12315791865217,70.78437953730463,70.78437953730486,0,648675328,428337600,1077012928,1795021.5466666666,102.71195678710937,0.620250921420442,0.41199923584196835,0.620250921420442,0.4688188326714463,0.4623630336,12.8,27.683874076908904,8.97122304,3.9105331199999998,1,HEADROOM
720p,15,16,adversarial,finishing_owner,0.4,125,59.90963385807271,59.57371852656206,59.84445338984369,59.84445338984392,0,648675328,428337600,1077012928,1795021.5466666666,102.71195678710937,0.49772524411727515,0.3310962372975612,0.49772524411727515,0.4695844972918242,0.4623630336,12.8,27.683874076908904,8.97122304,3.9105331199999998,1,HEADROOM
720p,15,16,adversarial,finishing_owner,0.4,200,60.055632587784444,36.444348714550415,43.4286455895508,43.42864558955091,0,651571200,429720000,1081291200,1802152.0,103.11996459960938,0.31457676783907795,0.20990090551048643,0.31457676783907795,0.3354022944488718,0.4623630336,12.8,27.683874076908904,8.97122304,3.9105331199999998,1,HEADROOM
720p,15,16,adversarial,finishing_owner,0.4,400,60.15827983239883,27.59368631455027,31.02918939682604,31.029189396826496,0,867313664,634315200,1501628864,2502714.7733333334,143.20648803710938,0.21211778528121714,0.1564441420613438,0.21211778528121714,0.2372141731691213,0.4623630336,12.8,27.683874076908904,8.97122304,3.9105331199999998,1,HEADROOM
720p,15,16,adversarial,finishing_owner,0.4,800,60.220295758930014,21.05464877863733,22.86072299738771,22.860722997387825,0,871657472,637080000,1508737472,2514562.453333333,143.88441772460936,0.10910880594888754,0.08104232034082208,0.10910880594888754,0.2352226489461765,0.4623630336,12.8,27.683874076908904,8.97122304,3.9105331199999998,1,HEADROOM
720p,15,16,adversarial,finishing_owner,0.4,1600,60.26190899716536,18.48969878931848,19.432735898693863,19.432735898693977,0,871657472,637080000,1508737472,2514562.453333333,143.88441772460936,0.05700257734526052,0.042959637334187124,0.05700257734526052,0.23538519175679518,0.4623630336,12.8,27.683874076908904,8.97122304,3.9105331199999998,1,HEADROOM
720p,15,16,adversarial,independent_au,0.4,12.5,35.9522185126983,3457.858335498435,6407.173461365095,6670.4659613650965,595,217190400,45000000,262190400,436984.0,25.004425048828125,0.9936182040764137,0.20859642196132827,0.9936182040764137,0.4821941459168946,0.4623630336,12.8,27.683874076908904,8.97122304,3.9105331199999998,1,INTERCONNECT
720p,15,16,adversarial,independent_au,0.4,25,59.54385499991321,105.30964434921816,111.9037307492199,111.9037307492199,0,218638336,45000000,263638336,439397.2266666667,25.142510986328126,0.8288971663100565,0.17511984403969716,0.8288971663100565,0.7970505866271509,0.4623630336,12.8,27.683874076908904,8.97122304,3.9105331199999998,1,INTERCONNECT_HEADROOM_LOW
720p,15,16,adversarial,independent_au,0.4,50,59.80936295524031,65.33512792460911,72.58963527460946,72.58963527460946,0,432932864,45000000,477932864,796554.7733333333,45.579229736328124,0.8255146514467092,0.09034272903296825,0.8255146514467092,0.5685506215127493,0.4623630336,12.8,27.683874076908904,8.97122304,3.9105331199999998,1,INTERCONNECT_HEADROOM_LOW
720p,15,16,adversarial,independent_au,0.4,100,60.01156299482763,46.053347087304246,49.055123387304775,49.05512338730489,0,648675328,45000000,693675328,1156125.5466666666,66.15403442382812,0.6223209084490765,0.047724539776258075,0.6223209084490765,0.4703834396214642,0.4623630336,12.8,27.683874076908904,8.97122304,3.9105331199999998,1,HEADROOM
720p,15,16,adversarial,independent_au,0.4,125,60.04703688965904,40.62691598984338,43.14857718984422,43.14857718984422,0,648675328,45000000,693675328,1156125.5466666666,66.15403442382812,0.4988667793434923,0.03916295306595249,0.4988667793434923,0.470661491580701,0.4623630336,12.8,27.683874076908904,8.97122304,3.9105331199999998,1,HEADROOM
720p,15,16,adversarial,independent_au,0.4,200,60.125322396439834,30.138387812304245,37.07526729365236,37.07526729365247,0,651571200,45000000,696571200,1160952.0,66.43020629882812,0.31494180928171184,0.02631251669238929,0.31494180928171184,0.3357915022669487,0.4623630336,12.8,27.683874076908904,8.97122304,3.9105331199999998,1,HEADROOM
720p,15,16,adversarial,independent_au,0.4,400,60.18054418289387,23.007859609325806,26.540008046826188,26.5400080468263,0,867313664,45000000,912313664,1520522.7733333334,87.00501098632813,0.21219628926655193,0.015575563409864837,0.21219628926655193,0.23730196523213473,0.4623630336,12.8,27.683874076908904,8.97122304,3.9105331199999998,1,HEADROOM
720p,15,16,adversarial,independent_au,0.4,800,60.22989746664125,19.46630420466272,21.2723784234131,21.272378423413215,0,871657472,45000000,916657472,1527762.4533333334,87.41926879882813,0.10912620258984122,0.01020336426236724,0.10912620258984122,0.23526015356307983,0.4623630336,12.8,27.683874076908904,8.97122304,3.9105331199999998,1,HEADROOM
720p,15,16,adversarial,independent_au,0.4,1600,60.26671610528991,17.695526502331177,18.63856361170656,18.638563611706672,0,871657472,45000000,916657472,1527762.4533333334,87.41926879882813,0.057007124455653084,0.007515469442349451,0.057007124455653084,0.23540396849464706,0.4623630336,12.8,27.683874076908904,8.97122304,3.9105331199999998,1,HEADROOM
720p,15,16,adversarial,raw_gather,0.4,12.5,4.209109829629297,66451.2414301504,125893.08137806728,131190.31387806695,600,217190400,1866240000,2083430400,3472384.0,198.69140625,0.11632795756955785,0.9991782215597302,0.9991782215597302,0.05645293123292649,0.4623630336,12.8,27.683874076908904,8.97122304,3.9105331199999998,1,INTERCONNECT
720p,15,16,adversarial,raw_gather,0.4,25,8.414992099774878,30740.977758275272,58206.0110655674,60655.58731556744,599,218638336,1866240000,2084878336,3474797.2266666666,198.8294921875,0.11714329053829445,0.9991317346440165,0.9991317346440165,0.11264259577412622,0.4623630336,12.8,27.683874076908904,8.97122304,3.9105331199999998,1,INTERCONNECT
720p,15,16,adversarial,raw_gather,0.4,50,16.80938509033943,12898.56683213336,24386.087561300497,25411.83568630054,596,432932864,1866240000,2299172864,3831954.7733333334,219.2662109375,0.2320103908190726,0.9985812197897819,0.9985812197897819,0.15979080645804258,0.4623630336,12.8,27.683874076908904,8.97122304,3.9105331199999998,1,INTERCONNECT
720p,15,16,adversarial,raw_gather,0.4,100,33.49644523030275,3985.8324571333146,7516.465660258336,7830.299722758378,588,648675328,1866240000,2514915328,4191525.546666667,239.841015625,0.3473586953123252,0.9962876490856594,0.9962876490856594,0.26255228719638274,0.4623630336,12.8,27.683874076908904,8.97122304,3.9105331199999998,1,INTERCONNECT
720p,15,16,adversarial,raw_gather,0.4,125,41.794519958425454,2210.4260769249827,4132.112144633296,4303.563394633295,578,648675328,1866240000,2514915328,4191525.546666667,239.841015625,0.3472260855132665,0.9951471113913379,0.9951471113913379,0.32759436805647846,0.4623630336,12.8,27.683874076908904,8.97122304,3.9105331199999998,1,INTERCONNECT
720p,15,16,adversarial,raw_gather,0.4,200,59.63987546770054,67.40367458124956,82.31521754999994,82.31521755000017,0,651571200,1866240000,2517811200,4196352.0,240.1171875,0.31239899490743994,0.8893225656875121,0.8893225656875121,0.3330803491791128,0.4623630336,12.8,27.683874076908904,8.97122304,3.9105331199999998,1,INTERCONNECT_HEADROOM_LOW
720p,15,16,adversarial,raw_gather,0.4,400,59.969891330682984,41.70421169062456,49.19998317499994,49.19998317500017,0,867313664,1866240000,2733553664,4555922.773333333,260.6919921875,0.21145352839309228,0.44952060135759797,0.44952060135759797,0.23647132575404234,0.4623630336,12.8,27.683874076908904,8.97122304,3.9105331199999998,1,HEADROOM
720p,15,16,adversarial,raw_gather,0.4,800,60.1584156564442,25.182040501561914,28.969926243749796,28.969926243750365,0,871657472,1866240000,2737897472,4563162.453333333,261.10625,0.10899668985896911,0.22787320493763233,0.22787320493763233,0.23498094303224273,0.4623630336,12.8,27.683874076908904,8.97122304,3.9105331199999998,1,HEADROOM
720p,15,16,adversarial,raw_gather,0.4,1600,60.23150112091737,20.495671651562134,22.429614522656266,22.42961452265638,0,871657472,1866240000,2737897472,4563162.453333333,261.10625,0.056973814112456,0.11648428220807382,0.11648428220807382,0.2352664174945679,0.4623630336,12.8,27.683874076908904,8.97122304,3.9105331199999998,1,HEADROOM
