source_res,source_fps,nodes,scene,transport,effective_utilization,bandwidth_mib_s,throughput_fps,p50_latency_ms,p95_latency_ms,p99_latency_ms,deadline_misses,context_bytes,output_transport_bytes,total_transfer_bytes,avg_bytes_per_display_frame,avg_mib_s_over_clip,ingress_busy_fraction,egress_busy_fraction,link_busy_fraction,max_node_busy_fraction,required_effective_tops,available_effective_tops,compute_capacity_ratio,reconstructed_gop,authoritative_gop,stale_replays_rejected,bottleneck
360p,5,4,optimistic,owner_only,0.2,125,60.9242225132213,17.223617453275438,26.714261933282614,36.52580753326765,0,20556800,15000000,35556800,59261.333333333336,3.390960693359375,0.016331340740620932,0.016494311052633517,0.016494311052633517,0.1179229365299683,0.02025713664,0.4,19.746127357908765,0.342171648,0.2875392,1,HEADROOM
360p,5,4,optimistic,owner_only,0.3,125,60.964538872326834,15.227616173277966,23.338072493281288,31.72390289328905,0,20556800,15000000,35556800,59261.333333333336,3.390960693359375,0.01634214793964314,0.01650522609660395,0.01650522609660395,0.1008486521957924,0.02025713664,0.6,29.619191036863146,0.342171648,0.2875392,1,HEADROOM
360p,5,4,optimistic,owner_only,0.4,125,60.984717067893804,14.229615533280935,21.649977773283354,29.32295057328338,0,20556800,15000000,35556800,59261.333333333336,3.390960693359375,0.016347556904644928,0.016510689037622032,0.016510689037622032,0.09230303309469792,0.02025713664,0.8,39.49225471581753,0.342171648,0.2875392,1,HEADROOM
360p,5,4,optimistic,owner_only,0.5,125,60.996830397991936,13.630815149281261,20.63712094128121,27.882379181281067,0,20556800,15000000,35556800,59261.333333333336,3.390960693359375,0.016350804002649228,0.016513968538390034,0.016513968538390034,0.08717294578233399,0.02025713664,1.0,49.36531839477191,0.342171648,0.2875392,1,HEADROOM
360p,5,4,optimistic,owner_only,0.6,125,61.00490862514252,13.231614893280494,19.961883053279962,26.921998253279526,0,20556800,15000000,35556800,59261.333333333336,3.390960693359375,0.016352969451377732,0.0165161555961132,0.0165161555961132,0.08375175521988087,0.02025713664,1.2,59.23838207372629,0.342171648,0.2875392,1,HEADROOM
360p,5,4,optimistic,owner_only,0.7,125,61.01068009754317,12.946471853281551,19.479570276139384,26.236011876138946,0,20556800,15000000,35556800,59261.333333333336,3.390960693359375,0.016354516551668256,0.016517718134904526,0.016517718134904526,0.08130749281667984,0.02025713664,1.4,69.11144575268068,0.342171648,0.2875392,1,HEADROOM
360p,5,4,optimistic,finishing_owner,0.2,125,60.1667563543531,41.39004593640493,84.93122025281173,117.9255195692167,0,80993792,497457600,578451392,964085.6533333333,55.16542358398438,0.0635374578632706,0.3853981872061049,0.3853981872061049,0.04935866978992532,0.02025713664,1.6,78.98450943163506,0.342171648,0.2875392,1,HEADROOM
360p,5,4,optimistic,finishing_owner,0.3,125,60.232181291555634,41.10490289640529,74.09920221281163,117.64037652921797,0,61670400,431102400,492772800,821288.0,46.994476318359375,0.048429465770980944,0.3349963637085517,0.3349963637085517,0.04898676558437928,0.02025713664,2.4,118.47676414745258,0.342171648,0.2875392,1,HEADROOM
360p,5,4,optimistic,finishing_owner,0.4,125,60.23393544681743,30.267926746405692,73.80910106281226,106.80340037921815,0,61670400,429720000,491390400,818984.0,46.862640380859375,0.04843087619312384,0.3339473202359094,0.3339473202359094,0.04619197528509835,0.02025713664,3.2,157.96901886327012,0.342171648,0.2875392,1,HEADROOM
360p,5,4,optimistic,finishing_owner,0.5,125,60.23519774790014,30.059178601124586,73.60035291753047,106.59465223393636,0,61670400,429720000,491390400,818984.0,46.862640380859375,0.04843189114170725,0.33395431865068625,0.33395431865068625,0.04361796736883779,0.02025713664,4.0,197.46127357908765,0.342171648,0.2875392,1,HEADROOM
360p,5,4,optimistic,finishing_owner,0.6,125,60.23554260938042,30.002149993124476,73.54332430953036,106.53762362593625,0,61670400,429720000,491390400,818984.0,46.862640380859375,0.04843216842632316,0.33395623062217444,0.33395623062217444,0.04190155663429398,0.02025713664,4.8,236.95352829490517,0.342171648,0.2875392,1,HEADROOM
360p,5,4,optimistic,finishing_owner,0.7,125,60.23578894142686,29.961415273124658,73.50258958953054,106.49688890593643,0,61670400,429720000,491390400,818984.0,46.862640380859375,0.04843236648870702,0.3339575963294985,0.3339575963294985,0.04067553693380102,0.02025713664,5.6,276.4457830107227,0.342171648,0.2875392,1,HEADROOM
360p,5,4,optimistic,independent_au,0.2,125,61.09664137434476,11.949957435428587,14.957658110859484,17.75688479542967,0,80993792,20250000,101243792,168739.65333333332,9.655360412597656,0.06451943751208927,0.020619631688244735,0.06451943751208927,0.05012151443081057,0.02025713664,1.6,78.98450943163506,0.342171648,0.2875392,1,HEADROOM
360p,5,4,optimistic,independent_au,0.3,125,61.10657375348779,11.664814395428948,14.016817346288917,16.61631263542975,0,61670400,20250000,81920400,136534.0,7.812538146972656,0.04913251784210831,0.020622983787396347,0.04913251784210831,0.049697907994349144,0.02025713664,2.4,118.47676414745258,0.342171648,0.2875392,1,HEADROOM
360p,5,4,optimistic,independent_au,0.4,125,61.11199044144157,11.227183615429567,13.436762306289893,15.830967295431037,0,61670400,20250000,81920400,136534.0,7.812538146972656,0.04913687311030921,0.02062481187660166,0.04913687311030921,0.04686533481755737,0.02025713664,3.2,157.96901886327012,0.342171648,0.2875392,1,HEADROOM
360p,5,4,optimistic,independent_au,0.5,125,61.11678294235296,10.799469055429654,12.923504834288906,15.146623999429721,0,61670400,20250000,81920400,136534.0,7.812538146972656,0.04914072650319436,0.02062642930763282,0.04914072650319436,0.04425634751337437,0.02025713664,4.0,197.46127357908765,0.342171648,0.2875392,1,HEADROOM
360p,5,4,optimistic,independent_au,0.6,125,61.118462426892286,10.514326015429106,12.676513790858735,14.933882170858851,0,61670400,20250000,81920400,136534.0,7.812538146972656,0.04914207688661508,0.02062699612033885,0.04914207688661508,0.04251574077100752,0.02025713664,4.8,236.95352829490517,0.342171648,0.2875392,1,HEADROOM
360p,5,4,optimistic,independent_au,0.7,125,61.120159667328366,10.310652415430013,12.513574910859461,14.70200944085991,0,61670400,20250000,81920400,136534.0,7.812538146972656,0.04914344154659986,0.020627568925519157,0.04914344154659986,0.04127272765308518,0.02025713664,5.6,276.4457830107227,0.342171648,0.2875392,1,HEADROOM
360p,5,4,optimistic,raw_gather,0.2,125,41.4718359869188,2255.4667622449815,4177.146215369963,4524.786996619961,592,80993792,1866240000,1947233792,3245389.6533333333,185.702685546875,0.043795198398470375,0.9874638547716527,0.9874638547716527,0.03402202116405375,0.02025713664,1.6,78.98450943163506,0.342171648,0.2875392,1,INTERCONNECT
360p,5,4,optimistic,raw_gather,0.3,125,41.4726533718165,2255.181619204982,4176.861072329963,4524.501853579961,592,61670400,1866240000,1927910400,3213184.0,183.85986328125,0.03334593574122693,0.9874833170892163,0.9874833170892163,0.033729662537926676,0.02025713664,2.4,118.47676414745258,0.342171648,0.2875392,1,INTERCONNECT
360p,5,4,optimistic,raw_gather,0.4,125,41.4730620763481,2255.0390476849816,4176.718500809962,4524.359282059961,592,61670400,1866240000,1927910400,3213184.0,183.85986328125,0.03334626435861549,0.9874930485356939,0.9874930485356939,0.031804706835393104,0.02025713664,3.2,157.96901886327012,0.342171648,0.2875392,1,INTERCONNECT
360p,5,4,optimistic,raw_gather,0.5,125,41.47330730293368,2254.9535047729814,4176.632957897962,4524.27373914796,593,61670400,1866240000,1927910400,3213184.0,183.85986328125,0.03334646153215756,0.9874988874956463,0.9874988874956463,0.03003196523381889,0.02025713664,4.0,197.46127357908765,0.342171648,0.2875392,1,INTERCONNECT
360p,5,4,optimistic,raw_gather,0.6,125,41.473470788935174,2254.8964761649813,4176.575929289962,4524.21671053996,593,61670400,1866240000,1927910400,3213184.0,183.85986328125,0.03334659298248103,0.9875027801739762,0.9875027801739762,0.02885012585265029,0.02025713664,4.8,236.95352829490517,0.342171648,0.2875392,1,INTERCONNECT
360p,5,4,optimistic,raw_gather,0.7,125,41.473587565439665,2254.8557414449815,4176.535194569962,4524.1759758199605,593,61670400,1866240000,1927910400,3213184.0,183.85986328125,0.033346686876203714,0.987505560677287,0.987505560677287,0.02800594916148053,0.02025713664,5.6,276.4457830107227,0.342171648,0.2875392,1,INTERCONNECT
360p,5,4,median,owner_only,0.2,125,60.478179564199394,39.56025233328046,64.24771217328544,90.01399697328634,0,20556800,15000000,35556800,59261.333333333336,3.390960693359375,0.016211774514168928,0.016373551675812503,0.016373551675812503,0.30622248562990184,0.08514035712000001,0.4,4.698124526729727,1.443446784,1.1501568,1,HEADROOM
360p,5,4,median,owner_only,0.3,125,60.64580576174712,31.140146093279782,50.057652653284094,69.80957585328542,0,20556800,15000000,35556800,59261.333333333336,3.390960693359375,0.01625670837522251,0.016418933931487942,0.016418933931487942,0.23535727043881205,0.08514035712000001,0.6,7.0471867900945915,1.443446784,1.1501568,1,HEADROOM
360p,5,4,median,owner_only,0.4,125,60.72996779880479,26.93009297327626,42.96262289328388,59.70736529327041,0,20556800,15000000,35556800,59261.333333333336,3.390960693359375,0.01627926884210931,0.01644171952908422,0.01644171952908422,0.19977714660223006,0.08514035712000001,0.8,9.396249053459455,1.443446784,1.1501568,1,HEADROOM
360p,5,4,median,owner_only,0.5,125,60.78057723960374,24.404061101280945,38.70560503728302,53.64603895728396,0,20556800,15000000,35556800,59261.333333333336,3.390960693359375,0.016292835203538057,0.016455421269119665,0.016455421269119665,0.17838163107187302,0.08514035712000001,1.0,11.745311316824319,1.443446784,1.1501568,1,HEADROOM
360p,5,4,median,owner_only,0.6,125,60.81436375449604,22.72003985328095,35.86759313328275,49.60515473328451,0,20556800,15000000,35556800,59261.333333333336,3.390960693359375,0.01630189201320066,0.016464568456609787,0.016464568456609787,0.1640981319325509,0.08514035712000001,1.2,14.094373580189183,1.443446784,1.1501568,1,HEADROOM
360p,5,4,median,owner_only,0.7,125,60.83851998586945,21.51716753328037,33.84044177327996,46.718808858993725,0,20556800,15000000,35556800,59261.333333333336,3.390960693359375,0.016308367330066343,0.016471108390608055,0.016471108390608055,0.15388590640025,0.08514035712000001,1.4,16.443435843554045,1.443446784,1.1501568,1,HEADROOM
360p,5,4,median,finishing_owner,0.2,125,60.082355717409754,55.398603639686826,98.93977795609317,142.48095227249905,0,82227200,566577600,648804800,1081341.3333333333,61.874847412109375,0.06439864711783368,0.43766431683970763,0.43766431683970763,0.10361460837926346,0.08514035712000001,1.6,18.79249810691891,1.443446784,1.1501568,1,HEADROOM
360p,5,4,median,finishing_owner,0.3,125,60.08959364943556,54.19573131968673,97.73690563609307,141.27807995249896,0,81816064,566577600,648393664,1080656.1066666667,61.835638427734374,0.06409226476141362,0.4377170408805276,0.4377170408805276,0.07943773134376518,0.08514035712000001,2.4,28.188747160378366,1.443446784,1.1501568,1,HEADROOM
360p,5,4,median,finishing_owner,0.4,125,60.093213269436006,53.594295159686226,97.13546947609302,140.676643792498,0,81816064,566577600,648393664,1080656.1066666667,61.835638427734374,0.06409612549052353,0.43774340766484887,0.43774340766484887,0.06734710831030302,0.08514035712000001,3.2,37.58499621383782,1.443446784,1.1501568,1,HEADROOM
360p,5,4,median,finishing_owner,0.5,125,60.09676143915818,42.45792649768691,85.99910081409325,129.54027513049914,0,81404928,500222400,581627328,969378.88,55.46830444335937,0.06377771937770327,0.38706261151199206,0.38706261151199206,0.07445935849469228,0.08514035712000001,4.0,46.981245267297275,1.443446784,1.1501568,1,HEADROOM
360p,5,4,median,finishing_owner,0.6,125,60.098463026368194,42.17524913640568,85.7164234528118,129.25759776921768,0,81404928,500222400,581627328,969378.88,55.46830444335937,0.06377952518801615,0.387073570851122,0.387073570851122,0.06846622838953363,0.08514035712000001,4.8,56.37749432075673,1.443446784,1.1501568,1,HEADROOM
360p,5,4,median,finishing_owner,0.7,125,60.16305591126714,42.00341023354849,85.54458454995438,129.08575886636027,0,81404928,498840000,580244928,967074.88,55.33646850585937,0.06384807442075728,0.38643203773330115,0.38643203773330115,0.06451116644878332,0.08514035712000001,5.6,65.77374337421618,1.443446784,1.1501568,1,HEADROOM
360p,5,4,median,independent_au,0.2,125,60.97738925339885,19.099812383905828,24.676392097813732,32.623045053907845,0,82227200,27000000,109227200,182045.33333333334,10.416717529296875,0.06535797949011758,0.025813116344762504,0.06535797949011758,0.10515813223432004,0.08514035712000001,1.6,18.79249810691891,1.443446784,1.1501568,1,HEADROOM
360p,5,4,median,independent_au,0.3,125,61.01938142518974,17.240582393905697,21.513539037812734,26.60868345390736,0,81816064,27000000,108816064,181360.10666666666,10.377508544921875,0.06508398729898353,0.02583089258656753,0.06508398729898353,0.08066689977462495,0.08514035712000001,2.4,28.188747160378366,1.443446784,1.1501568,1,HEADROOM
360p,5,4,median,independent_au,0.4,125,61.041024410825365,16.639146233905194,19.98809471390632,23.760365947809987,0,81816064,27000000,108816064,181360.10666666666,10.377508544921875,0.06510707196109122,0.025840054554849556,0.06510707196109122,0.06840933041699351,0.08514035712000001,3.2,37.58499621383782,1.443446784,1.1501568,1,HEADROOM
360p,5,4,median,independent_au,0.5,125,61.05543801786784,15.592388639906176,18.59354015981262,22.415207715718736,0,81404928,27000000,108404928,180674.88,10.338299560546876,0.06479511539616963,0.025846156162676503,0.06479511539616963,0.07564715033813255,0.08514035712000001,4.0,46.981245267297275,1.443446784,1.1501568,1,HEADROOM
360p,5,4,median,independent_au,0.6,125,61.06559873948467,14.630090783906411,17.680123967812506,21.406851037812544,0,81404928,27000000,108404928,180674.88,10.338299560546876,0.06480589846727752,0.02585045742733301,0.06480589846727752,0.06956802253340143,0.08514035712000001,4.8,56.37749432075673,1.443446784,1.1501568,1,HEADROOM
360p,5,4,median,independent_au,0.7,125,61.07339279600847,13.942735172477114,16.941731343526044,20.943170492477748,0,81404928,27000000,108404928,180674.88,10.338299560546876,0.06481416991382281,0.025853756828804766,0.06481416991382281,0.06548729529407718,0.08514035712000001,5.6,65.77374337421618,1.443446784,1.1501568,1,HEADROOM
360p,5,4,median,raw_gather,0.2,125,41.462691081817155,2258.6577100849818,4180.3371632099625,4527.977944459961,594,82227200,1866240000,1948467200,3247445.3333333335,185.8203125,0.04444135353301367,0.9872461102945085,0.9872461102945085,0.07150419532481803,0.08514035712000001,1.6,18.79249810691891,1.443446784,1.1501568,1,INTERCONNECT
360p,5,4,median,raw_gather,0.3,125,41.4661379077718,2257.4548377649817,4179.134290889962,4526.775072139961,593,81816064,1866240000,1948056064,3246760.1066666665,185.781103515625,0.04422826862373306,0.9873281808361881,0.9873281808361881,0.05481774335500162,0.08514035712000001,2.4,28.188747160378366,1.443446784,1.1501568,1,INTERCONNECT
360p,5,4,median,raw_gather,0.4,125,41.46786153566105,2256.8534016049816,4178.532854729963,4526.173635979962,592,81816064,1866240000,1948056064,3246760.1066666665,185.781103515625,0.044230107065438506,0.9873692212241819,0.9873692212241819,0.046473476958490904,0.08514035712000001,3.2,37.58499621383782,1.443446784,1.1501568,1,INTERCONNECT
360p,5,4,median,raw_gather,0.5,125,41.46889578117673,2256.4925399089816,4178.171993033962,4525.812774283961,593,81404928,1866240000,1947644928,3246074.88,185.74189453125,0.04400888724615707,0.9873938470947126,0.9873938470947126,0.05137959689351477,0.08514035712000001,4.0,46.981245267297275,1.443446784,1.1501568,1,INTERCONNECT
360p,5,4,median,raw_gather,0.6,125,41.469585306848764,2256.2519654449816,4177.931418569962,4525.572199819961,593,81404928,1866240000,1947644928,3246074.88,185.74189453125,0.044009619005635645,0.987410265024179,0.987410265024179,0.047243572561784616,0.08514035712000001,4.8,56.37749432075673,1.443446784,1.1501568,1,INTERCONNECT
360p,5,4,median,raw_gather,0.7,125,41.47007783922501,2256.080126542124,4177.759579667105,4525.400360917103,593,81404928,1866240000,1947644928,3246074.88,185.74189453125,0.04401014170587648,0.9874219924509321,0.9874219924509321,0.04446720755135757,0.08514035712000001,5.6,65.77374337421618,1.443446784,1.1501568,1,INTERCONNECT
360p,5,4,adversarial,owner_only,0.2,125,59.099500005836276,110.842141613281,183.6699304132835,260.3518504132844,0,20556800,15000000,35556800,59261.333333333336,3.390960693359375,0.015842205815366564,0.01600029505407041,0.01600029505407041,0.887391190724441,0.3042164736,0.4,1.3148531874902387,5.1757056,3.9105331199999998,1,NODE_QUEUE_HEADROOM_LOW
360p,5,4,adversarial,owner_only,0.3,125,59.676413950023274,80.65052561327684,132.9671848132848,188.08366481327175,0,20556800,15000000,35556800,59261.333333333336,3.390960693359375,0.01599685330715013,0.016156485771874923,0.016156485771874923,0.6439071697690832,0.3042164736,0.6,1.972279781235358,5.1757056,3.9105331199999998,1,HEADROOM
360p,5,4,adversarial,owner_only,0.4,125,59.9691154017479,65.55471761328045,107.61581201328045,151.94957201327998,0,20556800,15000000,35556800,59261.333333333336,3.390960693359375,0.016075314827809696,0.016235730259389812,0.016235730259389812,0.5203737951236765,0.3042164736,0.8,2.6297063749804774,5.1757056,3.9105331199999998,1,HEADROOM
360p,5,4,adversarial,owner_only,0.5,125,60.14611855980763,56.49723281328116,92.40498833328365,130.26911633328382,0,20556800,15000000,35556800,59261.333333333336,3.390960693359375,0.016122762275921357,0.016283651185187462,0.016283651185187462,0.4456703821095841,0.3042164736,1.0,3.287132968725597,5.1757056,3.9105331199999998,1,HEADROOM
360p,5,4,adversarial,owner_only,0.6,125,60.26470229583499,50.458909613280866,82.2644392132861,115.8154792132882,0,20556800,15000000,35556800,59261.333333333336,3.390960693359375,0.016154549819848377,0.016315755936748208,0.016315755936748208,0.39562263207893805,0.3042164736,1.2,3.944559562470716,5.1757056,3.9105331199999998,1,HEADROOM
360p,5,4,adversarial,owner_only,0.7,125,60.34969165265512,46.14582161328144,75.0211898418529,105.491452698996,0,20556800,15000000,35556800,59261.333333333336,3.390960693359375,0.016177332057984526,0.01633876551864727,0.01633876551864727,0.35975324367972283,0.3042164736,1.4,4.601986156215835,5.1757056,3.9105331199999998,1,HEADROOM
360p,5,4,adversarial,finishing_owner,0.2,125,59.95789239064614,76.1286056796871,119.66977999609298,152.66407931249887,0,82227200,634315200,716542400,1194237.3333333333,68.33480834960938,0.06426524239753506,0.48840109437534857,0.48840109437534857,0.2321791543093553,0.3042164736,1.6,5.259412749960955,5.1757056,3.9105331199999998,1,HEADROOM
360p,5,4,adversarial,finishing_owner,0.3,125,59.983745751583285,71.81551767968631,115.3566919960931,148.35099131249808,0,82227200,634315200,716542400,1194237.3333333333,68.33480834960938,0.06429295305314972,0.48861168899886737,0.48861168899886737,0.16722880186911102,0.3042164736,2.4,7.889119124941432,5.1757056,3.9105331199999998,1,HEADROOM
360p,5,4,adversarial,finishing_owner,0.4,125,59.996680794675775,69.65897367968682,102.65327299609271,146.1944473124986,0,82227200,569342400,651569600,1085949.3333333333,62.138519287109375,0.06430681734434837,0.4391494841644302,0.4391494841644302,0.16530315826870828,0.3042164736,3.2,10.51882549992191,5.1757056,3.9105331199999998,1,HEADROOM
360p,5,4,adversarial,finishing_owner,0.5,125,60.06780195137349,68.36504727968702,101.35934659609302,144.9005209124989,0,82227200,567960000,650187200,1083645.3333333333,62.006683349609375,0.06438304781530942,0.43861418061950214,0.43861418061950214,0.1420306048861699,0.3042164736,4.0,13.148531874902387,5.1757056,3.9105331199999998,1,HEADROOM
360p,5,4,adversarial,finishing_owner,0.6,125,60.07298980903347,67.50242967968688,100.49672899609322,144.0379033124991,0,82227200,567960000,650187200,1083645.3333333333,62.006683349609375,0.06438860836650209,0.4386520622776082,0.4386520622776082,0.12580401327505247,0.3042164736,4.8,15.778238249882865,5.1757056,3.9105331199999998,1,HEADROOM
360p,5,4,adversarial,finishing_owner,0.7,125,60.0133197638972,56.33939925111554,99.88057356752142,143.4217478839273,0,82227200,567960000,650187200,1083645.3333333333,62.006683349609375,0.06432465165018575,0.43821635251123187,0.43821635251123187,0.12174858367349116,0.3042164736,5.6,18.40794462486334,5.1757056,3.9105331199999998,1,HEADROOM
360p,5,4,adversarial,independent_au,0.2,125,60.59575778241397,40.975128839843535,56.32630497968785,80.5508433398445,0,82227200,45000000,127227200,212045.33333333334,12.133331298828125,0.06494893177327025,0.03952083135075041,0.06494893177327025,0.23464920522873964,0.3042164736,1.6,5.259412749960955,5.1757056,3.9105331199999998,1,HEADROOM
360p,5,4,adversarial,independent_au,0.3,125,60.750621700293955,32.34895283984224,44.02445342968804,58.98540333984056,0,82227200,45000000,127227200,212045.33333333334,12.133331298828125,0.06511492105048411,0.03962183430879292,0.06511492105048411,0.16936677682346335,0.3042164736,2.4,7.889119124941432,5.1757056,3.9105331199999998,1,HEADROOM
360p,5,4,adversarial,independent_au,0.4,125,60.83031634249947,28.03586483984327,37.554821429686854,48.98608758984301,0,82227200,45000000,127227200,212045.33333333334,12.133331298828125,0.06520034092257958,0.03967381152022532,0.06520034092257958,0.16759999514493346,0.3042164736,3.2,10.51882549992191,5.1757056,3.9105331199999998,1,HEADROOM
360p,5,4,adversarial,independent_au,0.5,125,60.88328044654985,25.448012039843775,33.0208376398441,43.810381989844245,0,82227200,45000000,127227200,212045.33333333334,12.133331298828125,0.06525710994579655,0.03970835495198394,0.06525710994579655,0.143958807686654,0.3042164736,4.0,13.148531874902387,5.1757056,3.9105331199999998,1,HEADROOM
360p,5,4,adversarial,independent_au,0.6,125,60.91930354860962,23.72277683984339,30.43298483984472,40.35991158984507,0,82227200,45000000,127227200,212045.33333333334,12.133331298828125,0.06529572093249868,0.039731849384487726,0.06529572093249868,0.12757635164653947,0.3042164736,4.8,15.778238249882865,5.1757056,3.9105331199999998,1,HEADROOM
360p,5,4,adversarial,independent_au,0.7,125,60.94295955535959,22.151081054129463,28.245133625558083,37.55590494698663,0,82227200,45000000,127227200,212045.33333333334,12.133331298828125,0.06532107637691688,0.03974727794066743,0.06532107637691688,0.1236345371315292,0.3042164736,5.6,18.40794462486334,5.1757056,3.9105331199999998,1,HEADROOM
360p,5,4,adversarial,raw_gather,0.2,125,41.43353431402998,2268.8408371249816,4190.520290249962,4538.161071499961,595,82227200,1866240000,1948467200,3247445.3333333335,185.8203125,0.044410102155177315,0.9865518739862608,0.9865518739862608,0.1604459825639222,0.3042164736,1.6,5.259412749960955,5.1757056,3.9105331199999998,1,INTERCONNECT
360p,5,4,adversarial,raw_gather,0.3,125,41.44587872583495,2264.5277491249817,4186.207202249963,4533.847983499962,594,82227200,1866240000,1948467200,3247445.3333333335,185.8203125,0.044423333384382854,0.9868458002177803,0.9868458002177803,0.11554704620211072,0.3042164736,2.4,7.889119124941432,5.1757056,3.9105331199999998,1,INTERCONNECT
360p,5,4,adversarial,raw_gather,0.4,125,41.45205369050294,2262.3712051249813,4184.050658249962,4531.69143949996,594,82227200,1866240000,1948467200,3247445.3333333335,185.8203125,0.04442995195593969,0.9869928290210398,0.9869928290210398,0.1142089079096568,0.3042164736,3.2,10.51882549992191,5.1757056,3.9105331199999998,1,INTERCONNECT
360p,5,4,adversarial,raw_gather,0.5,125,41.45575955258223,2261.0772787249816,4182.756731849962,4530.397513099961,594,82227200,1866240000,1948467200,3247445.3333333335,185.8203125,0.04443392404560665,0.9870810673342706,0.9870810673342706,0.09802234165377577,0.3042164736,4.0,13.148531874902387,5.1757056,3.9105331199999998,1,INTERCONNECT
360p,5,4,adversarial,raw_gather,0.6,125,41.458230495444155,2260.214661124982,4181.8941142499625,4529.534895499961,594,82227200,1866240000,1948467200,3247445.3333333335,185.8203125,0.04443657249997421,0.9871399016420673,0.9871399016420673,0.08682124522500034,0.3042164736,4.8,15.778238249882865,5.1757056,3.9105331199999998,1,INTERCONNECT
360p,5,4,adversarial,raw_gather,0.7,125,41.45999563498043,2259.59850569641,4181.277958821391,4528.918740071389,594,82227200,1866240000,1948467200,3247445.3333333335,185.8203125,0.04443846444639929,0.9871819304418351,0.9871819304418351,0.08410959046302557,0.3042164736,5.6,18.40794462486334,5.1757056,3.9105331199999998,1,INTERCONNECT
360p,5,8,optimistic,owner_only,0.2,125,60.9242225132213,17.223617453275438,26.714261933282614,36.52580753326765,0,20556800,15000000,35556800,59261.333333333336,3.390960693359375,0.016331340740620932,0.016494311052633517,0.016494311052633517,0.1179229365299683,0.02025713664,0.4,19.746127357908765,0.342171648,0.2875392,1,HEADROOM
360p,5,8,optimistic,owner_only,0.3,125,60.964538872326834,15.227616173277966,23.338072493281288,31.72390289328905,0,20556800,15000000,35556800,59261.333333333336,3.390960693359375,0.01634214793964314,0.01650522609660395,0.01650522609660395,0.1008486521957924,0.02025713664,0.6,29.619191036863146,0.342171648,0.2875392,1,HEADROOM
360p,5,8,optimistic,owner_only,0.4,125,60.984717067893804,14.229615533280935,21.649977773283354,29.32295057328338,0,20556800,15000000,35556800,59261.333333333336,3.390960693359375,0.016347556904644928,0.016510689037622032,0.016510689037622032,0.09230303309469792,0.02025713664,0.8,39.49225471581753,0.342171648,0.2875392,1,HEADROOM
360p,5,8,optimistic,owner_only,0.5,125,60.996830397991936,13.630815149281261,20.63712094128121,27.882379181281067,0,20556800,15000000,35556800,59261.333333333336,3.390960693359375,0.016350804002649228,0.016513968538390034,0.016513968538390034,0.08717294578233399,0.02025713664,1.0,49.36531839477191,0.342171648,0.2875392,1,HEADROOM
360p,5,8,optimistic,owner_only,0.6,125,61.00490862514252,13.231614893280494,19.961883053279962,26.921998253279526,0,20556800,15000000,35556800,59261.333333333336,3.390960693359375,0.016352969451377732,0.0165161555961132,0.0165161555961132,0.08375175521988087,0.02025713664,1.2,59.23838207372629,0.342171648,0.2875392,1,HEADROOM
360p,5,8,optimistic,owner_only,0.7,125,61.01068009754317,12.946471853281551,19.479570276139384,26.236011876138946,0,20556800,15000000,35556800,59261.333333333336,3.390960693359375,0.016354516551668256,0.016517718134904526,0.016517718134904526,0.08130749281667984,0.02025713664,1.4,69.11144575268068,0.342171648,0.2875392,1,HEADROOM
360p,5,8,optimistic,finishing_owner,0.2,125,60.1667563543531,41.39004593640493,84.93122025281173,117.9255195692167,0,81404928,497457600,578862528,964770.88,55.20463256835937,0.06386002375209016,0.3853981872061049,0.3853981872061049,0.04935866978992532,0.02025713664,3.2,157.96901886327012,0.342171648,0.2875392,1,HEADROOM
360p,5,8,optimistic,finishing_owner,0.3,125,60.232181291555634,41.10490289640529,74.09920221281163,117.64037652921797,0,62081536,431102400,493183936,821973.2266666667,47.033685302734376,0.04875238241583752,0.3349963637085517,0.3349963637085517,0.04898676558437928,0.02025713664,4.8,236.95352829490517,0.342171648,0.2875392,1,HEADROOM
360p,5,8,optimistic,finishing_owner,0.4,125,60.23393544681743,30.267926746405692,73.80910106281226,106.80340037921815,0,61670400,429720000,491390400,818984.0,46.862640380859375,0.04843087619312384,0.3339473202359094,0.3339473202359094,0.04619197528509835,0.02025713664,6.4,315.93803772654024,0.342171648,0.2875392,1,HEADROOM
360p,5,8,optimistic,finishing_owner,0.5,125,60.23519774790014,30.059178601124586,73.60035291753047,106.59465223393636,0,61670400,429720000,491390400,818984.0,46.862640380859375,0.04843189114170725,0.33395431865068625,0.33395431865068625,0.04361796736883779,0.02025713664,8.0,394.9225471581753,0.342171648,0.2875392,1,HEADROOM
360p,5,8,optimistic,finishing_owner,0.6,125,60.23554260938042,30.002149993124476,73.54332430953036,106.53762362593625,0,61670400,429720000,491390400,818984.0,46.862640380859375,0.04843216842632316,0.33395623062217444,0.33395623062217444,0.04190155663429398,0.02025713664,9.6,473.90705658981034,0.342171648,0.2875392,1,HEADROOM
360p,5,8,optimistic,finishing_owner,0.7,125,60.23578894142686,29.961415273124658,73.50258958953054,106.49688890593643,0,61670400,429720000,491390400,818984.0,46.862640380859375,0.04843236648870702,0.3339575963294985,0.3339575963294985,0.04067553693380102,0.02025713664,11.2,552.8915660214454,0.342171648,0.2875392,1,HEADROOM
360p,5,8,optimistic,independent_au,0.2,125,61.10104577003712,11.949957435428587,14.957658110859484,17.75688479542967,0,81404928,20250000,101654928,169424.88,9.694569396972657,0.06485166345301598,0.02062111813684392,0.06485166345301598,0.050125127640592446,0.02025713664,3.2,157.96901886327012,0.342171648,0.2875392,1,HEADROOM
360p,5,8,optimistic,independent_au,0.3,125,61.10743018267558,11.664814395428948,14.016817346288917,16.61631263542975,0,62081536,20250000,82331536,137219.22666666665,7.851747131347656,0.04946081547826257,0.02062327282545183,0.04946081547826257,0.04969860452724838,0.02025713664,4.8,236.95352829490517,0.342171648,0.2875392,1,HEADROOM
360p,5,8,optimistic,independent_au,0.4,125,61.11199044144157,11.227183615429567,13.436762306289893,15.830967295431037,0,61670400,20250000,81920400,136534.0,7.812538146972656,0.04913687311030921,0.02062481187660166,0.04913687311030921,0.04686533481755737,0.02025713664,6.4,315.93803772654024,0.342171648,0.2875392,1,HEADROOM
360p,5,8,optimistic,independent_au,0.5,125,61.11678294235296,10.799469055429654,12.923504834288906,15.146623999429721,0,61670400,20250000,81920400,136534.0,7.812538146972656,0.04914072650319436,0.02062642930763282,0.04914072650319436,0.04425634751337437,0.02025713664,8.0,394.9225471581753,0.342171648,0.2875392,1,HEADROOM
360p,5,8,optimistic,independent_au,0.6,125,61.118462426892286,10.514326015429106,12.676513790858735,14.933882170858851,0,61670400,20250000,81920400,136534.0,7.812538146972656,0.04914207688661508,0.02062699612033885,0.04914207688661508,0.04251574077100752,0.02025713664,9.6,473.90705658981034,0.342171648,0.2875392,1,HEADROOM
360p,5,8,optimistic,independent_au,0.7,125,61.120159667328366,10.310652415430013,12.513574910859461,14.70200944085991,0,61670400,20250000,81920400,136534.0,7.812538146972656,0.04914344154659986,0.020627568925519157,0.04914344154659986,0.04127272765308518,0.02025713664,11.2,552.8915660214454,0.342171648,0.2875392,1,HEADROOM
360p,5,8,optimistic,raw_gather,0.2,125,41.4718359869188,2255.4667622449815,4177.146215369963,4524.786996619961,592,81404928,1866240000,1947644928,3246074.88,185.74189453125,0.044017537119163785,0.9874638547716527,0.9874638547716527,0.03402202116405375,0.02025713664,3.2,157.96901886327012,0.342171648,0.2875392,1,INTERCONNECT
360p,5,8,optimistic,raw_gather,0.3,125,41.4726533718165,2255.181619204982,4176.861072329963,4524.501853579961,592,62081536,1866240000,1928321536,3213869.2266666666,183.899072265625,0.03356827884408255,0.9874833170892163,0.9874833170892163,0.033729662537926676,0.02025713664,4.8,236.95352829490517,0.342171648,0.2875392,1,INTERCONNECT
360p,5,8,optimistic,raw_gather,0.4,125,41.4730620763481,2255.0390476849816,4176.718500809962,4524.359282059961,592,61670400,1866240000,1927910400,3213184.0,183.85986328125,0.03334626435861549,0.9874930485356939,0.9874930485356939,0.031804706835393104,0.02025713664,6.4,315.93803772654024,0.342171648,0.2875392,1,INTERCONNECT
360p,5,8,optimistic,raw_gather,0.5,125,41.47330730293368,2254.9535047729814,4176.632957897962,4524.27373914796,593,61670400,1866240000,1927910400,3213184.0,183.85986328125,0.03334646153215756,0.9874988874956463,0.9874988874956463,0.03003196523381889,0.02025713664,8.0,394.9225471581753,0.342171648,0.2875392,1,INTERCONNECT
360p,5,8,optimistic,raw_gather,0.6,125,41.473470788935174,2254.8964761649813,4176.575929289962,4524.21671053996,593,61670400,1866240000,1927910400,3213184.0,183.85986328125,0.03334659298248103,0.9875027801739762,0.9875027801739762,0.02885012585265029,0.02025713664,9.6,473.90705658981034,0.342171648,0.2875392,1,INTERCONNECT
360p,5,8,optimistic,raw_gather,0.7,125,41.473587565439665,2254.8557414449815,4176.535194569962,4524.1759758199605,593,61670400,1866240000,1927910400,3213184.0,183.85986328125,0.033346686876203714,0.987505560677287,0.987505560677287,0.02800594916148053,0.02025713664,11.2,552.8915660214454,0.342171648,0.2875392,1,INTERCONNECT
360p,5,8,median,owner_only,0.2,125,60.478179564199394,39.56025233328046,64.24771217328544,90.01399697328634,0,20556800,15000000,35556800,59261.333333333336,3.390960693359375,0.016211774514168928,0.016373551675812503,0.016373551675812503,0.30622248562990184,0.08514035712000001,0.4,4.698124526729727,1.443446784,1.1501568,1,HEADROOM
360p,5,8,median,owner_only,0.3,125,60.64580576174712,31.140146093279782,50.057652653284094,69.80957585328542,0,20556800,15000000,35556800,59261.333333333336,3.390960693359375,0.01625670837522251,0.016418933931487942,0.016418933931487942,0.23535727043881205,0.08514035712000001,0.6,7.0471867900945915,1.443446784,1.1501568,1,HEADROOM
360p,5,8,median,owner_only,0.4,125,60.72996779880479,26.93009297327626,42.96262289328388,59.70736529327041,0,20556800,15000000,35556800,59261.333333333336,3.390960693359375,0.01627926884210931,0.01644171952908422,0.01644171952908422,0.19977714660223006,0.08514035712000001,0.8,9.396249053459455,1.443446784,1.1501568,1,HEADROOM
360p,5,8,median,owner_only,0.5,125,60.78057723960374,24.404061101280945,38.70560503728302,53.64603895728396,0,20556800,15000000,35556800,59261.333333333336,3.390960693359375,0.016292835203538057,0.016455421269119665,0.016455421269119665,0.17838163107187302,0.08514035712000001,1.0,11.745311316824319,1.443446784,1.1501568,1,HEADROOM
360p,5,8,median,owner_only,0.6,125,60.81436375449604,22.72003985328095,35.86759313328275,49.60515473328451,0,20556800,15000000,35556800,59261.333333333336,3.390960693359375,0.01630189201320066,0.016464568456609787,0.016464568456609787,0.1640981319325509,0.08514035712000001,1.2,14.094373580189183,1.443446784,1.1501568,1,HEADROOM
360p,5,8,median,owner_only,0.7,125,60.83851998586945,21.51716753328037,33.84044177327996,46.718808858993725,0,20556800,15000000,35556800,59261.333333333336,3.390960693359375,0.016308367330066343,0.016471108390608055,0.016471108390608055,0.15388590640025,0.08514035712000001,1.4,16.443435843554045,1.443446784,1.1501568,1,HEADROOM
360p,5,8,median,finishing_owner,0.2,125,59.955713044340264,55.398603639686826,98.93977795609317,153.02782727249905,0,103195136,569342400,672537536,1120895.8933333333,64.13817749023437,0.08065606312504352,0.4388496181353614,0.4388496181353614,0.09729958227512758,0.08514035712000001,3.2,37.58499621383782,1.443446784,1.1501568,1,HEADROOM
360p,5,8,median,finishing_owner,0.3,125,60.02619024236547,54.19573131968673,97.73690563609307,141.27807995249896,0,102372864,567960000,670332864,1117221.44,63.927923583984374,0.08011525224806454,0.4383103325501903,0.4383103325501903,0.0789587018904296,0.08514035712000001,4.8,56.37749432075673,1.443446784,1.1501568,1,HEADROOM
360p,5,8,median,finishing_owner,0.4,125,60.02980222769749,53.594295159686226,97.13546947609302,140.676643792498,0,102372864,567960000,670332864,1117221.44,63.927923583984374,0.08012007306235946,0.43833670721241114,0.43833670721241114,0.0669409816845184,0.08514035712000001,6.4,75.16999242767564,1.443446784,1.1501568,1,HEADROOM
360p,5,8,median,finishing_owner,0.5,125,60.09676143915818,42.45792649768691,85.99910081409325,129.54027513049914,0,82227200,500222400,582449600,970749.3333333334,55.546722412109375,0.06442210064215534,0.38706261151199206,0.38706261151199206,0.07445935849469228,0.08514035712000001,8.0,93.96249053459455,1.443446784,1.1501568,1,HEADROOM
360p,5,8,median,finishing_owner,0.6,125,60.098463026368194,42.17524913640568,85.7164234528118,129.25759776921768,0,82227200,500222400,582449600,970749.3333333334,55.546722412109375,0.06442392469755982,0.387073570851122,0.387073570851122,0.06846622838953363,0.08514035712000001,9.6,112.75498864151346,1.443446784,1.1501568,1,HEADROOM
360p,5,8,median,finishing_owner,0.7,125,60.099497464322475,42.00341023354849,85.54458454995438,129.08575886636027,0,82227200,500222400,582449600,970749.3333333334,55.546722412109375,0.06442503358703079,0.3870802333109026,0.3870802333109026,0.0641850200359152,0.08514035712000001,11.2,131.54748674843236,1.443446784,1.1501568,1,HEADROOM
360p,5,8,median,independent_au,0.2,125,61.025430524485245,19.099812383905828,23.597567137813712,28.940256471718385,0,103195136,27000000,130195136,216991.89333333334,12.416375732421875,0.08209511198667124,0.025833453307939958,0.08209511198667124,0.09903558137655656,0.08514035712000001,3.2,37.58499621383782,1.443446784,1.1501568,1,HEADROOM
360p,5,8,median,independent_au,0.3,125,61.05081485669948,17.240582393905697,20.779873147812395,24.73025778781266,0,102372864,27000000,129372864,215621.44,12.337957763671875,0.08148278963641954,0.02584419907335896,0.08148278963641954,0.08030649739679334,0.08514035712000001,4.8,56.37749432075673,1.443446784,1.1501568,1,HEADROOM
360p,5,8,median,independent_au,0.4,125,61.06001963640027,16.639146233905194,19.85586498390603,23.468136217812543,0,102372864,27000000,129372864,215621.44,12.337957763671875,0.08149507499460468,0.025848095666050997,0.08149507499460468,0.06808980713667398,0.08514035712000001,6.4,75.16999242767564,1.443446784,1.1501568,1,HEADROOM
360p,5,8,median,independent_au,0.5,125,61.07137691349714,15.592388639906176,18.59354015981262,22.025826139906712,0,82227200,27000000,109227200,182045.33333333334,10.416717529296875,0.06546686203481095,0.02585290345986852,0.06546686203481095,0.07566689848953456,0.08514035712000001,8.0,93.96249053459455,1.443446784,1.1501568,1,HEADROOM
360p,5,8,median,independent_au,0.6,125,61.07916007996431,14.630090783906411,17.680123967812506,21.063528283906635,0,82227200,27000000,109227200,182045.33333333334,10.416717529296875,0.06547520537846965,0.025856198251331515,0.06547520537846965,0.0695834720771633,0.08514035712000001,9.6,112.75498864151346,1.443446784,1.1501568,1,HEADROOM
360p,5,8,median,independent_au,0.7,125,61.081582380885926,13.942735172477114,16.941731343526044,20.37617267247697,0,82227200,27000000,109227200,182045.33333333334,10.416717529296875,0.06547780201945365,0.025857223666428442,0.06547780201945365,0.06523386641077907,0.08514035712000001,11.2,131.54748674843236,1.443446784,1.1501568,1,HEADROOM
360p,5,8,median,raw_gather,0.2,125,41.462691081817155,2258.6577100849818,4180.3371632099625,4527.977944459961,594,103195136,1866240000,1969435136,3282391.8933333335,187.819970703125,0.05577812787842264,0.9872461102945085,0.9872461102945085,0.06728804174641201,0.08514035712000001,3.2,37.58499621383782,1.443446784,1.1501568,1,INTERCONNECT
360p,5,8,median,raw_gather,0.3,125,41.4661379077718,2257.4548377649817,4179.134290889962,4526.775072139961,593,102372864,1866240000,1968612864,3281021.44,187.741552734375,0.055343677231901145,0.9873281808361881,0.9873281808361881,0.05454473136454997,0.08514035712000001,4.8,56.37749432075673,1.443446784,1.1501568,1,INTERCONNECT
360p,5,8,median,raw_gather,0.4,125,41.46786153566105,2256.8534016049816,4178.532854729963,4526.173635979962,592,102372864,1866240000,1968612864,3281021.44,187.741552734375,0.05534597770911904,0.9873692212241819,0.9873692212241819,0.0462420207387264,0.08514035712000001,6.4,75.16999242767564,1.443446784,1.1501568,1,INTERCONNECT
360p,5,8,median,raw_gather,0.5,125,41.46889578117673,2256.4925399089816,4178.171993033962,4525.812774283961,593,82227200,1866240000,1948467200,3247445.3333333335,185.8203125,0.0444535331614941,0.9873938470947126,0.9873938470947126,0.05137959689351477,0.08514035712000001,8.0,93.96249053459455,1.443446784,1.1501568,1,INTERCONNECT
360p,5,8,median,raw_gather,0.6,125,41.469585306848764,2256.2519654449816,4177.931418569962,4525.572199819961,593,82227200,1866240000,1948467200,3247445.3333333335,185.8203125,0.04445427231433987,0.987410265024179,0.987410265024179,0.047243572561784616,0.08514035712000001,9.6,112.75498864151346,1.443446784,1.1501568,1,INTERCONNECT
360p,5,8,median,raw_gather,0.7,125,41.47007783922501,2256.080126542124,4177.759579667105,4525.400360917103,593,82227200,1866240000,1948467200,3247445.3333333335,185.8203125,0.044454800295707794,0.9874219924509321,0.9874219924509321,0.044289185256195344,0.08514035712000001,11.2,131.54748674843236,1.443446784,1.1501568,1,INTERCONNECT
360p,5,8,adversarial,owner_only,0.2,125,59.099500005836276,110.842141613281,183.6699304132835,260.3518504132844,0,20556800,15000000,35556800,59261.333333333336,3.390960693359375,0.015842205815366564,0.01600029505407041,0.01600029505407041,0.887391190724441,0.3042164736,0.4,1.3148531874902387,5.1757056,3.9105331199999998,1,NODE_QUEUE_HEADROOM_LOW
360p,5,8,adversarial,owner_only,0.3,125,59.676413950023274,80.65052561327684,132.9671848132848,188.08366481327175,0,20556800,15000000,35556800,59261.333333333336,3.390960693359375,0.01599685330715013,0.016156485771874923,0.016156485771874923,0.6439071697690832,0.3042164736,0.6,1.972279781235358,5.1757056,3.9105331199999998,1,HEADROOM
360p,5,8,adversarial,owner_only,0.4,125,59.9691154017479,65.55471761328045,107.61581201328045,151.94957201327998,0,20556800,15000000,35556800,59261.333333333336,3.390960693359375,0.016075314827809696,0.016235730259389812,0.016235730259389812,0.5203737951236765,0.3042164736,0.8,2.6297063749804774,5.1757056,3.9105331199999998,1,HEADROOM
360p,5,8,adversarial,owner_only,0.5,125,60.14611855980763,56.49723281328116,92.40498833328365,130.26911633328382,0,20556800,15000000,35556800,59261.333333333336,3.390960693359375,0.016122762275921357,0.016283651185187462,0.016283651185187462,0.4456703821095841,0.3042164736,1.0,3.287132968725597,5.1757056,3.9105331199999998,1,HEADROOM
360p,5,8,adversarial,owner_only,0.6,125,60.26470229583499,50.458909613280866,82.2644392132861,115.8154792132882,0,20556800,15000000,35556800,59261.333333333336,3.390960693359375,0.016154549819848377,0.016315755936748208,0.016315755936748208,0.39562263207893805,0.3042164736,1.2,3.944559562470716,5.1757056,3.9105331199999998,1,HEADROOM
360p,5,8,adversarial,owner_only,0.7,125,60.34969165265512,46.14582161328144,75.0211898418529,105.491452698996,0,20556800,15000000,35556800,59261.333333333336,3.390960693359375,0.016177332057984526,0.01633876551864727,0.01633876551864727,0.35975324367972283,0.3042164736,1.4,4.601986156215835,5.1757056,3.9105331199999998,1,HEADROOM
360p,5,8,adversarial,finishing_owner,0.2,125,59.831773315513566,76.1286056796871,130.21665499609298,173.75782931249887,0,163220992,703435200,866656192,1444426.9866666666,82.65077514648438,0.12730579359561559,0.5399602813437044,0.5399602813437044,0.15560818615735905,0.3042164736,3.2,10.51882549992191,5.1757056,3.9105331199999998,1,HEADROOM
360p,5,8,adversarial,finishing_owner,0.3,125,59.857518004428265,71.81551767968631,115.3566919960931,169.44474131249808,0,143075328,638462400,781537728,1302562.88,74.53324584960937,0.11164406027651605,0.49074002003916806,0.49074002003916806,0.15044984688344157,0.3042164736,4.8,15.778238249882865,5.1757056,3.9105331199999998,1,HEADROOM
360p,5,8,adversarial,finishing_owner,0.4,125,59.870398658830254,69.65897367968682,113.20014799609271,167.2881973124986,0,142664192,637080000,779744192,1299573.6533333333,74.36220092773438,0.11133912502711854,0.4897932123366269,0.4897932123366269,0.1324872186030946,0.3042164736,6.4,21.03765099984382,5.1757056,3.9105331199999998,1,HEADROOM
360p,5,8,adversarial,finishing_owner,0.5,125,59.87812971271401,68.36504727968702,111.90622159609302,155.4473959124989,0,123340800,637080000,760420800,1267368.0,72.51937866210938,0.09627361627839667,0.48985645924664084,0.48985645924664084,0.1131664185169338,0.3042164736,8.0,26.297063749804774,5.1757056,3.9105331199999998,1,HEADROOM
360p,5,8,adversarial,finishing_owner,0.6,125,59.88328485796491,67.50242967968688,111.04360399609322,154.5847783124991,0,123340800,637080000,760420800,1267368.0,72.51937866210938,0.09628190485517965,0.4898986329286116,0.4898986329286116,0.10028311278587233,0.3042164736,9.6,31.55647649976573,5.1757056,3.9105331199999998,1,HEADROOM
360p,5,8,adversarial,finishing_owner,0.7,125,59.950077130423985,56.33939925111554,110.42744856752142,153.9686228839273,0,122929664,634315200,757244864,1262074.7733333334,72.21649780273438,0.0960758843252232,0.4883374333376915,0.4883374333376915,0.09239317006915107,0.3042164736,11.2,36.81588924972668,5.1757056,3.9105331199999998,1,HEADROOM
360p,5,8,adversarial,independent_au,0.2,125,60.81515620315108,35.28890108984342,41.722338589843275,53.84200383984353,0,163220992,45000000,208220992,347034.9866666667,19.857501220703124,0.12939816579155355,0.03966392400775962,0.12939816579155355,0.1581657307354968,0.3042164736,3.2,10.51882549992191,5.1757056,3.9105331199999998,1,HEADROOM
360p,5,8,adversarial,independent_au,0.3,125,60.906416439316004,29.132234089842314,35.56567158984399,44.97582783984379,0,143075328,45000000,188075328,313458.88,17.936260986328126,0.11360042739617988,0.03972344435265661,0.11360042739617988,0.15308621762159122,0.3042164736,4.8,15.778238249882865,5.1757056,3.9105331199999998,1,HEADROOM
360p,5,8,adversarial,independent_au,0.4,125,60.95009335511957,25.60255033984322,31.252583589843198,38.80162992968758,0,142664192,45000000,187664192,312773.6533333333,17.897052001953124,0.11334699979451901,0.03975193063761391,0.11334699979451901,0.13487647523836482,0.3042164736,6.4,21.03765099984382,5.1757056,3.9105331199999998,1,HEADROOM
360p,5,8,adversarial,independent_au,0.5,125,60.97193122009882,24.308623939843528,28.82975186953081,35.91539395937434,0,123340800,45000000,168340800,280568.0,16.054229736328125,0.09803225882638424,0.03976617339338576,0.09803225882638424,0.1152336440590983,0.3042164736,8.0,26.297063749804774,5.1757056,3.9105331199999998,1,HEADROOM
360p,5,8,adversarial,independent_au,0.6,125,60.98866243918672,23.44600633984328,27.31492967968734,33.79267137890565,0,123340800,45000000,168340800,280568.0,16.054229736328125,0.0980591597161426,0.03977708557126858,0.0980591597161426,0.1021342254112329,0.3042164736,9.6,31.55647649976573,5.1757056,3.9105331199999998,1,HEADROOM
360p,5,8,adversarial,independent_au,0.7,125,61.00261708161477,22.151081054129463,26.020004393973068,31.50615657477647,0,122929664,45000000,167929664,279882.7733333333,16.015020751953124,0.09776268293230893,0.039786186853109785,0.09776268293230893,0.09401531148030187,0.3042164736,11.2,36.81588924972668,5.1757056,3.9105331199999998,1,HEADROOM
360p,5,8,adversarial,raw_gather,0.2,125,41.43353431402998,2268.8408371249816,4190.520290249962,4538.161071499961,595,163220992,1866240000,2029460992,3382434.986666667,193.544482421875,0.08815932864806283,0.9865518739862608,0.9865518739862608,0.10775875029970369,0.3042164736,3.2,10.51882549992191,5.1757056,3.9105331199999998,1,INTERCONNECT
360p,5,8,adversarial,raw_gather,0.3,125,41.44587872583495,2264.5277491249817,4186.207202249963,4533.847983499962,594,143075328,1866240000,2009315328,3348858.88,191.6232421875,0.07730334195176573,0.9868458002177803,0.9868458002177803,0.1041728143119842,0.3042164736,4.8,15.778238249882865,5.1757056,3.9105331199999998,1,INTERCONNECT
360p,5,8,adversarial,raw_gather,0.4,125,41.45205369050294,2262.3712051249813,4184.050658249962,4531.69143949996,594,142664192,1866240000,2008904192,3348173.6533333333,191.584033203125,0.07708709966635639,0.9869928290210398,0.9869928290210398,0.09172925889697386,0.3042164736,6.4,21.03765099984382,5.1757056,3.9105331199999998,1,INTERCONNECT
360p,5,8,adversarial,raw_gather,0.5,125,41.45575955258223,2261.0772787249816,4182.756731849962,4530.397513099961,594,123340800,1866240000,1989580800,3315968.0,189.7412109375,0.06665364978571374,0.9870810673342706,0.9870810673342706,0.07834913778993277,0.3042164736,8.0,26.297063749804774,5.1757056,3.9105331199999998,1,INTERCONNECT
360p,5,8,adversarial,raw_gather,0.6,125,41.458230495444155,2260.214661124982,4181.8941142499625,4529.534895499961,594,123340800,1866240000,1989580800,3315968.0,189.7412109375,0.0666576226319946,0.9871399016420673,0.9871399016420673,0.06942772786326755,0.3042164736,9.6,31.55647649976573,5.1757056,3.9105331199999998,1,INTERCONNECT
360p,5,8,adversarial,raw_gather,0.7,125,41.45999563498043,2259.59850569641,4181.277958821391,4528.918740071389,594,122929664,1866240000,1989169664,3315282.7733333334,189.702001953125,0.06644371342650292,0.9871819304418351,0.9871819304418351,0.06389683902216384,0.3042164736,11.2,36.81588924972668,5.1757056,3.9105331199999998,1,INTERCONNECT
360p,5,16,optimistic,owner_only,0.2,125,60.9242225132213,17.223617453275438,26.714261933282614,36.52580753326765,0,20556800,15000000,35556800,59261.333333333336,3.390960693359375,0.016331340740620932,0.016494311052633517,0.016494311052633517,0.1179229365299683,0.02025713664,0.4,19.746127357908765,0.342171648,0.2875392,1,HEADROOM
360p,5,16,optimistic,owner_only,0.3,125,60.964538872326834,15.227616173277966,23.338072493281288,31.72390289328905,0,20556800,15000000,35556800,59261.333333333336,3.390960693359375,0.01634214793964314,0.01650522609660395,0.01650522609660395,0.1008486521957924,0.02025713664,0.6,29.619191036863146,0.342171648,0.2875392,1,HEADROOM
360p,5,16,optimistic,owner_only,0.4,125,60.984717067893804,14.229615533280935,21.649977773283354,29.32295057328338,0,20556800,15000000,35556800,59261.333333333336,3.390960693359375,0.016347556904644928,0.016510689037622032,0.016510689037622032,0.09230303309469792,0.02025713664,0.8,39.49225471581753,0.342171648,0.2875392,1,HEADROOM
360p,5,16,optimistic,owner_only,0.5,125,60.996830397991936,13.630815149281261,20.63712094128121,27.882379181281067,0,20556800,15000000,35556800,59261.333333333336,3.390960693359375,0.016350804002649228,0.016513968538390034,0.016513968538390034,0.08717294578233399,0.02025713664,1.0,49.36531839477191,0.342171648,0.2875392,1,HEADROOM
360p,5,16,optimistic,owner_only,0.6,125,61.00490862514252,13.231614893280494,19.961883053279962,26.921998253279526,0,20556800,15000000,35556800,59261.333333333336,3.390960693359375,0.016352969451377732,0.0165161555961132,0.0165161555961132,0.08375175521988087,0.02025713664,1.2,59.23838207372629,0.342171648,0.2875392,1,HEADROOM
360p,5,16,optimistic,owner_only,0.7,125,61.01068009754317,12.946471853281551,19.479570276139384,26.236011876138946,0,20556800,15000000,35556800,59261.333333333336,3.390960693359375,0.016354516551668256,0.016517718134904526,0.016517718134904526,0.08130749281667984,0.02025713664,1.4,69.11144575268068,0.342171648,0.2875392,1,HEADROOM
360p,5,16,optimistic,finishing_owner,0.2,125,60.1667563543531,41.39004593640493,84.93122025281173,117.9255195692167,0,81404928,497457600,578862528,964770.88,55.20463256835937,0.06386002375209016,0.3853981872061049,0.3853981872061049,0.04935866978992532,0.02025713664,6.4,315.93803772654024,0.342171648,0.2875392,1,HEADROOM
360p,5,16,optimistic,finishing_owner,0.3,125,60.232181291555634,41.10490289640529,74.09920221281163,117.64037652921797,0,62081536,431102400,493183936,821973.2266666667,47.033685302734376,0.04875238241583752,0.3349963637085517,0.3349963637085517,0.04898676558437928,0.02025713664,9.6,473.90705658981034,0.342171648,0.2875392,1,HEADROOM
360p,5,16,optimistic,finishing_owner,0.4,125,60.23393544681743,30.267926746405692,73.80910106281226,106.80340037921815,0,61670400,429720000,491390400,818984.0,46.862640380859375,0.04843087619312384,0.3339473202359094,0.3339473202359094,0.04619197528509835,0.02025713664,12.8,631.8760754530805,0.342171648,0.2875392,1,HEADROOM
360p,5,16,optimistic,finishing_owner,0.5,125,60.23519774790014,30.059178601124586,73.60035291753047,106.59465223393636,0,61670400,429720000,491390400,818984.0,46.862640380859375,0.04843189114170725,0.33395431865068625,0.33395431865068625,0.04361796736883779,0.02025713664,16.0,789.8450943163506,0.342171648,0.2875392,1,HEADROOM
360p,5,16,optimistic,finishing_owner,0.6,125,60.23554260938042,30.002149993124476,73.54332430953036,106.53762362593625,0,61670400,429720000,491390400,818984.0,46.862640380859375,0.04843216842632316,0.33395623062217444,0.33395623062217444,0.04190155663429398,0.02025713664,19.2,947.8141131796207,0.342171648,0.2875392,1,HEADROOM
360p,5,16,optimistic,finishing_owner,0.7,125,60.23578894142686,29.961415273124658,73.50258958953054,106.49688890593643,0,61670400,429720000,491390400,818984.0,46.862640380859375,0.04843236648870702,0.3339575963294985,0.3339575963294985,0.04067553693380102,0.02025713664,22.4,1105.7831320428909,0.342171648,0.2875392,1,HEADROOM
360p,5,16,optimistic,independent_au,0.2,125,61.10104577003712,11.949957435428587,14.957658110859484,17.75688479542967,0,81404928,20250000,101654928,169424.88,9.694569396972657,0.06485166345301598,0.02062111813684392,0.06485166345301598,0.050125127640592446,0.02025713664,6.4,315.93803772654024,0.342171648,0.2875392,1,HEADROOM
360p,5,16,optimistic,independent_au,0.3,125,61.10743018267558,11.664814395428948,14.016817346288917,16.61631263542975,0,62081536,20250000,82331536,137219.22666666665,7.851747131347656,0.04946081547826257,0.02062327282545183,0.04946081547826257,0.04969860452724838,0.02025713664,9.6,473.90705658981034,0.342171648,0.2875392,1,HEADROOM
360p,5,16,optimistic,independent_au,0.4,125,61.11199044144157,11.227183615429567,13.436762306289893,15.830967295431037,0,61670400,20250000,81920400,136534.0,7.812538146972656,0.04913687311030921,0.02062481187660166,0.04913687311030921,0.04686533481755737,0.02025713664,12.8,631.8760754530805,0.342171648,0.2875392,1,HEADROOM
360p,5,16,optimistic,independent_au,0.5,125,61.11678294235296,10.799469055429654,12.923504834288906,15.146623999429721,0,61670400,20250000,81920400,136534.0,7.812538146972656,0.04914072650319436,0.02062642930763282,0.04914072650319436,0.04425634751337437,0.02025713664,16.0,789.8450943163506,0.342171648,0.2875392,1,HEADROOM
360p,5,16,optimistic,independent_au,0.6,125,61.118462426892286,10.514326015429106,12.676513790858735,14.933882170858851,0,61670400,20250000,81920400,136534.0,7.812538146972656,0.04914207688661508,0.02062699612033885,0.04914207688661508,0.04251574077100752,0.02025713664,19.2,947.8141131796207,0.342171648,0.2875392,1,HEADROOM
360p,5,16,optimistic,independent_au,0.7,125,61.120159667328366,10.310652415430013,12.513574910859461,14.70200944085991,0,61670400,20250000,81920400,136534.0,7.812538146972656,0.04914344154659986,0.020627568925519157,0.04914344154659986,0.04127272765308518,0.02025713664,22.4,1105.7831320428909,0.342171648,0.2875392,1,HEADROOM
360p,5,16,optimistic,raw_gather,0.2,125,41.4718359869188,2255.4667622449815,4177.146215369963,4524.786996619961,592,81404928,1866240000,1947644928,3246074.88,185.74189453125,0.044017537119163785,0.9874638547716527,0.9874638547716527,0.03402202116405375,0.02025713664,6.4,315.93803772654024,0.342171648,0.2875392,1,INTERCONNECT
360p,5,16,optimistic,raw_gather,0.3,125,41.4726533718165,2255.181619204982,4176.861072329963,4524.501853579961,592,62081536,1866240000,1928321536,3213869.2266666666,183.899072265625,0.03356827884408255,0.9874833170892163,0.9874833170892163,0.033729662537926676,0.02025713664,9.6,473.90705658981034,0.342171648,0.2875392,1,INTERCONNECT
360p,5,16,optimistic,raw_gather,0.4,125,41.4730620763481,2255.0390476849816,4176.718500809962,4524.359282059961,592,61670400,1866240000,1927910400,3213184.0,183.85986328125,0.03334626435861549,0.9874930485356939,0.9874930485356939,0.031804706835393104,0.02025713664,12.8,631.8760754530805,0.342171648,0.2875392,1,INTERCONNECT
360p,5,16,optimistic,raw_gather,0.5,125,41.47330730293368,2254.9535047729814,4176.632957897962,4524.27373914796,593,61670400,1866240000,1927910400,3213184.0,183.85986328125,0.03334646153215756,0.9874988874956463,0.9874988874956463,0.03003196523381889,0.02025713664,16.0,789.8450943163506,0.342171648,0.2875392,1,INTERCONNECT
360p,5,16,optimistic,raw_gather,0.6,125,41.473470788935174,2254.8964761649813,4176.575929289962,4524.21671053996,593,61670400,1866240000,1927910400,3213184.0,183.85986328125,0.03334659298248103,0.9875027801739762,0.9875027801739762,0.02885012585265029,0.02025713664,19.2,947.8141131796207,0.342171648,0.2875392,1,INTERCONNECT
360p,5,16,optimistic,raw_gather,0.7,125,41.473587565439665,2254.8557414449815,4176.535194569962,4524.1759758199605,593,61670400,1866240000,1927910400,3213184.0,183.85986328125,0.033346686876203714,0.987505560677287,0.987505560677287,0.02800594916148053,0.02025713664,22.4,1105.7831320428909,0.342171648,0.2875392,1,INTERCONNECT
360p,5,16,median,owner_only,0.2,125,60.478179564199394,39.56025233328046,64.24771217328544,90.01399697328634,0,20556800,15000000,35556800,59261.333333333336,3.390960693359375,0.016211774514168928,0.016373551675812503,0.016373551675812503,0.30622248562990184,0.08514035712000001,0.4,4.698124526729727,1.443446784,1.1501568,1,HEADROOM
360p,5,16,median,owner_only,0.3,125,60.64580576174712,31.140146093279782,50.057652653284094,69.80957585328542,0,20556800,15000000,35556800,59261.333333333336,3.390960693359375,0.01625670837522251,0.016418933931487942,0.016418933931487942,0.23535727043881205,0.08514035712000001,0.6,7.0471867900945915,1.443446784,1.1501568,1,HEADROOM
360p,5,16,median,owner_only,0.4,125,60.72996779880479,26.93009297327626,42.96262289328388,59.70736529327041,0,20556800,15000000,35556800,59261.333333333336,3.390960693359375,0.01627926884210931,0.01644171952908422,0.01644171952908422,0.19977714660223006,0.08514035712000001,0.8,9.396249053459455,1.443446784,1.1501568,1,HEADROOM
360p,5,16,median,owner_only,0.5,125,60.78057723960374,24.404061101280945,38.70560503728302,53.64603895728396,0,20556800,15000000,35556800,59261.333333333336,3.390960693359375,0.016292835203538057,0.016455421269119665,0.016455421269119665,0.17838163107187302,0.08514035712000001,1.0,11.745311316824319,1.443446784,1.1501568,1,HEADROOM
360p,5,16,median,owner_only,0.6,125,60.81436375449604,22.72003985328095,35.86759313328275,49.60515473328451,0,20556800,15000000,35556800,59261.333333333336,3.390960693359375,0.01630189201320066,0.016464568456609787,0.016464568456609787,0.1640981319325509,0.08514035712000001,1.2,14.094373580189183,1.443446784,1.1501568,1,HEADROOM
360p,5,16,median,owner_only,0.7,125,60.83851998586945,21.51716753328037,33.84044177327996,46.718808858993725,0,20556800,15000000,35556800,59261.333333333336,3.390960693359375,0.016308367330066343,0.016471108390608055,0.016471108390608055,0.15388590640025,0.08514035712000001,1.4,16.443435843554045,1.443446784,1.1501568,1,HEADROOM
360p,5,16,median,finishing_owner,0.2,125,59.955713044340264,55.398603639686826,98.93977795609317,153.02782727249905,0,103195136,569342400,672537536,1120895.8933333333,64.13817749023437,0.08065606312504352,0.4388496181353614,0.4388496181353614,0.09729958227512758,0.08514035712000001,6.4,75.16999242767564,1.443446784,1.1501568,1,HEADROOM
360p,5,16,median,finishing_owner,0.3,125,60.02619024236547,54.19573131968673,97.73690563609307,141.27807995249896,0,102372864,567960000,670332864,1117221.44,63.927923583984374,0.08011525224806454,0.4383103325501903,0.4383103325501903,0.0789587018904296,0.08514035712000001,9.6,112.75498864151346,1.443446784,1.1501568,1,HEADROOM
360p,5,16,median,finishing_owner,0.4,125,60.02980222769749,53.594295159686226,97.13546947609302,140.676643792498,0,102372864,567960000,670332864,1117221.44,63.927923583984374,0.08012007306235946,0.43833670721241114,0.43833670721241114,0.0669409816845184,0.08514035712000001,12.8,150.33998485535128,1.443446784,1.1501568,1,HEADROOM
360p,5,16,median,finishing_owner,0.5,125,60.09676143915818,42.45792649768691,85.99910081409325,129.54027513049914,0,82227200,500222400,582449600,970749.3333333334,55.546722412109375,0.06442210064215534,0.38706261151199206,0.38706261151199206,0.07445935849469228,0.08514035712000001,16.0,187.9249810691891,1.443446784,1.1501568,1,HEADROOM
360p,5,16,median,finishing_owner,0.6,125,60.098463026368194,42.17524913640568,85.7164234528118,129.25759776921768,0,82227200,500222400,582449600,970749.3333333334,55.546722412109375,0.06442392469755982,0.387073570851122,0.387073570851122,0.06846622838953363,0.08514035712000001,19.2,225.50997728302693,1.443446784,1.1501568,1,HEADROOM
360p,5,16,median,finishing_owner,0.7,125,60.099497464322475,42.00341023354849,85.54458454995438,129.08575886636027,0,82227200,500222400,582449600,970749.3333333334,55.546722412109375,0.06442503358703079,0.3870802333109026,0.3870802333109026,0.0641850200359152,0.08514035712000001,22.4,263.0949734968647,1.443446784,1.1501568,1,HEADROOM
360p,5,16,median,independent_au,0.2,125,61.025430524485245,19.099812383905828,23.597567137813712,28.940256471718385,0,103195136,27000000,130195136,216991.89333333334,12.416375732421875,0.08209511198667124,0.025833453307939958,0.08209511198667124,0.09903558137655656,0.08514035712000001,6.4,75.16999242767564,1.443446784,1.1501568,1,HEADROOM
360p,5,16,median,independent_au,0.3,125,61.05081485669948,17.240582393905697,20.779873147812395,24.73025778781266,0,102372864,27000000,129372864,215621.44,12.337957763671875,0.08148278963641954,0.02584419907335896,0.08148278963641954,0.08030649739679334,0.08514035712000001,9.6,112.75498864151346,1.443446784,1.1501568,1,HEADROOM
360p,5,16,median,independent_au,0.4,125,61.06001963640027,16.639146233905194,19.85586498390603,23.468136217812543,0,102372864,27000000,129372864,215621.44,12.337957763671875,0.08149507499460468,0.025848095666050997,0.08149507499460468,0.06808980713667398,0.08514035712000001,12.8,150.33998485535128,1.443446784,1.1501568,1,HEADROOM
360p,5,16,median,independent_au,0.5,125,61.07137691349714,15.592388639906176,18.59354015981262,22.025826139906712,0,82227200,27000000,109227200,182045.33333333334,10.416717529296875,0.06546686203481095,0.02585290345986852,0.06546686203481095,0.07566689848953456,0.08514035712000001,16.0,187.9249810691891,1.443446784,1.1501568,1,HEADROOM
360p,5,16,median,independent_au,0.6,125,61.07916007996431,14.630090783906411,17.680123967812506,21.063528283906635,0,82227200,27000000,109227200,182045.33333333334,10.416717529296875,0.06547520537846965,0.025856198251331515,0.06547520537846965,0.0695834720771633,0.08514035712000001,19.2,225.50997728302693,1.443446784,1.1501568,1,HEADROOM
360p,5,16,median,independent_au,0.7,125,61.081582380885926,13.942735172477114,16.941731343526044,20.37617267247697,0,82227200,27000000,109227200,182045.33333333334,10.416717529296875,0.06547780201945365,0.025857223666428442,0.06547780201945365,0.06523386641077907,0.08514035712000001,22.4,263.0949734968647,1.443446784,1.1501568,1,HEADROOM
360p,5,16,median,raw_gather,0.2,125,41.462691081817155,2258.6577100849818,4180.3371632099625,4527.977944459961,594,103195136,1866240000,1969435136,3282391.8933333335,187.819970703125,0.05577812787842264,0.9872461102945085,0.9872461102945085,0.06728804174641201,0.08514035712000001,6.4,75.16999242767564,1.443446784,1.1501568,1,INTERCONNECT
360p,5,16,median,raw_gather,0.3,125,41.4661379077718,2257.4548377649817,4179.134290889962,4526.775072139961,593,102372864,1866240000,1968612864,3281021.44,187.741552734375,0.055343677231901145,0.9873281808361881,0.9873281808361881,0.05454473136454997,0.08514035712000001,9.6,112.75498864151346,1.443446784,1.1501568,1,INTERCONNECT
360p,5,16,median,raw_gather,0.4,125,41.46786153566105,2256.8534016049816,4178.532854729963,4526.173635979962,592,102372864,1866240000,1968612864,3281021.44,187.741552734375,0.05534597770911904,0.9873692212241819,0.9873692212241819,0.0462420207387264,0.08514035712000001,12.8,150.33998485535128,1.443446784,1.1501568,1,INTERCONNECT
360p,5,16,median,raw_gather,0.5,125,41.46889578117673,2256.4925399089816,4178.171993033962,4525.812774283961,593,82227200,1866240000,1948467200,3247445.3333333335,185.8203125,0.0444535331614941,0.9873938470947126,0.9873938470947126,0.05137959689351477,0.08514035712000001,16.0,187.9249810691891,1.443446784,1.1501568,1,INTERCONNECT
360p,5,16,median,raw_gather,0.6,125,41.469585306848764,2256.2519654449816,4177.931418569962,4525.572199819961,593,82227200,1866240000,1948467200,3247445.3333333335,185.8203125,0.04445427231433987,0.987410265024179,0.987410265024179,0.047243572561784616,0.08514035712000001,19.2,225.50997728302693,1.443446784,1.1501568,1,INTERCONNECT
360p,5,16,median,raw_gather,0.7,125,41.47007783922501,2256.080126542124,4177.759579667105,4525.400360917103,593,82227200,1866240000,1948467200,3247445.3333333335,185.8203125,0.044454800295707794,0.9874219924509321,0.9874219924509321,0.044289185256195344,0.08514035712000001,22.4,263.0949734968647,1.443446784,1.1501568,1,INTERCONNECT
360p,5,16,adversarial,owner_only,0.2,125,59.099500005836276,110.842141613281,183.6699304132835,260.3518504132844,0,20556800,15000000,35556800,59261.333333333336,3.390960693359375,0.015842205815366564,0.01600029505407041,0.01600029505407041,0.887391190724441,0.3042164736,0.4,1.3148531874902387,5.1757056,3.9105331199999998,1,NODE_QUEUE_HEADROOM_LOW
360p,5,16,adversarial,owner_only,0.3,125,59.676413950023274,80.65052561327684,132.9671848132848,188.08366481327175,0,20556800,15000000,35556800,59261.333333333336,3.390960693359375,0.01599685330715013,0.016156485771874923,0.016156485771874923,0.6439071697690832,0.3042164736,0.6,1.972279781235358,5.1757056,3.9105331199999998,1,HEADROOM
360p,5,16,adversarial,owner_only,0.4,125,59.9691154017479,65.55471761328045,107.61581201328045,151.94957201327998,0,20556800,15000000,35556800,59261.333333333336,3.390960693359375,0.016075314827809696,0.016235730259389812,0.016235730259389812,0.5203737951236765,0.3042164736,0.8,2.6297063749804774,5.1757056,3.9105331199999998,1,HEADROOM
360p,5,16,adversarial,owner_only,0.5,125,60.14611855980763,56.49723281328116,92.40498833328365,130.26911633328382,0,20556800,15000000,35556800,59261.333333333336,3.390960693359375,0.016122762275921357,0.016283651185187462,0.016283651185187462,0.4456703821095841,0.3042164736,1.0,3.287132968725597,5.1757056,3.9105331199999998,1,HEADROOM
360p,5,16,adversarial,owner_only,0.6,125,60.26470229583499,50.458909613280866,82.2644392132861,115.8154792132882,0,20556800,15000000,35556800,59261.333333333336,3.390960693359375,0.016154549819848377,0.016315755936748208,0.016315755936748208,0.39562263207893805,0.3042164736,1.2,3.944559562470716,5.1757056,3.9105331199999998,1,HEADROOM
360p,5,16,adversarial,owner_only,0.7,125,60.34969165265512,46.14582161328144,75.0211898418529,105.491452698996,0,20556800,15000000,35556800,59261.333333333336,3.390960693359375,0.016177332057984526,0.01633876551864727,0.01633876551864727,0.35975324367972283,0.3042164736,1.4,4.601986156215835,5.1757056,3.9105331199999998,1,HEADROOM
360p,5,16,adversarial,finishing_owner,0.2,125,59.76891253380587,76.1286056796871,130.21665499609298,173.75782931249887,0,164865536,704817600,869683136,1449471.8933333333,82.93944702148437,0.12845377477073733,0.5404436107643256,0.5404436107643256,0.15391696858563342,0.3042164736,6.4,21.03765099984382,5.1757056,3.9105331199999998,1,HEADROOM
360p,5,16,adversarial,finishing_owner,0.3,125,59.857518004428265,71.81551767968631,115.3566919960931,169.44474131249808,0,144308736,638462400,782771136,1304618.56,74.65087280273437,0.11260678427898256,0.49074002003916806,0.49074002003916806,0.15044984688344157,0.3042164736,9.6,31.55647649976573,5.1757056,3.9105331199999998,1,HEADROOM
360p,5,16,adversarial,finishing_owner,0.4,125,59.870398658830254,69.65897367968682,113.20014799609271,167.2881973124986,0,143486464,637080000,780566464,1300944.1066666667,74.44061889648438,0.11198107914023797,0.4897932123366269,0.4897932123366269,0.1324872186030946,0.3042164736,12.8,42.07530199968764,5.1757056,3.9105331199999998,1,HEADROOM
360p,5,16,adversarial,finishing_owner,0.5,125,59.87812971271401,68.36504727968702,111.90622159609302,155.4473959124989,0,123751936,637080000,760831936,1268053.2266666666,72.55858764648437,0.09659463478266637,0.48985645924664084,0.48985645924664084,0.1131664185169338,0.3042164736,16.0,52.59412749960955,5.1757056,3.9105331199999998,1,HEADROOM
360p,5,16,adversarial,finishing_owner,0.6,125,59.88328485796491,67.50242967968688,111.04360399609322,154.5847783124991,0,123751936,637080000,760831936,1268053.2266666666,72.55858764648437,0.09660295099720333,0.4898986329286116,0.4898986329286116,0.10028311278587233,0.3042164736,19.2,63.11295299953146,5.1757056,3.9105331199999998,1,HEADROOM
360p,5,16,adversarial,finishing_owner,0.7,125,59.950077130423985,56.33939925111554,110.42744856752142,153.9686228839273,0,122929664,634315200,757244864,1262074.7733333334,72.21649780273438,0.0960758843252232,0.4883374333376915,0.4883374333376915,0.09239317006915107,0.3042164736,22.4,73.63177849945336,5.1757056,3.9105331199999998,1,HEADROOM
360p,5,16,adversarial,independent_au,0.2,125,60.874607986229464,35.28890108984342,41.722338589843275,51.37249483984306,0,164865536,45000000,209865536,349775.8933333333,20.014337158203126,0.13083010635499218,0.03970269873355774,0.13083010635499218,0.1567643567177113,0.3042164736,6.4,21.03765099984382,5.1757056,3.9105331199999998,1,HEADROOM
360p,5,16,adversarial,independent_au,0.3,125,60.930771320510885,29.132234089842314,35.56567158984399,43.37224883984163,0,144308736,45000000,189308736,315514.56,18.053887939453126,0.11462583900543945,0.03973932871795702,0.11462583900543945,0.15314743279169507,0.3042164736,9.6,31.55647649976573,5.1757056,3.9105331199999998,1,HEADROOM
360p,5,16,adversarial,independent_au,0.4,125,60.95979583045697,25.60255033984322,31.252583589843198,38.80162992968758,0,143486464,45000000,188486464,314144.1066666667,17.975469970703124,0.11401867824804164,0.039758258636561815,0.11401867824804164,0.1348979458482123,0.3042164736,12.8,42.07530199968764,5.1757056,3.9105331199999998,1,HEADROOM
360p,5,16,adversarial,independent_au,0.5,125,60.978991641431506,24.308623939843528,28.82975186953081,35.91539395937434,0,123751936,45000000,168751936,281253.2266666667,16.093438720703126,0.09837053119861655,0.03977077823258518,0.09837053119861655,0.1152469878725954,0.3042164736,16.0,52.59412749960955,5.1757056,3.9105331199999998,1,HEADROOM
360p,5,16,adversarial,independent_au,0.6,125,60.990378287862185,23.44600633984328,27.31492967968734,33.79267137890565,0,123751936,45000000,168751936,281253.2266666667,16.093438720703126,0.09838889999134018,0.0397782046556502,0.09838889999134018,0.10213709884489061,0.3042164736,19.2,63.11295299953146,5.1757056,3.9105331199999998,1,HEADROOM
360p,5,16,adversarial,independent_au,0.7,125,61.00261708161477,22.151081054129463,26.020004393973068,31.50615657477647,0,122929664,45000000,167929664,279882.7733333333,16.015020751953124,0.09776268293230893,0.039786186853109785,0.09776268293230893,0.09401531148030187,0.3042164736,22.4,73.63177849945336,5.1757056,3.9105331199999998,1,HEADROOM
360p,5,16,adversarial,raw_gather,0.2,125,41.43353431402998,2268.8408371249816,4190.520290249962,4538.161071499961,595,164865536,1866240000,2031105536,3385175.8933333335,193.701318359375,0.08904786215944088,0.9865518739862608,0.9865518739862608,0.10669968264517513,0.3042164736,6.4,21.03765099984382,5.1757056,3.9105331199999998,1,INTERCONNECT
360p,5,16,adversarial,raw_gather,0.3,125,41.44587872583495,2264.5277491249817,4186.207202249963,4533.847983499962,594,144308736,1866240000,2010548736,3350914.56,191.740869140625,0.07796994062780381,0.9868458002177803,0.9868458002177803,0.1041728143119842,0.3042164736,9.6,31.55647649976573,5.1757056,3.9105331199999998,1,INTERCONNECT
360p,5,16,adversarial,raw_gather,0.4,125,41.45205369050294,2262.3712051249813,4184.050658249962,4531.69143949996,594,143486464,1866240000,2009726464,3349544.1066666665,191.662451171875,0.07753156499413054,0.9869928290210398,0.9869928290210398,0.09172925889697386,0.3042164736,12.8,42.07530199968764,5.1757056,3.9105331199999998,1,INTERCONNECT
360p,5,16,adversarial,raw_gather,0.5,125,41.45575955258223,2261.0772787249816,4182.756731849962,4530.397513099961,594,123751936,1866240000,1989991936,3316653.2266666666,189.780419921875,0.06687590231746088,0.9870810673342706,0.9870810673342706,0.07834913778993277,0.3042164736,16.0,52.59412749960955,5.1757056,3.9105331199999998,1,INTERCONNECT
360p,5,16,adversarial,raw_gather,0.6,125,41.458230495444155,2260.214661124982,4181.8941142499625,4529.534895499961,594,123751936,1866240000,1989991936,3316653.2266666666,189.780419921875,0.06687988841095546,0.9871399016420673,0.9871399016420673,0.06942772786326755,0.3042164736,19.2,63.11295299953146,5.1757056,3.9105331199999998,1,INTERCONNECT
360p,5,16,adversarial,raw_gather,0.7,125,41.45999563498043,2259.59850569641,4181.277958821391,4528.918740071389,594,122929664,1866240000,1989169664,3315282.7733333334,189.702001953125,0.06644371342650292,0.9871819304418351,0.9871819304418351,0.06389683902216384,0.3042164736,22.4,73.63177849945336,5.1757056,3.9105331199999998,1,INTERCONNECT
360p,10,4,optimistic,owner_only,0.2,125,60.45491140258915,11.336690093277866,14.940407213282015,14.940407213282015,0,41113600,15000000,56113600,93522.66666666667,5.351409912109375,0.03241107450638289,0.016367252173260145,0.03241107450638289,0.11539788253099387,0.0199839744,0.4,20.01603845129025,0.342171648,0.2875392,1,HEADROOM
360p,10,4,optimistic,owner_only,0.3,125,60.47374584351744,10.19611793327931,13.27507601328125,13.275076013283979,0,41113600,15000000,56113600,93522.66666666667,5.351409912109375,0.03242117202292953,0.016372351313049847,0.03242117202292953,0.09864903157165333,0.0199839744,0.6,30.024057676935374,0.342171648,0.2875392,1,HEADROOM
360p,10,4,optimistic,owner_only,0.4,125,60.48316746550286,9.625831853280943,12.442410413282232,12.442410413282232,0,41113600,15000000,56113600,93522.66666666667,5.351409912109375,0.032426223140945516,0.016374902074589956,0.032426223140945516,0.09027069196345645,0.0199839744,0.8,40.0320769025805,0.342171648,0.2875392,1,HEADROOM
360p,10,4,optimistic,owner_only,0.5,125,60.48882184797093,9.283660205281194,11.942811053281275,11.942811053281389,0,41113600,15000000,56113600,93522.66666666667,5.351409912109375,0.032429254567296305,0.01637643291305439,0.032429254567296305,0.08524243497484645,0.0199839744,1.0,50.04009612822562,0.342171648,0.2875392,1,HEADROOM
360p,10,4,optimistic,owner_only,0.6,125,60.492592023664656,9.055545773280755,11.609744813280486,11.609744813281509,0,41113600,15000000,56113600,93522.66666666667,5.351409912109375,0.03243127583310377,0.016377453631055375,0.03243127583310377,0.08188974130983459,0.0199839744,1.2,60.04811535387075,0.342171648,0.2875392,1,HEADROOM
360p,10,4,optimistic,owner_only,0.7,125,60.49528529405781,8.89260689328114,11.371840356138819,11.371840356138819,0,41113600,15000000,56113600,93522.66666666667,5.351409912109375,0.03243271974866584,0.016378182793247046,0.03243271974866584,0.07949470422963763,0.0199839744,1.4,70.05613457951587,0.342171648,0.2875392,1,HEADROOM
360p,10,4,optimistic,finishing_owner,0.2,125,60.1557214442605,19.4840913465614,30.572436073124663,30.572436073125232,0,82638336,292862400,375500736,625834.56,35.810540771484376,0.06481583166213335,0.2288286340142857,0.2288286340142857,0.07528200060783861,0.0199839744,1.6,80.064153805161,0.342171648,0.2875392,1,HEADROOM
360p,10,4,optimistic,finishing_owner,0.3,125,60.221122372042544,19.19894830656176,30.28729303312491,30.287293033125252,0,82638336,291480000,374118336,623530.56,35.678704833984376,0.06488629903288205,0.22801884067124856,0.22801884067124856,0.06456999313298466,0.0199839744,2.4,120.0962307077415,0.342171648,0.2875392,1,HEADROOM
360p,10,4,optimistic,finishing_owner,0.4,125,60.22287588321134,18.90884715656216,29.997191883125197,29.997191883125197,0,82227200,291480000,373707200,622845.3333333334,35.639495849609375,0.06457335134414965,0.2280254800955579,0.2280254800955579,0.061586443587951345,0.0199839744,3.2,160.128307610322,0.342171648,0.2875392,1,HEADROOM
360p,10,4,optimistic,finishing_owner,0.5,125,60.22413772078909,18.700099011281054,29.78844373784341,29.788443737843977,0,82227200,291480000,373707200,622845.3333333334,35.639495849609375,0.06457470433634825,0.22803025786671627,0.22803025786671627,0.0581546061672309,0.0199839744,4.0,200.16038451290248,0.342171648,0.2875392,1,HEADROOM
360p,10,4,optimistic,finishing_owner,0.6,125,60.22448245563783,18.643070403280944,29.7314151298433,29.73141512984398,0,82227200,291480000,373707200,622845.3333333334,35.639495849609375,0.06457507397469883,0.22803156315691103,0.22803156315691103,0.05586617406850303,0.0199839744,4.8,240.192461415483,0.342171648,0.2875392,1,HEADROOM
360p,10,4,optimistic,finishing_owner,0.7,125,60.22472869723183,18.602335683281126,29.69068040984348,29.690680409843935,0,82227200,291480000,373707200,622845.3333333334,35.639495849609375,0.06457533800468299,0.22803249551619922,0.22803249551619922,0.05423156367207545,0.0199839744,5.6,280.2245383180635,0.342171648,0.2875392,1,HEADROOM
360p,10,4,optimistic,independent_au,0.2,125,60.5166904986253,9.441138175427113,11.082546175430252,11.869957435429683,0,82638336,20250000,102888336,171480.56,9.812196350097656,0.06520476406791668,0.020423902869350415,0.06520476406791668,0.07573373606903294,0.0199839744,1.6,80.064153805161,0.342171648,0.2875392,1,HEADROOM
360p,10,4,optimistic,independent_au,0.3,125,60.522433731535045,8.785587710858636,10.324993120859432,11.584814395429689,0,82638336,20250000,102888336,171480.56,9.812196350097656,0.06521095221442273,0.02042584116488737,0.06521095221442273,0.06489306370435537,0.0199839744,2.4,120.0962307077415,0.342171648,0.2875392,1,HEADROOM
360p,10,4,optimistic,independent_au,0.4,125,60.52661673573636,8.495486560859035,9.925000190859464,9.925000190859464,0,82227200,20250000,102477200,170795.33333333334,9.772987365722656,0.0648990343093024,0.020427252895614978,0.0648990343093024,0.06189706174766304,0.0199839744,3.2,160.128307610322,0.342171648,0.2875392,1,HEADROOM
360p,10,4,optimistic,independent_au,0.5,125,60.52910907679513,8.238857824859224,9.687909472859246,9.687909472859587,0,82227200,20250000,102477200,170795.33333333334,9.772987365722656,0.06490170669604077,0.020428094040946653,0.06490170669604077,0.05844909754181966,0.0199839744,4.0,200.16038451290248,0.342171648,0.2875392,1,HEADROOM
360p,10,4,optimistic,independent_au,0.6,125,60.53119854768959,8.162952605429382,9.459795040858808,9.459795040859603,0,82227200,20250000,102477200,170795.33333333334,9.772987365722656,0.06490394710944204,0.02042879922079448,0.06490394710944204,0.05615069381677644,0.0199839744,4.8,240.192461415483,0.342171648,0.2875392,1,HEADROOM
360p,10,4,optimistic,independent_au,0.7,125,60.532602637185825,8.122217885429563,9.296856160859534,9.296856160859534,0,82227200,20250000,102477200,170795.33333333334,9.772987365722656,0.06490545262977844,0.02042927308985861,0.06490545262977844,0.0545088000422304,0.0199839744,5.6,280.2245383180635,0.342171648,0.2875392,1,HEADROOM
360p,10,4,optimistic,raw_gather,0.2,125,41.76048330598551,2203.077777869982,4129.525277869963,4324.786996619961,579,82638336,1866240000,1948878336,3248130.56,185.859521484375,0.04499556137146683,0.994336682742062,0.994336682742062,0.05226124222511154,0.0199839744,1.6,80.064153805161,0.342171648,0.2875392,1,INTERCONNECT
360p,10,4,optimistic,raw_gather,0.3,125,41.76131210872272,2202.7926348299825,4129.240134829963,4324.501853579961,580,82638336,1866240000,1948878336,3248130.56,185.859521484375,0.04499645437943692,0.9943564169237362,0.9943564169237362,0.044777106933106735,0.0199839744,2.4,120.0962307077415,0.342171648,0.2875392,1,INTERCONNECT
360p,10,4,optimistic,raw_gather,0.4,125,41.76172652242812,2202.650063309982,4129.097563309962,4324.359282059961,580,82227200,1866240000,1948467200,3247445.3333333335,185.8203125,0.044778576245689,0.9943662843083183,0.9943662843083183,0.042707296469811556,0.0199839744,3.2,160.128307610322,0.342171648,0.2875392,1,INTERCONNECT
360p,10,4,optimistic,raw_gather,0.5,125,41.76197517459928,2202.564520397982,4129.012020397962,4324.27373914796,579,82227200,1866240000,1948467200,3247445.3333333335,185.8203125,0.0447788428603894,0.9943722048330693,0.9943722048330693,0.040326874089990264,0.0199839744,4.0,200.16038451290248,0.342171648,0.2875392,1,INTERCONNECT
360p,10,4,optimistic,raw_gather,0.6,125,41.76214094435838,2202.507491789982,4128.954991789962,4324.21671053996,579,82227200,1866240000,1948467200,3247445.3333333335,185.8203125,0.04477902060528682,0.9943761518887381,0.9943761518887381,0.038739910088716314,0.0199839744,4.8,240.192461415483,0.342171648,0.2875392,1,INTERCONNECT
360p,10,4,optimistic,raw_gather,0.7,125,41.76225935213489,2202.466757069982,4128.914257069962,4324.1759758199605,579,82227200,1866240000,1948467200,3247445.3333333335,185.8203125,0.04477914756679178,0.9943789712334005,0.9943789712334005,0.03760635666008625,0.0199839744,5.6,280.2245383180635,0.342171648,0.2875392,1,INTERCONNECT
360p,10,4,median,owner_only,0.2,125,60.24644135049027,24.100481453280736,33.32817041328326,33.32817041328326,0,41113600,15000000,56113600,93522.66666666667,5.351409912109375,0.03229930958548291,0.01631081206220692,0.03229930958548291,0.2996328324246281,0.08367390720000001,0.4,4.780462791631177,1.443446784,1.1501568,1,HEADROOM
360p,10,4,median,owner_only,0.3,125,60.325108490394236,19.28899217328035,26.3553448132825,26.3553448132825,0,41113600,15000000,56113600,93522.66666666667,5.351409912109375,0.03234148459613924,0.01633210999957355,0.03234148459613924,0.2299180029310891,0.08367390720000001,0.6,7.170694187446765,1.443446784,1.1501568,1,HEADROOM
360p,10,4,median,owner_only,0.4,125,60.36451915073222,16.883247533278336,22.868932013282574,22.868932013282574,0,41113600,15000000,56113600,93522.66666666667,5.351409912109375,0.03236261343114908,0.016342779839311976,0.03236261343114908,0.19499227067438313,0.08367390720000001,0.8,9.560925583262353,1.443446784,1.1501568,1,HEADROOM
360p,10,4,median,owner_only,0.5,125,60.38819027389993,15.439800749280948,20.77708433328189,20.77708433328189,0,41113600,15000000,56113600,93522.66666666667,5.351409912109375,0.03237530398877027,0.0163491884376065,0.03237530398877027,0.17401491828080312,0.08367390720000001,1.0,11.951156979077942,1.443446784,1.1501568,1,HEADROOM
360p,10,4,median,owner_only,0.6,125,60.403981339051164,14.477502893280871,19.38251921328174,19.38251921328265,0,41113600,15000000,56113600,93522.66666666667,5.351409912109375,0.03238376989132934,0.016353463629471286,0.03238376989132934,0.16002087431423231,0.08367390720000001,1.2,14.34138837489353,1.443446784,1.1501568,1,HEADROOM
360p,10,4,median,owner_only,0.7,125,60.415265728467176,13.790147281852114,18.38640127042345,18.386401270424244,0,41113600,15000000,56113600,93522.66666666667,5.351409912109375,0.03238981967583214,0.01635651870709704,0.03238981967583214,0.1500206469634669,0.08367390720000001,1.4,16.731619770709116,1.443446784,1.1501568,1,HEADROOM
360p,10,4,median,finishing_owner,0.2,125,60.07135174184272,33.492649049843294,55.1278687764061,55.12786877640656,0,163220992,565195200,728416192,1214026.9866666666,69.46718139648438,0.12784758959289236,0.4365282176761021,0.4365282176761021,0.10411157006888742,0.08367390720000001,1.6,19.121851166524706,1.443446784,1.1501568,1,HEADROOM
360p,10,4,median,finishing_owner,0.3,125,60.07858702272317,32.2897767298432,43.37812145640601,43.378121456406575,0,123340800,431102400,554443200,924072.0,52.875823974609375,0.09661994819648094,0.33414211070887545,0.33414211070887545,0.10999966330607991,0.08367390720000001,2.4,28.68277674978706,1.443446784,1.1501568,1,HEADROOM
360p,10,4,median,finishing_owner,0.4,125,60.14572717491948,21.141465569842694,42.77668529640596,42.77668529640653,0,123340800,429720000,553060800,921768.0,52.743988037109375,0.09672792473768452,0.33345827837263997,0.33345827837263997,0.09364444211088292,0.08367390720000001,3.2,38.24370233304941,1.443446784,1.1501568,1,HEADROOM
360p,10,4,median,finishing_owner,0.5,125,60.085752186677844,31.09884690784338,42.18719163440619,42.18719163440642,0,122929664,429720000,552649664,921082.7733333333,52.704779052734374,0.0963093397903011,0.3331257667003426,0.3331257667003426,0.08970674069909991,0.08367390720000001,4.0,47.804627916311766,1.443446784,1.1501568,1,HEADROOM
360p,10,4,median,finishing_owner,0.6,125,60.15098611151587,20.26929454656215,41.90451427312473,41.9045142731253,0,122929664,428337600,551267264,918778.7733333333,52.572943115234374,0.0964139009550438,0.33243009327083645,0.33243009327083645,0.08284908102266922,0.08367390720000001,4.8,57.36555349957412,1.443446784,1.1501568,1,HEADROOM
360p,10,4,median,finishing_owner,0.7,125,60.15202235837109,20.09745564370496,41.732675370267316,41.73267537026811,0,122929664,428337600,551267264,918778.7733333333,52.572943115234374,0.09641556191869748,0.33243582018673595,0.33243582018673595,0.07766855250076893,0.08367390720000001,5.6,66.92647908283647,1.443446784,1.1501568,1,HEADROOM
360p,10,4,median,independent_au,0.2,125,60.45795041779059,15.226735963905867,17.586596927812934,19.09981238390624,0,163220992,27000000,190220992,317034.9866666667,18.140887451171874,0.12867037295678513,0.02559322606638696,0.12867037295678513,0.10478159652862912,0.08367390720000001,1.6,19.121851166524706,1.443446784,1.1501568,1,HEADROOM
360p,10,4,median,independent_au,0.3,125,60.47661031761989,14.02386364390577,15.08010153781288,16.32616575390624,0,123340800,27000000,150340800,250568.0,14.337615966796875,0.09726005962452383,0.025601125226570313,0.09726005962452383,0.11072841593819585,0.08367390720000001,2.4,28.68277674978706,1.443446784,1.1501568,1,HEADROOM
360p,10,4,median,independent_au,0.4,125,60.48586741950031,12.974674463905103,13.845750237812354,15.846933753906242,0,123340800,27000000,150340800,250568.0,14.337615966796875,0.09727494713683829,0.025605043968431527,0.09727494713683829,0.09417402658744262,0.08367390720000001,3.2,38.24370233304941,1.443446784,1.1501568,1,HEADROOM
360p,10,4,median,independent_au,0.5,125,60.49363502234997,12.422675803905804,13.269321311718159,15.33076258790625,0,122929664,27000000,149929664,249882.77333333335,14.298406982421875,0.09696312084796901,0.025608332171461093,0.09696312084796901,0.09031570103401547,0.08367390720000001,4.0,47.804627916311766,1.443446784,1.1501568,1,HEADROOM
360p,10,4,median,independent_au,0.6,125,60.49986438070222,11.88257846390593,12.729223971718966,14.63009078390624,0,122929664,27000000,149929664,249882.77333333335,14.298406982421875,0.09697310566747094,0.025610969200593834,0.09697310566747094,0.08332960920448956,0.08367390720000001,4.8,57.36555349957412,1.443446784,1.1501568,1,HEADROOM
360p,10,4,median,independent_au,0.7,125,60.50510625586941,11.367061755334362,12.431429842097714,13.942735172477114,0,122929664,27000000,149929664,249882.77333333335,14.298406982421875,0.09698150768489176,0.025613188205625245,0.09698150768489176,0.07812445596261168,0.08367390720000001,5.6,66.92647908283647,1.443446784,1.1501568,1,HEADROOM
360p,10,4,median,raw_gather,0.2,125,41.75121067355876,2206.2687257099824,4132.716225709963,4327.977944459961,580,163220992,1866240000,2029460992,3382434.986666667,193.544482421875,0.08885752513342375,0.9941158970174347,0.9941158970174347,0.07236035097364622,0.08367390720000001,1.6,19.121851166524706,1.443446784,1.1501568,1,INTERCONNECT
360p,10,4,median,raw_gather,0.3,125,41.75470563815348,2205.0658533899823,4131.5133533899625,4326.775072139961,581,123340800,1866240000,1989580800,3315968.0,189.7412109375,0.06715100496940477,0.9941991137626996,0.9941991137626996,0.07644992649218223,0.08367390720000001,2.4,28.68277674978706,1.443446784,1.1501568,1,INTERCONNECT
360p,10,4,median,raw_gather,0.4,125,41.7564533398808,2204.4644172299822,4130.911917229963,4326.173635979962,579,123340800,1866240000,1989580800,3315968.0,189.7412109375,0.0671538156688357,0.9942407273600622,0.9942407273600622,0.06501309338517423,0.08367390720000001,3.2,38.24370233304941,1.443446784,1.1501568,1,INTERCONNECT
360p,10,4,median,raw_gather,0.5,125,41.757502031145364,2204.103555533982,4130.551055533962,4325.812774283961,579,122929664,1866240000,1989169664,3315282.7733333334,189.702001953125,0.06693163196854246,0.9942656971906455,0.9942656971906455,0.06234305589305144,0.08367390720000001,4.0,47.804627916311766,1.443446784,1.1501568,1,INTERCONNECT
360p,10,4,median,raw_gather,0.6,125,41.758201187919255,2203.862981069982,4130.310481069962,4325.572199819961,580,122929664,1866240000,1989169664,3315282.7733333334,189.702001953125,0.06693275262235561,0.9942823444411617,0.9942823444411617,0.05751574192258339,0.08367390720000001,4.8,57.36555349957412,1.443446784,1.1501568,1,INTERCONNECT
360p,10,4,median,raw_gather,0.7,125,41.758700599949144,2203.691142167125,4130.138642167105,4325.400360917103,579,122929664,1866240000,1989169664,3315282.7733333334,189.702001953125,0.06693355311234087,0.9942942356756928,0.9942942356756928,0.05391901556672567,0.08367390720000001,5.6,66.92647908283647,1.443446784,1.1501568,1,INTERCONNECT
360p,10,4,adversarial,owner_only,0.2,125,59.592781390694235,64.83298961328092,91.65162641328243,91.65162641328243,0,41113600,15000000,56113600,93522.66666666667,5.351409912109375,0.03194886954401621,0.016133843522359113,0.03194886954401621,0.8756580460269736,0.2978906112,0.4,1.3427747802747805,5.1757056,3.9105331199999998,1,NODE_QUEUE_HEADROOM_LOW
360p,10,4,adversarial,owner_only,0.3,125,59.86862495505825,47.58063761327867,66.827408813283,66.827408813283,0,41113600,15000000,56113600,93522.66666666667,5.351409912109375,0.03209675473827564,0.01620852399204422,0.03209675473827564,0.6320126704231697,0.2978906112,0.6,2.014162170412171,5.1757056,3.9105331199999998,1,HEADROOM
360p,10,4,adversarial,owner_only,0.4,125,60.007506578948295,38.95446161328073,54.41530001328101,54.41530001328147,0,41113600,15000000,56113600,93522.66666666667,5.351409912109375,0.0321712119255419,0.016246124089500366,0.0321712119255419,0.5093421796499414,0.2978906112,0.8,2.685549560549561,5.1757056,3.9105331199999998,1,HEADROOM
360p,10,4,adversarial,owner_only,0.5,125,60.09114527126452,33.778756013281054,46.968034733282366,46.968034733282366,0,41113600,15000000,56113600,93522.66666666667,5.351409912109375,0.03221605228384175,0.016268767999429622,0.03221605228384175,0.4354663194268265,0.2978906112,1.0,3.356936950686951,5.1757056,3.9105331199999998,1,HEADROOM
360p,10,4,adversarial,owner_only,0.6,125,60.147034048756254,30.32828561328097,42.00319121328357,42.00319121328357,0,41113600,15000000,56113600,93522.66666666667,5.351409912109375,0.03224601536358712,0.016283899039962805,0.03224601536358712,0.3861012301400249,0.2978906112,1.2,4.028324340824342,5.1757056,3.9105331199999998,1,HEADROOM
360p,10,4,adversarial,owner_only,0.7,125,60.18701829576066,27.863663898995497,38.456874413281184,38.456874413281525,0,41113600,15000000,56113600,93522.66666666667,5.351409912109375,0.03226745170976107,0.01629472416960895,0.03226745170976107,0.35078419491362706,0.2978906112,1.4,4.699711730961732,5.1757056,3.9105331199999998,1,HEADROOM
360p,10,4,adversarial,finishing_owner,0.2,125,59.94693395416972,54.22265108984334,65.31099581640592,65.31099581640649,0,164454400,567960000,732414400,1220690.6666666667,69.84848022460938,0.12853097219667792,0.43773160433346514,0.43773160433346514,0.30607132733376735,0.2978906112,1.6,5.371099121099122,5.1757056,3.9105331199999998,1,HEADROOM
360p,10,4,adversarial,finishing_owner,0.3,125,59.972777863554455,49.90956308984278,60.99790781640604,60.997907816406496,0,164043264,567960000,732003264,1220005.44,69.80927124023438,0.1282728540230179,0.4379203161686004,0.4379203161686004,0.2200860390592428,0.2978906112,2.4,8.056648681648683,5.1757056,3.9105331199999998,1,HEADROOM
360p,10,4,adversarial,finishing_owner,0.4,125,59.985708176284625,37.20614408984329,58.84136381640565,58.841363816406556,0,164043264,567960000,732003264,1220005.44,69.80927124023438,0.1283005100392372,0.4380147331164336,0.4380147331164336,0.17706558688872223,0.2978906112,3.2,10.742198242198244,5.1757056,3.9105331199999998,1,HEADROOM
360p,10,4,adversarial,finishing_owner,0.5,125,59.993469040571036,35.912217689843374,57.547437416405955,57.547437416406524,0,163632128,566577600,730209728,1217016.2133333334,69.63822631835937,0.12799547251268759,0.4370168301320002,0.4370168301320002,0.15180599428535077,0.2978906112,4.0,13.427747802747804,5.1757056,3.9105331199999998,1,HEADROOM
360p,10,4,adversarial,finishing_owner,0.6,125,59.99864406584644,35.04960008984335,56.68481981640616,56.6848198164065,0,163632128,566577600,730209728,1217016.2133333334,69.63822631835937,0.12800651337790148,0.4370545271209872,0.4370545271209872,0.13452303857825498,0.2978906112,4.8,16.113297363297367,5.1757056,3.9105331199999998,1,HEADROOM
360p,10,4,adversarial,finishing_owner,0.7,125,60.06569406761475,34.433444661272006,56.06866438783436,56.068664387835156,0,163220992,565195200,728416192,1214026.9866666666,69.46718139648438,0.12783554857846913,0.4364871043271377,0.4364871043271377,0.12307498003237191,0.2978906112,5.6,18.798846923846927,5.1757056,3.9105331199999998,1,HEADROOM
360p,10,4,adversarial,independent_au,0.2,125,60.26328115851225,28.85546358984334,34.55648347968781,37.040997639843766,0,164454400,45000000,209454400,349090.6666666667,19.975128173828125,0.12920924564694197,0.039303988570625954,0.12920924564694197,0.30768650266209135,0.2978906112,1.6,5.371099121099122,5.1757056,3.9105331199999998,1,HEADROOM
360p,10,4,adversarial,independent_au,0.3,125,60.341701485630885,24.542375589842777,26.567719929687883,28.251298929687493,0,164043264,45000000,209043264,348405.44,19.935919189453124,0.12906192679246542,0.039355134667909776,0.12906192679246542,0.22143990228837185,0.2978906112,2.4,8.056648681648683,5.1757056,3.9105331199999998,1,HEADROOM
360p,10,4,adversarial,independent_au,0.4,125,60.380988235025434,21.602427339843416,23.03803617968697,26.386603489843736,0,164043264,45000000,209043264,348405.44,19.935919189453124,0.12914595530756257,0.03938075766618494,0.12914595530756257,0.17823237307353584,0.2978906112,3.2,10.742198242198244,5.1757056,3.9105331199999998,1,HEADROOM
360p,10,4,adversarial,independent_au,0.5,125,60.404584849593874,19.01457453984358,21.0919051898436,24.800828529687493,0,163632128,45000000,208632128,347720.2133333333,19.896710205078126,0.12887258402290427,0.039396147486511254,0.12887258402290427,0.15284627158808406,0.2978906112,4.0,13.427747802747804,5.1757056,3.9105331199999998,1,HEADROOM
360p,10,4,adversarial,independent_au,0.6,125,60.42032617469767,17.664773429687102,20.229287589843807,23.286006339843738,0,163632128,45000000,208632128,347720.2133333333,19.896710205078126,0.1289061679842397,0.039406414050994175,0.1289061679842397,0.13546849258775723,0.2978906112,4.8,16.113297363297367,5.1757056,3.9105331199999998,1,HEADROOM
360p,10,4,adversarial,independent_au,0.7,125,60.4336407818825,16.70923307254452,19.27374723270077,22.151081054129463,0,163220992,45000000,208220992,347034.9866666667,19.857501220703124,0.12861863567662393,0.03941509789891209,0.12861863567662393,0.12382890513411975,0.2978906112,5.6,18.798846923846927,5.1757056,3.9105331199999998,1,HEADROOM
360p,10,4,adversarial,raw_gather,0.2,125,41.721646861844654,2216.451852749982,4142.899352749962,4338.161071499961,582,164454400,1866240000,2030694400,3384490.6666666665,193.662109375,0.08945451383550482,0.9934119688024852,0.9934119688024852,0.21301839796040603,0.2978906112,1.6,5.371099121099122,5.1757056,3.9105331199999998,1,INTERCONNECT
360p,10,4,adversarial,raw_gather,0.3,125,41.73416357286246,2212.1387647499823,4138.586264749963,4333.847983499962,580,164043264,1866240000,2030283264,3383805.44,193.622900390625,0.08926317009917567,0.9937099975590272,0.9937099975590272,0.15315459915995716,0.2978906112,2.4,8.056648681648683,5.1757056,3.9105331199999998,1,INTERCONNECT
360p,10,4,adversarial,raw_gather,0.4,125,41.74042474510267,2209.982220749982,4136.429720749962,4331.69143949996,580,164043264,1866240000,2030283264,3383805.44,193.622900390625,0.08927656181557422,0.9938590790049913,0.9938590790049913,0.12320922815074978,0.2978906112,3.2,10.742198242198244,5.1757056,3.9105331199999998,1,INTERCONNECT
360p,10,4,adversarial,raw_gather,0.5,125,41.74418235028768,2208.6882943499822,4135.135794349962,4330.397513099961,581,163632128,1866240000,2029872128,3383120.2133333334,193.58369140625,0.08906079995086758,0.9939485493458237,0.9939485493458237,0.10562844937386362,0.2978906112,4.0,13.427747802747804,5.1757056,3.9105331199999998,1,INTERCONNECT
360p,10,4,adversarial,raw_gather,0.6,125,41.746687796290814,2207.8256767499824,4134.273176749963,4329.534895499961,581,163632128,1866240000,2029872128,3383120.2133333334,193.58369140625,0.08906614529512179,0.9940082051895861,0.9940082051895861,0.09360030347971778,0.2978906112,4.8,16.113297363297367,5.1757056,3.9105331199999998,1,INTERCONNECT
360p,10,4,adversarial,raw_gather,0.7,125,41.74847758471868,2207.2095213214106,4133.657021321391,4328.918740071389,581,163220992,1866240000,2029460992,3382434.986666667,193.544482421875,0.08885170840364796,0.9940508208910168,0.9940508208910168,0.08554288974563777,0.2978906112,5.6,18.798846923846927,5.1757056,3.9105331199999998,1,INTERCONNECT
360p,10,8,optimistic,owner_only,0.2,125,60.45491140258915,11.336690093277866,14.940407213282015,14.940407213282015,0,41113600,15000000,56113600,93522.66666666667,5.351409912109375,0.03241107450638289,0.016367252173260145,0.03241107450638289,0.11539788253099387,0.0199839744,0.4,20.01603845129025,0.342171648,0.2875392,1,HEADROOM
360p,10,8,optimistic,owner_only,0.3,125,60.47374584351744,10.19611793327931,13.27507601328125,13.275076013283979,0,41113600,15000000,56113600,93522.66666666667,5.351409912109375,0.03242117202292953,0.016372351313049847,0.03242117202292953,0.09864903157165333,0.0199839744,0.6,30.024057676935374,0.342171648,0.2875392,1,HEADROOM
360p,10,8,optimistic,owner_only,0.4,125,60.48316746550286,9.625831853280943,12.442410413282232,12.442410413282232,0,41113600,15000000,56113600,93522.66666666667,5.351409912109375,0.032426223140945516,0.016374902074589956,0.032426223140945516,0.09027069196345645,0.0199839744,0.8,40.0320769025805,0.342171648,0.2875392,1,HEADROOM
360p,10,8,optimistic,owner_only,0.5,125,60.48882184797093,9.283660205281194,11.942811053281275,11.942811053281389,0,41113600,15000000,56113600,93522.66666666667,5.351409912109375,0.032429254567296305,0.01637643291305439,0.032429254567296305,0.08524243497484645,0.0199839744,1.0,50.04009612822562,0.342171648,0.2875392,1,HEADROOM
360p,10,8,optimistic,owner_only,0.6,125,60.492592023664656,9.055545773280755,11.609744813280486,11.609744813281509,0,41113600,15000000,56113600,93522.66666666667,5.351409912109375,0.03243127583310377,0.016377453631055375,0.03243127583310377,0.08188974130983459,0.0199839744,1.2,60.04811535387075,0.342171648,0.2875392,1,HEADROOM
360p,10,8,optimistic,owner_only,0.7,125,60.49528529405781,8.89260689328114,11.371840356138819,11.371840356138819,0,41113600,15000000,56113600,93522.66666666667,5.351409912109375,0.03243271974866584,0.016378182793247046,0.03243271974866584,0.07949470422963763,0.0199839744,1.4,70.05613457951587,0.342171648,0.2875392,1,HEADROOM
360p,10,8,optimistic,finishing_owner,0.2,125,60.1557214442605,19.4840913465614,30.572436073124663,30.572436073125232,0,82638336,292862400,375500736,625834.56,35.810540771484376,0.06481583166213335,0.2288286340142857,0.2288286340142857,0.07528200060783861,0.0199839744,3.2,160.128307610322,0.342171648,0.2875392,1,HEADROOM
360p,10,8,optimistic,finishing_owner,0.3,125,60.221122372042544,19.19894830656176,30.28729303312491,30.287293033125252,0,82638336,291480000,374118336,623530.56,35.678704833984376,0.06488629903288205,0.22801884067124856,0.22801884067124856,0.06456999313298466,0.0199839744,4.8,240.192461415483,0.342171648,0.2875392,1,HEADROOM
360p,10,8,optimistic,finishing_owner,0.4,125,60.22287588321134,18.90884715656216,29.997191883125197,29.997191883125197,0,82227200,291480000,373707200,622845.3333333334,35.639495849609375,0.06457335134414965,0.2280254800955579,0.2280254800955579,0.061586443587951345,0.0199839744,6.4,320.256615220644,0.342171648,0.2875392,1,HEADROOM
360p,10,8,optimistic,finishing_owner,0.5,125,60.22413772078909,18.700099011281054,29.78844373784341,29.788443737843977,0,82227200,291480000,373707200,622845.3333333334,35.639495849609375,0.06457470433634825,0.22803025786671627,0.22803025786671627,0.0581546061672309,0.0199839744,8.0,400.32076902580496,0.342171648,0.2875392,1,HEADROOM
360p,10,8,optimistic,finishing_owner,0.6,125,60.22448245563783,18.643070403280944,29.7314151298433,29.73141512984398,0,82227200,291480000,373707200,622845.3333333334,35.639495849609375,0.06457507397469883,0.22803156315691103,0.22803156315691103,0.05586617406850303,0.0199839744,9.6,480.384922830966,0.342171648,0.2875392,1,HEADROOM
360p,10,8,optimistic,finishing_owner,0.7,125,60.22472869723183,18.602335683281126,29.69068040984348,29.690680409843935,0,82227200,291480000,373707200,622845.3333333334,35.639495849609375,0.06457533800468299,0.22803249551619922,0.22803249551619922,0.05423156367207545,0.0199839744,11.2,560.449076636127,0.342171648,0.2875392,1,HEADROOM
360p,10,8,optimistic,independent_au,0.2,125,60.5166904986253,9.441138175427113,11.082546175430252,11.869957435429683,0,82638336,20250000,102888336,171480.56,9.812196350097656,0.06520476406791668,0.020423902869350415,0.06520476406791668,0.07573373606903294,0.0199839744,3.2,160.128307610322,0.342171648,0.2875392,1,HEADROOM
360p,10,8,optimistic,independent_au,0.3,125,60.522433731535045,8.785587710858636,10.324993120859432,11.584814395429689,0,82638336,20250000,102888336,171480.56,9.812196350097656,0.06521095221442273,0.02042584116488737,0.06521095221442273,0.06489306370435537,0.0199839744,4.8,240.192461415483,0.342171648,0.2875392,1,HEADROOM
360p,10,8,optimistic,independent_au,0.4,125,60.52661673573636,8.495486560859035,9.925000190859464,9.925000190859464,0,82227200,20250000,102477200,170795.33333333334,9.772987365722656,0.0648990343093024,0.020427252895614978,0.0648990343093024,0.06189706174766304,0.0199839744,6.4,320.256615220644,0.342171648,0.2875392,1,HEADROOM
360p,10,8,optimistic,independent_au,0.5,125,60.52910907679513,8.238857824859224,9.687909472859246,9.687909472859587,0,82227200,20250000,102477200,170795.33333333334,9.772987365722656,0.06490170669604077,0.020428094040946653,0.06490170669604077,0.05844909754181966,0.0199839744,8.0,400.32076902580496,0.342171648,0.2875392,1,HEADROOM
360p,10,8,optimistic,independent_au,0.6,125,60.53119854768959,8.162952605429382,9.459795040858808,9.459795040859603,0,82227200,20250000,102477200,170795.33333333334,9.772987365722656,0.06490394710944204,0.02042879922079448,0.06490394710944204,0.05615069381677644,0.0199839744,9.6,480.384922830966,0.342171648,0.2875392,1,HEADROOM
360p,10,8,optimistic,independent_au,0.7,125,60.532602637185825,8.122217885429563,9.296856160859534,9.296856160859534,0,82227200,20250000,102477200,170795.33333333334,9.772987365722656,0.06490545262977844,0.02042927308985861,0.06490545262977844,0.0545088000422304,0.0199839744,11.2,560.449076636127,0.342171648,0.2875392,1,HEADROOM
360p,10,8,optimistic,raw_gather,0.2,125,41.76048330598551,2203.077777869982,4129.525277869963,4324.786996619961,579,82638336,1866240000,1948878336,3248130.56,185.859521484375,0.04499556137146683,0.994336682742062,0.994336682742062,0.05226124222511154,0.0199839744,3.2,160.128307610322,0.342171648,0.2875392,1,INTERCONNECT
360p,10,8,optimistic,raw_gather,0.3,125,41.76131210872272,2202.7926348299825,4129.240134829963,4324.501853579961,580,82638336,1866240000,1948878336,3248130.56,185.859521484375,0.04499645437943692,0.9943564169237362,0.9943564169237362,0.044777106933106735,0.0199839744,4.8,240.192461415483,0.342171648,0.2875392,1,INTERCONNECT
360p,10,8,optimistic,raw_gather,0.4,125,41.76172652242812,2202.650063309982,4129.097563309962,4324.359282059961,580,82227200,1866240000,1948467200,3247445.3333333335,185.8203125,0.044778576245689,0.9943662843083183,0.9943662843083183,0.042707296469811556,0.0199839744,6.4,320.256615220644,0.342171648,0.2875392,1,INTERCONNECT
360p,10,8,optimistic,raw_gather,0.5,125,41.76197517459928,2202.564520397982,4129.012020397962,4324.27373914796,579,82227200,1866240000,1948467200,3247445.3333333335,185.8203125,0.0447788428603894,0.9943722048330693,0.9943722048330693,0.040326874089990264,0.0199839744,8.0,400.32076902580496,0.342171648,0.2875392,1,INTERCONNECT
360p,10,8,optimistic,raw_gather,0.6,125,41.76214094435838,2202.507491789982,4128.954991789962,4324.21671053996,579,82227200,1866240000,1948467200,3247445.3333333335,185.8203125,0.04477902060528682,0.9943761518887381,0.9943761518887381,0.038739910088716314,0.0199839744,9.6,480.384922830966,0.342171648,0.2875392,1,INTERCONNECT
360p,10,8,optimistic,raw_gather,0.7,125,41.76225935213489,2202.466757069982,4128.914257069962,4324.1759758199605,579,82227200,1866240000,1948467200,3247445.3333333335,185.8203125,0.04477914756679178,0.9943789712334005,0.9943789712334005,0.03760635666008625,0.0199839744,11.2,560.449076636127,0.342171648,0.2875392,1,INTERCONNECT
360p,10,8,median,owner_only,0.2,125,60.24644135049027,24.100481453280736,33.32817041328326,33.32817041328326,0,41113600,15000000,56113600,93522.66666666667,5.351409912109375,0.03229930958548291,0.01631081206220692,0.03229930958548291,0.2996328324246281,0.08367390720000001,0.4,4.780462791631177,1.443446784,1.1501568,1,HEADROOM
360p,10,8,median,owner_only,0.3,125,60.325108490394236,19.28899217328035,26.3553448132825,26.3553448132825,0,41113600,15000000,56113600,93522.66666666667,5.351409912109375,0.03234148459613924,0.01633210999957355,0.03234148459613924,0.2299180029310891,0.08367390720000001,0.6,7.170694187446765,1.443446784,1.1501568,1,HEADROOM
360p,10,8,median,owner_only,0.4,125,60.36451915073222,16.883247533278336,22.868932013282574,22.868932013282574,0,41113600,15000000,56113600,93522.66666666667,5.351409912109375,0.03236261343114908,0.016342779839311976,0.03236261343114908,0.19499227067438313,0.08367390720000001,0.8,9.560925583262353,1.443446784,1.1501568,1,HEADROOM
360p,10,8,median,owner_only,0.5,125,60.38819027389993,15.439800749280948,20.77708433328189,20.77708433328189,0,41113600,15000000,56113600,93522.66666666667,5.351409912109375,0.03237530398877027,0.0163491884376065,0.03237530398877027,0.17401491828080312,0.08367390720000001,1.0,11.951156979077942,1.443446784,1.1501568,1,HEADROOM
360p,10,8,median,owner_only,0.6,125,60.403981339051164,14.477502893280871,19.38251921328174,19.38251921328265,0,41113600,15000000,56113600,93522.66666666667,5.351409912109375,0.03238376989132934,0.016353463629471286,0.03238376989132934,0.16002087431423231,0.08367390720000001,1.2,14.34138837489353,1.443446784,1.1501568,1,HEADROOM
360p,10,8,median,owner_only,0.7,125,60.415265728467176,13.790147281852114,18.38640127042345,18.386401270424244,0,41113600,15000000,56113600,93522.66666666667,5.351409912109375,0.03238981967583214,0.01635651870709704,0.03238981967583214,0.1500206469634669,0.08367390720000001,1.4,16.731619770709116,1.443446784,1.1501568,1,HEADROOM
360p,10,8,median,finishing_owner,0.2,125,60.00798680445238,33.492649049843294,55.1278687764061,55.12786877640656,0,163632128,566577600,730209728,1217016.2133333334,69.63822631835937,0.12803444708317033,0.43712258342904226,0.43712258342904226,0.10348635598803047,0.08367390720000001,3.2,38.24370233304941,1.443446784,1.1501568,1,HEADROOM
360p,10,8,median,finishing_owner,0.3,125,60.07858702272317,32.2897767298432,43.37812145640601,43.378121456406575,0,123751936,431102400,554854336,924757.2266666667,52.915032958984376,0.09694204139206344,0.33414211070887545,0.33414211070887545,0.10999966330607991,0.08367390720000001,4.8,57.36555349957412,1.443446784,1.1501568,1,HEADROOM
360p,10,8,median,finishing_owner,0.4,125,60.14572717491948,21.141465569842694,42.77668529640596,42.77668529640653,0,123340800,429720000,553060800,921768.0,52.743988037109375,0.09672792473768452,0.33345827837263997,0.33345827837263997,0.09364444211088292,0.08367390720000001,6.4,76.48740466609883,1.443446784,1.1501568,1,HEADROOM
360p,10,8,median,finishing_owner,0.5,125,60.085752186677844,31.09884690784338,42.18719163440619,42.18719163440642,0,122929664,429720000,552649664,921082.7733333333,52.704779052734374,0.0963093397903011,0.3331257667003426,0.3331257667003426,0.08970674069909991,0.08367390720000001,8.0,95.60925583262353,1.443446784,1.1501568,1,HEADROOM
360p,10,8,median,finishing_owner,0.6,125,60.15098611151587,20.26929454656215,41.90451427312473,41.9045142731253,0,122929664,428337600,551267264,918778.7733333333,52.572943115234374,0.0964139009550438,0.33243009327083645,0.33243009327083645,0.08284908102266922,0.08367390720000001,9.6,114.73110699914824,1.443446784,1.1501568,1,HEADROOM
360p,10,8,median,finishing_owner,0.7,125,60.15202235837109,20.09745564370496,41.732675370267316,41.73267537026811,0,122929664,428337600,551267264,918778.7733333333,52.572943115234374,0.09641556191869748,0.33243582018673595,0.33243582018673595,0.07766855250076893,0.08367390720000001,11.2,133.85295816567293,1.443446784,1.1501568,1,HEADROOM
360p,10,8,median,independent_au,0.2,125,60.4671702407793,15.226735963905867,17.586596927812934,19.09981238390624,0,163632128,27000000,190632128,317720.2133333333,18.180096435546876,0.12901417162502926,0.02559712902724507,0.12901417162502926,0.10427823758723134,0.08367390720000001,3.2,38.24370233304941,1.443446784,1.1501568,1,HEADROOM
360p,10,8,median,independent_au,0.3,125,60.481082856010616,14.02386364390577,15.08010153781288,16.32616575390624,0,123751936,27000000,150751936,251253.22666666665,14.376824951171875,0.09759150353264154,0.025603018553838827,0.09759150353264154,0.11073660484112256,0.08367390720000001,4.8,57.36555349957412,1.443446784,1.1501568,1,HEADROOM
360p,10,8,median,independent_au,0.4,125,60.48586741950031,12.974674463905103,13.845750237812354,15.846933753906242,0,123340800,27000000,150340800,250568.0,14.337615966796875,0.09727494713683829,0.025605043968431527,0.09727494713683829,0.09417402658744262,0.08367390720000001,6.4,76.48740466609883,1.443446784,1.1501568,1,HEADROOM
360p,10,8,median,independent_au,0.5,125,60.49363502234997,12.422675803905804,13.269321311718159,15.33076258790625,0,122929664,27000000,149929664,249882.77333333335,14.298406982421875,0.09696312084796901,0.025608332171461093,0.09696312084796901,0.09031570103401547,0.08367390720000001,8.0,95.60925583262353,1.443446784,1.1501568,1,HEADROOM
360p,10,8,median,independent_au,0.6,125,60.49986438070222,11.88257846390593,12.729223971718966,14.63009078390624,0,122929664,27000000,149929664,249882.77333333335,14.298406982421875,0.09697310566747094,0.025610969200593834,0.09697310566747094,0.08332960920448956,0.08367390720000001,9.6,114.73110699914824,1.443446784,1.1501568,1,HEADROOM
360p,10,8,median,independent_au,0.7,125,60.50510625586941,11.367061755334362,12.431429842097714,13.942735172477114,0,122929664,27000000,149929664,249882.77333333335,14.298406982421875,0.09698150768489176,0.025613188205625245,0.09698150768489176,0.07812445596261168,0.08367390720000001,11.2,133.85295816567293,1.443446784,1.1501568,1,HEADROOM
360p,10,8,median,raw_gather,0.2,125,41.75121067355876,2206.2687257099824,4132.716225709963,4327.977944459961,580,163632128,1866240000,2029872128,3383120.2133333334,193.58369140625,0.08908136163710514,0.9941158970174347,0.9941158970174347,0.07200175977865966,0.08367390720000001,3.2,38.24370233304941,1.443446784,1.1501568,1,INTERCONNECT
360p,10,8,median,raw_gather,0.3,125,41.75470563815348,2205.0658533899823,4131.5133533899625,4326.775072139961,581,123751936,1866240000,1989991936,3316653.2266666666,189.780419921875,0.06737486021028306,0.9941991137626996,0.9941991137626996,0.07644992649218223,0.08367390720000001,4.8,57.36555349957412,1.443446784,1.1501568,1,INTERCONNECT
360p,10,8,median,raw_gather,0.4,125,41.7564533398808,2204.4644172299822,4130.911917229963,4326.173635979962,579,123340800,1866240000,1989580800,3315968.0,189.7412109375,0.0671538156688357,0.9942407273600622,0.9942407273600622,0.06501309338517423,0.08367390720000001,6.4,76.48740466609883,1.443446784,1.1501568,1,INTERCONNECT
360p,10,8,median,raw_gather,0.5,125,41.757502031145364,2204.103555533982,4130.551055533962,4325.812774283961,579,122929664,1866240000,1989169664,3315282.7733333334,189.702001953125,0.06693163196854246,0.9942656971906455,0.9942656971906455,0.06234305589305144,0.08367390720000001,8.0,95.60925583262353,1.443446784,1.1501568,1,INTERCONNECT
360p,10,8,median,raw_gather,0.6,125,41.758201187919255,2203.862981069982,4130.310481069962,4325.572199819961,580,122929664,1866240000,1989169664,3315282.7733333334,189.702001953125,0.06693275262235561,0.9942823444411617,0.9942823444411617,0.05751574192258339,0.08367390720000001,9.6,114.73110699914824,1.443446784,1.1501568,1,INTERCONNECT
360p,10,8,median,raw_gather,0.7,125,41.758700599949144,2203.691142167125,4130.138642167105,4325.400360917103,579,122929664,1866240000,1989169664,3315282.7733333334,189.702001953125,0.06693355311234087,0.9942942356756928,0.9942942356756928,0.05391901556672567,0.08367390720000001,11.2,133.85295816567293,1.443446784,1.1501568,1,INTERCONNECT
360p,10,8,adversarial,owner_only,0.2,125,59.592781390694235,64.83298961328092,91.65162641328243,91.65162641328243,0,41113600,15000000,56113600,93522.66666666667,5.351409912109375,0.03194886954401621,0.016133843522359113,0.03194886954401621,0.8756580460269736,0.2978906112,0.4,1.3427747802747805,5.1757056,3.9105331199999998,1,NODE_QUEUE_HEADROOM_LOW
360p,10,8,adversarial,owner_only,0.3,125,59.86862495505825,47.58063761327867,66.827408813283,66.827408813283,0,41113600,15000000,56113600,93522.66666666667,5.351409912109375,0.03209675473827564,0.01620852399204422,0.03209675473827564,0.6320126704231697,0.2978906112,0.6,2.014162170412171,5.1757056,3.9105331199999998,1,HEADROOM
360p,10,8,adversarial,owner_only,0.4,125,60.007506578948295,38.95446161328073,54.41530001328101,54.41530001328147,0,41113600,15000000,56113600,93522.66666666667,5.351409912109375,0.0321712119255419,0.016246124089500366,0.0321712119255419,0.5093421796499414,0.2978906112,0.8,2.685549560549561,5.1757056,3.9105331199999998,1,HEADROOM
360p,10,8,adversarial,owner_only,0.5,125,60.09114527126452,33.778756013281054,46.968034733282366,46.968034733282366,0,41113600,15000000,56113600,93522.66666666667,5.351409912109375,0.03221605228384175,0.016268767999429622,0.03221605228384175,0.4354663194268265,0.2978906112,1.0,3.356936950686951,5.1757056,3.9105331199999998,1,HEADROOM
360p,10,8,adversarial,owner_only,0.6,125,60.147034048756254,30.32828561328097,42.00319121328357,42.00319121328357,0,41113600,15000000,56113600,93522.66666666667,5.351409912109375,0.03224601536358712,0.016283899039962805,0.03224601536358712,0.3861012301400249,0.2978906112,1.2,4.028324340824342,5.1757056,3.9105331199999998,1,HEADROOM
360p,10,8,adversarial,owner_only,0.7,125,60.18701829576066,27.863663898995497,38.456874413281184,38.456874413281525,0,41113600,15000000,56113600,93522.66666666667,5.351409912109375,0.03226745170976107,0.01629472416960895,0.03226745170976107,0.35078419491362706,0.2978906112,1.4,4.699711730961732,5.1757056,3.9105331199999998,1,HEADROOM
360p,10,8,adversarial,finishing_owner,0.2,125,59.88383108580408,54.22265108984334,65.31099581640592,65.31099581640649,0,205979136,569342400,775321536,1292202.56,73.94042358398437,0.16082163076763986,0.43832347361213475,0.43832347361213475,0.2669057841047942,0.2978906112,3.2,10.742198242198244,5.1757056,3.9105331199999998,1,HEADROOM
360p,10,8,adversarial,finishing_owner,0.3,125,59.90962060317376,49.90956308984278,60.99790781640604,60.997907816406496,0,205156864,569342400,774499264,1290832.1066666667,73.86200561523438,0.1602565033510185,0.43851224160895946,0.43851224160895946,0.21875359758042565,0.2978906112,4.8,16.113297363297367,5.1757056,3.9105331199999998,1,HEADROOM
360p,10,8,adversarial,finishing_owner,0.4,125,59.985708176284625,37.20614408984329,58.84136381640565,58.841363816406556,0,164865536,567960000,732825536,1221375.8933333333,69.88768920898437,0.12894370054664614,0.4380147331164336,0.4380147331164336,0.17706558688872223,0.2978906112,6.4,21.484396484396488,5.1757056,3.9105331199999998,1,HEADROOM
360p,10,8,adversarial,finishing_owner,0.5,125,59.993469040571036,35.912217689843374,57.547437416405955,57.547437416406524,0,164454400,566577600,731032000,1218386.6666666667,69.71664428710938,0.1286387462351554,0.4370168301320002,0.4370168301320002,0.15180599428535077,0.2978906112,8.0,26.85549560549561,5.1757056,3.9105331199999998,1,HEADROOM
360p,10,8,adversarial,finishing_owner,0.6,125,59.99864406584644,35.04960008984335,56.68481981640616,56.6848198164065,0,164454400,566577600,731032000,1218386.6666666667,69.71664428710938,0.12864984258903875,0.4370545271209872,0.4370545271209872,0.13452303857825498,0.2978906112,9.6,32.22659472659473,5.1757056,3.9105331199999998,1,HEADROOM
360p,10,8,adversarial,finishing_owner,0.7,125,60.002341059113625,34.433444661272006,56.06866438783436,56.068664387835156,0,163632128,566577600,730209728,1217016.2133333334,69.63822631835937,0.1280224011885934,0.437081457523654,0.437081457523654,0.12233574028995259,0.2978906112,11.2,37.597693847693854,5.1757056,3.9105331199999998,1,HEADROOM
360p,10,8,adversarial,independent_au,0.2,125,60.351715685222544,28.85546358984334,32.07218233984349,35.28890108984342,0,205979136,45000000,250979136,418298.56,23.935235595703126,0.16207816300556108,0.03936166597484707,0.16207816300556108,0.2689911734931152,0.2978906112,3.2,10.742198242198244,5.1757056,3.9105331199999998,1,HEADROOM
360p,10,8,adversarial,independent_au,0.3,125,60.38911319520179,24.542375589842777,25.915515339844205,28.251298929687493,0,205156864,45000000,250156864,416928.1066666667,23.856817626953124,0.16153913217436072,0.03938605680250425,0.16153913217436072,0.22050441370082915,0.2978906112,4.8,16.113297363297367,5.1757056,3.9105331199999998,1,HEADROOM
360p,10,8,adversarial,independent_au,0.4,125,60.41533985264106,21.602427339843416,23.03803617968697,25.60255033984322,0,164865536,45000000,209865536,349775.8933333333,20.014337158203126,0.12986722549793378,0.03940316194886242,0.12986722549793378,0.17833377204870196,0.2978906112,6.4,21.484396484396488,5.1757056,3.9105331199999998,1,HEADROOM
360p,10,8,adversarial,independent_au,0.5,125,60.434052185579574,19.01457453984358,21.0919051898436,24.308623939843528,0,164454400,45000000,209454400,349090.6666666667,19.975128173828125,0.129583450121972,0.03941536621829159,0.129583450121972,0.15292083500823275,0.2978906112,8.0,26.85549560549561,5.1757056,3.9105331199999998,1,HEADROOM
360p,10,8,adversarial,independent_au,0.6,125,60.443274503876076,17.664773429687102,20.229287589843807,23.286006339843738,0,164454400,45000000,209454400,349090.6666666667,19.975128173828125,0.12960322473214236,0.03942138105661357,0.12960322473214236,0.13551994506671636,0.2978906112,9.6,32.22659472659473,5.1757056,3.9105331199999998,1,HEADROOM
360p,10,8,adversarial,independent_au,0.7,125,60.4511603098316,16.70923307254452,19.27374723270077,22.151081054129463,0,163632128,45000000,208632128,347720.2133333333,19.896710205078126,0.12898001246112648,0.03942652421545238,0.12898001246112648,0.12325081517409539,0.2978906112,11.2,37.597693847693854,5.1757056,3.9105331199999998,1,HEADROOM
360p,10,8,adversarial,raw_gather,0.2,125,41.721646861844654,2216.451852749982,4142.899352749962,4338.161071499961,582,205979136,1866240000,2072219136,3453698.56,197.622216796875,0.11204599246530234,0.9934119688024852,0.9934119688024852,0.1859558526549212,0.2978906112,3.2,10.742198242198244,5.1757056,3.9105331199999998,1,INTERCONNECT
360p,10,8,adversarial,raw_gather,0.3,125,41.73416357286246,2212.1387647499823,4138.586264749963,4333.847983499962,581,205156864,1866240000,2071396864,3452328.1066666665,197.543798828125,0.11163768117924078,0.9937099975590272,0.9937099975590272,0.1523878524293304,0.2978906112,4.8,16.113297363297367,5.1757056,3.9105331199999998,1,INTERCONNECT
360p,10,8,adversarial,raw_gather,0.4,125,41.74042474510267,2209.982220749982,4136.429720749962,4331.69143949996,580,164865536,1866240000,2031105536,3385175.8933333335,193.701318359375,0.08972411917194267,0.9938590790049913,0.9938590790049913,0.12320922815074978,0.2978906112,6.4,21.484396484396488,5.1757056,3.9105331199999998,1,INTERCONNECT
360p,10,8,adversarial,raw_gather,0.5,125,41.74418235028768,2208.6882943499822,4135.135794349962,4330.397513099961,581,164454400,1866240000,2030694400,3384490.6666666665,193.662109375,0.0895083975977662,0.9939485493458237,0.9939485493458237,0.10562844937386362,0.2978906112,8.0,26.85549560549561,5.1757056,3.9105331199999998,1,INTERCONNECT
360p,10,8,adversarial,raw_gather,0.6,125,41.746687796290814,2207.8256767499824,4134.273176749963,4329.534895499961,581,164454400,1866240000,2030694400,3384490.6666666665,193.662109375,0.0895137698064042,0.9940082051895861,0.9940082051895861,0.09360030347971778,0.2978906112,9.6,32.22659472659473,5.1757056,3.9105331199999998,1,INTERCONNECT
360p,10,8,adversarial,raw_gather,0.7,125,41.74847758471868,2207.2095213214106,4133.657021321391,4328.918740071389,581,163632128,1866240000,2029872128,3383120.2133333334,193.58369140625,0.08907553025469916,0.9940508208910168,0.9940508208910168,0.08511886071700714,0.2978906112,11.2,37.597693847693854,5.1757056,3.9105331199999998,1,INTERCONNECT
360p,10,16,optimistic,owner_only,0.2,125,60.45491140258915,11.336690093277866,14.940407213282015,14.940407213282015,0,41113600,15000000,56113600,93522.66666666667,5.351409912109375,0.03241107450638289,0.016367252173260145,0.03241107450638289,0.11539788253099387,0.0199839744,0.4,20.01603845129025,0.342171648,0.2875392,1,HEADROOM
360p,10,16,optimistic,owner_only,0.3,125,60.47374584351744,10.19611793327931,13.27507601328125,13.275076013283979,0,41113600,15000000,56113600,93522.66666666667,5.351409912109375,0.03242117202292953,0.016372351313049847,0.03242117202292953,0.09864903157165333,0.0199839744,0.6,30.024057676935374,0.342171648,0.2875392,1,HEADROOM
360p,10,16,optimistic,owner_only,0.4,125,60.48316746550286,9.625831853280943,12.442410413282232,12.442410413282232,0,41113600,15000000,56113600,93522.66666666667,5.351409912109375,0.032426223140945516,0.016374902074589956,0.032426223140945516,0.09027069196345645,0.0199839744,0.8,40.0320769025805,0.342171648,0.2875392,1,HEADROOM
360p,10,16,optimistic,owner_only,0.5,125,60.48882184797093,9.283660205281194,11.942811053281275,11.942811053281389,0,41113600,15000000,56113600,93522.66666666667,5.351409912109375,0.032429254567296305,0.01637643291305439,0.032429254567296305,0.08524243497484645,0.0199839744,1.0,50.04009612822562,0.342171648,0.2875392,1,HEADROOM
360p,10,16,optimistic,owner_only,0.6,125,60.492592023664656,9.055545773280755,11.609744813280486,11.609744813281509,0,41113600,15000000,56113600,93522.66666666667,5.351409912109375,0.03243127583310377,0.016377453631055375,0.03243127583310377,0.08188974130983459,0.0199839744,1.2,60.04811535387075,0.342171648,0.2875392,1,HEADROOM
360p,10,16,optimistic,owner_only,0.7,125,60.49528529405781,8.89260689328114,11.371840356138819,11.371840356138819,0,41113600,15000000,56113600,93522.66666666667,5.351409912109375,0.03243271974866584,0.016378182793247046,0.03243271974866584,0.07949470422963763,0.0199839744,1.4,70.05613457951587,0.342171648,0.2875392,1,HEADROOM
360p,10,16,optimistic,finishing_owner,0.2,125,60.1557214442605,19.4840913465614,30.572436073124663,30.572436073125232,0,82638336,292862400,375500736,625834.56,35.810540771484376,0.06481583166213335,0.2288286340142857,0.2288286340142857,0.07528200060783861,0.0199839744,6.4,320.256615220644,0.342171648,0.2875392,1,HEADROOM
360p,10,16,optimistic,finishing_owner,0.3,125,60.221122372042544,19.19894830656176,30.28729303312491,30.287293033125252,0,82638336,291480000,374118336,623530.56,35.678704833984376,0.06488629903288205,0.22801884067124856,0.22801884067124856,0.06456999313298466,0.0199839744,9.6,480.384922830966,0.342171648,0.2875392,1,HEADROOM
360p,10,16,optimistic,finishing_owner,0.4,125,60.22287588321134,18.90884715656216,29.997191883125197,29.997191883125197,0,82227200,291480000,373707200,622845.3333333334,35.639495849609375,0.06457335134414965,0.2280254800955579,0.2280254800955579,0.061586443587951345,0.0199839744,12.8,640.513230441288,0.342171648,0.2875392,1,HEADROOM
360p,10,16,optimistic,finishing_owner,0.5,125,60.22413772078909,18.700099011281054,29.78844373784341,29.788443737843977,0,82227200,291480000,373707200,622845.3333333334,35.639495849609375,0.06457470433634825,0.22803025786671627,0.22803025786671627,0.0581546061672309,0.0199839744,16.0,800.6415380516099,0.342171648,0.2875392,1,HEADROOM
360p,10,16,optimistic,finishing_owner,0.6,125,60.22448245563783,18.643070403280944,29.7314151298433,29.73141512984398,0,82227200,291480000,373707200,622845.3333333334,35.639495849609375,0.06457507397469883,0.22803156315691103,0.22803156315691103,0.05586617406850303,0.0199839744,19.2,960.769845661932,0.342171648,0.2875392,1,HEADROOM
360p,10,16,optimistic,finishing_owner,0.7,125,60.22472869723183,18.602335683281126,29.69068040984348,29.690680409843935,0,82227200,291480000,373707200,622845.3333333334,35.639495849609375,0.06457533800468299,0.22803249551619922,0.22803249551619922,0.05423156367207545,0.0199839744,22.4,1120.898153272254,0.342171648,0.2875392,1,HEADROOM
360p,10,16,optimistic,independent_au,0.2,125,60.5166904986253,9.441138175427113,11.082546175430252,11.869957435429683,0,82638336,20250000,102888336,171480.56,9.812196350097656,0.06520476406791668,0.020423902869350415,0.06520476406791668,0.07573373606903294,0.0199839744,6.4,320.256615220644,0.342171648,0.2875392,1,HEADROOM
360p,10,16,optimistic,independent_au,0.3,125,60.522433731535045,8.785587710858636,10.324993120859432,11.584814395429689,0,82638336,20250000,102888336,171480.56,9.812196350097656,0.06521095221442273,0.02042584116488737,0.06521095221442273,0.06489306370435537,0.0199839744,9.6,480.384922830966,0.342171648,0.2875392,1,HEADROOM
360p,10,16,optimistic,independent_au,0.4,125,60.52661673573636,8.495486560859035,9.925000190859464,9.925000190859464,0,82227200,20250000,102477200,170795.33333333334,9.772987365722656,0.0648990343093024,0.020427252895614978,0.0648990343093024,0.06189706174766304,0.0199839744,12.8,640.513230441288,0.342171648,0.2875392,1,HEADROOM
360p,10,16,optimistic,independent_au,0.5,125,60.52910907679513,8.238857824859224,9.687909472859246,9.687909472859587,0,82227200,20250000,102477200,170795.33333333334,9.772987365722656,0.06490170669604077,0.020428094040946653,0.06490170669604077,0.05844909754181966,0.0199839744,16.0,800.6415380516099,0.342171648,0.2875392,1,HEADROOM
360p,10,16,optimistic,independent_au,0.6,125,60.53119854768959,8.162952605429382,9.459795040858808,9.459795040859603,0,82227200,20250000,102477200,170795.33333333334,9.772987365722656,0.06490394710944204,0.02042879922079448,0.06490394710944204,0.05615069381677644,0.0199839744,19.2,960.769845661932,0.342171648,0.2875392,1,HEADROOM
360p,10,16,optimistic,independent_au,0.7,125,60.532602637185825,8.122217885429563,9.296856160859534,9.296856160859534,0,82227200,20250000,102477200,170795.33333333334,9.772987365722656,0.06490545262977844,0.02042927308985861,0.06490545262977844,0.0545088000422304,0.0199839744,22.4,1120.898153272254,0.342171648,0.2875392,1,HEADROOM
360p,10,16,optimistic,raw_gather,0.2,125,41.76048330598551,2203.077777869982,4129.525277869963,4324.786996619961,579,82638336,1866240000,1948878336,3248130.56,185.859521484375,0.04499556137146683,0.994336682742062,0.994336682742062,0.05226124222511154,0.0199839744,6.4,320.256615220644,0.342171648,0.2875392,1,INTERCONNECT
360p,10,16,optimistic,raw_gather,0.3,125,41.76131210872272,2202.7926348299825,4129.240134829963,4324.501853579961,580,82638336,1866240000,1948878336,3248130.56,185.859521484375,0.04499645437943692,0.9943564169237362,0.9943564169237362,0.044777106933106735,0.0199839744,9.6,480.384922830966,0.342171648,0.2875392,1,INTERCONNECT
360p,10,16,optimistic,raw_gather,0.4,125,41.76172652242812,2202.650063309982,4129.097563309962,4324.359282059961,580,82227200,1866240000,1948467200,3247445.3333333335,185.8203125,0.044778576245689,0.9943662843083183,0.9943662843083183,0.042707296469811556,0.0199839744,12.8,640.513230441288,0.342171648,0.2875392,1,INTERCONNECT
360p,10,16,optimistic,raw_gather,0.5,125,41.76197517459928,2202.564520397982,4129.012020397962,4324.27373914796,579,82227200,1866240000,1948467200,3247445.3333333335,185.8203125,0.0447788428603894,0.9943722048330693,0.9943722048330693,0.040326874089990264,0.0199839744,16.0,800.6415380516099,0.342171648,0.2875392,1,INTERCONNECT
360p,10,16,optimistic,raw_gather,0.6,125,41.76214094435838,2202.507491789982,4128.954991789962,4324.21671053996,579,82227200,1866240000,1948467200,3247445.3333333335,185.8203125,0.04477902060528682,0.9943761518887381,0.9943761518887381,0.038739910088716314,0.0199839744,19.2,960.769845661932,0.342171648,0.2875392,1,INTERCONNECT
360p,10,16,optimistic,raw_gather,0.7,125,41.76225935213489,2202.466757069982,4128.914257069962,4324.1759758199605,579,82227200,1866240000,1948467200,3247445.3333333335,185.8203125,0.04477914756679178,0.9943789712334005,0.9943789712334005,0.03760635666008625,0.0199839744,22.4,1120.898153272254,0.342171648,0.2875392,1,INTERCONNECT
360p,10,16,median,owner_only,0.2,125,60.24644135049027,24.100481453280736,33.32817041328326,33.32817041328326,0,41113600,15000000,56113600,93522.66666666667,5.351409912109375,0.03229930958548291,0.01631081206220692,0.03229930958548291,0.2996328324246281,0.08367390720000001,0.4,4.780462791631177,1.443446784,1.1501568,1,HEADROOM
360p,10,16,median,owner_only,0.3,125,60.325108490394236,19.28899217328035,26.3553448132825,26.3553448132825,0,41113600,15000000,56113600,93522.66666666667,5.351409912109375,0.03234148459613924,0.01633210999957355,0.03234148459613924,0.2299180029310891,0.08367390720000001,0.6,7.170694187446765,1.443446784,1.1501568,1,HEADROOM
360p,10,16,median,owner_only,0.4,125,60.36451915073222,16.883247533278336,22.868932013282574,22.868932013282574,0,41113600,15000000,56113600,93522.66666666667,5.351409912109375,0.03236261343114908,0.016342779839311976,0.03236261343114908,0.19499227067438313,0.08367390720000001,0.8,9.560925583262353,1.443446784,1.1501568,1,HEADROOM
360p,10,16,median,owner_only,0.5,125,60.38819027389993,15.439800749280948,20.77708433328189,20.77708433328189,0,41113600,15000000,56113600,93522.66666666667,5.351409912109375,0.03237530398877027,0.0163491884376065,0.03237530398877027,0.17401491828080312,0.08367390720000001,1.0,11.951156979077942,1.443446784,1.1501568,1,HEADROOM
360p,10,16,median,owner_only,0.6,125,60.403981339051164,14.477502893280871,19.38251921328174,19.38251921328265,0,41113600,15000000,56113600,93522.66666666667,5.351409912109375,0.03238376989132934,0.016353463629471286,0.03238376989132934,0.16002087431423231,0.08367390720000001,1.2,14.34138837489353,1.443446784,1.1501568,1,HEADROOM
360p,10,16,median,owner_only,0.7,125,60.415265728467176,13.790147281852114,18.38640127042345,18.386401270424244,0,41113600,15000000,56113600,93522.66666666667,5.351409912109375,0.03238981967583214,0.01635651870709704,0.03238981967583214,0.1500206469634669,0.08367390720000001,1.4,16.731619770709116,1.443446784,1.1501568,1,HEADROOM
360p,10,16,median,finishing_owner,0.2,125,60.00798680445238,33.492649049843294,55.1278687764061,55.12786877640656,0,163632128,566577600,730209728,1217016.2133333334,69.63822631835937,0.12803444708317033,0.43712258342904226,0.43712258342904226,0.10348635598803047,0.08367390720000001,6.4,76.48740466609883,1.443446784,1.1501568,1,HEADROOM
360p,10,16,median,finishing_owner,0.3,125,60.07858702272317,32.2897767298432,43.37812145640601,43.378121456406575,0,123751936,431102400,554854336,924757.2266666667,52.915032958984376,0.09694204139206344,0.33414211070887545,0.33414211070887545,0.10999966330607991,0.08367390720000001,9.6,114.73110699914824,1.443446784,1.1501568,1,HEADROOM
360p,10,16,median,finishing_owner,0.4,125,60.14572717491948,21.141465569842694,42.77668529640596,42.77668529640653,0,123340800,429720000,553060800,921768.0,52.743988037109375,0.09672792473768452,0.33345827837263997,0.33345827837263997,0.09364444211088292,0.08367390720000001,12.8,152.97480933219765,1.443446784,1.1501568,1,HEADROOM
360p,10,16,median,finishing_owner,0.5,125,60.085752186677844,31.09884690784338,42.18719163440619,42.18719163440642,0,122929664,429720000,552649664,921082.7733333333,52.704779052734374,0.0963093397903011,0.3331257667003426,0.3331257667003426,0.08970674069909991,0.08367390720000001,16.0,191.21851166524706,1.443446784,1.1501568,1,HEADROOM
360p,10,16,median,finishing_owner,0.6,125,60.15098611151587,20.26929454656215,41.90451427312473,41.9045142731253,0,122929664,428337600,551267264,918778.7733333333,52.572943115234374,0.0964139009550438,0.33243009327083645,0.33243009327083645,0.08284908102266922,0.08367390720000001,19.2,229.46221399829648,1.443446784,1.1501568,1,HEADROOM
360p,10,16,median,finishing_owner,0.7,125,60.15202235837109,20.09745564370496,41.732675370267316,41.73267537026811,0,122929664,428337600,551267264,918778.7733333333,52.572943115234374,0.09641556191869748,0.33243582018673595,0.33243582018673595,0.07766855250076893,0.08367390720000001,22.4,267.70591633134586,1.443446784,1.1501568,1,HEADROOM
360p,10,16,median,independent_au,0.2,125,60.4671702407793,15.226735963905867,17.586596927812934,19.09981238390624,0,163632128,27000000,190632128,317720.2133333333,18.180096435546876,0.12901417162502926,0.02559712902724507,0.12901417162502926,0.10427823758723134,0.08367390720000001,6.4,76.48740466609883,1.443446784,1.1501568,1,HEADROOM
360p,10,16,median,independent_au,0.3,125,60.481082856010616,14.02386364390577,15.08010153781288,16.32616575390624,0,123751936,27000000,150751936,251253.22666666665,14.376824951171875,0.09759150353264154,0.025603018553838827,0.09759150353264154,0.11073660484112256,0.08367390720000001,9.6,114.73110699914824,1.443446784,1.1501568,1,HEADROOM
360p,10,16,median,independent_au,0.4,125,60.48586741950031,12.974674463905103,13.845750237812354,15.846933753906242,0,123340800,27000000,150340800,250568.0,14.337615966796875,0.09727494713683829,0.025605043968431527,0.09727494713683829,0.09417402658744262,0.08367390720000001,12.8,152.97480933219765,1.443446784,1.1501568,1,HEADROOM
360p,10,16,median,independent_au,0.5,125,60.49363502234997,12.422675803905804,13.269321311718159,15.33076258790625,0,122929664,27000000,149929664,249882.77333333335,14.298406982421875,0.09696312084796901,0.025608332171461093,0.09696312084796901,0.09031570103401547,0.08367390720000001,16.0,191.21851166524706,1.443446784,1.1501568,1,HEADROOM
360p,10,16,median,independent_au,0.6,125,60.49986438070222,11.88257846390593,12.729223971718966,14.63009078390624,0,122929664,27000000,149929664,249882.77333333335,14.298406982421875,0.09697310566747094,0.025610969200593834,0.09697310566747094,0.08332960920448956,0.08367390720000001,19.2,229.46221399829648,1.443446784,1.1501568,1,HEADROOM
360p,10,16,median,independent_au,0.7,125,60.50510625586941,11.367061755334362,12.431429842097714,13.942735172477114,0,122929664,27000000,149929664,249882.77333333335,14.298406982421875,0.09698150768489176,0.025613188205625245,0.09698150768489176,0.07812445596261168,0.08367390720000001,22.4,267.70591633134586,1.443446784,1.1501568,1,HEADROOM
360p,10,16,median,raw_gather,0.2,125,41.75121067355876,2206.2687257099824,4132.716225709963,4327.977944459961,580,163632128,1866240000,2029872128,3383120.2133333334,193.58369140625,0.08908136163710514,0.9941158970174347,0.9941158970174347,0.07200175977865966,0.08367390720000001,6.4,76.48740466609883,1.443446784,1.1501568,1,INTERCONNECT
360p,10,16,median,raw_gather,0.3,125,41.75470563815348,2205.0658533899823,4131.5133533899625,4326.775072139961,581,123751936,1866240000,1989991936,3316653.2266666666,189.780419921875,0.06737486021028306,0.9941991137626996,0.9941991137626996,0.07644992649218223,0.08367390720000001,9.6,114.73110699914824,1.443446784,1.1501568,1,INTERCONNECT
360p,10,16,median,raw_gather,0.4,125,41.7564533398808,2204.4644172299822,4130.911917229963,4326.173635979962,579,123340800,1866240000,1989580800,3315968.0,189.7412109375,0.0671538156688357,0.9942407273600622,0.9942407273600622,0.06501309338517423,0.08367390720000001,12.8,152.97480933219765,1.443446784,1.1501568,1,INTERCONNECT
360p,10,16,median,raw_gather,0.5,125,41.757502031145364,2204.103555533982,4130.551055533962,4325.812774283961,579,122929664,1866240000,1989169664,3315282.7733333334,189.702001953125,0.06693163196854246,0.9942656971906455,0.9942656971906455,0.06234305589305144,0.08367390720000001,16.0,191.21851166524706,1.443446784,1.1501568,1,INTERCONNECT
360p,10,16,median,raw_gather,0.6,125,41.758201187919255,2203.862981069982,4130.310481069962,4325.572199819961,580,122929664,1866240000,1989169664,3315282.7733333334,189.702001953125,0.06693275262235561,0.9942823444411617,0.9942823444411617,0.05751574192258339,0.08367390720000001,19.2,229.46221399829648,1.443446784,1.1501568,1,INTERCONNECT
360p,10,16,median,raw_gather,0.7,125,41.758700599949144,2203.691142167125,4130.138642167105,4325.400360917103,579,122929664,1866240000,1989169664,3315282.7733333334,189.702001953125,0.06693355311234087,0.9942942356756928,0.9942942356756928,0.05391901556672567,0.08367390720000001,22.4,267.70591633134586,1.443446784,1.1501568,1,INTERCONNECT
360p,10,16,adversarial,owner_only,0.2,125,59.592781390694235,64.83298961328092,91.65162641328243,91.65162641328243,0,41113600,15000000,56113600,93522.66666666667,5.351409912109375,0.03194886954401621,0.016133843522359113,0.03194886954401621,0.8756580460269736,0.2978906112,0.4,1.3427747802747805,5.1757056,3.9105331199999998,1,NODE_QUEUE_HEADROOM_LOW
360p,10,16,adversarial,owner_only,0.3,125,59.86862495505825,47.58063761327867,66.827408813283,66.827408813283,0,41113600,15000000,56113600,93522.66666666667,5.351409912109375,0.03209675473827564,0.01620852399204422,0.03209675473827564,0.6320126704231697,0.2978906112,0.6,2.014162170412171,5.1757056,3.9105331199999998,1,HEADROOM
360p,10,16,adversarial,owner_only,0.4,125,60.007506578948295,38.95446161328073,54.41530001328101,54.41530001328147,0,41113600,15000000,56113600,93522.66666666667,5.351409912109375,0.0321712119255419,0.016246124089500366,0.0321712119255419,0.5093421796499414,0.2978906112,0.8,2.685549560549561,5.1757056,3.9105331199999998,1,HEADROOM
360p,10,16,adversarial,owner_only,0.5,125,60.09114527126452,33.778756013281054,46.968034733282366,46.968034733282366,0,41113600,15000000,56113600,93522.66666666667,5.351409912109375,0.03221605228384175,0.016268767999429622,0.03221605228384175,0.4354663194268265,0.2978906112,1.0,3.356936950686951,5.1757056,3.9105331199999998,1,HEADROOM
360p,10,16,adversarial,owner_only,0.6,125,60.147034048756254,30.32828561328097,42.00319121328357,42.00319121328357,0,41113600,15000000,56113600,93522.66666666667,5.351409912109375,0.03224601536358712,0.016283899039962805,0.03224601536358712,0.3861012301400249,0.2978906112,1.2,4.028324340824342,5.1757056,3.9105331199999998,1,HEADROOM
360p,10,16,adversarial,owner_only,0.7,125,60.18701829576066,27.863663898995497,38.456874413281184,38.456874413281525,0,41113600,15000000,56113600,93522.66666666667,5.351409912109375,0.03226745170976107,0.01629472416960895,0.03226745170976107,0.35078419491362706,0.2978906112,1.4,4.699711730961732,5.1757056,3.9105331199999998,1,HEADROOM
360p,10,16,adversarial,finishing_owner,0.2,125,59.88383108580408,54.22265108984334,65.31099581640592,65.31099581640649,0,205979136,569342400,775321536,1292202.56,73.94042358398437,0.16082163076763986,0.43832347361213475,0.43832347361213475,0.2669057841047942,0.2978906112,6.4,21.484396484396488,5.1757056,3.9105331199999998,1,HEADROOM
360p,10,16,adversarial,finishing_owner,0.3,125,59.90962060317376,49.90956308984278,60.99790781640604,60.997907816406496,0,205156864,569342400,774499264,1290832.1066666667,73.86200561523438,0.1602565033510185,0.43851224160895946,0.43851224160895946,0.21875359758042565,0.2978906112,9.6,32.22659472659473,5.1757056,3.9105331199999998,1,HEADROOM
360p,10,16,adversarial,finishing_owner,0.4,125,59.985708176284625,37.20614408984329,58.84136381640565,58.841363816406556,0,164865536,567960000,732825536,1221375.8933333333,69.88768920898437,0.12894370054664614,0.4380147331164336,0.4380147331164336,0.17706558688872223,0.2978906112,12.8,42.968792968792975,5.1757056,3.9105331199999998,1,HEADROOM
360p,10,16,adversarial,finishing_owner,0.5,125,59.993469040571036,35.912217689843374,57.547437416405955,57.547437416406524,0,164454400,566577600,731032000,1218386.6666666667,69.71664428710938,0.1286387462351554,0.4370168301320002,0.4370168301320002,0.15180599428535077,0.2978906112,16.0,53.71099121099122,5.1757056,3.9105331199999998,1,HEADROOM
360p,10,16,adversarial,finishing_owner,0.6,125,59.99864406584644,35.04960008984335,56.68481981640616,56.6848198164065,0,164454400,566577600,731032000,1218386.6666666667,69.71664428710938,0.12864984258903875,0.4370545271209872,0.4370545271209872,0.13452303857825498,0.2978906112,19.2,64.45318945318947,5.1757056,3.9105331199999998,1,HEADROOM
360p,10,16,adversarial,finishing_owner,0.7,125,60.002341059113625,34.433444661272006,56.06866438783436,56.068664387835156,0,163632128,566577600,730209728,1217016.2133333334,69.63822631835937,0.1280224011885934,0.437081457523654,0.437081457523654,0.12233574028995259,0.2978906112,22.4,75.19538769538771,5.1757056,3.9105331199999998,1,HEADROOM
360p,10,16,adversarial,independent_au,0.2,125,60.351715685222544,28.85546358984334,32.07218233984349,35.28890108984342,0,205979136,45000000,250979136,418298.56,23.935235595703126,0.16207816300556108,0.03936166597484707,0.16207816300556108,0.2689911734931152,0.2978906112,6.4,21.484396484396488,5.1757056,3.9105331199999998,1,HEADROOM
360p,10,16,adversarial,independent_au,0.3,125,60.38911319520179,24.542375589842777,25.915515339844205,28.251298929687493,0,205156864,45000000,250156864,416928.1066666667,23.856817626953124,0.16153913217436072,0.03938605680250425,0.16153913217436072,0.22050441370082915,0.2978906112,9.6,32.22659472659473,5.1757056,3.9105331199999998,1,HEADROOM
360p,10,16,adversarial,independent_au,0.4,125,60.41533985264106,21.602427339843416,23.03803617968697,25.60255033984322,0,164865536,45000000,209865536,349775.8933333333,20.014337158203126,0.12986722549793378,0.03940316194886242,0.12986722549793378,0.17833377204870196,0.2978906112,12.8,42.968792968792975,5.1757056,3.9105331199999998,1,HEADROOM
360p,10,16,adversarial,independent_au,0.5,125,60.434052185579574,19.01457453984358,21.0919051898436,24.308623939843528,0,164454400,45000000,209454400,349090.6666666667,19.975128173828125,0.129583450121972,0.03941536621829159,0.129583450121972,0.15292083500823275,0.2978906112,16.0,53.71099121099122,5.1757056,3.9105331199999998,1,HEADROOM
360p,10,16,adversarial,independent_au,0.6,125,60.443274503876076,17.664773429687102,20.229287589843807,23.286006339843738,0,164454400,45000000,209454400,349090.6666666667,19.975128173828125,0.12960322473214236,0.03942138105661357,0.12960322473214236,0.13551994506671636,0.2978906112,19.2,64.45318945318947,5.1757056,3.9105331199999998,1,HEADROOM
360p,10,16,adversarial,independent_au,0.7,125,60.4511603098316,16.70923307254452,19.27374723270077,22.151081054129463,0,163632128,45000000,208632128,347720.2133333333,19.896710205078126,0.12898001246112648,0.03942652421545238,0.12898001246112648,0.12325081517409539,0.2978906112,22.4,75.19538769538771,5.1757056,3.9105331199999998,1,HEADROOM
360p,10,16,adversarial,raw_gather,0.2,125,41.721646861844654,2216.451852749982,4142.899352749962,4338.161071499961,582,205979136,1866240000,2072219136,3453698.56,197.622216796875,0.11204599246530234,0.9934119688024852,0.9934119688024852,0.1859558526549212,0.2978906112,6.4,21.484396484396488,5.1757056,3.9105331199999998,1,INTERCONNECT
360p,10,16,adversarial,raw_gather,0.3,125,41.73416357286246,2212.1387647499823,4138.586264749963,4333.847983499962,581,205156864,1866240000,2071396864,3452328.1066666665,197.543798828125,0.11163768117924078,0.9937099975590272,0.9937099975590272,0.1523878524293304,0.2978906112,9.6,32.22659472659473,5.1757056,3.9105331199999998,1,INTERCONNECT
360p,10,16,adversarial,raw_gather,0.4,125,41.74042474510267,2209.982220749982,4136.429720749962,4331.69143949996,580,164865536,1866240000,2031105536,3385175.8933333335,193.701318359375,0.08972411917194267,0.9938590790049913,0.9938590790049913,0.12320922815074978,0.2978906112,12.8,42.968792968792975,5.1757056,3.9105331199999998,1,INTERCONNECT
360p,10,16,adversarial,raw_gather,0.5,125,41.74418235028768,2208.6882943499822,4135.135794349962,4330.397513099961,581,164454400,1866240000,2030694400,3384490.6666666665,193.662109375,0.0895083975977662,0.9939485493458237,0.9939485493458237,0.10562844937386362,0.2978906112,16.0,53.71099121099122,5.1757056,3.9105331199999998,1,INTERCONNECT
360p,10,16,adversarial,raw_gather,0.6,125,41.746687796290814,2207.8256767499824,4134.273176749963,4329.534895499961,581,164454400,1866240000,2030694400,3384490.6666666665,193.662109375,0.0895137698064042,0.9940082051895861,0.9940082051895861,0.09360030347971778,0.2978906112,19.2,64.45318945318947,5.1757056,3.9105331199999998,1,INTERCONNECT
360p,10,16,adversarial,raw_gather,0.7,125,41.74847758471868,2207.2095213214106,4133.657021321391,4328.918740071389,581,163632128,1866240000,2029872128,3383120.2133333334,193.58369140625,0.08907553025469916,0.9940508208910168,0.9940508208910168,0.08511886071700714,0.2978906112,22.4,75.19538769538771,5.1757056,3.9105331199999998,1,INTERCONNECT
360p,15,4,optimistic,owner_only,0.2,125,60.30007700371124,9.374380973278676,11.015788973281815,11.015788973281815,0,61670400,15000000,76670400,127784.0,7.311859130859375,0.048492097081070364,0.0163253331034487,0.048492097081070364,0.11348980047944016,0.01971081216,0.4,20.29343066906889,0.342171648,0.2875392,1,HEADROOM
360p,15,4,optimistic,owner_only,0.3,125,60.31189951784932,8.51895185327976,9.920743853281351,9.920743853283057,0,61670400,15000000,76670400,127784.0,7.311859130859375,0.048501604506795394,0.016328533870197514,0.048501604506795394,0.09700098863101045,0.01971081216,0.6,30.440146003603335,0.342171648,0.2875392,1,HEADROOM
360p,15,4,optimistic,owner_only,0.4,125,60.31781251354236,8.091237293280983,9.373221293281858,9.373221293281858,0,61670400,15000000,76670400,127784.0,7.311859130859375,0.04850635961782401,0.01633013472427805,0.04850635961782401,0.08875415785512603,0.01971081216,0.8,40.58686133813778,0.342171648,0.2875392,1,HEADROOM
360p,15,4,optimistic,owner_only,0.5,125,60.32136086751421,7.834608557281172,9.04470775728123,9.044707757281344,0,61670400,15000000,76670400,127784.0,7.311859130859375,0.04850921313201224,0.016331095387405493,0.04850921313201224,0.08380528316317853,0.01971081216,1.0,50.73357667267222,0.342171648,0.2875392,1,HEADROOM
360p,15,4,optimistic,owner_only,0.6,125,60.3237266687726,7.663522733280843,8.825698733280888,8.825698733281456,0,61670400,15000000,76670400,127784.0,7.311859130859375,0.048511115661328895,0.016331735892285735,0.048511115661328895,0.08050570987744825,0.01971081216,1.2,60.88029200720667,0.342171648,0.2875392,1,HEADROOM
360p,15,4,optimistic,owner_only,0.7,125,60.32541664043377,7.54131857328116,8.66926371613863,8.66926371613863,0,61670400,15000000,76670400,127784.0,7.311859130859375,0.04851247470221126,0.01633219342653237,0.04851247470221126,0.07814871335161581,0.01971081216,1.4,71.02700734174111,0.342171648,0.2875392,1,HEADROOM
360p,15,4,optimistic,finishing_owner,0.2,125,60.15204404033576,19.027822794921867,19.48409134656231,19.48409134656265,0,123340800,223742400,347083200,578472.0,33.100433349609375,0.09674610395768737,0.17594663794047244,0.17594663794047244,0.08353740713569532,0.01971081216,1.6,81.17372267627556,0.342171648,0.2875392,1,HEADROOM
360p,15,4,optimistic,finishing_owner,0.3,125,60.21826954515348,8.243577773279867,19.061187636562636,19.061187636563773,0,122929664,222360000,345289664,575482.7733333333,32.929388427734374,0.09652977630799432,0.17508182537459957,0.17508182537459957,0.07162902924856633,0.01971081216,2.4,121.76058401441334,0.342171648,0.2875392,1,HEADROOM
360p,15,4,optimistic,finishing_owner,0.4,125,60.15614698498496,18.533031363280315,18.803766226562402,18.80376622656263,0,122929664,223742400,346672064,577786.7733333333,33.061224365234374,0.09643019395728844,0.17595863918379176,0.17595863918379176,0.06905728631213673,0.01971081216,3.2,162.34744535255112,0.342171648,0.2875392,1,HEADROOM
360p,15,4,optimistic,finishing_owner,0.5,125,60.220741347484534,7.834608557281172,18.65221842056235,18.65221842056269,0,122929664,222360000,345289664,575482.7733333333,32.929388427734374,0.09653373860262511,0.17508901202521832,0.17508901202521832,0.06542324021407393,0.01971081216,4.0,202.93430669068889,0.342171648,0.2875392,1,HEADROOM
360p,15,4,optimistic,finishing_owner,0.6,125,60.22177544722277,7.663522733280843,18.48113259656202,18.481132596562702,0,122929664,222360000,345289664,575482.7733333333,32.929388427734374,0.09653539626262042,0.17509201862223872,0.17509201862223872,0.06284950453779747,0.01971081216,4.8,243.52116802882668,0.342171648,0.2875392,1,HEADROOM
360p,15,4,optimistic,finishing_owner,0.7,125,60.222392832900276,7.54131857328116,18.378992506138275,18.378992506138502,0,122929664,222360000,345289664,575482.7733333333,32.929388427734374,0.09653638593073602,0.17509381364245757,0.17509381364245757,0.06101094492724454,0.01971081216,5.6,284.10802936696444,0.342171648,0.2875392,1,HEADROOM
360p,15,4,optimistic,independent_au,0.2,125,60.33010648946738,8.57278812542917,9.120237055430152,9.120237055430152,0,123340800,20250000,143590800,239318.0,13.693885803222656,0.09703249236708368,0.02036093224672356,0.09703249236708368,0.08378469507987081,0.01971081216,1.6,81.17372267627556,0.342171648,0.2875392,1,HEADROOM
360p,15,4,optimistic,independent_au,0.3,125,60.33183716796308,8.241528270428994,8.64782704085951,8.647827040860648,0,122929664,20250000,143179664,238632.77333333335,13.654676818847657,0.0967118250003338,0.020361516336983666,0.0967118250003338,0.0717641167998587,0.01971081216,2.4,121.76058401441334,0.342171648,0.2875392,1,HEADROOM
360p,15,4,optimistic,independent_au,0.4,125,60.33512884243045,8.052913565428753,8.390405630859277,8.390405630859505,0,122929664,20250000,143179664,238632.77333333335,13.654676818847657,0.09671710154850456,0.020362627250998383,0.09671710154850456,0.06926275162189761,0.01971081216,3.2,162.34744535255112,0.342171648,0.2875392,1,HEADROOM
360p,15,4,optimistic,independent_au,0.5,125,60.337086392879726,7.901365759429609,8.238857824859224,8.238857824859565,0,122929664,20250000,143179664,238632.77333333335,13.654676818847657,0.09672023949830628,0.020363287908742693,0.09672023949830628,0.06554963636400982,0.01971081216,4.0,202.93430669068889,0.342171648,0.2875392,1,HEADROOM
360p,15,4,optimistic,independent_au,0.6,125,60.33881657829971,7.73027993542928,8.067772000858895,8.067772000859577,0,122929664,20250000,143179664,238632.77333333335,13.654676818847657,0.09672301298238055,0.020363871832593663,0.09672301298238055,0.06297165266518334,0.01971081216,4.8,243.52116802882668,0.342171648,0.2875392,1,HEADROOM
360p,15,4,optimistic,independent_au,0.7,125,60.3400524857809,7.608075775429597,7.9455678408594395,7.9455678408594395,0,122929664,20250000,143179664,238632.77333333335,13.654676818847657,0.09672499413981993,0.020364288941562166,0.09672499413981993,0.061130145215781355,0.01971081216,5.6,284.10802936696444,0.342171648,0.2875392,1,HEADROOM
360p,15,4,optimistic,raw_gather,0.2,125,41.85759404806734,2188.7934809949825,4110.479548703295,4281.9307987032935,575,123340800,1866240000,1989580800,3315968.0,189.7412109375,0.06732205380215366,0.9966489350316908,0.9966489350316908,0.05813060772081689,0.01971081216,1.6,81.17372267627556,0.342171648,0.2875392,1,INTERCONNECT
360p,15,4,optimistic,raw_gather,0.3,125,41.85842670995686,2188.508337954983,4110.1944056632965,4281.645655663295,575,122929664,1866240000,1989169664,3315282.7733333334,189.702001953125,0.0670989817116375,0.9966687611015905,0.9966687611015905,0.04979017985327974,0.01971081216,2.4,121.76058401441334,0.342171648,0.2875392,1,INTERCONNECT
360p,15,4,optimistic,raw_gather,0.4,125,41.858843053324684,2188.3657664349826,4110.051834143296,4281.5030841432945,575,122929664,1866240000,1989169664,3315282.7733333334,189.702001953125,0.06709964910929715,0.9966786744323393,0.9966786744323393,0.04805258073044056,0.01971081216,3.2,162.34744535255112,0.342171648,0.2875392,1,INTERCONNECT
360p,15,4,optimistic,raw_gather,0.5,125,41.8590928633209,2188.2802235229824,4109.966291231296,4281.417541231294,574,122929664,1866240000,1989169664,3315282.7733333334,189.702001953125,0.06710004955426571,0.9966846225254476,0.9966846225254476,0.0454753200685176,0.01971081216,4.0,202.93430669068889,0.342171648,0.2875392,1,INTERCONNECT
360p,15,4,optimistic,raw_gather,0.6,125,41.85925940497488,2188.2231949149823,4109.909262623296,4281.360512623294,574,122929664,1866240000,1989169664,3315282.7733333334,189.702001953125,0.06710031652023345,0.9966885879602952,0.9966885879602952,0.04368575476867872,0.01971081216,4.8,243.52116802882668,0.342171648,0.2875392,1,INTERCONNECT
360p,15,4,optimistic,raw_gather,0.7,125,41.859378364110505,2188.1824601949825,4109.868527903296,4281.319777903294,574,122929664,1866240000,1989169664,3315282.7733333334,189.702001953125,0.067100507211511,0.9966914204330767,0.9966914204330767,0.042407485121817017,0.01971081216,5.6,284.10802936696444,0.342171648,0.2875392,1,INTERCONNECT
360p,15,4,median,owner_only,0.2,125,60.16958942762022,18.947224493280828,23.021656493282535,23.021656493282535,0,61670400,15000000,76670400,127784.0,7.311859130859375,0.048387161622906856,0.016290005567375795,0.048387161622906856,0.2938412417713555,0.08220745728,0.4,4.865738623171292,1.443446784,1.1501568,1,HEADROOM
360p,15,4,median,owner_only,0.3,125,60.218961788866004,15.338607533280538,18.454575533281968,18.454575533281968,0,61670400,15000000,76670400,127784.0,7.311859130859375,0.04842686587294464,0.016303372386847547,0.04842686587294464,0.22532613574744548,0.08220745728,0.6,7.298607934756938,1.443446784,1.1501568,1,HEADROOM
360p,15,4,median,owner_only,0.4,125,60.24367836645431,13.534299053279028,16.17103505328214,16.17103505328214,0,61670400,15000000,76670400,127784.0,7.311859130859375,0.04844674244258567,0.016310064026101696,0.04844674244258567,0.1910264002015216,0.08220745728,0.8,9.731477246342584,1.443446784,1.1501568,1,HEADROOM
360p,15,4,median,owner_only,0.5,125,60.258518054412384,12.451713965280987,14.800910765281515,14.800910765281515,0,61670400,15000000,76670400,127784.0,7.311859130859375,0.04845867621821039,0.016314081646992162,0.04845867621821039,0.17043304051290234,0.08220745728,1.0,12.16434655792823,1.443446784,1.1501568,1,HEADROOM
360p,15,4,median,owner_only,0.6,125,60.26841524196988,11.72999057328093,13.887494573281515,13.88749457328231,0,61670400,15000000,76670400,127784.0,7.311859130859375,0.04846663533540751,0.01631676116071241,0.04846663533540751,0.15669849677769387,0.08220745728,1.2,14.597215869513876,1.443446784,1.1501568,1,HEADROOM
360p,15,4,median,owner_only,0.7,125,60.27548665237886,11.214473864709362,13.235054436137943,13.235054436138512,0,61670400,15000000,76670400,127784.0,7.311859130859375,0.048472322020020386,0.016318675638042693,0.048472322020020386,0.14688534582270968,0.08220745728,1.4,17.030085181099523,1.443446784,1.1501568,1,HEADROOM
360p,15,4,median,finishing_owner,0.2,125,60.067684645647184,22.675039186562117,33.49264904984375,33.492649049843976,0,185011200,429720000,614731200,1024552.0,58.625335693359375,0.1449076265769355,0.3330255971386879,0.3330255971386879,0.15466410278982404,0.08220745728,1.6,19.462954492685167,1.443446784,1.1501568,1,HEADROOM
360p,15,4,median,finishing_owner,0.3,125,60.0749190431362,21.47216686656202,32.28977672984365,32.28977672984399,0,184188928,428337600,612526528,1020877.5466666666,58.41508178710937,0.1442809318172491,0.3320097014490064,0.3320097014490064,0.1188879587406995,0.08220745728,2.4,29.194431739027753,1.443446784,1.1501568,1,HEADROOM
360p,15,4,median,finishing_owner,0.4,125,60.07853689538923,20.73536327492144,31.688340569843604,31.688340569843945,0,184188928,428337600,612526528,1020877.5466666666,58.41508178710937,0.1442896207527077,0.33202969585042297,0.33202969585042297,0.10079266667038919,0.08220745728,3.2,38.925908985370334,1.443446784,1.1501568,1,HEADROOM
360p,15,4,median,finishing_owner,0.5,125,60.14560493221099,20.00634645820312,20.551971907843836,20.551971907843836,0,123340800,223742400,347083200,578472.0,33.100433349609375,0.09673574755776829,0.1759278033448413,0.1759278033448413,0.12494811949594738,0.08220745728,4.0,48.65738623171292,1.443446784,1.1501568,1,HEADROOM
360p,15,4,median,finishing_owner,0.6,125,60.14730928650575,19.81465365820312,20.269294546562378,20.26929454656272,0,123340800,223742400,347083200,578472.0,33.100433349609375,0.09673848877197658,0.17593278863524672,0.17593278863524672,0.11485347163285675,0.08220745728,4.8,58.388863478055505,1.443446784,1.1501568,1,HEADROOM
360p,15,4,median,finishing_owner,0.7,125,60.14834540667926,19.591777742488823,20.09745564370496,20.09745564370553,0,123340800,223742400,347083200,578472.0,33.100433349609375,0.09674015522557128,0.17593581931963892,0.17593581931963892,0.10764233407741268,0.08220745728,5.6,68.12034072439809,1.443446784,1.1501568,1,HEADROOM
360p,15,4,median,independent_au,0.2,125,60.2867651774374,13.94655542390592,14.369878177813007,14.369878177813007,0,185011200,27000000,212011200,353352.0,20.218963623046875,0.1454361377069751,0.025520759459012547,0.1454361377069751,0.15522819801153837,0.08220745728,1.6,19.462954492685167,1.443446784,1.1501568,1,HEADROOM
360p,15,4,median,independent_au,0.3,125,60.29864007993357,11.540810783905727,13.189447003906025,13.189447003906366,0,184188928,27000000,211188928,351981.5466666667,20.140545654296876,0.14481823890264142,0.025525786375439587,0.14481823890264142,0.11933070153279705,0.08220745728,2.4,29.194431739027753,1.443446784,1.1501568,1,HEADROOM
360p,15,4,median,independent_au,0.4,125,60.305189506991205,10.629031487811517,12.710215003906342,12.710215003906455,0,184188928,27000000,211188928,351981.5466666667,20.140545654296876,0.14483396855244862,0.025528558896938135,0.14483396855244862,0.10117291762708192,0.08220745728,3.2,38.925908985370334,1.443446784,1.1501568,1,HEADROOM
360p,15,4,median,independent_au,0.5,125,60.31189189988657,9.83440881681235,11.965411871906326,11.965411871906326,0,123340800,27000000,150340800,250568.0,14.337615966796875,0.0970031967611696,0.02553139617235636,0.0970031967611696,0.1252935685762445,0.08220745728,4.0,48.65738623171292,1.443446784,1.1501568,1,HEADROOM
360p,15,4,median,independent_au,0.6,125,60.31743003104227,9.520929790859235,11.292570143907142,11.292570143907142,0,123340800,27000000,150340800,250568.0,14.337615966796875,0.09701210406633386,0.025533740589288687,0.09701210406633386,0.11517832337333467,0.08220745728,4.8,58.388863478055505,1.443446784,1.1501568,1,HEADROOM
360p,15,4,median,independent_au,0.7,125,60.32138646175123,9.323572381573491,10.811968909620191,10.811968909620646,0,123340800,27000000,150340800,250568.0,14.337615966796875,0.09701846742875617,0.025535415436432046,0.09701846742875617,0.10795201080971888,0.08220745728,5.6,68.12034072439809,1.443446784,1.1501568,1,HEADROOM
360p,15,4,median,raw_gather,0.2,125,41.84827824474332,2191.9844288349827,4113.670496543296,4285.121746543295,575,185011200,1866240000,2051251200,3418752.0,195.62255859375,0.10095502619337929,0.9964271213877629,0.9964271213877629,0.10775222061919716,0.08220745728,1.6,19.462954492685167,1.443446784,1.1501568,1,INTERCONNECT
360p,15,4,median,raw_gather,0.3,125,41.851789479829044,2190.7815565149826,4112.467624223296,4283.918874223295,575,184188928,1866240000,2050428928,3417381.546666667,195.544140625,0.1005147452638805,0.9965107255410456,0.9965107255410456,0.08282447817082574,0.08220745728,2.4,29.194431739027753,1.443446784,1.1501568,1,INTERCONNECT
360p,15,4,median,raw_gather,0.4,125,41.853545318336,2190.1801203549826,4111.866188063295,4283.317438063294,575,184188928,1866240000,2050428928,3417381.546666667,195.544140625,0.10051896223195869,0.9965525328789456,0.9965525328789456,0.0702169303754936,0.08220745728,3.2,38.925908985370334,1.443446784,1.1501568,1,INTERCONNECT
360p,15,4,median,raw_gather,0.5,125,41.854598892159366,2189.8192586589826,4111.505326367296,4282.9565763672945,575,123340800,1866240000,1989580800,3315968.0,189.7412109375,0.06731723651506948,0.9965776189655425,0.9965776189655425,0.08694988486235564,0.08220745728,4.0,48.65738623171292,1.443446784,1.1501568,1,INTERCONNECT
360p,15,4,median,raw_gather,0.6,125,41.855301304177075,2189.5786841949825,4111.264751903296,4282.716001903294,575,123340800,1866240000,1989580800,3315968.0,189.7412109375,0.06731836624602326,0.9965943437249398,0.9965943437249398,0.07992421802487,0.08220745728,4.8,58.388863478055505,1.443446784,1.1501568,1,INTERCONNECT
360p,15,4,median,raw_gather,0.7,125,41.855803041481344,2189.406845292125,4111.092913000439,4282.544163000437,575,123340800,1866240000,1989580800,3315968.0,189.7412109375,0.06731917321992038,0.9966062903253439,0.9966062903253439,0.07490574019296639,0.08220745728,5.6,68.12034072439809,1.443446784,1.1501568,1,INTERCONNECT
360p,15,4,adversarial,owner_only,0.2,125,59.75904350648062,49.49660561328096,60.97885841328207,60.97885841328207,0,61670400,15000000,76670400,127784.0,7.311859130859375,0.04805700893234042,0.016178856473545392,0.04805700893234042,0.8589078401729809,0.29156474879999994,0.4,1.3719079609119058,5.1757056,3.9105331199999998,1,NODE_QUEUE_HEADROOM_LOW
360p,15,4,adversarial,owner_only,0.3,125,59.932970736903876,36.55734161327928,44.7808168132824,44.7808168132824,0,61670400,15000000,76670400,127784.0,7.311859130859375,0.04819687767814993,0.016225944638494916,0.04819687767814993,0.6187084820734902,0.29156474879999994,0.6,2.0578619413678587,5.1757056,3.9105331199999998,1,HEADROOM
360p,15,4,adversarial,owner_only,0.4,125,60.020314563617276,30.087709613280822,36.6817960132812,36.68179601328143,0,61670400,15000000,76670400,127784.0,7.311859130859375,0.048267117809421375,0.016249591657478635,0.048267117809421375,0.4980837181451017,0.29156474879999994,0.8,2.7438159218238116,5.1757056,3.9105331199999998,1,HEADROOM
360p,15,4,adversarial,owner_only,0.5,125,60.072843166212934,26.205930413281067,31.822383533281936,31.822383533281936,0,61670400,15000000,76670400,127784.0,7.311859130859375,0.04830936024464155,0.01626381298152072,0.04830936024464155,0.42553995030245456,0.29156474879999994,1.0,3.4297699022797645,5.1757056,3.9105331199999998,1,HEADROOM
360p,15,4,adversarial,owner_only,0.6,125,60.10791334443373,23.618077613281002,28.58277521328273,28.58277521328273,0,61670400,15000000,76670400,127784.0,7.311859130859375,0.04833756296960373,0.01627330770142658,0.04833756296960373,0.37710685402087185,0.29156474879999994,1.2,4.115723882735717,5.1757056,3.9105331199999998,1,HEADROOM
360p,15,4,adversarial,owner_only,0.7,125,60.132988552111655,21.769611327566906,26.26876927042406,26.268769270424286,0,61670400,15000000,76670400,127784.0,7.311859130859375,0.04835772794227816,0.016280096434349012,0.04835772794227816,0.3424771484032544,0.29156474879999994,1.4,4.801677863191671,5.1757056,3.9105331199999998,1,HEADROOM
360p,15,4,adversarial,finishing_owner,0.2,125,59.94328203211718,39.699963101562325,54.222651089843566,54.22265108984391,0,245859328,634315200,880174528,1466957.5466666666,83.93998413085937,0.1921619587765419,0.4882820822685143,0.4882820822685143,0.23212257759272711,0.29156474879999994,1.6,5.487631843647623,5.1757056,3.9105331199999998,1,HEADROOM
360p,15,4,adversarial,finishing_owner,0.3,125,59.969122792136176,39.0919532265616,49.90956308984369,49.909563089843914,0,245448192,634315200,879763392,1466272.32,83.90077514648438,0.1919312868149438,0.4884925742482947,0.4884925742482947,0.1671880344919244,0.29156474879999994,2.4,8.231447765471435,5.1757056,3.9105331199999998,1,HEADROOM
360p,15,4,adversarial,finishing_owner,0.4,125,59.982051528655546,36.935409226562115,37.20614408984329,37.206144089843974,0,185011200,431102400,616113600,1026856.0,58.757171630859375,0.14470104475489848,0.3336052043776084,0.3336052043776084,0.2311839900125375,0.29156474879999994,3.2,10.975263687295246,5.1757056,3.9105331199999998,1,HEADROOM
360p,15,4,adversarial,finishing_owner,0.5,125,60.05313798543847,25.094607826562196,35.9122176898436,35.91221768984394,0,185011200,429720000,614731200,1024552.0,58.625335693359375,0.14487253413050774,0.33294494794718066,0.33294494794718066,0.1982102042359618,0.29156474879999994,4.0,13.719079609119058,5.1757056,3.9105331199999998,1,HEADROOM
360p,15,4,adversarial,finishing_owner,0.6,125,60.05832331034169,24.231990226562175,35.04960008984381,35.04960008984392,0,185011200,429720000,614731200,1024552.0,58.625335693359375,0.14488504323801188,0.3329736962822038,0.3329736962822038,0.1754685344988702,0.29156474879999994,4.8,16.46289553094287,5.1757056,3.9105331199999998,1,HEADROOM
360p,15,4,adversarial,finishing_owner,0.7,125,59.99868238342916,30.32793920870524,34.433444661272006,34.433444661272574,0,185011200,431102400,616113600,1026856.0,58.757171630859375,0.1447411651242353,0.3336977010422661,0.3336977010422661,0.18204868449567269,0.29156474879999994,5.6,19.206711452766683,5.1757056,3.9105331199999998,1,HEADROOM
360p,15,4,adversarial,independent_au,0.2,125,60.158390727820645,25.001332389843355,25.653536979687487,25.653536979687715,0,245859328,45000000,290859328,484765.5466666667,27.738507080078126,0.1928515391083979,0.0392355785502982,0.1928515391083979,0.23295555809056748,0.29156474879999994,1.6,5.487631843647623,5.1757056,3.9105331199999998,1,HEADROOM
360p,15,4,adversarial,independent_au,0.3,125,60.2066153395705,21.32565683984285,21.977861429687437,21.977861429687664,0,245448192,45000000,290448192,484080.32,27.699298095703124,0.19269138214593648,0.039267030863424895,0.19269138214593648,0.16785014042850202,0.29156474879999994,2.4,8.231447765471435,5.1757056,3.9105331199999998,1,HEADROOM
360p,15,4,adversarial,independent_au,0.4,125,60.232683686699865,19.169112839843365,19.821317429687042,19.821317429687724,0,185011200,45000000,230011200,383352.0,21.935577392578125,0.145305671208878,0.0392840327590723,0.145305671208878,0.23214998135237117,0.29156474879999994,3.2,10.975263687295246,5.1757056,3.9105331199999998,1,HEADROOM
360p,15,4,adversarial,independent_au,0.5,125,60.25327850642737,17.058202059843097,17.875186439843674,17.8751864398439,0,185011200,45000000,230011200,383352.0,21.935577392578125,0.14535535426997978,0.03929746479502559,0.14535535426997978,0.19887078409692965,0.29156474879999994,4.0,13.719079609119058,5.1757056,3.9105331199999998,1,HEADROOM
360p,15,4,adversarial,independent_au,0.6,125,60.26766454700263,15.543828939843479,17.01256883984388,17.01256883984388,0,185011200,45000000,230011200,383352.0,21.935577392578125,0.14539005923668358,0.03930684743671845,0.14539005923668358,0.17608015330509738,0.29156474879999994,4.8,16.46289553094287,5.1757056,3.9105331199999998,1,HEADROOM
360p,15,4,adversarial,independent_au,0.7,125,60.275889347637865,14.801518782700441,16.057028482700844,16.05702848270107,0,185011200,45000000,230011200,383352.0,21.935577392578125,0.14540990079285726,0.0393122116894433,0.14540990079285726,0.18288978901934758,0.29156474879999994,5.6,19.206711452766683,5.1757056,3.9105331199999998,1,HEADROOM
360p,15,4,adversarial,raw_gather,0.2,125,41.818576856058726,2202.1675558749826,4123.853623583296,4295.3048735832945,576,245859328,1866240000,2112099328,3520165.546666667,201.42548828125,0.13405905331646686,0.995719917400657,0.995719917400657,0.1619370098201656,0.29156474879999994,1.6,5.487631843647623,5.1757056,3.9105331199999998,1,INTERCONNECT
360p,15,4,adversarial,raw_gather,0.3,125,41.83115180240484,2197.8544678749827,4119.540535583295,4290.991785583294,576,245448192,1866240000,2111688192,3519480.32,201.386279296875,0.13388067759829947,0.9960193327676639,0.9960193327676639,0.11662114976433294,0.29156474879999994,2.4,8.231447765471435,5.1757056,3.9105331199999998,1,INTERCONNECT
360p,15,4,adversarial,raw_gather,0.4,125,41.83744211199174,2195.6979238749823,4117.383991583296,4288.835241583294,576,185011200,1866240000,2051251200,3418752.0,195.62255859375,0.10092888504464737,0.9961691079875106,0.9961691079875106,0.16125068337731144,0.29156474879999994,3.2,10.975263687295246,5.1757056,3.9105331199999998,1,INTERCONNECT
360p,15,4,adversarial,raw_gather,0.5,125,41.84121720588771,2194.4039974749826,4116.090065183296,4287.5413151832945,576,185011200,1866240000,2051251200,3418752.0,195.62255859375,0.10093799210279016,0.9962589947427489,0.9962589947427489,0.1381002972712466,0.29156474879999994,4.0,13.719079609119058,5.1757056,3.9105331199999998,1,INTERCONNECT
360p,15,4,adversarial,raw_gather,0.6,125,41.84373431365877,2193.541379874982,4115.227447583295,4286.678697583293,576,185011200,1866240000,2051251200,3418752.0,195.62255859375,0.100944064387998,0.9963189282586723,0.9963189282586723,0.12225214313822677,0.29156474879999994,4.8,16.46289553094287,5.1757056,3.9105331199999998,1,INTERCONNECT
360p,15,4,adversarial,raw_gather,0.7,125,41.84553243320803,2192.925224446411,4114.611292154725,4286.062542154723,576,185011200,1866240000,2051251200,3418752.0,195.62255859375,0.10094840218190035,0.9963617423280086,0.9963617423280086,0.12696819044797053,0.29156474879999994,5.6,19.206711452766683,5.1757056,3.9105331199999998,1,INTERCONNECT
360p,15,8,optimistic,owner_only,0.2,125,60.30007700371124,9.374380973278676,11.015788973281815,11.015788973281815,0,61670400,15000000,76670400,127784.0,7.311859130859375,0.048492097081070364,0.0163253331034487,0.048492097081070364,0.11348980047944016,0.01971081216,0.4,20.29343066906889,0.342171648,0.2875392,1,HEADROOM
360p,15,8,optimistic,owner_only,0.3,125,60.31189951784932,8.51895185327976,9.920743853281351,9.920743853283057,0,61670400,15000000,76670400,127784.0,7.311859130859375,0.048501604506795394,0.016328533870197514,0.048501604506795394,0.09700098863101045,0.01971081216,0.6,30.440146003603335,0.342171648,0.2875392,1,HEADROOM
360p,15,8,optimistic,owner_only,0.4,125,60.31781251354236,8.091237293280983,9.373221293281858,9.373221293281858,0,61670400,15000000,76670400,127784.0,7.311859130859375,0.04850635961782401,0.01633013472427805,0.04850635961782401,0.08875415785512603,0.01971081216,0.8,40.58686133813778,0.342171648,0.2875392,1,HEADROOM
360p,15,8,optimistic,owner_only,0.5,125,60.32136086751421,7.834608557281172,9.04470775728123,9.044707757281344,0,61670400,15000000,76670400,127784.0,7.311859130859375,0.04850921313201224,0.016331095387405493,0.04850921313201224,0.08380528316317853,0.01971081216,1.0,50.73357667267222,0.342171648,0.2875392,1,HEADROOM
360p,15,8,optimistic,owner_only,0.6,125,60.3237266687726,7.663522733280843,8.825698733280888,8.825698733281456,0,61670400,15000000,76670400,127784.0,7.311859130859375,0.048511115661328895,0.016331735892285735,0.048511115661328895,0.08050570987744825,0.01971081216,1.2,60.88029200720667,0.342171648,0.2875392,1,HEADROOM
360p,15,8,optimistic,owner_only,0.7,125,60.32541664043377,7.54131857328116,8.66926371613863,8.66926371613863,0,61670400,15000000,76670400,127784.0,7.311859130859375,0.04851247470221126,0.01633219342653237,0.04851247470221126,0.07814871335161581,0.01971081216,1.4,71.02700734174111,0.342171648,0.2875392,1,HEADROOM
360p,15,8,optimistic,finishing_owner,0.2,125,60.15204404033576,19.027822794921867,19.48409134656231,19.48409134656265,0,123340800,223742400,347083200,578472.0,33.100433349609375,0.09674610395768737,0.17594663794047244,0.17594663794047244,0.08353740713569532,0.01971081216,3.2,162.34744535255112,0.342171648,0.2875392,1,HEADROOM
360p,15,8,optimistic,finishing_owner,0.3,125,60.21826954515348,8.243577773279867,19.061187636562636,19.061187636563773,0,122929664,222360000,345289664,575482.7733333333,32.929388427734374,0.09652977630799432,0.17508182537459957,0.17508182537459957,0.07162902924856633,0.01971081216,4.8,243.52116802882668,0.342171648,0.2875392,1,HEADROOM
360p,15,8,optimistic,finishing_owner,0.4,125,60.15614698498496,18.533031363280315,18.803766226562402,18.80376622656263,0,122929664,223742400,346672064,577786.7733333333,33.061224365234374,0.09643019395728844,0.17595863918379176,0.17595863918379176,0.06905728631213673,0.01971081216,6.4,324.69489070510224,0.342171648,0.2875392,1,HEADROOM
360p,15,8,optimistic,finishing_owner,0.5,125,60.220741347484534,7.834608557281172,18.65221842056235,18.65221842056269,0,122929664,222360000,345289664,575482.7733333333,32.929388427734374,0.09653373860262511,0.17508901202521832,0.17508901202521832,0.06542324021407393,0.01971081216,8.0,405.86861338137777,0.342171648,0.2875392,1,HEADROOM
360p,15,8,optimistic,finishing_owner,0.6,125,60.22177544722277,7.663522733280843,18.48113259656202,18.481132596562702,0,122929664,222360000,345289664,575482.7733333333,32.929388427734374,0.09653539626262042,0.17509201862223872,0.17509201862223872,0.06284950453779747,0.01971081216,9.6,487.04233605765336,0.342171648,0.2875392,1,HEADROOM
360p,15,8,optimistic,finishing_owner,0.7,125,60.222392832900276,7.54131857328116,18.378992506138275,18.378992506138502,0,122929664,222360000,345289664,575482.7733333333,32.929388427734374,0.09653638593073602,0.17509381364245757,0.17509381364245757,0.06101094492724454,0.01971081216,11.2,568.2160587339289,0.342171648,0.2875392,1,HEADROOM
360p,15,8,optimistic,independent_au,0.2,125,60.33010648946738,8.57278812542917,9.120237055430152,9.120237055430152,0,123340800,20250000,143590800,239318.0,13.693885803222656,0.09703249236708368,0.02036093224672356,0.09703249236708368,0.08378469507987081,0.01971081216,3.2,162.34744535255112,0.342171648,0.2875392,1,HEADROOM
360p,15,8,optimistic,independent_au,0.3,125,60.33183716796308,8.241528270428994,8.64782704085951,8.647827040860648,0,122929664,20250000,143179664,238632.77333333335,13.654676818847657,0.0967118250003338,0.020361516336983666,0.0967118250003338,0.0717641167998587,0.01971081216,4.8,243.52116802882668,0.342171648,0.2875392,1,HEADROOM
360p,15,8,optimistic,independent_au,0.4,125,60.33512884243045,8.052913565428753,8.390405630859277,8.390405630859505,0,122929664,20250000,143179664,238632.77333333335,13.654676818847657,0.09671710154850456,0.020362627250998383,0.09671710154850456,0.06926275162189761,0.01971081216,6.4,324.69489070510224,0.342171648,0.2875392,1,HEADROOM
360p,15,8,optimistic,independent_au,0.5,125,60.337086392879726,7.901365759429609,8.238857824859224,8.238857824859565,0,122929664,20250000,143179664,238632.77333333335,13.654676818847657,0.09672023949830628,0.020363287908742693,0.09672023949830628,0.06554963636400982,0.01971081216,8.0,405.86861338137777,0.342171648,0.2875392,1,HEADROOM
360p,15,8,optimistic,independent_au,0.6,125,60.33881657829971,7.73027993542928,8.067772000858895,8.067772000859577,0,122929664,20250000,143179664,238632.77333333335,13.654676818847657,0.09672301298238055,0.020363871832593663,0.09672301298238055,0.06297165266518334,0.01971081216,9.6,487.04233605765336,0.342171648,0.2875392,1,HEADROOM
360p,15,8,optimistic,independent_au,0.7,125,60.3400524857809,7.608075775429597,7.9455678408594395,7.9455678408594395,0,122929664,20250000,143179664,238632.77333333335,13.654676818847657,0.09672499413981993,0.020364288941562166,0.09672499413981993,0.061130145215781355,0.01971081216,11.2,568.2160587339289,0.342171648,0.2875392,1,HEADROOM
360p,15,8,optimistic,raw_gather,0.2,125,41.85759404806734,2188.7934809949825,4110.479548703295,4281.9307987032935,575,123340800,1866240000,1989580800,3315968.0,189.7412109375,0.06732205380215366,0.9966489350316908,0.9966489350316908,0.05813060772081689,0.01971081216,3.2,162.34744535255112,0.342171648,0.2875392,1,INTERCONNECT
360p,15,8,optimistic,raw_gather,0.3,125,41.85842670995686,2188.508337954983,4110.1944056632965,4281.645655663295,575,122929664,1866240000,1989169664,3315282.7733333334,189.702001953125,0.0670989817116375,0.9966687611015905,0.9966687611015905,0.04979017985327974,0.01971081216,4.8,243.52116802882668,0.342171648,0.2875392,1,INTERCONNECT
360p,15,8,optimistic,raw_gather,0.4,125,41.858843053324684,2188.3657664349826,4110.051834143296,4281.5030841432945,575,122929664,1866240000,1989169664,3315282.7733333334,189.702001953125,0.06709964910929715,0.9966786744323393,0.9966786744323393,0.04805258073044056,0.01971081216,6.4,324.69489070510224,0.342171648,0.2875392,1,INTERCONNECT
360p,15,8,optimistic,raw_gather,0.5,125,41.8590928633209,2188.2802235229824,4109.966291231296,4281.417541231294,574,122929664,1866240000,1989169664,3315282.7733333334,189.702001953125,0.06710004955426571,0.9966846225254476,0.9966846225254476,0.0454753200685176,0.01971081216,8.0,405.86861338137777,0.342171648,0.2875392,1,INTERCONNECT
360p,15,8,optimistic,raw_gather,0.6,125,41.85925940497488,2188.2231949149823,4109.909262623296,4281.360512623294,574,122929664,1866240000,1989169664,3315282.7733333334,189.702001953125,0.06710031652023345,0.9966885879602952,0.9966885879602952,0.04368575476867872,0.01971081216,9.6,487.04233605765336,0.342171648,0.2875392,1,INTERCONNECT
360p,15,8,optimistic,raw_gather,0.7,125,41.859378364110505,2188.1824601949825,4109.868527903296,4281.319777903294,574,122929664,1866240000,1989169664,3315282.7733333334,189.702001953125,0.067100507211511,0.9966914204330767,0.9966914204330767,0.042407485121817017,0.01971081216,11.2,568.2160587339289,0.342171648,0.2875392,1,INTERCONNECT
360p,15,8,median,owner_only,0.2,125,60.16958942762022,18.947224493280828,23.021656493282535,23.021656493282535,0,61670400,15000000,76670400,127784.0,7.311859130859375,0.048387161622906856,0.016290005567375795,0.048387161622906856,0.2938412417713555,0.08220745728,0.4,4.865738623171292,1.443446784,1.1501568,1,HEADROOM
360p,15,8,median,owner_only,0.3,125,60.218961788866004,15.338607533280538,18.454575533281968,18.454575533281968,0,61670400,15000000,76670400,127784.0,7.311859130859375,0.04842686587294464,0.016303372386847547,0.04842686587294464,0.22532613574744548,0.08220745728,0.6,7.298607934756938,1.443446784,1.1501568,1,HEADROOM
360p,15,8,median,owner_only,0.4,125,60.24367836645431,13.534299053279028,16.17103505328214,16.17103505328214,0,61670400,15000000,76670400,127784.0,7.311859130859375,0.04844674244258567,0.016310064026101696,0.04844674244258567,0.1910264002015216,0.08220745728,0.8,9.731477246342584,1.443446784,1.1501568,1,HEADROOM
360p,15,8,median,owner_only,0.5,125,60.258518054412384,12.451713965280987,14.800910765281515,14.800910765281515,0,61670400,15000000,76670400,127784.0,7.311859130859375,0.04845867621821039,0.016314081646992162,0.04845867621821039,0.17043304051290234,0.08220745728,1.0,12.16434655792823,1.443446784,1.1501568,1,HEADROOM
360p,15,8,median,owner_only,0.6,125,60.26841524196988,11.72999057328093,13.887494573281515,13.88749457328231,0,61670400,15000000,76670400,127784.0,7.311859130859375,0.04846663533540751,0.01631676116071241,0.04846663533540751,0.15669849677769387,0.08220745728,1.2,14.597215869513876,1.443446784,1.1501568,1,HEADROOM
360p,15,8,median,owner_only,0.7,125,60.27548665237886,11.214473864709362,13.235054436137943,13.235054436138512,0,61670400,15000000,76670400,127784.0,7.311859130859375,0.048472322020020386,0.016318675638042693,0.048472322020020386,0.14688534582270968,0.08220745728,1.4,17.030085181099523,1.443446784,1.1501568,1,HEADROOM
360p,15,8,median,finishing_owner,0.2,125,60.067684645647184,22.675039186562117,33.49264904984375,33.492649049843976,0,185011200,429720000,614731200,1024552.0,58.625335693359375,0.1449076265769355,0.3330255971386879,0.3330255971386879,0.15466410278982404,0.08220745728,3.2,38.925908985370334,1.443446784,1.1501568,1,HEADROOM
360p,15,8,median,finishing_owner,0.3,125,60.0749190431362,21.47216686656202,32.28977672984365,32.28977672984399,0,184188928,428337600,612526528,1020877.5466666666,58.41508178710937,0.1442809318172491,0.3320097014490064,0.3320097014490064,0.1188879587406995,0.08220745728,4.8,58.388863478055505,1.443446784,1.1501568,1,HEADROOM
360p,15,8,median,finishing_owner,0.4,125,60.07853689538923,20.73536327492144,31.688340569843604,31.688340569843945,0,184188928,428337600,612526528,1020877.5466666666,58.41508178710937,0.1442896207527077,0.33202969585042297,0.33202969585042297,0.10079266667038919,0.08220745728,6.4,77.85181797074067,1.443446784,1.1501568,1,HEADROOM
360p,15,8,median,finishing_owner,0.5,125,60.14560493221099,20.00634645820312,20.551971907843836,20.551971907843836,0,123340800,223742400,347083200,578472.0,33.100433349609375,0.09673574755776829,0.1759278033448413,0.1759278033448413,0.12494811949594738,0.08220745728,8.0,97.31477246342584,1.443446784,1.1501568,1,HEADROOM
360p,15,8,median,finishing_owner,0.6,125,60.14730928650575,19.81465365820312,20.269294546562378,20.26929454656272,0,123340800,223742400,347083200,578472.0,33.100433349609375,0.09673848877197658,0.17593278863524672,0.17593278863524672,0.11485347163285675,0.08220745728,9.6,116.77772695611101,1.443446784,1.1501568,1,HEADROOM
360p,15,8,median,finishing_owner,0.7,125,60.14834540667926,19.591777742488823,20.09745564370496,20.09745564370553,0,123340800,223742400,347083200,578472.0,33.100433349609375,0.09674015522557128,0.17593581931963892,0.17593581931963892,0.10764233407741268,0.08220745728,11.2,136.24068144879618,1.443446784,1.1501568,1,HEADROOM
360p,15,8,median,independent_au,0.2,125,60.2867651774374,13.94655542390592,14.369878177813007,14.369878177813007,0,185011200,27000000,212011200,353352.0,20.218963623046875,0.1454361377069751,0.025520759459012547,0.1454361377069751,0.15522819801153837,0.08220745728,3.2,38.925908985370334,1.443446784,1.1501568,1,HEADROOM
360p,15,8,median,independent_au,0.3,125,60.29864007993357,11.540810783905727,13.189447003906025,13.189447003906366,0,184188928,27000000,211188928,351981.5466666667,20.140545654296876,0.14481823890264142,0.025525786375439587,0.14481823890264142,0.11933070153279705,0.08220745728,4.8,58.388863478055505,1.443446784,1.1501568,1,HEADROOM
360p,15,8,median,independent_au,0.4,125,60.305189506991205,10.629031487811517,12.710215003906342,12.710215003906455,0,184188928,27000000,211188928,351981.5466666667,20.140545654296876,0.14483396855244862,0.025528558896938135,0.14483396855244862,0.10117291762708192,0.08220745728,6.4,77.85181797074067,1.443446784,1.1501568,1,HEADROOM
360p,15,8,median,independent_au,0.5,125,60.31189189988657,9.83440881681235,11.965411871906326,11.965411871906326,0,123340800,27000000,150340800,250568.0,14.337615966796875,0.0970031967611696,0.02553139617235636,0.0970031967611696,0.1252935685762445,0.08220745728,8.0,97.31477246342584,1.443446784,1.1501568,1,HEADROOM
360p,15,8,median,independent_au,0.6,125,60.31743003104227,9.520929790859235,11.292570143907142,11.292570143907142,0,123340800,27000000,150340800,250568.0,14.337615966796875,0.09701210406633386,0.025533740589288687,0.09701210406633386,0.11517832337333467,0.08220745728,9.6,116.77772695611101,1.443446784,1.1501568,1,HEADROOM
360p,15,8,median,independent_au,0.7,125,60.32138646175123,9.323572381573491,10.811968909620191,10.811968909620646,0,123340800,27000000,150340800,250568.0,14.337615966796875,0.09701846742875617,0.025535415436432046,0.09701846742875617,0.10795201080971888,0.08220745728,11.2,136.24068144879618,1.443446784,1.1501568,1,HEADROOM
360p,15,8,median,raw_gather,0.2,125,41.84827824474332,2191.9844288349827,4113.670496543296,4285.121746543295,575,185011200,1866240000,2051251200,3418752.0,195.62255859375,0.10095502619337929,0.9964271213877629,0.9964271213877629,0.10775222061919716,0.08220745728,3.2,38.925908985370334,1.443446784,1.1501568,1,INTERCONNECT
360p,15,8,median,raw_gather,0.3,125,41.851789479829044,2190.7815565149826,4112.467624223296,4283.918874223295,575,184188928,1866240000,2050428928,3417381.546666667,195.544140625,0.1005147452638805,0.9965107255410456,0.9965107255410456,0.08282447817082574,0.08220745728,4.8,58.388863478055505,1.443446784,1.1501568,1,INTERCONNECT
360p,15,8,median,raw_gather,0.4,125,41.853545318336,2190.1801203549826,4111.866188063295,4283.317438063294,575,184188928,1866240000,2050428928,3417381.546666667,195.544140625,0.10051896223195869,0.9965525328789456,0.9965525328789456,0.0702169303754936,0.08220745728,6.4,77.85181797074067,1.443446784,1.1501568,1,INTERCONNECT
360p,15,8,median,raw_gather,0.5,125,41.854598892159366,2189.8192586589826,4111.505326367296,4282.9565763672945,575,123340800,1866240000,1989580800,3315968.0,189.7412109375,0.06731723651506948,0.9965776189655425,0.9965776189655425,0.08694988486235564,0.08220745728,8.0,97.31477246342584,1.443446784,1.1501568,1,INTERCONNECT
360p,15,8,median,raw_gather,0.6,125,41.855301304177075,2189.5786841949825,4111.264751903296,4282.716001903294,575,123340800,1866240000,1989580800,3315968.0,189.7412109375,0.06731836624602326,0.9965943437249398,0.9965943437249398,0.07992421802487,0.08220745728,9.6,116.77772695611101,1.443446784,1.1501568,1,INTERCONNECT
360p,15,8,median,raw_gather,0.7,125,41.855803041481344,2189.406845292125,4111.092913000439,4282.544163000437,575,123340800,1866240000,1989580800,3315968.0,189.7412109375,0.06731917321992038,0.9966062903253439,0.9966062903253439,0.07490574019296639,0.08220745728,11.2,136.24068144879618,1.443446784,1.1501568,1,INTERCONNECT
360p,15,8,adversarial,owner_only,0.2,125,59.75904350648062,49.49660561328096,60.97885841328207,60.97885841328207,0,61670400,15000000,76670400,127784.0,7.311859130859375,0.04805700893234042,0.016178856473545392,0.04805700893234042,0.8589078401729809,0.29156474879999994,0.4,1.3719079609119058,5.1757056,3.9105331199999998,1,NODE_QUEUE_HEADROOM_LOW
360p,15,8,adversarial,owner_only,0.3,125,59.932970736903876,36.55734161327928,44.7808168132824,44.7808168132824,0,61670400,15000000,76670400,127784.0,7.311859130859375,0.04819687767814993,0.016225944638494916,0.04819687767814993,0.6187084820734902,0.29156474879999994,0.6,2.0578619413678587,5.1757056,3.9105331199999998,1,HEADROOM
360p,15,8,adversarial,owner_only,0.4,125,60.020314563617276,30.087709613280822,36.6817960132812,36.68179601328143,0,61670400,15000000,76670400,127784.0,7.311859130859375,0.048267117809421375,0.016249591657478635,0.048267117809421375,0.4980837181451017,0.29156474879999994,0.8,2.7438159218238116,5.1757056,3.9105331199999998,1,HEADROOM
360p,15,8,adversarial,owner_only,0.5,125,60.072843166212934,26.205930413281067,31.822383533281936,31.822383533281936,0,61670400,15000000,76670400,127784.0,7.311859130859375,0.04830936024464155,0.01626381298152072,0.04830936024464155,0.42553995030245456,0.29156474879999994,1.0,3.4297699022797645,5.1757056,3.9105331199999998,1,HEADROOM
360p,15,8,adversarial,owner_only,0.6,125,60.10791334443373,23.618077613281002,28.58277521328273,28.58277521328273,0,61670400,15000000,76670400,127784.0,7.311859130859375,0.04833756296960373,0.01627330770142658,0.04833756296960373,0.37710685402087185,0.29156474879999994,1.2,4.115723882735717,5.1757056,3.9105331199999998,1,HEADROOM
360p,15,8,adversarial,owner_only,0.7,125,60.132988552111655,21.769611327566906,26.26876927042406,26.268769270424286,0,61670400,15000000,76670400,127784.0,7.311859130859375,0.04835772794227816,0.016280096434349012,0.04835772794227816,0.3424771484032544,0.29156474879999994,1.4,4.801677863191671,5.1757056,3.9105331199999998,1,HEADROOM
360p,15,8,adversarial,finishing_owner,0.2,125,59.94328203211718,39.699963101562325,54.222651089843566,54.22265108984391,0,246681600,634315200,880996800,1468328.0,84.01840209960938,0.19280469437403938,0.4882820822685143,0.4882820822685143,0.23212257759272711,0.29156474879999994,3.2,10.975263687295246,5.1757056,3.9105331199999998,1,HEADROOM
360p,15,8,adversarial,finishing_owner,0.3,125,59.969122792136176,39.0919532265616,49.90956308984369,49.909563089843914,0,245859328,634315200,880174528,1466957.5466666666,83.93998413085937,0.19225279315112134,0.4884925742482947,0.4884925742482947,0.1671880344919244,0.29156474879999994,4.8,16.46289553094287,5.1757056,3.9105331199999998,1,HEADROOM
360p,15,8,adversarial,finishing_owner,0.4,125,59.982051528655546,36.935409226562115,37.20614408984329,37.206144089843974,0,185422336,431102400,616524736,1027541.2266666667,58.796380615234376,0.1450226204045913,0.3336052043776084,0.3336052043776084,0.2311839900125375,0.29156474879999994,6.4,21.950527374590493,5.1757056,3.9105331199999998,1,HEADROOM
360p,15,8,adversarial,finishing_owner,0.5,125,59.98981144672601,25.094607826562196,35.9122176898436,35.91221768984394,0,185422336,431102400,616524736,1027541.2266666667,58.796380615234376,0.14504138207785894,0.3336483631057258,0.3336483631057258,0.1972440359433314,0.29156474879999994,8.0,27.438159218238116,5.1757056,3.9105331199999998,1,HEADROOM
360p,15,8,adversarial,finishing_owner,0.6,125,60.05832331034169,24.231990226562175,35.04960008984381,35.04960008984392,0,185011200,429720000,614731200,1024552.0,58.625335693359375,0.14488504323801188,0.3329736962822038,0.3329736962822038,0.1754685344988702,0.29156474879999994,9.6,32.92579106188574,5.1757056,3.9105331199999998,1,HEADROOM
360p,15,8,adversarial,finishing_owner,0.7,125,59.99868238342916,30.32793920870524,34.433444661272006,34.433444661272574,0,185011200,431102400,616113600,1026856.0,58.757171630859375,0.1447411651242353,0.3336977010422661,0.3336977010422661,0.18204868449567269,0.29156474879999994,11.2,38.413422905533366,5.1757056,3.9105331199999998,1,HEADROOM
360p,15,8,adversarial,independent_au,0.2,125,60.188859191404426,25.001332389843355,25.653536979687487,25.653536979687715,0,246681600,45000000,291681600,486136.0,27.816925048828125,0.19359458153964793,0.039255450222093036,0.19359458153964793,0.23307354326025786,0.29156474879999994,3.2,10.975263687295246,5.1757056,3.9105331199999998,1,HEADROOM
360p,15,8,adversarial,independent_au,0.3,125,60.22605508037825,21.32565683984285,21.977861429687437,21.977861429687664,0,245859328,45000000,290859328,484765.5466666667,27.738507080078126,0.1930764828728547,0.03927970955160508,0.1930764828728547,0.1679043365198463,0.29156474879999994,4.8,16.46289553094287,5.1757056,3.9105331199999998,1,HEADROOM
360p,15,8,adversarial,independent_au,0.4,125,60.247400626772645,19.169112839843365,19.821317429687042,19.821317429687724,0,185422336,45000000,230422336,384037.2266666667,21.974786376953126,0.1456641726781502,0.03929363121493623,0.1456641726781502,0.2322067036691325,0.29156474879999994,6.4,21.950527374590493,5.1757056,3.9105331199999998,1,HEADROOM
360p,15,8,adversarial,independent_au,0.5,125,60.25522935796592,17.058202059843097,17.875186439843674,17.8751864398439,0,185422336,45000000,230422336,384037.2266666667,21.974786376953126,0.14568310072551033,0.039298737149353134,0.14568310072551033,0.19811671913339443,0.29156474879999994,8.0,27.438159218238116,5.1757056,3.9105331199999998,1,HEADROOM
360p,15,8,adversarial,independent_au,0.6,125,60.26766454700263,15.543828939843479,17.01256883984388,17.01256883984388,0,185011200,45000000,230011200,383352.0,21.935577392578125,0.14539005923668358,0.03930684743671845,0.14539005923668358,0.17608015330509738,0.29156474879999994,9.6,32.92579106188574,5.1757056,3.9105331199999998,1,HEADROOM
360p,15,8,adversarial,independent_au,0.7,125,60.275889347637865,14.801518782700441,16.057028482700844,16.05702848270107,0,185011200,45000000,230011200,383352.0,21.935577392578125,0.14540990079285726,0.0393122116894433,0.14540990079285726,0.18288978901934758,0.29156474879999994,11.2,38.413422905533366,5.1757056,3.9105331199999998,1,HEADROOM
360p,15,8,adversarial,raw_gather,0.2,125,41.818576856058726,2202.1675558749826,4123.853623583296,4295.3048735832945,576,246681600,1866240000,2112921600,3521536.0,201.50390625,0.1345074486507042,0.995719917400657,0.995719917400657,0.1619370098201656,0.29156474879999994,3.2,10.975263687295246,5.1757056,3.9105331199999998,1,INTERCONNECT
360p,15,8,adversarial,raw_gather,0.3,125,41.83115180240484,2197.8544678749827,4119.540535583295,4290.991785583294,576,245859328,1866240000,2112099328,3520165.546666667,201.42548828125,0.13410494268219428,0.9960193327676639,0.9960193327676639,0.11662114976433294,0.29156474879999994,4.8,16.46289553094287,5.1757056,3.9105331199999998,1,INTERCONNECT
360p,15,8,adversarial,raw_gather,0.4,125,41.83744211199174,2195.6979238749823,4117.383991583296,4288.835241583294,576,185422336,1866240000,2051662336,3419437.2266666666,195.661767578125,0.10115318385213684,0.9961691079875106,0.9961691079875106,0.16125068337731144,0.29156474879999994,6.4,21.950527374590493,5.1757056,3.9105331199999998,1,INTERCONNECT
360p,15,8,adversarial,raw_gather,0.5,125,41.84121720588771,2194.4039974749826,4116.090065183296,4287.5413151832945,576,185422336,1866240000,2051662336,3419437.2266666666,195.661767578125,0.10116231114930514,0.9962589947427489,0.9962589947427489,0.1375722035365934,0.29156474879999994,8.0,27.438159218238116,5.1757056,3.9105331199999998,1,INTERCONNECT
360p,15,8,adversarial,raw_gather,0.6,125,41.84373431365877,2193.541379874982,4115.227447583295,4286.678697583293,576,185011200,1866240000,2051251200,3418752.0,195.62255859375,0.100944064387998,0.9963189282586723,0.9963189282586723,0.12225214313822677,0.29156474879999994,9.6,32.92579106188574,5.1757056,3.9105331199999998,1,INTERCONNECT
360p,15,8,adversarial,raw_gather,0.7,125,41.84553243320803,2192.925224446411,4114.611292154725,4286.062542154723,576,185011200,1866240000,2051251200,3418752.0,195.62255859375,0.10094840218190035,0.9963617423280086,0.9963617423280086,0.12696819044797053,0.29156474879999994,11.2,38.413422905533366,5.1757056,3.9105331199999998,1,INTERCONNECT
360p,15,16,optimistic,owner_only,0.2,125,60.30007700371124,9.374380973278676,11.015788973281815,11.015788973281815,0,61670400,15000000,76670400,127784.0,7.311859130859375,0.048492097081070364,0.0163253331034487,0.048492097081070364,0.11348980047944016,0.01971081216,0.4,20.29343066906889,0.342171648,0.2875392,1,HEADROOM
360p,15,16,optimistic,owner_only,0.3,125,60.31189951784932,8.51895185327976,9.920743853281351,9.920743853283057,0,61670400,15000000,76670400,127784.0,7.311859130859375,0.048501604506795394,0.016328533870197514,0.048501604506795394,0.09700098863101045,0.01971081216,0.6,30.440146003603335,0.342171648,0.2875392,1,HEADROOM
360p,15,16,optimistic,owner_only,0.4,125,60.31781251354236,8.091237293280983,9.373221293281858,9.373221293281858,0,61670400,15000000,76670400,127784.0,7.311859130859375,0.04850635961782401,0.01633013472427805,0.04850635961782401,0.08875415785512603,0.01971081216,0.8,40.58686133813778,0.342171648,0.2875392,1,HEADROOM
360p,15,16,optimistic,owner_only,0.5,125,60.32136086751421,7.834608557281172,9.04470775728123,9.044707757281344,0,61670400,15000000,76670400,127784.0,7.311859130859375,0.04850921313201224,0.016331095387405493,0.04850921313201224,0.08380528316317853,0.01971081216,1.0,50.73357667267222,0.342171648,0.2875392,1,HEADROOM
360p,15,16,optimistic,owner_only,0.6,125,60.3237266687726,7.663522733280843,8.825698733280888,8.825698733281456,0,61670400,15000000,76670400,127784.0,7.311859130859375,0.048511115661328895,0.016331735892285735,0.048511115661328895,0.08050570987744825,0.01971081216,1.2,60.88029200720667,0.342171648,0.2875392,1,HEADROOM
360p,15,16,optimistic,owner_only,0.7,125,60.32541664043377,7.54131857328116,8.66926371613863,8.66926371613863,0,61670400,15000000,76670400,127784.0,7.311859130859375,0.04851247470221126,0.01633219342653237,0.04851247470221126,0.07814871335161581,0.01971081216,1.4,71.02700734174111,0.342171648,0.2875392,1,HEADROOM
360p,15,16,optimistic,finishing_owner,0.2,125,60.15204404033576,19.027822794921867,19.48409134656231,19.48409134656265,0,123340800,223742400,347083200,578472.0,33.100433349609375,0.09674610395768737,0.17594663794047244,0.17594663794047244,0.08353740713569532,0.01971081216,6.4,324.69489070510224,0.342171648,0.2875392,1,HEADROOM
360p,15,16,optimistic,finishing_owner,0.3,125,60.21826954515348,8.243577773279867,19.061187636562636,19.061187636563773,0,122929664,222360000,345289664,575482.7733333333,32.929388427734374,0.09652977630799432,0.17508182537459957,0.17508182537459957,0.07162902924856633,0.01971081216,9.6,487.04233605765336,0.342171648,0.2875392,1,HEADROOM
360p,15,16,optimistic,finishing_owner,0.4,125,60.15614698498496,18.533031363280315,18.803766226562402,18.80376622656263,0,122929664,223742400,346672064,577786.7733333333,33.061224365234374,0.09643019395728844,0.17595863918379176,0.17595863918379176,0.06905728631213673,0.01971081216,12.8,649.3897814102045,0.342171648,0.2875392,1,HEADROOM
360p,15,16,optimistic,finishing_owner,0.5,125,60.220741347484534,7.834608557281172,18.65221842056235,18.65221842056269,0,122929664,222360000,345289664,575482.7733333333,32.929388427734374,0.09653373860262511,0.17508901202521832,0.17508901202521832,0.06542324021407393,0.01971081216,16.0,811.7372267627555,0.342171648,0.2875392,1,HEADROOM
360p,15,16,optimistic,finishing_owner,0.6,125,60.22177544722277,7.663522733280843,18.48113259656202,18.481132596562702,0,122929664,222360000,345289664,575482.7733333333,32.929388427734374,0.09653539626262042,0.17509201862223872,0.17509201862223872,0.06284950453779747,0.01971081216,19.2,974.0846721153067,0.342171648,0.2875392,1,HEADROOM
360p,15,16,optimistic,finishing_owner,0.7,125,60.222392832900276,7.54131857328116,18.378992506138275,18.378992506138502,0,122929664,222360000,345289664,575482.7733333333,32.929388427734374,0.09653638593073602,0.17509381364245757,0.17509381364245757,0.06101094492724454,0.01971081216,22.4,1136.4321174678578,0.342171648,0.2875392,1,HEADROOM
360p,15,16,optimistic,independent_au,0.2,125,60.33010648946738,8.57278812542917,9.120237055430152,9.120237055430152,0,123340800,20250000,143590800,239318.0,13.693885803222656,0.09703249236708368,0.02036093224672356,0.09703249236708368,0.08378469507987081,0.01971081216,6.4,324.69489070510224,0.342171648,0.2875392,1,HEADROOM
360p,15,16,optimistic,independent_au,0.3,125,60.33183716796308,8.241528270428994,8.64782704085951,8.647827040860648,0,122929664,20250000,143179664,238632.77333333335,13.654676818847657,0.0967118250003338,0.020361516336983666,0.0967118250003338,0.0717641167998587,0.01971081216,9.6,487.04233605765336,0.342171648,0.2875392,1,HEADROOM
360p,15,16,optimistic,independent_au,0.4,125,60.33512884243045,8.052913565428753,8.390405630859277,8.390405630859505,0,122929664,20250000,143179664,238632.77333333335,13.654676818847657,0.09671710154850456,0.020362627250998383,0.09671710154850456,0.06926275162189761,0.01971081216,12.8,649.3897814102045,0.342171648,0.2875392,1,HEADROOM
360p,15,16,optimistic,independent_au,0.5,125,60.337086392879726,7.901365759429609,8.238857824859224,8.238857824859565,0,122929664,20250000,143179664,238632.77333333335,13.654676818847657,0.09672023949830628,0.020363287908742693,0.09672023949830628,0.06554963636400982,0.01971081216,16.0,811.7372267627555,0.342171648,0.2875392,1,HEADROOM
360p,15,16,optimistic,independent_au,0.6,125,60.33881657829971,7.73027993542928,8.067772000858895,8.067772000859577,0,122929664,20250000,143179664,238632.77333333335,13.654676818847657,0.09672301298238055,0.020363871832593663,0.09672301298238055,0.06297165266518334,0.01971081216,19.2,974.0846721153067,0.342171648,0.2875392,1,HEADROOM
360p,15,16,optimistic,independent_au,0.7,125,60.3400524857809,7.608075775429597,7.9455678408594395,7.9455678408594395,0,122929664,20250000,143179664,238632.77333333335,13.654676818847657,0.09672499413981993,0.020364288941562166,0.09672499413981993,0.061130145215781355,0.01971081216,22.4,1136.4321174678578,0.342171648,0.2875392,1,HEADROOM
360p,15,16,optimistic,raw_gather,0.2,125,41.85759404806734,2188.7934809949825,4110.479548703295,4281.9307987032935,575,123340800,1866240000,1989580800,3315968.0,189.7412109375,0.06732205380215366,0.9966489350316908,0.9966489350316908,0.05813060772081689,0.01971081216,6.4,324.69489070510224,0.342171648,0.2875392,1,INTERCONNECT
360p,15,16,optimistic,raw_gather,0.3,125,41.85842670995686,2188.508337954983,4110.1944056632965,4281.645655663295,575,122929664,1866240000,1989169664,3315282.7733333334,189.702001953125,0.0670989817116375,0.9966687611015905,0.9966687611015905,0.04979017985327974,0.01971081216,9.6,487.04233605765336,0.342171648,0.2875392,1,INTERCONNECT
360p,15,16,optimistic,raw_gather,0.4,125,41.858843053324684,2188.3657664349826,4110.051834143296,4281.5030841432945,575,122929664,1866240000,1989169664,3315282.7733333334,189.702001953125,0.06709964910929715,0.9966786744323393,0.9966786744323393,0.04805258073044056,0.01971081216,12.8,649.3897814102045,0.342171648,0.2875392,1,INTERCONNECT
360p,15,16,optimistic,raw_gather,0.5,125,41.8590928633209,2188.2802235229824,4109.966291231296,4281.417541231294,574,122929664,1866240000,1989169664,3315282.7733333334,189.702001953125,0.06710004955426571,0.9966846225254476,0.9966846225254476,0.0454753200685176,0.01971081216,16.0,811.7372267627555,0.342171648,0.2875392,1,INTERCONNECT
360p,15,16,optimistic,raw_gather,0.6,125,41.85925940497488,2188.2231949149823,4109.909262623296,4281.360512623294,574,122929664,1866240000,1989169664,3315282.7733333334,189.702001953125,0.06710031652023345,0.9966885879602952,0.9966885879602952,0.04368575476867872,0.01971081216,19.2,974.0846721153067,0.342171648,0.2875392,1,INTERCONNECT
360p,15,16,optimistic,raw_gather,0.7,125,41.859378364110505,2188.1824601949825,4109.868527903296,4281.319777903294,574,122929664,1866240000,1989169664,3315282.7733333334,189.702001953125,0.067100507211511,0.9966914204330767,0.9966914204330767,0.042407485121817017,0.01971081216,22.4,1136.4321174678578,0.342171648,0.2875392,1,INTERCONNECT
360p,15,16,median,owner_only,0.2,125,60.16958942762022,18.947224493280828,23.021656493282535,23.021656493282535,0,61670400,15000000,76670400,127784.0,7.311859130859375,0.048387161622906856,0.016290005567375795,0.048387161622906856,0.2938412417713555,0.08220745728,0.4,4.865738623171292,1.443446784,1.1501568,1,HEADROOM
360p,15,16,median,owner_only,0.3,125,60.218961788866004,15.338607533280538,18.454575533281968,18.454575533281968,0,61670400,15000000,76670400,127784.0,7.311859130859375,0.04842686587294464,0.016303372386847547,0.04842686587294464,0.22532613574744548,0.08220745728,0.6,7.298607934756938,1.443446784,1.1501568,1,HEADROOM
360p,15,16,median,owner_only,0.4,125,60.24367836645431,13.534299053279028,16.17103505328214,16.17103505328214,0,61670400,15000000,76670400,127784.0,7.311859130859375,0.04844674244258567,0.016310064026101696,0.04844674244258567,0.1910264002015216,0.08220745728,0.8,9.731477246342584,1.443446784,1.1501568,1,HEADROOM
360p,15,16,median,owner_only,0.5,125,60.258518054412384,12.451713965280987,14.800910765281515,14.800910765281515,0,61670400,15000000,76670400,127784.0,7.311859130859375,0.04845867621821039,0.016314081646992162,0.04845867621821039,0.17043304051290234,0.08220745728,1.0,12.16434655792823,1.443446784,1.1501568,1,HEADROOM
360p,15,16,median,owner_only,0.6,125,60.26841524196988,11.72999057328093,13.887494573281515,13.88749457328231,0,61670400,15000000,76670400,127784.0,7.311859130859375,0.04846663533540751,0.01631676116071241,0.04846663533540751,0.15669849677769387,0.08220745728,1.2,14.597215869513876,1.443446784,1.1501568,1,HEADROOM
360p,15,16,median,owner_only,0.7,125,60.27548665237886,11.214473864709362,13.235054436137943,13.235054436138512,0,61670400,15000000,76670400,127784.0,7.311859130859375,0.048472322020020386,0.016318675638042693,0.048472322020020386,0.14688534582270968,0.08220745728,1.4,17.030085181099523,1.443446784,1.1501568,1,HEADROOM
360p,15,16,median,finishing_owner,0.2,125,60.067684645647184,22.675039186562117,33.49264904984375,33.492649049843976,0,185011200,429720000,614731200,1024552.0,58.625335693359375,0.1449076265769355,0.3330255971386879,0.3330255971386879,0.15466410278982404,0.08220745728,6.4,77.85181797074067,1.443446784,1.1501568,1,HEADROOM
360p,15,16,median,finishing_owner,0.3,125,60.0749190431362,21.47216686656202,32.28977672984365,32.28977672984399,0,184188928,428337600,612526528,1020877.5466666666,58.41508178710937,0.1442809318172491,0.3320097014490064,0.3320097014490064,0.1188879587406995,0.08220745728,9.6,116.77772695611101,1.443446784,1.1501568,1,HEADROOM
360p,15,16,median,finishing_owner,0.4,125,60.07853689538923,20.73536327492144,31.688340569843604,31.688340569843945,0,184188928,428337600,612526528,1020877.5466666666,58.41508178710937,0.1442896207527077,0.33202969585042297,0.33202969585042297,0.10079266667038919,0.08220745728,12.8,155.70363594148134,1.443446784,1.1501568,1,HEADROOM
360p,15,16,median,finishing_owner,0.5,125,60.14560493221099,20.00634645820312,20.551971907843836,20.551971907843836,0,123340800,223742400,347083200,578472.0,33.100433349609375,0.09673574755776829,0.1759278033448413,0.1759278033448413,0.12494811949594738,0.08220745728,16.0,194.62954492685168,1.443446784,1.1501568,1,HEADROOM
360p,15,16,median,finishing_owner,0.6,125,60.14730928650575,19.81465365820312,20.269294546562378,20.26929454656272,0,123340800,223742400,347083200,578472.0,33.100433349609375,0.09673848877197658,0.17593278863524672,0.17593278863524672,0.11485347163285675,0.08220745728,19.2,233.55545391222202,1.443446784,1.1501568,1,HEADROOM
360p,15,16,median,finishing_owner,0.7,125,60.14834540667926,19.591777742488823,20.09745564370496,20.09745564370553,0,123340800,223742400,347083200,578472.0,33.100433349609375,0.09674015522557128,0.17593581931963892,0.17593581931963892,0.10764233407741268,0.08220745728,22.4,272.48136289759236,1.443446784,1.1501568,1,HEADROOM
360p,15,16,median,independent_au,0.2,125,60.2867651774374,13.94655542390592,14.369878177813007,14.369878177813007,0,185011200,27000000,212011200,353352.0,20.218963623046875,0.1454361377069751,0.025520759459012547,0.1454361377069751,0.15522819801153837,0.08220745728,6.4,77.85181797074067,1.443446784,1.1501568,1,HEADROOM
360p,15,16,median,independent_au,0.3,125,60.29864007993357,11.540810783905727,13.189447003906025,13.189447003906366,0,184188928,27000000,211188928,351981.5466666667,20.140545654296876,0.14481823890264142,0.025525786375439587,0.14481823890264142,0.11933070153279705,0.08220745728,9.6,116.77772695611101,1.443446784,1.1501568,1,HEADROOM
360p,15,16,median,independent_au,0.4,125,60.305189506991205,10.629031487811517,12.710215003906342,12.710215003906455,0,184188928,27000000,211188928,351981.5466666667,20.140545654296876,0.14483396855244862,0.025528558896938135,0.14483396855244862,0.10117291762708192,0.08220745728,12.8,155.70363594148134,1.443446784,1.1501568,1,HEADROOM
360p,15,16,median,independent_au,0.5,125,60.31189189988657,9.83440881681235,11.965411871906326,11.965411871906326,0,123340800,27000000,150340800,250568.0,14.337615966796875,0.0970031967611696,0.02553139617235636,0.0970031967611696,0.1252935685762445,0.08220745728,16.0,194.62954492685168,1.443446784,1.1501568,1,HEADROOM
360p,15,16,median,independent_au,0.6,125,60.31743003104227,9.520929790859235,11.292570143907142,11.292570143907142,0,123340800,27000000,150340800,250568.0,14.337615966796875,0.09701210406633386,0.025533740589288687,0.09701210406633386,0.11517832337333467,0.08220745728,19.2,233.55545391222202,1.443446784,1.1501568,1,HEADROOM
360p,15,16,median,independent_au,0.7,125,60.32138646175123,9.323572381573491,10.811968909620191,10.811968909620646,0,123340800,27000000,150340800,250568.0,14.337615966796875,0.09701846742875617,0.025535415436432046,0.09701846742875617,0.10795201080971888,0.08220745728,22.4,272.48136289759236,1.443446784,1.1501568,1,HEADROOM
360p,15,16,median,raw_gather,0.2,125,41.84827824474332,2191.9844288349827,4113.670496543296,4285.121746543295,575,185011200,1866240000,2051251200,3418752.0,195.62255859375,0.10095502619337929,0.9964271213877629,0.9964271213877629,0.10775222061919716,0.08220745728,6.4,77.85181797074067,1.443446784,1.1501568,1,INTERCONNECT
360p,15,16,median,raw_gather,0.3,125,41.851789479829044,2190.7815565149826,4112.467624223296,4283.918874223295,575,184188928,1866240000,2050428928,3417381.546666667,195.544140625,0.1005147452638805,0.9965107255410456,0.9965107255410456,0.08282447817082574,0.08220745728,9.6,116.77772695611101,1.443446784,1.1501568,1,INTERCONNECT
360p,15,16,median,raw_gather,0.4,125,41.853545318336,2190.1801203549826,4111.866188063295,4283.317438063294,575,184188928,1866240000,2050428928,3417381.546666667,195.544140625,0.10051896223195869,0.9965525328789456,0.9965525328789456,0.0702169303754936,0.08220745728,12.8,155.70363594148134,1.443446784,1.1501568,1,INTERCONNECT
360p,15,16,median,raw_gather,0.5,125,41.854598892159366,2189.8192586589826,4111.505326367296,4282.9565763672945,575,123340800,1866240000,1989580800,3315968.0,189.7412109375,0.06731723651506948,0.9965776189655425,0.9965776189655425,0.08694988486235564,0.08220745728,16.0,194.62954492685168,1.443446784,1.1501568,1,INTERCONNECT
360p,15,16,median,raw_gather,0.6,125,41.855301304177075,2189.5786841949825,4111.264751903296,4282.716001903294,575,123340800,1866240000,1989580800,3315968.0,189.7412109375,0.06731836624602326,0.9965943437249398,0.9965943437249398,0.07992421802487,0.08220745728,19.2,233.55545391222202,1.443446784,1.1501568,1,INTERCONNECT
360p,15,16,median,raw_gather,0.7,125,41.855803041481344,2189.406845292125,4111.092913000439,4282.544163000437,575,123340800,1866240000,1989580800,3315968.0,189.7412109375,0.06731917321992038,0.9966062903253439,0.9966062903253439,0.07490574019296639,0.08220745728,22.4,272.48136289759236,1.443446784,1.1501568,1,INTERCONNECT
360p,15,16,adversarial,owner_only,0.2,125,59.75904350648062,49.49660561328096,60.97885841328207,60.97885841328207,0,61670400,15000000,76670400,127784.0,7.311859130859375,0.04805700893234042,0.016178856473545392,0.04805700893234042,0.8589078401729809,0.29156474879999994,0.4,1.3719079609119058,5.1757056,3.9105331199999998,1,NODE_QUEUE_HEADROOM_LOW
360p,15,16,adversarial,owner_only,0.3,125,59.932970736903876,36.55734161327928,44.7808168132824,44.7808168132824,0,61670400,15000000,76670400,127784.0,7.311859130859375,0.04819687767814993,0.016225944638494916,0.04819687767814993,0.6187084820734902,0.29156474879999994,0.6,2.0578619413678587,5.1757056,3.9105331199999998,1,HEADROOM
360p,15,16,adversarial,owner_only,0.4,125,60.020314563617276,30.087709613280822,36.6817960132812,36.68179601328143,0,61670400,15000000,76670400,127784.0,7.311859130859375,0.048267117809421375,0.016249591657478635,0.048267117809421375,0.4980837181451017,0.29156474879999994,0.8,2.7438159218238116,5.1757056,3.9105331199999998,1,HEADROOM
360p,15,16,adversarial,owner_only,0.5,125,60.072843166212934,26.205930413281067,31.822383533281936,31.822383533281936,0,61670400,15000000,76670400,127784.0,7.311859130859375,0.04830936024464155,0.01626381298152072,0.04830936024464155,0.42553995030245456,0.29156474879999994,1.0,3.4297699022797645,5.1757056,3.9105331199999998,1,HEADROOM
360p,15,16,adversarial,owner_only,0.6,125,60.10791334443373,23.618077613281002,28.58277521328273,28.58277521328273,0,61670400,15000000,76670400,127784.0,7.311859130859375,0.04833756296960373,0.01627330770142658,0.04833756296960373,0.37710685402087185,0.29156474879999994,1.2,4.115723882735717,5.1757056,3.9105331199999998,1,HEADROOM
360p,15,16,adversarial,owner_only,0.7,125,60.132988552111655,21.769611327566906,26.26876927042406,26.268769270424286,0,61670400,15000000,76670400,127784.0,7.311859130859375,0.04835772794227816,0.016280096434349012,0.04835772794227816,0.3424771484032544,0.29156474879999994,1.4,4.801677863191671,5.1757056,3.9105331199999998,1,HEADROOM
360p,15,16,adversarial,finishing_owner,0.2,125,59.94328203211718,39.699963101562325,54.222651089843566,54.22265108984391,0,246681600,634315200,880996800,1468328.0,84.01840209960938,0.19280469437403938,0.4882820822685143,0.4882820822685143,0.23212257759272711,0.29156474879999994,6.4,21.950527374590493,5.1757056,3.9105331199999998,1,HEADROOM
360p,15,16,adversarial,finishing_owner,0.3,125,59.969122792136176,39.0919532265616,49.90956308984369,49.909563089843914,0,245859328,634315200,880174528,1466957.5466666666,83.93998413085937,0.19225279315112134,0.4884925742482947,0.4884925742482947,0.1671880344919244,0.29156474879999994,9.6,32.92579106188574,5.1757056,3.9105331199999998,1,HEADROOM
360p,15,16,adversarial,finishing_owner,0.4,125,59.982051528655546,36.935409226562115,37.20614408984329,37.206144089843974,0,185422336,431102400,616524736,1027541.2266666667,58.796380615234376,0.1450226204045913,0.3336052043776084,0.3336052043776084,0.2311839900125375,0.29156474879999994,12.8,43.901054749180986,5.1757056,3.9105331199999998,1,HEADROOM
360p,15,16,adversarial,finishing_owner,0.5,125,59.98981144672601,25.094607826562196,35.9122176898436,35.91221768984394,0,185422336,431102400,616524736,1027541.2266666667,58.796380615234376,0.14504138207785894,0.3336483631057258,0.3336483631057258,0.1972440359433314,0.29156474879999994,16.0,54.87631843647623,5.1757056,3.9105331199999998,1,HEADROOM
360p,15,16,adversarial,finishing_owner,0.6,125,60.05832331034169,24.231990226562175,35.04960008984381,35.04960008984392,0,185011200,429720000,614731200,1024552.0,58.625335693359375,0.14488504323801188,0.3329736962822038,0.3329736962822038,0.1754685344988702,0.29156474879999994,19.2,65.85158212377148,5.1757056,3.9105331199999998,1,HEADROOM
360p,15,16,adversarial,finishing_owner,0.7,125,59.99868238342916,30.32793920870524,34.433444661272006,34.433444661272574,0,185011200,431102400,616113600,1026856.0,58.757171630859375,0.1447411651242353,0.3336977010422661,0.3336977010422661,0.18204868449567269,0.29156474879999994,22.4,76.82684581106673,5.1757056,3.9105331199999998,1,HEADROOM
360p,15,16,adversarial,independent_au,0.2,125,60.188859191404426,25.001332389843355,25.653536979687487,25.653536979687715,0,246681600,45000000,291681600,486136.0,27.816925048828125,0.19359458153964793,0.039255450222093036,0.19359458153964793,0.23307354326025786,0.29156474879999994,6.4,21.950527374590493,5.1757056,3.9105331199999998,1,HEADROOM
360p,15,16,adversarial,independent_au,0.3,125,60.22605508037825,21.32565683984285,21.977861429687437,21.977861429687664,0,245859328,45000000,290859328,484765.5466666667,27.738507080078126,0.1930764828728547,0.03927970955160508,0.1930764828728547,0.1679043365198463,0.29156474879999994,9.6,32.92579106188574,5.1757056,3.9105331199999998,1,HEADROOM
360p,15,16,adversarial,independent_au,0.4,125,60.247400626772645,19.169112839843365,19.821317429687042,19.821317429687724,0,185422336,45000000,230422336,384037.2266666667,21.974786376953126,0.1456641726781502,0.03929363121493623,0.1456641726781502,0.2322067036691325,0.29156474879999994,12.8,43.901054749180986,5.1757056,3.9105331199999998,1,HEADROOM
360p,15,16,adversarial,independent_au,0.5,125,60.25522935796592,17.058202059843097,17.875186439843674,17.8751864398439,0,185422336,45000000,230422336,384037.2266666667,21.974786376953126,0.14568310072551033,0.039298737149353134,0.14568310072551033,0.19811671913339443,0.29156474879999994,16.0,54.87631843647623,5.1757056,3.9105331199999998,1,HEADROOM
360p,15,16,adversarial,independent_au,0.6,125,60.26766454700263,15.543828939843479,17.01256883984388,17.01256883984388,0,185011200,45000000,230011200,383352.0,21.935577392578125,0.14539005923668358,0.03930684743671845,0.14539005923668358,0.17608015330509738,0.29156474879999994,19.2,65.85158212377148,5.1757056,3.9105331199999998,1,HEADROOM
360p,15,16,adversarial,independent_au,0.7,125,60.275889347637865,14.801518782700441,16.057028482700844,16.05702848270107,0,185011200,45000000,230011200,383352.0,21.935577392578125,0.14540990079285726,0.0393122116894433,0.14540990079285726,0.18288978901934758,0.29156474879999994,22.4,76.82684581106673,5.1757056,3.9105331199999998,1,HEADROOM
360p,15,16,adversarial,raw_gather,0.2,125,41.818576856058726,2202.1675558749826,4123.853623583296,4295.3048735832945,576,246681600,1866240000,2112921600,3521536.0,201.50390625,0.1345074486507042,0.995719917400657,0.995719917400657,0.1619370098201656,0.29156474879999994,6.4,21.950527374590493,5.1757056,3.9105331199999998,1,INTERCONNECT
360p,15,16,adversarial,raw_gather,0.3,125,41.83115180240484,2197.8544678749827,4119.540535583295,4290.991785583294,576,245859328,1866240000,2112099328,3520165.546666667,201.42548828125,0.13410494268219428,0.9960193327676639,0.9960193327676639,0.11662114976433294,0.29156474879999994,9.6,32.92579106188574,5.1757056,3.9105331199999998,1,INTERCONNECT
360p,15,16,adversarial,raw_gather,0.4,125,41.83744211199174,2195.6979238749823,4117.383991583296,4288.835241583294,576,185422336,1866240000,2051662336,3419437.2266666666,195.661767578125,0.10115318385213684,0.9961691079875106,0.9961691079875106,0.16125068337731144,0.29156474879999994,12.8,43.901054749180986,5.1757056,3.9105331199999998,1,INTERCONNECT
360p,15,16,adversarial,raw_gather,0.5,125,41.84121720588771,2194.4039974749826,4116.090065183296,4287.5413151832945,576,185422336,1866240000,2051662336,3419437.2266666666,195.661767578125,0.10116231114930514,0.9962589947427489,0.9962589947427489,0.1375722035365934,0.29156474879999994,16.0,54.87631843647623,5.1757056,3.9105331199999998,1,INTERCONNECT
360p,15,16,adversarial,raw_gather,0.6,125,41.84373431365877,2193.541379874982,4115.227447583295,4286.678697583293,576,185011200,1866240000,2051251200,3418752.0,195.62255859375,0.100944064387998,0.9963189282586723,0.9963189282586723,0.12225214313822677,0.29156474879999994,19.2,65.85158212377148,5.1757056,3.9105331199999998,1,INTERCONNECT
360p,15,16,adversarial,raw_gather,0.7,125,41.84553243320803,2192.925224446411,4114.611292154725,4286.062542154723,576,185011200,1866240000,2051251200,3418752.0,195.62255859375,0.10094840218190035,0.9963617423280086,0.9963617423280086,0.12696819044797053,0.29156474879999994,22.4,76.82684581106673,5.1757056,3.9105331199999998,1,INTERCONNECT
540p,5,4,optimistic,owner_only,0.2,125,60.84933291082071,23.327400690775903,34.422550770783346,46.23972837076872,0,42156800,15000000,57156800,95261.33333333333,5.450897216796875,0.03302403428024337,0.016474035826366404,0.03302403428024337,0.14015223369180083,0.02401311744,0.4,16.657562309410835,0.410462208,0.2875392,1,HEADROOM
540p,5,4,optimistic,owner_only,0.3,125,60.89728752041262,20.933037810777023,30.420364530784354,40.527282930772344,0,42156800,15000000,57156800,95261.33333333333,5.450897216796875,0.03305006011479738,0.016487018811037975,0.03305006011479738,0.119952495426512,0.02401311744,0.6,24.986343464116253,0.410462208,0.2875392,1,HEADROOM
540p,5,4,optimistic,owner_only,0.4,125,60.92129318070953,19.735856370780766,28.41927141078577,37.67106021078689,0,42156800,15000000,57156800,95261.33333333333,5.450897216796875,0.03306308842111796,0.016493517980196434,0.03306308842111796,0.10984068221372778,0.02401311744,0.8,33.31512461882167,0.410462208,0.2875392,1,HEADROOM
540p,5,4,optimistic,owner_only,0.5,125,60.93570566352803,19.017547506775372,27.218615538781705,35.957326578767606,0,42156800,15000000,57156800,95261.33333333333,5.450897216796875,0.033070910336394484,0.016497419941761845,0.033070910336394484,0.10376976675511639,0.02401311744,1.0,41.64390577352709,0.410462208,0.2875392,1,HEADROOM
540p,5,4,optimistic,owner_only,0.6,125,60.94531777449304,18.538674930778143,26.41817829078093,34.81483749077415,0,42156800,15000000,57156800,95261.33333333333,5.450897216796875,0.033076127002984394,0.016500022275309802,0.033076127002984394,0.09972089372031347,0.02401311744,1.2,49.972686928232505,0.410462208,0.2875392,1,HEADROOM
540p,5,4,optimistic,owner_only,0.7,125,60.95218542485953,18.196623090780122,25.84643739935109,33.998773856492335,0,42156800,15000000,57156800,95261.33333333333,5.450897216796875,0.0330798542011356,0.016501881587692835,0.0330798542011356,0.09682805941133626,0.02401311744,1.4,58.30146808293792,0.410462208,0.2875392,1,HEADROOM
540p,5,4,optimistic,finishing_owner,0.2,125,60.25359084134882,37.56535934812382,70.55965866453062,103.55395798093559,0,125627264,361982400,487609664,812682.7733333333,46.502081298828124,0.0974400947328417,0.28215818070716386,0.28215818070716386,0.07927963102724589,0.02401311744,1.6,66.63024923764334,0.410462208,0.2875392,1,HEADROOM
540p,5,4,optimistic,finishing_owner,0.3,125,60.32119176445995,36.9525726448428,69.9468719612496,102.94117127765458,0,125627264,360600000,486227264,810378.7733333333,46.370245361328124,0.09754941668793181,0.28141441185147265,0.28141441185147265,0.0710648681637422,0.02401311744,2.4,99.94537385646501,0.410462208,0.2875392,1,HEADROOM
540p,5,4,optimistic,finishing_owner,0.4,125,60.32222895364316,36.78154672484334,59.22897104124968,102.77014535765557,0,85156736,295627200,380783936,634639.8933333333,36.314385986328126,0.06612264718989369,0.231582721616212,0.231582721616212,0.07105372605432854,0.02401311744,3.2,133.26049847528668,0.410462208,0.2875392,1,HEADROOM
540p,5,4,optimistic,finishing_owner,0.5,125,60.38688327805414,36.67893117284257,59.12635548924936,92.12065480565434,0,85156736,292862400,378019136,630031.8933333333,36.050714111328126,0.06619351849482528,0.22970795929529403,0.22970795929529403,0.06747901983777838,0.02401311744,4.0,166.57562309410835,0.410462208,0.2875392,1,HEADROOM
540p,5,4,optimistic,finishing_owner,0.6,125,60.387299053556255,34.55339189859339,59.05794512124885,92.05224443765474,0,85156736,292862400,378019136,630031.8933333333,36.050714111328126,0.06619397425014656,0.22970954087952114,0.22970954087952114,0.06483538846749101,0.02401311744,4.8,199.89074771293002,0.410462208,0.2875392,1,HEADROOM
540p,5,4,optimistic,finishing_owner,0.7,125,60.38759603956312,34.5045273500221,59.0090805726777,92.00337988908359,0,85156736,292862400,378019136,630031.8933333333,36.050714111328126,0.06619429979350418,0.22971067059587463,0.22971067059587463,0.06294705805768265,0.02401311744,5.6,233.2058723317517,0.410462208,0.2875392,1,HEADROOM
540p,5,4,optimistic,independent_au,0.2,125,61.03071831241766,18.667286852925827,23.009622438360566,27.399001412929692,0,125627264,20250000,145877264,243128.77333333335,13.911940002441407,0.09869683932421097,0.020597383177915513,0.09869683932421097,0.08030214899351447,0.02401311744,1.6,66.63024923764334,0.410462208,0.2875392,1,HEADROOM
540p,5,4,optimistic,independent_au,0.3,125,61.04331988908507,17.405493800428303,21.674779143791056,25.380054438359537,0,125627264,20250000,145877264,243128.77333333335,13.911940002441407,0.09871721817312452,0.020601636110052664,0.09871721817312452,0.07191561295960432,0.02401311744,2.4,99.94537385646501,0.410462208,0.2875392,1,HEADROOM
540p,5,4,optimistic,independent_au,0.4,125,61.04903245635345,17.063441960429373,21.10164954586071,24.778043147929736,0,85156736,20250000,105406736,175677.89333333334,10.052369689941406,0.0669193381016805,0.020603564056178976,0.0669193381016805,0.07190982997941045,0.02401311744,3.2,133.26049847528668,0.410462208,0.2875392,1,HEADROOM
540p,5,4,optimistic,independent_au,0.5,125,61.05450053015551,16.85821085642783,20.63189597435985,23.789888324929763,0,85156736,20250000,105406736,175677.89333333334,10.052369689941406,0.066925331970294,0.020605409487700357,0.066925331970294,0.06822504538758455,0.02401311744,4.0,166.57562309410835,0.410462208,0.2875392,1,HEADROOM
540p,5,4,optimistic,independent_au,0.6,125,61.057376829905785,16.721390120428623,20.105100198359196,23.46376387835943,0,85156736,20250000,105406736,175677.89333333334,10.052369689941406,0.06692848484705104,0.02060638021604387,0.06692848484705104,0.06555482373970818,0.02401311744,4.8,199.89074771293002,0.410462208,0.2875392,1,HEADROOM
540p,5,4,optimistic,independent_au,0.7,125,61.06001894761795,16.62366102328633,19.884595606143193,23.13627821078626,0,85156736,20250000,105406736,175677.89333333334,10.052369689941406,0.06693138102347464,0.020607271909807656,0.06693138102347464,0.06364798087310507,0.02401311744,5.6,233.2058723317517,0.410462208,0.2875392,1,HEADROOM
540p,5,4,optimistic,raw_gather,0.2,125,41.46124109140149,2259.1637870824816,4180.843240207463,4528.4840214574615,594,125627264,1866240000,1991867264,3319778.7733333334,189.95926513671876,0.0670497343523454,0.9872115853430286,0.9872115853430286,0.05455329466276857,0.02401311744,1.6,66.63024923764334,0.410462208,0.2875392,1,INTERCONNECT
540p,5,4,optimistic,raw_gather,0.3,125,41.462221112762656,2258.8217352424817,4180.501188367463,4528.141969617462,594,125627264,1866240000,1991867264,3319778.7733333334,189.95926513671876,0.0670513192101595,0.9872349201110229,0.9872349201110229,0.04884696722604262,0.02401311744,2.4,99.94537385646501,0.410462208,0.2875392,1,INTERCONNECT
540p,5,4,optimistic,raw_gather,0.4,125,41.462711140817056,2258.650709322482,4180.3301624474625,4527.970943697461,594,85156736,1866240000,1951396736,3252327.8933333335,186.09969482421874,0.045449650449880134,0.9872465879086988,0.9872465879086988,0.04883904606929222,0.02401311744,3.2,133.26049847528668,0.410462208,0.2875392,1,INTERCONNECT
540p,5,4,optimistic,raw_gather,0.5,125,41.46300516320955,2258.5480937704815,4180.227546895463,4527.868328145461,594,85156736,1866240000,1951396736,3252327.8933333335,186.09969482421874,0.04544997274465044,0.987253588719687,0.987253588719687,0.04633262715446243,0.02401311744,4.0,166.57562309410835,0.410462208,0.2875392,1,INTERCONNECT
540p,5,4,optimistic,raw_gather,0.6,125,41.46320118045455,2258.479683402481,4180.159136527462,4527.79991777746,594,85156736,1866240000,1951396736,3252327.8933333335,186.09969482421874,0.04545018761037007,0.9872582559821735,0.9872582559821735,0.044517353777593534,0.02401311744,4.8,199.89074771293002,0.410462208,0.2875392,1,INTERCONNECT
540p,5,4,optimistic,raw_gather,0.7,125,41.46334119390711,2258.43081885391,4180.1102719788905,4527.751053228889,594,85156736,1866240000,1951396736,3252327.8933333335,186.09969482421874,0.045450341087127914,0.9872615897681103,0.9872615897681103,0.04322071942867917,0.02401311744,5.6,233.2058723317517,0.410462208,0.2875392,1,INTERCONNECT
540p,5,4,median,owner_only,0.2,125,60.27789845036707,52.29586917077904,82.37745381078025,114.88639461077582,0,42156800,15000000,57156800,95261.33333333333,5.450897216796875,0.03271390645618669,0.01631932859584129,0.03271390645618669,0.37972113244466915,0.10530404352,0.4,3.798524601992415,1.810059264,1.1501568,1,HEADROOM
540p,5,4,median,owner_only,0.3,125,60.485369445632934,41.737190130781414,64.82677989078184,89.79380709078214,0,42156800,15000000,57156800,95261.33333333333,5.450897216796875,0.03282650472032637,0.01637549822737942,0.03282650472032637,0.29256484806611316,0.10530404352,0.6,5.697786902988623,1.810059264,1.1501568,1,HEADROOM
540p,5,4,median,owner_only,0.4,125,60.589641438645664,36.45785061077959,56.051442930784106,77.2475133307853,0,42156800,15000000,57156800,95261.33333333333,5.450897216796875,0.03288309501814884,0.016403728291151786,0.03288309501814884,0.24876133006548223,0.10530404352,0.8,7.59704920398483,1.810059264,1.1501568,1,HEADROOM
540p,5,4,median,owner_only,0.5,125,60.65237737953488,33.29024689877588,50.78624075478274,69.719737074769,0,42156800,15000000,57156800,95261.33333333333,5.450897216796875,0.032917142948724595,0.016420713097531247,0.032917142948724595,0.22240665095538967,0.10530404352,1.0,9.496311504981039,1.810059264,1.1501568,1,HEADROOM
540p,5,4,median,owner_only,0.6,125,60.69427356583897,31.17851109078083,47.276105970785466,64.70121957078845,0,42156800,15000000,57156800,95261.33333333333,5.450897216796875,0.03293988076730916,0.01643205585580229,0.03293988076730916,0.2048065236545551,0.10530404352,1.2,11.395573805977246,1.810059264,1.1501568,1,HEADROOM
540p,5,4,median,owner_only,0.7,125,60.72423486764159,29.670128370781015,44.768866839354814,61.11656421078442,0,42156800,15000000,57156800,95261.33333333333,5.450897216796875,0.032956141308065796,0.016440167424749554,0.032956141308065796,0.19222011013245613,0.10530404352,1.4,13.294836106973452,1.810059264,1.1501568,1,HEADROOM
540p,5,4,median,finishing_owner,0.2,125,60.034685877251334,52.7812276871864,96.32240200359274,139.86357631999817,0,167784064,501604800,669388864,1115648.1066666667,63.837896728515624,0.12965999490206565,0.3877181013386002,0.3877181013386002,0.16109468545379654,0.10530404352,1.6,15.19409840796966,1.810059264,1.1501568,1,HEADROOM
540p,5,4,median,finishing_owner,0.3,125,60.04530975875455,51.0129391314058,94.55411344781169,138.09528776421757,0,166940928,498840000,665780928,1109634.88,63.49381713867187,0.12903118631739435,0.38567574493930146,0.38567574493930146,0.12455363578947902,0.10530404352,2.4,22.791147611954493,1.810059264,1.1501568,1,HEADROOM
540p,5,4,median,finishing_owner,0.4,125,60.113295494451705,50.258747771405524,93.79992208781186,126.79422140421775,0,166097792,497457600,663555392,1105925.6533333333,63.28157348632813,0.1285328042982394,0.3850557436419026,0.3850557436419026,0.10644464175688173,0.10530404352,3.2,30.38819681593932,1.810059264,1.1501568,1,HEADROOM
540p,5,4,median,finishing_owner,0.5,125,60.17961438940054,49.806232955404994,82.80053227181179,126.34170658821677,0,126470400,431102400,557572800,929288.0,53.174285888671875,0.09797367380379808,0.3347039997148232,0.3347039997148232,0.10649639916488136,0.10530404352,4.0,37.985246019924155,1.810059264,1.1501568,1,HEADROOM
540p,5,4,median,finishing_owner,0.6,125,60.181435357073774,49.5045564114057,82.49885572781204,126.04003004421793,0,126470400,431102400,557572800,929288.0,53.174285888671875,0.09797663837734402,0.3347141274826689,0.3347141274826689,0.09799276678887656,0.10530404352,4.8,45.582295223908986,1.810059264,1.1501568,1,HEADROOM
540p,5,4,median,finishing_owner,0.7,125,60.182736115740326,49.289073165691434,82.28337248209755,115.27767179850343,0,126470400,431102400,557572800,929288.0,53.174285888671875,0.09797875603972168,0.3347213619778177,0.3347213619778177,0.0919184285824103,0.10530404352,5.6,53.17934442789381,1.810059264,1.1501568,1,HEADROOM
540p,5,4,median,independent_au,0.2,125,60.87332698906799,32.943092581404926,39.44488074140577,46.369991655310514,0,167784064,27000000,194784064,324640.1066666667,18.576055908203124,0.13147125118989134,0.02576906442044825,0.13147125118989134,0.1633450616178854,0.10530404352,1.6,15.19409840796966,1.810059264,1.1501568,1,HEADROOM
540p,5,4,median,independent_au,0.3,125,60.93306351685153,26.909561701406346,32.3138424517183,40.278118830312565,0,166940928,27000000,193940928,323234.88,18.495648193359376,0.13093887770953141,0.025794352251898377,0.13093887770953141,0.12639512780111165,0.10530404352,2.4,22.791147611954493,1.810059264,1.1501568,1,HEADROOM
540p,5,4,median,independent_au,0.4,125,60.964283225807684,24.316119015311415,30.405413448906984,37.03376125531261,0,166097792,27000000,193097792,321829.6533333333,18.415240478515624,0.13035236582177417,0.025807568265069844,0.13035236582177417,0.10795151446213959,0.10530404352,3.2,30.38819681593932,1.810059264,1.1501568,1,HEADROOM
540p,5,4,median,independent_au,0.5,125,60.978220349882925,23.747873580405212,28.64195581531294,35.027971372406256,0,126470400,27000000,153470400,255784.0,14.636077880859375,0.09927382104907273,0.025813468166814908,0.09927382104907273,0.10790964615899912,0.10530404352,4.0,37.985246019924155,1.810059264,1.1501568,1,HEADROOM
540p,5,4,median,independent_au,0.6,125,60.989397418611546,23.44619703640592,27.388648008907694,33.821265196406245,0,126470400,27000000,153470400,255784.0,14.636077880859375,0.09929201755127387,0.025818199674329707,0.09929201755127387,0.09930836249377736,0.10530404352,4.8,45.582295223908986,1.810059264,1.1501568,1,HEADROOM
540p,5,4,median,independent_au,0.7,125,60.99603020619076,23.23071379069188,26.923576018883978,32.959332213549175,0,126470400,27000000,153470400,255784.0,14.636077880859375,0.09930281586849955,0.025821007484233816,0.09930281586849955,0.09316059069723667,0.10530404352,5.6,53.17934442789381,1.810059264,1.1501568,1,HEADROOM
540p,5,4,median,raw_gather,0.2,125,41.449387862696796,2263.302139722481,4184.981592847462,4532.62237409746,594,167784064,1866240000,2034024064,3390040.1066666665,193.97965087890626,0.08952037210554435,0.9869293544113686,0.9869293544113686,0.11122363684297616,0.10530404352,1.6,15.19409840796966,1.810059264,1.1501568,1,INTERCONNECT
540p,5,4,median,raw_gather,0.3,125,41.45370744543856,2261.7937570024815,4183.473210127462,4531.1139913774605,594,166940928,1866240000,2033180928,3388634.88,193.8992431640625,0.08907974778428529,0.9870322057012544,0.9870322057012544,0.08598856430297583,0.10530404352,2.4,22.791147611954493,1.810059264,1.1501568,1,INTERCONNECT
540p,5,4,median,raw_gather,0.4,125,41.45586757444592,2261.0395656424816,4182.719018767462,4530.359800017461,593,166097792,1866240000,2032337792,3387229.6533333333,193.81883544921874,0.08863994013523659,0.9870836393854802,0.9870836393854802,0.07340730426416085,0.10530404352,3.2,30.38819681593932,1.810059264,1.1501568,1,INTERCONNECT
540p,5,4,median,raw_gather,0.5,125,41.45716375991427,2260.5870508264816,4182.266503951463,4529.9072852014615,593,126470400,1866240000,1992710400,3321184.0,190.0396728515625,0.06749313169012049,0.9871145021690687,0.9871145021690687,0.07336435609991723,0.10530404352,4.0,37.985246019924155,1.810059264,1.1501568,1,INTERCONNECT
540p,5,4,median,raw_gather,0.6,125,41.458027928591186,2260.285374282482,4181.9648274074625,4529.605608657461,593,126470400,1866240000,1992710400,3321184.0,190.0396728515625,0.06749453857484253,0.9871350784303451,0.9871350784303451,0.06750564917949647,0.10530404352,4.8,45.582295223908986,1.810059264,1.1501568,1,INTERCONNECT
540p,5,4,median,raw_gather,0.7,125,41.45864521398948,2260.0698910367673,4181.749344161748,4529.390125411746,593,126470400,1866240000,1992710400,3321184.0,190.0396728515625,0.06749554352841144,0.987149776285031,0.987149776285031,0.06332070898034313,0.10530404352,5.6,53.17934442789381,1.810059264,1.1501568,1,INTERCONNECT
540p,5,4,adversarial,owner_only,0.2,125,50.61522750294696,947.0501360508088,1701.2789680508904,1933.215851250905,585,42156800,15000000,57156800,95261.33333333333,5.450897216796875,0.02746980004874293,0.013703306697959787,0.02746980004874293,0.9835246507164099,0.3911970816,0.4,1.0225025155197887,6.7571712,3.9105331199999998,1,BURST_OR_PER_FRAME_LATENCY
540p,5,4,adversarial,owner_only,0.3,125,59.203625911658186,108.4448560507808,174.76061925078102,247.3759792507808,0,42156800,15000000,57156800,95261.33333333333,5.450897216796875,0.03213087930621546,0.016028485566947137,0.03213087930621546,0.8287386074142864,0.3911970816,0.6,1.5337537732796829,6.7571712,3.9105331199999998,1,NODE_QUEUE_HEADROOM_LOW
540p,5,4,adversarial,owner_only,0.4,125,59.57733286313842,88.73644005077949,142.16086245077895,200.6987824507778,0,42156800,15000000,57156800,95261.33333333333,5.450897216796875,0.03233369683249033,0.016129661067363396,0.03233369683249033,0.6721192499403077,0.3911970816,0.8,2.0450050310395773,6.7571712,3.9105331199999998,1,HEADROOM
540p,5,4,adversarial,owner_only,0.5,125,59.80383021086801,76.91139045078125,122.60100837078153,172.69246437078073,0,42156800,15000000,57156800,95261.33333333333,5.450897216796875,0.032456621042469234,0.016190981795834527,0.032456621042469234,0.577194954498497,0.3911970816,1.0,2.5562562887994713,6.7571712,3.9105331199999998,1,HEADROOM
540p,5,4,adversarial,owner_only,0.6,125,59.955787633009486,69.02802405077819,109.56110565078103,154.0215856507748,0,42156800,15000000,57156800,95261.33333333333,5.450897216796875,0.032539091085736466,0.016232121967742572,0.032539091085736466,0.5135100973532782,0.3911970816,1.2,3.0675075465593657,6.7571712,3.9105331199999998,1,HEADROOM
540p,5,4,adversarial,owner_only,0.7,125,60.06480230035491,63.397048050780086,100.24688942221292,140.68524370792875,0,42156800,15000000,57156800,95261.33333333333,5.450897216796875,0.03259825531875675,0.01626163603880199,0.03259825531875675,0.4678224078755566,0.3911970816,1.4,3.57875880431926,6.7571712,3.9105331199999998,1,HEADROOM
540p,5,4,adversarial,finishing_owner,0.2,125,59.88960952909356,87.5380665546868,131.07924087109313,164.07354018749902,0,168627200,634315200,802942400,1338237.3333333333,76.57455444335938,0.12998874428013452,0.48784488028943523,0.48784488028943523,0.304912325790747,0.3911970816,1.6,4.090010062079155,6.7571712,3.9105331199999998,1,HEADROOM
540p,5,4,adversarial,finishing_owner,0.3,125,59.986476208699614,81.90709055468687,114.90138987109276,158.44256418749865,0,168627200,567960000,736587200,1227645.3333333333,70.24642944335938,0.13019899073429547,0.43802034127750245,0.43802034127750245,0.2595349042270559,0.3911970816,2.4,6.1350150931187315,6.7571712,3.9105331199999998,1,HEADROOM
540p,5,4,adversarial,finishing_owner,0.4,125,59.940144608555,68.54472755468669,112.08590187109257,155.62707618749846,0,168627200,567960000,736587200,1227645.3333333333,70.24642944335938,0.13009842927512683,0.4376820286345549,0.4376820286345549,0.2334072530162685,0.3911970816,3.2,8.18002012415831,6.7571712,3.9105331199999998,1,HEADROOM
540p,5,4,adversarial,finishing_owner,0.5,125,59.95026186018065,66.85543475468694,110.39660907109283,153.9377833874987,0,168627200,567960000,736587200,1227645.3333333333,70.24642944335938,0.13012038849050198,0.43775590465278336,0.43775590465278336,0.199759908034578,0.3911970816,4.0,10.225025155197885,6.7571712,3.9105331199999998,1,HEADROOM
540p,5,4,adversarial,finishing_owner,0.6,125,60.02026585856937,65.7292395546865,109.27041387109239,152.81158818749827,0,168627200,566577600,735204800,1225341.3333333333,70.11459350585938,0.13027233023660265,0.43721202905359174,0.43721202905359174,0.17839862610307325,0.3911970816,4.8,12.270030186237463,6.7571712,3.9105331199999998,1,HEADROOM
540p,5,4,adversarial,finishing_owner,0.7,125,60.025096059135095,64.92481441182963,108.46598872823597,152.00716304464186,0,167784064,566577600,734361664,1223936.1066666667,70.03418579101563,0.129639283279278,0.43724721419914,0.43724721419914,0.16227117734439833,0.3911970816,5.6,14.31503521727704,6.7571712,3.9105331199999998,1,HEADROOM
540p,5,4,adversarial,independent_au,0.2,125,60.36851861894773,60.49815215234321,80.65220015234445,107.93506177734525,0,168627200,45000000,213627200,356045.3333333333,20.373077392578125,0.13102820323977665,0.039372624925345476,0.13102820323977665,0.3073505665069238,0.3911970816,1.6,4.090010062079155,6.7571712,3.9105331199999998,1,HEADROOM
540p,5,4,adversarial,independent_au,0.3,125,60.590596362062364,49.23620015234337,63.75927215234333,84.79496133984321,0,168627200,45000000,213627200,356045.3333333333,20.373077392578125,0.13151021685093595,0.039517465048706985,0.13151021685093595,0.2621486644619319,0.3911970816,2.4,6.1350150931187315,6.7571712,3.9105331199999998,1,HEADROOM
540p,5,4,adversarial,independent_au,0.4,125,60.69254565714618,42.287573777342914,53.99515777734268,72.21535896484238,0,168627200,45000000,213627200,356045.3333333333,20.373077392578125,0.13173149498169,0.03958395684689198,0.13173149498169,0.23633710684069786,0.3911970816,3.2,8.18002012415831,6.7571712,3.9105331199999998,1,HEADROOM
540p,5,4,adversarial,independent_au,0.5,125,60.74845664927345,37.373169129687085,47.391460329687106,63.76889496484364,0,168627200,45000000,213627200,356045.3333333333,20.373077392578125,0.1318528482467259,0.039620422252580105,0.1318528482467259,0.2024195681046996,0.3911970816,4.0,10.225025155197885,6.7571712,3.9105331199999998,1,HEADROOM
540p,5,4,adversarial,independent_au,0.6,125,60.78989355246469,35.59476933984297,44.48686533984346,58.13791896484145,0,168627200,45000000,213627200,356045.3333333333,20.373077392578125,0.13194278590127131,0.03964744759103034,0.13194278590127131,0.18068619549713982,0.3911970816,4.8,12.270030186237463,6.7571712,3.9105331199999998,1,HEADROOM
540p,5,4,adversarial,independent_au,0.7,125,60.82029815033331,34.7903441969861,42.87801505412972,54.11579325055936,0,167784064,45000000,212784064,354640.1066666667,20.292669677734374,0.13135672208293372,0.03966727760931261,0.13135672208293372,0.16442091783691393,0.3911970816,5.6,14.31503521727704,6.7571712,3.9105331199999998,1,HEADROOM
540p,5,4,adversarial,raw_gather,0.2,125,41.41033254864498,2276.9543995624817,4198.633852687462,4546.274633937461,596,168627200,1866240000,2034867200,3391445.3333333335,194.06005859375,0.08987998369911253,0.9859994290766165,0.9859994290766165,0.21082990703156648,0.3911970816,1.6,4.090010062079155,6.7571712,3.9105331199999998,1,INTERCONNECT
540p,5,4,adversarial,raw_gather,0.3,125,41.4264322817593,2271.3234235624814,4193.002876687462,4540.64365793746,595,168627200,1866240000,2034867200,3391445.3333333335,194.06005859375,0.08991492772541743,0.9863827712688182,0.9863827712688182,0.17923381759096813,0.3911970816,2.4,6.1350150931187315,6.7571712,3.9105331199999998,1,INTERCONNECT
540p,5,4,adversarial,raw_gather,0.4,125,41.43448684373521,2268.507935562481,4190.187388687462,4537.82816993746,595,168627200,1866240000,2034867200,3391445.3333333335,194.06005859375,0.08993240992984668,0.9865745541650407,0.9865745541650407,0.16134611982492006,0.3911970816,3.2,8.18002012415831,6.7571712,3.9105331199999998,1,INTERCONNECT
540p,5,4,adversarial,raw_gather,0.5,125,41.43932108450658,2266.8186427624814,4188.498095887462,4536.13887713746,595,168627200,1866240000,2034867200,3391445.3333333335,194.06005859375,0.08994290251599575,0.9866896597038574,0.9866896597038574,0.13807971328236393,0.3911970816,4.0,10.225025155197885,6.7571712,3.9105331199999998,1,INTERCONNECT
540p,5,4,adversarial,raw_gather,0.6,125,41.44254453842526,2265.692447562481,4187.371900687462,4535.01268193746,595,168627200,1866240000,2034867200,3391445.3333333335,194.06005859375,0.08994989893374547,0.9867664116526551,0.9867664116526551,0.12317994434233105,0.3911970816,4.8,12.270030186237463,6.7571712,3.9105331199999998,1,INTERCONNECT
540p,5,4,adversarial,raw_gather,0.7,125,41.44484731256038,2264.8880224196246,4186.567475544605,4534.208256794604,594,167784064,1866240000,2034024064,3390040.1066666665,193.97965087890626,0.08951056564617944,0.9868212417842377,0.9868212417842377,0.112041539452805,0.3911970816,5.6,14.31503521727704,6.7571712,3.9105331199999998,1,INTERCONNECT
540p,5,8,optimistic,owner_only,0.2,125,60.84933291082071,23.327400690775903,34.422550770783346,46.23972837076872,0,42156800,15000000,57156800,95261.33333333333,5.450897216796875,0.03302403428024337,0.016474035826366404,0.03302403428024337,0.14015223369180083,0.02401311744,0.4,16.657562309410835,0.410462208,0.2875392,1,HEADROOM
540p,5,8,optimistic,owner_only,0.3,125,60.89728752041262,20.933037810777023,30.420364530784354,40.527282930772344,0,42156800,15000000,57156800,95261.33333333333,5.450897216796875,0.03305006011479738,0.016487018811037975,0.03305006011479738,0.119952495426512,0.02401311744,0.6,24.986343464116253,0.410462208,0.2875392,1,HEADROOM
540p,5,8,optimistic,owner_only,0.4,125,60.92129318070953,19.735856370780766,28.41927141078577,37.67106021078689,0,42156800,15000000,57156800,95261.33333333333,5.450897216796875,0.03306308842111796,0.016493517980196434,0.03306308842111796,0.10984068221372778,0.02401311744,0.8,33.31512461882167,0.410462208,0.2875392,1,HEADROOM
540p,5,8,optimistic,owner_only,0.5,125,60.93570566352803,19.017547506775372,27.218615538781705,35.957326578767606,0,42156800,15000000,57156800,95261.33333333333,5.450897216796875,0.033070910336394484,0.016497419941761845,0.033070910336394484,0.10376976675511639,0.02401311744,1.0,41.64390577352709,0.410462208,0.2875392,1,HEADROOM
540p,5,8,optimistic,owner_only,0.6,125,60.94531777449304,18.538674930778143,26.41817829078093,34.81483749077415,0,42156800,15000000,57156800,95261.33333333333,5.450897216796875,0.033076127002984394,0.016500022275309802,0.033076127002984394,0.09972089372031347,0.02401311744,1.2,49.972686928232505,0.410462208,0.2875392,1,HEADROOM
540p,5,8,optimistic,owner_only,0.7,125,60.95218542485953,18.196623090780122,25.84643739935109,33.998773856492335,0,42156800,15000000,57156800,95261.33333333333,5.450897216796875,0.0330798542011356,0.016501881587692835,0.0330798542011356,0.09682805941133626,0.02401311744,1.4,58.30146808293792,0.410462208,0.2875392,1,HEADROOM
540p,5,8,optimistic,finishing_owner,0.2,125,60.25359084134882,37.56535934812382,70.55965866453062,103.55395798093559,0,125627264,361982400,487609664,812682.7733333333,46.502081298828124,0.0974400947328417,0.28215818070716386,0.28215818070716386,0.07927963102724589,0.02401311744,3.2,133.26049847528668,0.410462208,0.2875392,1,HEADROOM
540p,5,8,optimistic,finishing_owner,0.3,125,60.32119176445995,36.9525726448428,69.9468719612496,102.94117127765458,0,125627264,360600000,486227264,810378.7733333333,46.370245361328124,0.09754941668793181,0.28141441185147265,0.28141441185147265,0.0710648681637422,0.02401311744,4.8,199.89074771293002,0.410462208,0.2875392,1,HEADROOM
540p,5,8,optimistic,finishing_owner,0.4,125,60.32222895364316,36.78154672484334,59.22897104124968,102.77014535765557,0,85156736,295627200,380783936,634639.8933333333,36.314385986328126,0.06612264718989369,0.231582721616212,0.231582721616212,0.07105372605432854,0.02401311744,6.4,266.52099695057336,0.410462208,0.2875392,1,HEADROOM
540p,5,8,optimistic,finishing_owner,0.5,125,60.38688327805414,36.67893117284257,59.12635548924936,92.12065480565434,0,85156736,292862400,378019136,630031.8933333333,36.050714111328126,0.06619351849482528,0.22970795929529403,0.22970795929529403,0.06747901983777838,0.02401311744,8.0,333.1512461882167,0.410462208,0.2875392,1,HEADROOM
540p,5,8,optimistic,finishing_owner,0.6,125,60.387299053556255,34.55339189859339,59.05794512124885,92.05224443765474,0,85156736,292862400,378019136,630031.8933333333,36.050714111328126,0.06619397425014656,0.22970954087952114,0.22970954087952114,0.06483538846749101,0.02401311744,9.6,399.78149542586004,0.410462208,0.2875392,1,HEADROOM
540p,5,8,optimistic,finishing_owner,0.7,125,60.38759603956312,34.5045273500221,59.0090805726777,92.00337988908359,0,85156736,292862400,378019136,630031.8933333333,36.050714111328126,0.06619429979350418,0.22971067059587463,0.22971067059587463,0.06294705805768265,0.02401311744,11.2,466.4117446635034,0.410462208,0.2875392,1,HEADROOM
540p,5,8,optimistic,independent_au,0.2,125,61.03071831241766,18.667286852925827,23.009622438360566,27.399001412929692,0,125627264,20250000,145877264,243128.77333333335,13.911940002441407,0.09869683932421097,0.020597383177915513,0.09869683932421097,0.08030214899351447,0.02401311744,3.2,133.26049847528668,0.410462208,0.2875392,1,HEADROOM
540p,5,8,optimistic,independent_au,0.3,125,61.04331988908507,17.405493800428303,21.674779143791056,25.380054438359537,0,125627264,20250000,145877264,243128.77333333335,13.911940002441407,0.09871721817312452,0.020601636110052664,0.09871721817312452,0.07191561295960432,0.02401311744,4.8,199.89074771293002,0.410462208,0.2875392,1,HEADROOM
540p,5,8,optimistic,independent_au,0.4,125,61.04903245635345,17.063441960429373,21.10164954586071,24.778043147929736,0,85156736,20250000,105406736,175677.89333333334,10.052369689941406,0.0669193381016805,0.020603564056178976,0.0669193381016805,0.07190982997941045,0.02401311744,6.4,266.52099695057336,0.410462208,0.2875392,1,HEADROOM
540p,5,8,optimistic,independent_au,0.5,125,61.05450053015551,16.85821085642783,20.63189597435985,23.789888324929763,0,85156736,20250000,105406736,175677.89333333334,10.052369689941406,0.066925331970294,0.020605409487700357,0.066925331970294,0.06822504538758455,0.02401311744,8.0,333.1512461882167,0.410462208,0.2875392,1,HEADROOM
540p,5,8,optimistic,independent_au,0.6,125,61.057376829905785,16.721390120428623,20.105100198359196,23.46376387835943,0,85156736,20250000,105406736,175677.89333333334,10.052369689941406,0.06692848484705104,0.02060638021604387,0.06692848484705104,0.06555482373970818,0.02401311744,9.6,399.78149542586004,0.410462208,0.2875392,1,HEADROOM
540p,5,8,optimistic,independent_au,0.7,125,61.06001894761795,16.62366102328633,19.884595606143193,23.13627821078626,0,85156736,20250000,105406736,175677.89333333334,10.052369689941406,0.06693138102347464,0.020607271909807656,0.06693138102347464,0.06364798087310507,0.02401311744,11.2,466.4117446635034,0.410462208,0.2875392,1,HEADROOM
540p,5,8,optimistic,raw_gather,0.2,125,41.46124109140149,2259.1637870824816,4180.843240207463,4528.4840214574615,594,125627264,1866240000,1991867264,3319778.7733333334,189.95926513671876,0.0670497343523454,0.9872115853430286,0.9872115853430286,0.05455329466276857,0.02401311744,3.2,133.26049847528668,0.410462208,0.2875392,1,INTERCONNECT
540p,5,8,optimistic,raw_gather,0.3,125,41.462221112762656,2258.8217352424817,4180.501188367463,4528.141969617462,594,125627264,1866240000,1991867264,3319778.7733333334,189.95926513671876,0.0670513192101595,0.9872349201110229,0.9872349201110229,0.04884696722604262,0.02401311744,4.8,199.89074771293002,0.410462208,0.2875392,1,INTERCONNECT
540p,5,8,optimistic,raw_gather,0.4,125,41.462711140817056,2258.650709322482,4180.3301624474625,4527.970943697461,594,85156736,1866240000,1951396736,3252327.8933333335,186.09969482421874,0.045449650449880134,0.9872465879086988,0.9872465879086988,0.04883904606929222,0.02401311744,6.4,266.52099695057336,0.410462208,0.2875392,1,INTERCONNECT
540p,5,8,optimistic,raw_gather,0.5,125,41.46300516320955,2258.5480937704815,4180.227546895463,4527.868328145461,594,85156736,1866240000,1951396736,3252327.8933333335,186.09969482421874,0.04544997274465044,0.987253588719687,0.987253588719687,0.04633262715446243,0.02401311744,8.0,333.1512461882167,0.410462208,0.2875392,1,INTERCONNECT
540p,5,8,optimistic,raw_gather,0.6,125,41.46320118045455,2258.479683402481,4180.159136527462,4527.79991777746,594,85156736,1866240000,1951396736,3252327.8933333335,186.09969482421874,0.04545018761037007,0.9872582559821735,0.9872582559821735,0.044517353777593534,0.02401311744,9.6,399.78149542586004,0.410462208,0.2875392,1,INTERCONNECT
540p,5,8,optimistic,raw_gather,0.7,125,41.46334119390711,2258.43081885391,4180.1102719788905,4527.751053228889,594,85156736,1866240000,1951396736,3252327.8933333335,186.09969482421874,0.045450341087127914,0.9872615897681103,0.9872615897681103,0.04322071942867917,0.02401311744,11.2,466.4117446635034,0.410462208,0.2875392,1,INTERCONNECT
540p,5,8,median,owner_only,0.2,125,60.27789845036707,52.29586917077904,82.37745381078025,114.88639461077582,0,42156800,15000000,57156800,95261.33333333333,5.450897216796875,0.03271390645618669,0.01631932859584129,0.03271390645618669,0.37972113244466915,0.10530404352,0.4,3.798524601992415,1.810059264,1.1501568,1,HEADROOM
540p,5,8,median,owner_only,0.3,125,60.485369445632934,41.737190130781414,64.82677989078184,89.79380709078214,0,42156800,15000000,57156800,95261.33333333333,5.450897216796875,0.03282650472032637,0.01637549822737942,0.03282650472032637,0.29256484806611316,0.10530404352,0.6,5.697786902988623,1.810059264,1.1501568,1,HEADROOM
540p,5,8,median,owner_only,0.4,125,60.589641438645664,36.45785061077959,56.051442930784106,77.2475133307853,0,42156800,15000000,57156800,95261.33333333333,5.450897216796875,0.03288309501814884,0.016403728291151786,0.03288309501814884,0.24876133006548223,0.10530404352,0.8,7.59704920398483,1.810059264,1.1501568,1,HEADROOM
540p,5,8,median,owner_only,0.5,125,60.65237737953488,33.29024689877588,50.78624075478274,69.719737074769,0,42156800,15000000,57156800,95261.33333333333,5.450897216796875,0.032917142948724595,0.016420713097531247,0.032917142948724595,0.22240665095538967,0.10530404352,1.0,9.496311504981039,1.810059264,1.1501568,1,HEADROOM
540p,5,8,median,owner_only,0.6,125,60.69427356583897,31.17851109078083,47.276105970785466,64.70121957078845,0,42156800,15000000,57156800,95261.33333333333,5.450897216796875,0.03293988076730916,0.01643205585580229,0.03293988076730916,0.2048065236545551,0.10530404352,1.2,11.395573805977246,1.810059264,1.1501568,1,HEADROOM
540p,5,8,median,owner_only,0.7,125,60.72423486764159,29.670128370781015,44.768866839354814,61.11656421078442,0,42156800,15000000,57156800,95261.33333333333,5.450897216796875,0.032956141308065796,0.016440167424749554,0.032956141308065796,0.19222011013245613,0.10530404352,1.4,13.294836106973452,1.810059264,1.1501568,1,HEADROOM
540p,5,8,median,finishing_owner,0.2,125,60.034685877251334,52.7812276871864,96.32240200359274,139.86357631999817,0,169470336,501604800,671075136,1118458.56,63.998712158203126,0.13096327132570015,0.3877181013386002,0.3877181013386002,0.16109468545379654,0.10530404352,3.2,30.38819681593932,1.810059264,1.1501568,1,HEADROOM
540p,5,8,median,finishing_owner,0.3,125,60.04530975875455,51.0129391314058,94.55411344781169,138.09528776421757,0,168627200,498840000,667467200,1112445.3333333333,63.654632568359375,0.13033469337193976,0.38567574493930146,0.38567574493930146,0.12455363578947902,0.10530404352,4.8,45.582295223908986,1.810059264,1.1501568,1,HEADROOM
540p,5,8,median,finishing_owner,0.4,125,60.113295494451705,50.258747771405524,93.79992208781186,126.79422140421775,0,166940928,497457600,664398528,1107330.88,63.36198120117187,0.1291852957672968,0.3850557436419026,0.3850557436419026,0.10644464175688173,0.10530404352,6.4,60.77639363187864,1.810059264,1.1501568,1,HEADROOM
540p,5,8,median,finishing_owner,0.5,125,60.11602097017107,49.806232955404994,82.80053227181179,126.34170658821677,0,127313536,432484800,559798336,932997.2266666667,53.386529541015626,0.09852266343650662,0.3354070359154885,0.3354070359154885,0.10600445939787968,0.10530404352,8.0,75.97049203984831,1.810059264,1.1501568,1,HEADROOM
540p,5,8,median,finishing_owner,0.6,125,60.181435357073774,49.5045564114057,82.49885572781204,126.04003004421793,0,127313536,431102400,558415936,930693.2266666667,53.254693603515626,0.09862986946113553,0.3347141274826689,0.3347141274826689,0.09799276678887656,0.10530404352,9.6,91.16459044781797,1.810059264,1.1501568,1,HEADROOM
540p,5,8,median,finishing_owner,0.7,125,60.182736115740326,49.289073165691434,82.28337248209755,115.27767179850343,0,127313536,431102400,558415936,930693.2266666667,53.254693603515626,0.0986320012424186,0.3347213619778177,0.3347213619778177,0.0919184285824103,0.10530404352,11.2,106.35868885578762,1.810059264,1.1501568,1,HEADROOM
540p,5,8,median,independent_au,0.2,125,60.89856776362738,32.943092581404926,39.44488074140577,46.25330776531254,0,169470336,27000000,196470336,327450.56,18.736871337890626,0.13284779518429327,0.025779749414645458,0.13284779518429327,0.16341279170723022,0.10530404352,3.2,30.38819681593932,1.810059264,1.1501568,1,HEADROOM
540p,5,8,median,independent_au,0.3,125,60.947784173329445,26.909561701406346,32.3138424517183,39.9347960764062,0,168627200,27000000,195627200,326045.3333333333,18.656463623046875,0.13229360950664237,0.025800583840737915,0.13229360950664237,0.12642566326329677,0.10530404352,4.8,45.582295223908986,1.810059264,1.1501568,1,HEADROOM
540p,5,8,median,independent_au,0.4,125,60.96772251961202,24.316119015311415,30.405413448906984,37.03376125531261,0,166940928,27000000,193940928,323234.88,18.495648193359376,0.1310214853664362,0.025809024196394588,0.1310214853664362,0.10795760453578948,0.10530404352,6.4,60.77639363187864,1.810059264,1.1501568,1,HEADROOM
540p,5,8,median,independent_au,0.5,125,60.982459929230096,23.747873580405212,28.64195581531294,35.027971372406256,0,127313536,27000000,154313536,257189.22666666665,14.716485595703125,0.09994264886757842,0.02581526287721956,0.09994264886757842,0.10753227830495417,0.10530404352,8.0,75.97049203984831,1.810059264,1.1501568,1,HEADROOM
540p,5,8,median,independent_au,0.6,125,60.992021925612576,23.44619703640592,27.388648008907694,33.821265196406245,0,127313536,27000000,154313536,257189.22666666665,14.716485595703125,0.09995831978751238,0.02581931068786103,0.09995831978751238,0.09931263594955259,0.10530404352,9.6,91.16459044781797,1.810059264,1.1501568,1,HEADROOM
540p,5,8,median,independent_au,0.7,125,60.996194292294746,23.23071379069188,26.923576018883978,32.959332213549175,0,127313536,27000000,154313536,257189.22666666665,14.716485595703125,0.09996515777631682,0.02582107694561523,0.09996515777631682,0.09316084130958505,0.10530404352,11.2,106.35868885578762,1.810059264,1.1501568,1,HEADROOM
540p,5,8,median,raw_gather,0.2,125,41.449387862696796,2263.302139722481,4184.981592847462,4532.62237409746,594,169470336,1866240000,2035710336,3392850.56,194.14046630859374,0.09042018542489752,0.9869293544113686,0.9869293544113686,0.11122363684297616,0.10530404352,3.2,30.38819681593932,1.810059264,1.1501568,1,INTERCONNECT
540p,5,8,median,raw_gather,0.3,125,41.45370744543856,2261.7937570024815,4183.473210127462,4531.1139913774605,594,168627200,1866240000,2034867200,3391445.3333333335,194.06005859375,0.08997965487626781,0.9870322057012544,0.9870322057012544,0.08598856430297583,0.10530404352,4.8,45.582295223908986,1.810059264,1.1501568,1,INTERCONNECT
540p,5,8,median,raw_gather,0.4,125,41.45586757444592,2261.0395656424816,4182.719018767462,4530.359800017461,593,166940928,1866240000,2033180928,3388634.88,193.8992431640625,0.08908991712805,0.9870836393854802,0.9870836393854802,0.07340730426416085,0.10530404352,6.4,60.77639363187864,1.810059264,1.1501568,1,INTERCONNECT
540p,5,8,median,raw_gather,0.5,125,41.45716375991427,2260.5870508264816,4182.266503951463,4529.9072852014615,593,127313536,1866240000,1993553536,3322589.2266666666,190.12008056640624,0.06794312275220019,0.9871145021690687,0.9871145021690687,0.07310271308075525,0.10530404352,8.0,75.97049203984831,1.810059264,1.1501568,1,INTERCONNECT
540p,5,8,median,raw_gather,0.6,125,41.458027928591186,2260.285374282482,4181.9648274074625,4529.605608657461,593,127313536,1866240000,1993553536,3322589.2266666666,190.12008056640624,0.06794453901692186,0.9871350784303451,0.9871350784303451,0.06750564917949647,0.10530404352,9.6,91.16459044781797,1.810059264,1.1501568,1,INTERCONNECT
540p,5,8,median,raw_gather,0.7,125,41.45864521398948,2260.0698910367673,4181.749344161748,4529.390125411746,593,127313536,1866240000,1993553536,3322589.2266666666,190.12008056640624,0.06794555067072992,0.987149776285031,0.987149776285031,0.06332070898034313,0.10530404352,11.2,106.35868885578762,1.810059264,1.1501568,1,INTERCONNECT
540p,5,8,adversarial,owner_only,0.2,125,50.61522750294696,947.0501360508088,1701.2789680508904,1933.215851250905,585,42156800,15000000,57156800,95261.33333333333,5.450897216796875,0.02746980004874293,0.013703306697959787,0.02746980004874293,0.9835246507164099,0.3911970816,0.4,1.0225025155197887,6.7571712,3.9105331199999998,1,BURST_OR_PER_FRAME_LATENCY
540p,5,8,adversarial,owner_only,0.3,125,59.203625911658186,108.4448560507808,174.76061925078102,247.3759792507808,0,42156800,15000000,57156800,95261.33333333333,5.450897216796875,0.03213087930621546,0.016028485566947137,0.03213087930621546,0.8287386074142864,0.3911970816,0.6,1.5337537732796829,6.7571712,3.9105331199999998,1,NODE_QUEUE_HEADROOM_LOW
540p,5,8,adversarial,owner_only,0.4,125,59.57733286313842,88.73644005077949,142.16086245077895,200.6987824507778,0,42156800,15000000,57156800,95261.33333333333,5.450897216796875,0.03233369683249033,0.016129661067363396,0.03233369683249033,0.6721192499403077,0.3911970816,0.8,2.0450050310395773,6.7571712,3.9105331199999998,1,HEADROOM
540p,5,8,adversarial,owner_only,0.5,125,59.80383021086801,76.91139045078125,122.60100837078153,172.69246437078073,0,42156800,15000000,57156800,95261.33333333333,5.450897216796875,0.032456621042469234,0.016190981795834527,0.032456621042469234,0.577194954498497,0.3911970816,1.0,2.5562562887994713,6.7571712,3.9105331199999998,1,HEADROOM
540p,5,8,adversarial,owner_only,0.6,125,59.955787633009486,69.02802405077819,109.56110565078103,154.0215856507748,0,42156800,15000000,57156800,95261.33333333333,5.450897216796875,0.032539091085736466,0.016232121967742572,0.032539091085736466,0.5135100973532782,0.3911970816,1.2,3.0675075465593657,6.7571712,3.9105331199999998,1,HEADROOM
540p,5,8,adversarial,owner_only,0.7,125,60.06480230035491,63.397048050780086,100.24688942221292,140.68524370792875,0,42156800,15000000,57156800,95261.33333333333,5.450897216796875,0.03259825531875675,0.01626163603880199,0.03259825531875675,0.4678224078755566,0.3911970816,1.4,3.57875880431926,6.7571712,3.9105331199999998,1,HEADROOM
540p,5,8,adversarial,finishing_owner,0.2,125,59.76377724959685,87.5380665546868,131.07924087109313,174.62041518749902,0,293411328,638462400,931873728,1553122.88,88.87040405273437,0.22571491567074042,0.4899714893443094,0.4899714893443094,0.2576522998435507,0.3911970816,3.2,8.18002012415831,6.7571712,3.9105331199999998,1,HEADROOM
540p,5,8,adversarial,finishing_owner,0.3,125,59.7973164078263,81.90709055468687,125.44826487109276,168.98943918749865,0,252940800,637080000,890020800,1483368.0,84.87899780273438,0.19468662339990775,0.4891953343988501,0.4891953343988501,0.21648235126092472,0.3911970816,4.8,12.270030186237463,6.7571712,3.9105331199999998,1,HEADROOM
540p,5,8,adversarial,finishing_owner,0.4,125,59.87705602540642,68.54472755468669,122.63277687109257,166.17395118749846,0,252097664,634315200,886412864,1477354.7733333334,84.53491821289063,0.19430429404122362,0.48774262277679453,0.48774262277679453,0.17708033267903678,0.3911970816,6.4,16.36004024831662,6.7571712,3.9105331199999998,1,HEADROOM
540p,5,8,adversarial,finishing_owner,0.5,125,59.95026186018065,66.85543475468694,110.39660907109283,153.9377833874987,0,211627136,567960000,779587136,1299311.8933333333,74.34722290039062,0.16330720248228936,0.43775590465278336,0.43775590465278336,0.17908841929887875,0.3911970816,8.0,20.45005031039577,6.7571712,3.9105331199999998,1,HEADROOM
540p,5,8,adversarial,finishing_owner,0.6,125,59.89388452321206,65.7292395546865,109.27041387109239,163.35846318749827,0,210784000,569342400,780126400,1300210.6666666667,74.39865112304688,0.1625035181845283,0.4383970603804912,0.4383970603804912,0.1762477081357065,0.3911970816,9.6,24.540060372474926,6.7571712,3.9105331199999998,1,HEADROOM
540p,5,8,adversarial,finishing_owner,0.7,125,59.961828616355405,64.92481441182963,108.46598872823597,152.00716304464186,0,209940864,567960000,777900864,1296501.44,74.18640747070313,0.16204501096996954,0.43784036493128864,0.43784036493128864,0.16129188828657456,0.3911970816,11.2,28.63007043455408,6.7571712,3.9105331199999998,1,HEADROOM
540p,5,8,adversarial,independent_au,0.2,125,60.64057276532702,54.021543117186866,67.04677749218718,80.68820830468758,0,293411328,45000000,338411328,564018.88,32.27341918945312,0.22902638350295235,0.03955005988830007,0.22902638350295235,0.26143232164801117,0.3911970816,3.2,8.18002012415831,6.7571712,3.9105331199999998,1,HEADROOM
540p,5,8,adversarial,independent_au,0.3,125,60.739304577094074,47.73836252734327,55.7488173398433,68.7470721023438,0,252940800,45000000,297940800,496568.0,28.413848876953125,0.19775352517701494,0.03961445322909813,0.19775352517701494,0.21989260151951945,0.3911970816,4.8,12.270030186237463,6.7571712,3.9105331199999998,1,HEADROOM
540p,5,8,adversarial,independent_au,0.4,125,60.80051143508824,42.287573777342914,50.117841339842926,60.50777496484261,0,252097664,45000000,297097664,495162.7733333333,28.333441162109374,0.1973009569262633,0.039654372622811844,0.1973009569262633,0.179811358584708,0.3911970816,6.4,16.36004024831662,6.7571712,3.9105331199999998,1,HEADROOM
540p,5,8,adversarial,independent_au,0.5,125,60.83080500524668,37.373169129687085,46.73925573984343,56.43358746218752,0,211627136,45000000,256627136,427711.8933333333,24.473870849609376,0.16570584150777126,0.03967413022831193,0.16570584150777126,0.18171885117826106,0.3911970816,8.0,20.45005031039577,6.7571712,3.9105331199999998,1,HEADROOM
540p,5,8,adversarial,independent_au,0.6,125,60.85923188231425,35.59476933984297,42.75959111718703,52.277506367187584,0,210784000,45000000,255784000,426306.6666666667,24.393463134765625,0.16512268946341657,0.03969267036801032,0.16512268946341657,0.17908840315742744,0.3911970816,9.6,24.540060372474926,6.7571712,3.9105331199999998,1,HEADROOM
540p,5,8,adversarial,independent_au,0.7,125,60.87590042315138,34.7903441969861,41.30296138448648,49.390632241629646,0,209940864,45000000,254940864,424901.44,24.313055419921874,0.16451526211770043,0.0397035416668503,0.16451526211770043,0.16375065866015567,0.3911970816,11.2,28.63007043455408,6.7571712,3.9105331199999998,1,HEADROOM
540p,5,8,adversarial,raw_gather,0.2,125,41.41033254864498,2276.9543995624817,4198.633852687462,4546.274633937461,595,293411328,1866240000,2159651328,3599418.88,205.960400390625,0.15639790771721632,0.9859994290766165,0.9859994290766165,0.17852732724514328,0.3911970816,3.2,8.18002012415831,6.7571712,3.9105331199999998,1,INTERCONNECT
540p,5,8,adversarial,raw_gather,0.3,125,41.4264322817593,2271.3234235624814,4193.002876687462,4540.64365793746,595,252940800,1866240000,2119180800,3531968.0,202.100830078125,0.13487515335027775,0.9863827712688182,0.9863827712688182,0.14997481498238235,0.3911970816,4.8,12.270030186237463,6.7571712,3.9105331199999998,1,INTERCONNECT
540p,5,8,adversarial,raw_gather,0.4,125,41.43448684373521,2268.507935562481,4190.187388687462,4537.82816993746,595,252097664,1866240000,2118337664,3530562.7733333334,202.02042236328126,0.13445715687351534,0.9865745541650407,0.9865745541650407,0.12253830100732648,0.3911970816,6.4,16.36004024831662,6.7571712,3.9105331199999998,1,INTERCONNECT
540p,5,8,adversarial,raw_gather,0.5,125,41.43932108450658,2266.8186427624814,4188.498095887462,4536.13887713746,595,211627136,1866240000,2077867136,3463111.8933333335,198.16085205078124,0.11288256946832503,0.9866896597038574,0.9866896597038574,0.12379099406023208,0.3911970816,8.0,20.45005031039577,6.7571712,3.9105331199999998,1,INTERCONNECT
540p,5,8,adversarial,raw_gather,0.6,125,41.44254453842526,2265.692447562481,4187.371900687462,4535.01268193746,595,210784000,1866240000,2077024000,3461706.6666666665,198.0804443359375,0.11244151792163544,0.9867664116526551,0.9867664116526551,0.12195157406059787,0.3911970816,9.6,24.540060372474926,6.7571712,3.9105331199999998,1,INTERCONNECT
540p,5,8,adversarial,raw_gather,0.7,125,41.44484731256038,2264.8880224196246,4186.567475544605,4534.208256794604,594,209940864,1866240000,2076180864,3460301.44,198.00003662109376,0.11200343439127035,0.9868212417842377,0.9868212417842377,0.11148288564649078,0.3911970816,11.2,28.63007043455408,6.7571712,3.9105331199999998,1,INTERCONNECT
540p,5,16,optimistic,owner_only,0.2,125,60.84933291082071,23.327400690775903,34.422550770783346,46.23972837076872,0,42156800,15000000,57156800,95261.33333333333,5.450897216796875,0.03302403428024337,0.016474035826366404,0.03302403428024337,0.14015223369180083,0.02401311744,0.4,16.657562309410835,0.410462208,0.2875392,1,HEADROOM
540p,5,16,optimistic,owner_only,0.3,125,60.89728752041262,20.933037810777023,30.420364530784354,40.527282930772344,0,42156800,15000000,57156800,95261.33333333333,5.450897216796875,0.03305006011479738,0.016487018811037975,0.03305006011479738,0.119952495426512,0.02401311744,0.6,24.986343464116253,0.410462208,0.2875392,1,HEADROOM
540p,5,16,optimistic,owner_only,0.4,125,60.92129318070953,19.735856370780766,28.41927141078577,37.67106021078689,0,42156800,15000000,57156800,95261.33333333333,5.450897216796875,0.03306308842111796,0.016493517980196434,0.03306308842111796,0.10984068221372778,0.02401311744,0.8,33.31512461882167,0.410462208,0.2875392,1,HEADROOM
540p,5,16,optimistic,owner_only,0.5,125,60.93570566352803,19.017547506775372,27.218615538781705,35.957326578767606,0,42156800,15000000,57156800,95261.33333333333,5.450897216796875,0.033070910336394484,0.016497419941761845,0.033070910336394484,0.10376976675511639,0.02401311744,1.0,41.64390577352709,0.410462208,0.2875392,1,HEADROOM
540p,5,16,optimistic,owner_only,0.6,125,60.94531777449304,18.538674930778143,26.41817829078093,34.81483749077415,0,42156800,15000000,57156800,95261.33333333333,5.450897216796875,0.033076127002984394,0.016500022275309802,0.033076127002984394,0.09972089372031347,0.02401311744,1.2,49.972686928232505,0.410462208,0.2875392,1,HEADROOM
540p,5,16,optimistic,owner_only,0.7,125,60.95218542485953,18.196623090780122,25.84643739935109,33.998773856492335,0,42156800,15000000,57156800,95261.33333333333,5.450897216796875,0.0330798542011356,0.016501881587692835,0.0330798542011356,0.09682805941133626,0.02401311744,1.4,58.30146808293792,0.410462208,0.2875392,1,HEADROOM
540p,5,16,optimistic,finishing_owner,0.2,125,60.25359084134882,37.56535934812382,70.55965866453062,103.55395798093559,0,125627264,361982400,487609664,812682.7733333333,46.502081298828124,0.0974400947328417,0.28215818070716386,0.28215818070716386,0.07927963102724589,0.02401311744,6.4,266.52099695057336,0.410462208,0.2875392,1,HEADROOM
540p,5,16,optimistic,finishing_owner,0.3,125,60.32119176445995,36.9525726448428,69.9468719612496,102.94117127765458,0,125627264,360600000,486227264,810378.7733333333,46.370245361328124,0.09754941668793181,0.28141441185147265,0.28141441185147265,0.0710648681637422,0.02401311744,9.6,399.78149542586004,0.410462208,0.2875392,1,HEADROOM
540p,5,16,optimistic,finishing_owner,0.4,125,60.32222895364316,36.78154672484334,59.22897104124968,102.77014535765557,0,85156736,295627200,380783936,634639.8933333333,36.314385986328126,0.06612264718989369,0.231582721616212,0.231582721616212,0.07105372605432854,0.02401311744,12.8,533.0419939011467,0.410462208,0.2875392,1,HEADROOM
540p,5,16,optimistic,finishing_owner,0.5,125,60.38688327805414,36.67893117284257,59.12635548924936,92.12065480565434,0,85156736,292862400,378019136,630031.8933333333,36.050714111328126,0.06619351849482528,0.22970795929529403,0.22970795929529403,0.06747901983777838,0.02401311744,16.0,666.3024923764334,0.410462208,0.2875392,1,HEADROOM
540p,5,16,optimistic,finishing_owner,0.6,125,60.387299053556255,34.55339189859339,59.05794512124885,92.05224443765474,0,85156736,292862400,378019136,630031.8933333333,36.050714111328126,0.06619397425014656,0.22970954087952114,0.22970954087952114,0.06483538846749101,0.02401311744,19.2,799.5629908517201,0.410462208,0.2875392,1,HEADROOM
540p,5,16,optimistic,finishing_owner,0.7,125,60.38759603956312,34.5045273500221,59.0090805726777,92.00337988908359,0,85156736,292862400,378019136,630031.8933333333,36.050714111328126,0.06619429979350418,0.22971067059587463,0.22971067059587463,0.06294705805768265,0.02401311744,22.4,932.8234893270068,0.410462208,0.2875392,1,HEADROOM
540p,5,16,optimistic,independent_au,0.2,125,61.03071831241766,18.667286852925827,23.009622438360566,27.399001412929692,0,125627264,20250000,145877264,243128.77333333335,13.911940002441407,0.09869683932421097,0.020597383177915513,0.09869683932421097,0.08030214899351447,0.02401311744,6.4,266.52099695057336,0.410462208,0.2875392,1,HEADROOM
540p,5,16,optimistic,independent_au,0.3,125,61.04331988908507,17.405493800428303,21.674779143791056,25.380054438359537,0,125627264,20250000,145877264,243128.77333333335,13.911940002441407,0.09871721817312452,0.020601636110052664,0.09871721817312452,0.07191561295960432,0.02401311744,9.6,399.78149542586004,0.410462208,0.2875392,1,HEADROOM
540p,5,16,optimistic,independent_au,0.4,125,61.04903245635345,17.063441960429373,21.10164954586071,24.778043147929736,0,85156736,20250000,105406736,175677.89333333334,10.052369689941406,0.0669193381016805,0.020603564056178976,0.0669193381016805,0.07190982997941045,0.02401311744,12.8,533.0419939011467,0.410462208,0.2875392,1,HEADROOM
540p,5,16,optimistic,independent_au,0.5,125,61.05450053015551,16.85821085642783,20.63189597435985,23.789888324929763,0,85156736,20250000,105406736,175677.89333333334,10.052369689941406,0.066925331970294,0.020605409487700357,0.066925331970294,0.06822504538758455,0.02401311744,16.0,666.3024923764334,0.410462208,0.2875392,1,HEADROOM
540p,5,16,optimistic,independent_au,0.6,125,61.057376829905785,16.721390120428623,20.105100198359196,23.46376387835943,0,85156736,20250000,105406736,175677.89333333334,10.052369689941406,0.06692848484705104,0.02060638021604387,0.06692848484705104,0.06555482373970818,0.02401311744,19.2,799.5629908517201,0.410462208,0.2875392,1,HEADROOM
540p,5,16,optimistic,independent_au,0.7,125,61.06001894761795,16.62366102328633,19.884595606143193,23.13627821078626,0,85156736,20250000,105406736,175677.89333333334,10.052369689941406,0.06693138102347464,0.020607271909807656,0.06693138102347464,0.06364798087310507,0.02401311744,22.4,932.8234893270068,0.410462208,0.2875392,1,HEADROOM
540p,5,16,optimistic,raw_gather,0.2,125,41.46124109140149,2259.1637870824816,4180.843240207463,4528.4840214574615,594,125627264,1866240000,1991867264,3319778.7733333334,189.95926513671876,0.0670497343523454,0.9872115853430286,0.9872115853430286,0.05455329466276857,0.02401311744,6.4,266.52099695057336,0.410462208,0.2875392,1,INTERCONNECT
540p,5,16,optimistic,raw_gather,0.3,125,41.462221112762656,2258.8217352424817,4180.501188367463,4528.141969617462,594,125627264,1866240000,1991867264,3319778.7733333334,189.95926513671876,0.0670513192101595,0.9872349201110229,0.9872349201110229,0.04884696722604262,0.02401311744,9.6,399.78149542586004,0.410462208,0.2875392,1,INTERCONNECT
540p,5,16,optimistic,raw_gather,0.4,125,41.462711140817056,2258.650709322482,4180.3301624474625,4527.970943697461,594,85156736,1866240000,1951396736,3252327.8933333335,186.09969482421874,0.045449650449880134,0.9872465879086988,0.9872465879086988,0.04883904606929222,0.02401311744,12.8,533.0419939011467,0.410462208,0.2875392,1,INTERCONNECT
540p,5,16,optimistic,raw_gather,0.5,125,41.46300516320955,2258.5480937704815,4180.227546895463,4527.868328145461,594,85156736,1866240000,1951396736,3252327.8933333335,186.09969482421874,0.04544997274465044,0.987253588719687,0.987253588719687,0.04633262715446243,0.02401311744,16.0,666.3024923764334,0.410462208,0.2875392,1,INTERCONNECT
540p,5,16,optimistic,raw_gather,0.6,125,41.46320118045455,2258.479683402481,4180.159136527462,4527.79991777746,594,85156736,1866240000,1951396736,3252327.8933333335,186.09969482421874,0.04545018761037007,0.9872582559821735,0.9872582559821735,0.044517353777593534,0.02401311744,19.2,799.5629908517201,0.410462208,0.2875392,1,INTERCONNECT
540p,5,16,optimistic,raw_gather,0.7,125,41.46334119390711,2258.43081885391,4180.1102719788905,4527.751053228889,594,85156736,1866240000,1951396736,3252327.8933333335,186.09969482421874,0.045450341087127914,0.9872615897681103,0.9872615897681103,0.04322071942867917,0.02401311744,22.4,932.8234893270068,0.410462208,0.2875392,1,INTERCONNECT
540p,5,16,median,owner_only,0.2,125,60.27789845036707,52.29586917077904,82.37745381078025,114.88639461077582,0,42156800,15000000,57156800,95261.33333333333,5.450897216796875,0.03271390645618669,0.01631932859584129,0.03271390645618669,0.37972113244466915,0.10530404352,0.4,3.798524601992415,1.810059264,1.1501568,1,HEADROOM
540p,5,16,median,owner_only,0.3,125,60.485369445632934,41.737190130781414,64.82677989078184,89.79380709078214,0,42156800,15000000,57156800,95261.33333333333,5.450897216796875,0.03282650472032637,0.01637549822737942,0.03282650472032637,0.29256484806611316,0.10530404352,0.6,5.697786902988623,1.810059264,1.1501568,1,HEADROOM
540p,5,16,median,owner_only,0.4,125,60.589641438645664,36.45785061077959,56.051442930784106,77.2475133307853,0,42156800,15000000,57156800,95261.33333333333,5.450897216796875,0.03288309501814884,0.016403728291151786,0.03288309501814884,0.24876133006548223,0.10530404352,0.8,7.59704920398483,1.810059264,1.1501568,1,HEADROOM
540p,5,16,median,owner_only,0.5,125,60.65237737953488,33.29024689877588,50.78624075478274,69.719737074769,0,42156800,15000000,57156800,95261.33333333333,5.450897216796875,0.032917142948724595,0.016420713097531247,0.032917142948724595,0.22240665095538967,0.10530404352,1.0,9.496311504981039,1.810059264,1.1501568,1,HEADROOM
540p,5,16,median,owner_only,0.6,125,60.69427356583897,31.17851109078083,47.276105970785466,64.70121957078845,0,42156800,15000000,57156800,95261.33333333333,5.450897216796875,0.03293988076730916,0.01643205585580229,0.03293988076730916,0.2048065236545551,0.10530404352,1.2,11.395573805977246,1.810059264,1.1501568,1,HEADROOM
540p,5,16,median,owner_only,0.7,125,60.72423486764159,29.670128370781015,44.768866839354814,61.11656421078442,0,42156800,15000000,57156800,95261.33333333333,5.450897216796875,0.032956141308065796,0.016440167424749554,0.032956141308065796,0.19222011013245613,0.10530404352,1.4,13.294836106973452,1.810059264,1.1501568,1,HEADROOM
540p,5,16,median,finishing_owner,0.2,125,60.034685877251334,52.7812276871864,96.32240200359274,139.86357631999817,0,169470336,501604800,671075136,1118458.56,63.998712158203126,0.13096327132570015,0.3877181013386002,0.3877181013386002,0.16109468545379654,0.10530404352,6.4,60.77639363187864,1.810059264,1.1501568,1,HEADROOM
540p,5,16,median,finishing_owner,0.3,125,60.04530975875455,51.0129391314058,94.55411344781169,138.09528776421757,0,168627200,498840000,667467200,1112445.3333333333,63.654632568359375,0.13033469337193976,0.38567574493930146,0.38567574493930146,0.12455363578947902,0.10530404352,9.6,91.16459044781797,1.810059264,1.1501568,1,HEADROOM
540p,5,16,median,finishing_owner,0.4,125,60.113295494451705,50.258747771405524,93.79992208781186,126.79422140421775,0,166940928,497457600,664398528,1107330.88,63.36198120117187,0.1291852957672968,0.3850557436419026,0.3850557436419026,0.10644464175688173,0.10530404352,12.8,121.55278726375728,1.810059264,1.1501568,1,HEADROOM
540p,5,16,median,finishing_owner,0.5,125,60.11602097017107,49.806232955404994,82.80053227181179,126.34170658821677,0,127313536,432484800,559798336,932997.2266666667,53.386529541015626,0.09852266343650662,0.3354070359154885,0.3354070359154885,0.10600445939787968,0.10530404352,16.0,151.94098407969662,1.810059264,1.1501568,1,HEADROOM
540p,5,16,median,finishing_owner,0.6,125,60.181435357073774,49.5045564114057,82.49885572781204,126.04003004421793,0,127313536,431102400,558415936,930693.2266666667,53.254693603515626,0.09862986946113553,0.3347141274826689,0.3347141274826689,0.09799276678887656,0.10530404352,19.2,182.32918089563594,1.810059264,1.1501568,1,HEADROOM
540p,5,16,median,finishing_owner,0.7,125,60.182736115740326,49.289073165691434,82.28337248209755,115.27767179850343,0,127313536,431102400,558415936,930693.2266666667,53.254693603515626,0.0986320012424186,0.3347213619778177,0.3347213619778177,0.0919184285824103,0.10530404352,22.4,212.71737771157524,1.810059264,1.1501568,1,HEADROOM
540p,5,16,median,independent_au,0.2,125,60.89856776362738,32.943092581404926,39.44488074140577,46.25330776531254,0,169470336,27000000,196470336,327450.56,18.736871337890626,0.13284779518429327,0.025779749414645458,0.13284779518429327,0.16341279170723022,0.10530404352,6.4,60.77639363187864,1.810059264,1.1501568,1,HEADROOM
540p,5,16,median,independent_au,0.3,125,60.947784173329445,26.909561701406346,32.3138424517183,39.9347960764062,0,168627200,27000000,195627200,326045.3333333333,18.656463623046875,0.13229360950664237,0.025800583840737915,0.13229360950664237,0.12642566326329677,0.10530404352,9.6,91.16459044781797,1.810059264,1.1501568,1,HEADROOM
540p,5,16,median,independent_au,0.4,125,60.96772251961202,24.316119015311415,30.405413448906984,37.03376125531261,0,166940928,27000000,193940928,323234.88,18.495648193359376,0.1310214853664362,0.025809024196394588,0.1310214853664362,0.10795760453578948,0.10530404352,12.8,121.55278726375728,1.810059264,1.1501568,1,HEADROOM
540p,5,16,median,independent_au,0.5,125,60.982459929230096,23.747873580405212,28.64195581531294,35.027971372406256,0,127313536,27000000,154313536,257189.22666666665,14.716485595703125,0.09994264886757842,0.02581526287721956,0.09994264886757842,0.10753227830495417,0.10530404352,16.0,151.94098407969662,1.810059264,1.1501568,1,HEADROOM
540p,5,16,median,independent_au,0.6,125,60.992021925612576,23.44619703640592,27.388648008907694,33.821265196406245,0,127313536,27000000,154313536,257189.22666666665,14.716485595703125,0.09995831978751238,0.02581931068786103,0.09995831978751238,0.09931263594955259,0.10530404352,19.2,182.32918089563594,1.810059264,1.1501568,1,HEADROOM
540p,5,16,median,independent_au,0.7,125,60.996194292294746,23.23071379069188,26.923576018883978,32.959332213549175,0,127313536,27000000,154313536,257189.22666666665,14.716485595703125,0.09996515777631682,0.02582107694561523,0.09996515777631682,0.09316084130958505,0.10530404352,22.4,212.71737771157524,1.810059264,1.1501568,1,HEADROOM
540p,5,16,median,raw_gather,0.2,125,41.449387862696796,2263.302139722481,4184.981592847462,4532.62237409746,594,169470336,1866240000,2035710336,3392850.56,194.14046630859374,0.09042018542489752,0.9869293544113686,0.9869293544113686,0.11122363684297616,0.10530404352,6.4,60.77639363187864,1.810059264,1.1501568,1,INTERCONNECT
540p,5,16,median,raw_gather,0.3,125,41.45370744543856,2261.7937570024815,4183.473210127462,4531.1139913774605,594,168627200,1866240000,2034867200,3391445.3333333335,194.06005859375,0.08997965487626781,0.9870322057012544,0.9870322057012544,0.08598856430297583,0.10530404352,9.6,91.16459044781797,1.810059264,1.1501568,1,INTERCONNECT
540p,5,16,median,raw_gather,0.4,125,41.45586757444592,2261.0395656424816,4182.719018767462,4530.359800017461,593,166940928,1866240000,2033180928,3388634.88,193.8992431640625,0.08908991712805,0.9870836393854802,0.9870836393854802,0.07340730426416085,0.10530404352,12.8,121.55278726375728,1.810059264,1.1501568,1,INTERCONNECT
540p,5,16,median,raw_gather,0.5,125,41.45716375991427,2260.5870508264816,4182.266503951463,4529.9072852014615,593,127313536,1866240000,1993553536,3322589.2266666666,190.12008056640624,0.06794312275220019,0.9871145021690687,0.9871145021690687,0.07310271308075525,0.10530404352,16.0,151.94098407969662,1.810059264,1.1501568,1,INTERCONNECT
540p,5,16,median,raw_gather,0.6,125,41.458027928591186,2260.285374282482,4181.9648274074625,4529.605608657461,593,127313536,1866240000,1993553536,3322589.2266666666,190.12008056640624,0.06794453901692186,0.9871350784303451,0.9871350784303451,0.06750564917949647,0.10530404352,19.2,182.32918089563594,1.810059264,1.1501568,1,INTERCONNECT
540p,5,16,median,raw_gather,0.7,125,41.45864521398948,2260.0698910367673,4181.749344161748,4529.390125411746,593,127313536,1866240000,1993553536,3322589.2266666666,190.12008056640624,0.06794555067072992,0.987149776285031,0.987149776285031,0.06332070898034313,0.10530404352,22.4,212.71737771157524,1.810059264,1.1501568,1,INTERCONNECT
540p,5,16,adversarial,owner_only,0.2,125,50.61522750294696,947.0501360508088,1701.2789680508904,1933.215851250905,585,42156800,15000000,57156800,95261.33333333333,5.450897216796875,0.02746980004874293,0.013703306697959787,0.02746980004874293,0.9835246507164099,0.3911970816,0.4,1.0225025155197887,6.7571712,3.9105331199999998,1,BURST_OR_PER_FRAME_LATENCY
540p,5,16,adversarial,owner_only,0.3,125,59.203625911658186,108.4448560507808,174.76061925078102,247.3759792507808,0,42156800,15000000,57156800,95261.33333333333,5.450897216796875,0.03213087930621546,0.016028485566947137,0.03213087930621546,0.8287386074142864,0.3911970816,0.6,1.5337537732796829,6.7571712,3.9105331199999998,1,NODE_QUEUE_HEADROOM_LOW
540p,5,16,adversarial,owner_only,0.4,125,59.57733286313842,88.73644005077949,142.16086245077895,200.6987824507778,0,42156800,15000000,57156800,95261.33333333333,5.450897216796875,0.03233369683249033,0.016129661067363396,0.03233369683249033,0.6721192499403077,0.3911970816,0.8,2.0450050310395773,6.7571712,3.9105331199999998,1,HEADROOM
540p,5,16,adversarial,owner_only,0.5,125,59.80383021086801,76.91139045078125,122.60100837078153,172.69246437078073,0,42156800,15000000,57156800,95261.33333333333,5.450897216796875,0.032456621042469234,0.016190981795834527,0.032456621042469234,0.577194954498497,0.3911970816,1.0,2.5562562887994713,6.7571712,3.9105331199999998,1,HEADROOM
540p,5,16,adversarial,owner_only,0.6,125,59.955787633009486,69.02802405077819,109.56110565078103,154.0215856507748,0,42156800,15000000,57156800,95261.33333333333,5.450897216796875,0.032539091085736466,0.016232121967742572,0.032539091085736466,0.5135100973532782,0.3911970816,1.2,3.0675075465593657,6.7571712,3.9105331199999998,1,HEADROOM
540p,5,16,adversarial,owner_only,0.7,125,60.06480230035491,63.397048050780086,100.24688942221292,140.68524370792875,0,42156800,15000000,57156800,95261.33333333333,5.450897216796875,0.03259825531875675,0.01626163603880199,0.03259825531875675,0.4678224078755566,0.3911970816,1.4,3.57875880431926,6.7571712,3.9105331199999998,1,HEADROOM
540p,5,16,adversarial,finishing_owner,0.2,125,59.76377724959685,87.5380665546868,131.07924087109313,174.62041518749902,0,295940736,638462400,934403136,1557338.56,89.11162719726562,0.22766100868526865,0.4899714893443094,0.4899714893443094,0.2576522998435507,0.3911970816,6.4,16.36004024831662,6.7571712,3.9105331199999998,1,HEADROOM
540p,5,16,adversarial,finishing_owner,0.3,125,59.7973164078263,81.90709055468687,125.44826487109276,168.98943918749865,0,253783936,637080000,890863936,1484773.2266666666,84.95940551757812,0.19533568511758104,0.4891953343988501,0.4891953343988501,0.21648235126092472,0.3911970816,9.6,24.540060372474926,6.7571712,3.9105331199999998,1,HEADROOM
540p,5,16,adversarial,finishing_owner,0.4,125,59.87705602540642,68.54472755468669,122.63277687109257,166.17395118749846,0,252097664,634315200,886412864,1477354.7733333334,84.53491821289063,0.19430429404122362,0.48774262277679453,0.48774262277679453,0.17708033267903678,0.3911970816,12.8,32.72008049663324,6.7571712,3.9105331199999998,1,HEADROOM
540p,5,16,adversarial,finishing_owner,0.5,125,59.95026186018065,66.85543475468694,110.39660907109283,153.9377833874987,0,211627136,567960000,779587136,1299311.8933333333,74.34722290039062,0.16330720248228936,0.43775590465278336,0.43775590465278336,0.17908841929887875,0.3911970816,16.0,40.90010062079154,6.7571712,3.9105331199999998,1,HEADROOM
540p,5,16,adversarial,finishing_owner,0.6,125,59.89388452321206,65.7292395546865,109.27041387109239,163.35846318749827,0,210784000,569342400,780126400,1300210.6666666667,74.39865112304688,0.1625035181845283,0.4383970603804912,0.4383970603804912,0.1762477081357065,0.3911970816,19.2,49.08012074494985,6.7571712,3.9105331199999998,1,HEADROOM
540p,5,16,adversarial,finishing_owner,0.7,125,59.961828616355405,64.92481441182963,108.46598872823597,152.00716304464186,0,209940864,567960000,777900864,1296501.44,74.18640747070313,0.16204501096996954,0.43784036493128864,0.43784036493128864,0.16129188828657456,0.3911970816,22.4,57.26014086910816,6.7571712,3.9105331199999998,1,HEADROOM
540p,5,16,adversarial,independent_au,0.2,125,60.652346055367275,54.021543117186866,67.04677749218718,80.57220015234373,0,295940736,45000000,340940736,568234.56,32.514642333984376,0.23104587624079656,0.03955773848210188,0.23104587624079656,0.26148307840059937,0.3911970816,6.4,16.36004024831662,6.7571712,3.9105331199999998,1,HEADROOM
540p,5,16,adversarial,independent_au,0.3,125,60.74851583564201,47.73836252734327,55.7488173398433,68.7470721023438,0,253783936,45000000,298783936,497973.2266666667,28.494256591796876,0.1984429013452898,0.03962046085420134,0.1984429013452898,0.21992594875027024,0.3911970816,9.6,24.540060372474926,6.7571712,3.9105331199999998,1,HEADROOM
540p,5,16,adversarial,independent_au,0.4,125,60.80051143508824,42.287573777342914,50.117841339842926,60.50777496484261,0,252097664,45000000,297097664,495162.7733333333,28.333441162109374,0.1973009569262633,0.039654372622811844,0.1973009569262633,0.179811358584708,0.3911970816,12.8,32.72008049663324,6.7571712,3.9105331199999998,1,HEADROOM
540p,5,16,adversarial,independent_au,0.5,125,60.83080500524668,37.373169129687085,46.73925573984343,56.43358746218752,0,211627136,45000000,256627136,427711.8933333333,24.473870849609376,0.16570584150777126,0.03967413022831193,0.16570584150777126,0.18171885117826106,0.3911970816,16.0,40.90010062079154,6.7571712,3.9105331199999998,1,HEADROOM
540p,5,16,adversarial,independent_au,0.6,125,60.85923188231425,35.59476933984297,42.75959111718703,52.277506367187584,0,210784000,45000000,255784000,426306.6666666667,24.393463134765625,0.16512268946341657,0.03969267036801032,0.16512268946341657,0.17908840315742744,0.3911970816,19.2,49.08012074494985,6.7571712,3.9105331199999998,1,HEADROOM
540p,5,16,adversarial,independent_au,0.7,125,60.87590042315138,34.7903441969861,41.30296138448648,49.390632241629646,0,209940864,45000000,254940864,424901.44,24.313055419921874,0.16451526211770043,0.0397035416668503,0.16451526211770043,0.16375065866015567,0.3911970816,22.4,57.26014086910816,6.7571712,3.9105331199999998,1,HEADROOM
540p,5,16,adversarial,raw_gather,0.2,125,41.41033254864498,2276.9543995624817,4198.633852687462,4546.274633937461,595,295940736,1866240000,2162180736,3603634.56,206.20162353515624,0.15774635593469827,0.9859994290766165,0.9859994290766165,0.17852732724514328,0.3911970816,6.4,16.36004024831662,6.7571712,3.9105331199999998,1,INTERCONNECT
540p,5,16,adversarial,raw_gather,0.3,125,41.4264322817593,2271.3234235624814,4193.002876687462,4540.64365793746,595,253783936,1866240000,2120023936,3533373.2266666666,202.18123779296874,0.1353248108417694,0.9863827712688182,0.9863827712688182,0.14997481498238235,0.3911970816,9.6,24.540060372474926,6.7571712,3.9105331199999998,1,INTERCONNECT
540p,5,16,adversarial,raw_gather,0.4,125,41.43448684373521,2268.507935562481,4190.187388687462,4537.82816993746,595,252097664,1866240000,2118337664,3530562.7733333334,202.02042236328126,0.13445715687351534,0.9865745541650407,0.9865745541650407,0.12253830100732648,0.3911970816,12.8,32.72008049663324,6.7571712,3.9105331199999998,1,INTERCONNECT
540p,5,16,adversarial,raw_gather,0.5,125,41.43932108450658,2266.8186427624814,4188.498095887462,4536.13887713746,595,211627136,1866240000,2077867136,3463111.8933333335,198.16085205078124,0.11288256946832503,0.9866896597038574,0.9866896597038574,0.12379099406023208,0.3911970816,16.0,40.90010062079154,6.7571712,3.9105331199999998,1,INTERCONNECT
540p,5,16,adversarial,raw_gather,0.6,125,41.44254453842526,2265.692447562481,4187.371900687462,4535.01268193746,595,210784000,1866240000,2077024000,3461706.6666666665,198.0804443359375,0.11244151792163544,0.9867664116526551,0.9867664116526551,0.12195157406059787,0.3911970816,19.2,49.08012074494985,6.7571712,3.9105331199999998,1,INTERCONNECT
540p,5,16,adversarial,raw_gather,0.7,125,41.44484731256038,2264.8880224196246,4186.567475544605,4534.208256794604,594,209940864,1866240000,2076180864,3460301.44,198.00003662109376,0.11200343439127035,0.9868212417842377,0.9868212417842377,0.11148288564649078,0.3911970816,22.4,57.26014086910816,6.7571712,3.9105331199999998,1,INTERCONNECT
540p,10,4,optimistic,owner_only,0.2,125,60.41043383226487,16.237094130778132,20.241937650782347,20.241937650782347,0,84313600,15000000,99313600,165522.66666666666,9.471282958984375,0.06557167161338999,0.016355210544339322,0.06557167161338999,0.13550649914411209,0.0233985024,0.4,17.095111181132687,0.410462208,0.2875392,1,HEADROOM
540p,10,4,optimistic,owner_only,0.3,125,60.432704321939454,14.868886770778772,18.292062450782396,18.292062450782396,0,84313600,15000000,99313600,165522.66666666666,9.471282958984375,0.06559584480902812,0.01636123994231658,0.06559584480902812,0.11591708212167162,0.0233985024,0.6,25.642666771699027,0.410462208,0.2875392,1,HEADROOM
540p,10,4,optimistic,owner_only,0.4,125,60.443845725474596,14.184783090780911,17.31712485078333,17.31712485078333,0,84313600,15000000,99313600,165522.66666666666,9.471282958984375,0.06560793809172076,0.016364256308679423,0.06560793809172076,0.10611695633839885,0.0233985024,0.8,34.190222362265374,0.410462208,0.2875392,1,HEADROOM
540p,10,4,optimistic,owner_only,0.5,125,60.450532539687266,13.774320882777829,16.732162290781616,16.732162290781616,0,84313600,15000000,99313600,165522.66666666666,9.471282958984375,0.06561519620191593,0.016366066662411076,0.06561519620191593,0.10023514619071457,0.0233985024,1.0,42.73777795283171,0.410462208,0.2875392,1,HEADROOM
540p,10,4,optimistic,owner_only,0.6,125,60.45499123783677,13.500679410779412,16.34218725078108,16.342187250781535,0,84313600,15000000,99313600,165522.66666666666,9.471282958984375,0.065620035834283,0.016367273787445,0.065620035834283,0.0963132163766549,0.0233985024,1.2,51.28533354339805,0.410462208,0.2875392,1,HEADROOM
540p,10,4,optimistic,owner_only,0.7,125,60.45817642494083,13.305221216494829,16.063633650780503,16.06363365078164,0,84313600,15000000,99313600,165522.66666666666,9.471282958984375,0.06562349315166287,0.01636813612864014,0.06562349315166287,0.09351148370765429,0.0233985024,1.4,59.8328891339644,0.410462208,0.2875392,1,HEADROOM
540p,10,4,optimistic,finishing_owner,0.2,125,60.17879768435491,25.890354533203116,37.29462448484355,37.29462448484401,0,168627200,291480000,460107200,766845.3333333334,43.879241943359375,0.13064049070740497,0.2278585841725622,0.2278585841725622,0.0947467207519853,0.0233985024,1.6,68.38044472453075,0.410462208,0.2875392,1,HEADROOM
540p,10,4,optimistic,finishing_owner,0.3,125,60.24623079082372,14.868886770778772,26.134962781562535,26.13496278156265,0,167784064,156004800,323788864,539648.1066666667,30.878912353515624,0.13013294497991937,0.12433036416959925,0.13013294497991937,0.09491889014008639,0.0233985024,2.4,102.5706670867961,0.410462208,0.2875392,1,HEADROOM
540p,10,4,optimistic,finishing_owner,0.4,125,60.24726540376245,14.184783090780911,25.963936861562615,25.963936861562615,0,167784064,156004800,323788864,539648.1066666667,30.878912353515624,0.1301351797625251,0.12433249930405926,0.1301351797625251,0.08687747671206633,0.0233985024,3.2,136.7608894490615,0.410462208,0.2875392,1,HEADROOM
540p,10,4,optimistic,finishing_owner,0.5,125,60.31211850472062,13.774320882777829,25.802029946062703,25.802029946062703,0,167784064,154622400,322406464,537344.1066666667,30.747076416015624,0.13027526363014613,0.12340616292474835,0.13027526363014613,0.0823156584246211,0.0233985024,4.0,170.95111181132685,0.410462208,0.2875392,1,HEADROOM
540p,10,4,optimistic,finishing_owner,0.6,125,60.313815190608835,13.500679410779412,25.522176078281063,25.522176078281404,0,167784064,154622400,322406464,537344.1066666667,30.747076416015624,0.13027892850226247,0.12340963455698983,0.13027892850226247,0.07909032612733222,0.0233985024,4.8,205.1413341735922,0.410462208,0.2875392,1,HEADROOM
540p,10,4,optimistic,finishing_owner,0.7,125,60.31411145426335,13.305221216494829,25.473311529709463,25.473311529709918,0,167784064,154622400,322406464,537344.1066666667,30.747076416015624,0.13027956843709895,0.12341024074960456,0.13027956843709895,0.07678524045349751,0.0233985024,5.6,239.3315565358576,0.410462208,0.2875392,1,HEADROOM
540p,10,4,optimistic,independent_au,0.2,125,60.46904670623531,15.726161960428726,17.367569960430046,17.367569960430046,0,168627200,20250000,188877200,314795.3333333333,18.012733459472656,0.13127058429692276,0.02040782346745182,0.13127058429692276,0.09520369470432115,0.0233985024,1.6,68.38044472453075,0.410462208,0.2875392,1,HEADROOM
540p,10,4,optimistic,independent_au,0.3,125,60.475041970316454,14.93564397292721,16.337435972930507,16.337435972930507,0,167784064,20250000,188034064,313390.1066666667,17.932325744628905,0.13062718125397113,0.02040984682150936,0.13062718125397113,0.0952793857748175,0.0233985024,2.4,102.5706670867961,0.410462208,0.2875392,1,HEADROOM
540p,10,4,optimistic,independent_au,0.4,125,60.479212132826426,14.251540292929349,15.55057626585949,15.55057626585949,0,167784064,20250000,188034064,313390.1066666667,17.932325744628905,0.1306361888801968,0.020411254218268025,0.1306361888801968,0.08721194743729592,0.0233985024,3.2,136.7608894490615,0.410462208,0.2875392,1,HEADROOM
540p,10,4,optimistic,independent_au,0.5,125,60.48207599197662,13.841078084926266,15.388669350359578,15.388669350359578,0,167784064,20250000,188034064,313390.1066666667,17.932325744628905,0.13064237486760763,0.020412220748007727,0.13064237486760763,0.08254762113484454,0.0233985024,4.0,170.95111181132685,0.410462208,0.2875392,1,HEADROOM
540p,10,4,optimistic,independent_au,0.6,125,60.485287932358176,13.56743661292785,15.067104678359101,15.06710467835967,0,167784064,20250000,188034064,313390.1066666667,17.932325744628905,0.13064931271675545,0.020413304752401135,0.13064931271675545,0.07931518066561741,0.0233985024,4.8,205.1413341735922,0.410462208,0.2875392,1,HEADROOM
540p,10,4,optimistic,independent_au,0.7,125,60.487582384359705,13.371978418643266,14.9931937318579,14.993193731858355,0,167784064,20250000,188034064,313390.1066666667,17.932325744628905,0.13065426877445654,0.02041407911174616,0.13065426877445654,0.0770060844112045,0.0233985024,5.6,239.3315565358576,0.410462208,0.2875392,1,HEADROOM
540p,10,4,optimistic,raw_gather,0.2,125,41.74974043367215,2206.774802707482,4133.222302707463,4328.4840214574615,580,168627200,1866240000,2034867200,3391445.3333333335,194.06005859375,0.09063335904066562,0.9940808899165594,0.9940808899165594,0.06573163889190464,0.0233985024,1.6,68.38044472453075,0.410462208,0.2875392,1,INTERCONNECT
540p,10,4,optimistic,raw_gather,0.3,125,41.75073414119304,2206.4327508674824,4132.8802508674635,4328.141969617462,580,167784064,1866240000,2034024064,3390040.1066666665,193.97965087890626,0.09018233867162782,0.9941045505584324,0.9941045505584324,0.0657789424366688,0.0233985024,2.4,102.5706670867961,0.410462208,0.2875392,1,INTERCONNECT
540p,10,4,optimistic,raw_gather,0.4,125,41.75123101269253,2206.2617249474824,4132.709224947463,4327.970943697461,580,167784064,1866240000,2034024064,3390040.1066666665,193.97965087890626,0.0901834119230272,0.9941163813017435,0.9941163813017435,0.060205912678300166,0.0233985024,3.2,136.7608894490615,0.410462208,0.2875392,1,INTERCONNECT
540p,10,4,optimistic,raw_gather,0.5,125,41.75152914126894,2206.159109395482,4132.606609395463,4327.868328145461,581,167784064,1866240000,2034024064,3390040.1066666665,193.97965087890626,0.09018405588612867,0.9941234798828957,0.9941234798828957,0.0569836493345746,0.0233985024,4.0,170.95111181132685,0.410462208,0.2875392,1,INTERCONNECT
540p,10,4,optimistic,raw_gather,0.6,125,41.75172789601858,2206.0906990274825,4132.538199027464,4327.799917777462,581,167784064,1866240000,2034024064,3390040.1066666665,193.97965087890626,0.0901844851999722,0.9941282123266509,0.9941282123266509,0.054749608613548724,0.0233985024,4.8,205.1413341735922,0.410462208,0.2875392,1,INTERCONNECT
540p,10,4,optimistic,raw_gather,0.7,125,41.75186986485546,2206.0418344789105,4132.489334478891,4327.751053228889,581,167784064,1866240000,2034024064,3390040.1066666665,193.97965087890626,0.09018479185522012,0.994131592671205,0.994131592671205,0.053153852218931257,0.0233985024,5.6,239.3315565358576,0.410462208,0.2875392,1,INTERCONNECT
540p,10,4,median,owner_only,0.2,125,60.14509604063504,32.790504690779926,43.36672485078125,43.36672485078179,0,84313600,15000000,99313600,165522.66666666666,9.471282958984375,0.06528366436967971,0.01628337435359907,0.06528366436967971,0.366718411757728,0.1020045312,0.4,3.9213944252703943,1.810059264,1.1501568,1,HEADROOM
540p,10,4,median,owner_only,0.3,125,60.24197167184898,26.75697381078112,34.86634725078147,34.86634725078147,0,84313600,15000000,99313600,165522.66666666666,9.471282958984375,0.06538881668649534,0.01630960196437106,0.06538881668649534,0.28196250021651365,0.1020045312,0.6,5.882091637905591,1.810059264,1.1501568,1,HEADROOM
540p,10,4,median,owner_only,0.4,125,60.290526609874235,23.740208370780238,30.616158450782677,30.616158450782677,0,84313600,15000000,99313600,165522.66666666666,9.471282958984375,0.06544151997381556,0.016322747478878956,0.06544151997381556,0.23948207474119537,0.1020045312,0.8,7.842788850540789,1.810059264,1.1501568,1,HEADROOM
540p,10,4,median,owner_only,0.5,125,60.31969716066529,21.930149106778117,28.066045170781763,28.066045170781763,0,84313600,15000000,99313600,165522.66666666666,9.471282958984375,0.06547318274555734,0.016330644963959213,0.06547318274555734,0.21396093396029528,0.1020045312,1.0,9.803486063175985,1.810059264,1.1501568,1,HEADROOM
540p,10,4,median,owner_only,0.6,125,60.33915988144938,20.723442930780948,26.365969650782972,26.36596965078388,0,84313600,15000000,99313600,165522.66666666666,9.471282958984375,0.06549430828720634,0.016335914201009778,0.06549430828720634,0.1969331157106129,0.1020045312,1.2,11.764183275811183,1.810059264,1.1501568,1,HEADROOM
540p,10,4,median,owner_only,0.7,125,60.35306951622821,19.861509947923878,25.15162999363929,25.15162999363929,0,84313600,15000000,99313600,165522.66666666666,9.471282958984375,0.06550940630829508,0.016339680024079914,0.06550940630829508,0.18476365926310895,0.1020045312,1.4,13.724880488446379,1.810059264,1.1501568,1,HEADROOM
540p,10,4,median,finishing_owner,0.2,125,60.02369935445213,41.42214809734287,52.510492823906134,52.51049282390659,0,252940800,431102400,684043200,1140072.0,65.23544311523438,0.19544768487665412,0.3338368391930684,0.3338368391930684,0.19423742176749392,0.1020045312,1.6,15.685577701081577,1.810059264,1.1501568,1,HEADROOM
540p,10,4,median,finishing_owner,0.3,125,60.09773993780563,29.10698454156227,50.742204268124624,50.74220426812519,0,252097664,428337600,680435264,1134058.7733333334,64.89136352539063,0.19503645136902187,0.33213582327399893,0.33213582327399893,0.15035829515943622,0.1020045312,2.4,23.528366551622366,1.810059264,1.1501568,1,HEADROOM
540p,10,4,median,finishing_owner,0.4,125,60.1022801838763,28.352793181561992,39.4411379081248,39.441137908125256,0,169470336,292862400,462332736,770554.56,44.091485595703126,0.13111873924534903,0.22862534677376858,0.22862534677376858,0.15338087978428974,0.1020045312,3.2,31.371155402163154,1.810059264,1.1501568,1,HEADROOM
540p,10,4,median,finishing_owner,0.5,125,60.168574762769666,27.900278365561462,38.988623092124726,38.988623092125295,0,169470336,291480000,460950336,768250.56,43.959649658203126,0.13126336706274142,0.22781987651258637,0.22781987651258637,0.137478119433931,0.1020045312,4.0,39.21394425270394,1.810059264,1.1501568,1,HEADROOM
540p,10,4,median,finishing_owner,0.6,125,60.170395062400615,27.46323438992181,38.68694654812498,38.686946548125206,0,169470336,291480000,460950336,768250.56,43.959649658203126,0.13126733821644687,0.22782676882204814,0.22782676882204814,0.12648390827003878,0.1020045312,4.8,47.05673310324473,1.810059264,1.1501568,1,HEADROOM
540p,10,4,median,finishing_owner,0.7,125,60.17169534385699,27.247751144207484,38.471463302410484,38.47146330241094,0,169470336,291480000,460950336,768250.56,43.959649658203126,0.13127017490192208,0.2278316921555655,0.2278316921555655,0.11863049300766952,0.1020045312,5.6,54.899521953785516,1.810059264,1.1501568,1,HEADROOM
540p,10,4,median,independent_au,0.2,125,60.3801584126202,24.035606316405392,26.864627175312762,30.468223503906245,0,252940800,27000000,279940800,466568.0,26.697235107421875,0.1966083780432124,0.025560294940526338,0.1966083780432124,0.19539092761883062,0.1020045312,1.6,15.685577701081577,1.810059264,1.1501568,1,HEADROOM
540p,10,4,median,independent_au,0.3,125,60.41138359738643,21.916156261406172,23.500465070312202,26.90956170140626,0,252097664,27000000,279097664,465162.7733333333,26.616827392578124,0.19605432569212183,0.025573513271732812,0.19605432569212183,0.1511429989767668,0.1020045312,2.4,23.528366551622366,1.810059264,1.1501568,1,HEADROOM
540p,10,4,median,independent_au,0.4,125,60.4204939294231,19.653582181405454,22.350308042812685,24.200388396406197,0,169470336,27000000,196470336,327450.56,18.736871337890626,0.13181295226021283,0.025577369882579578,0.13181295226021283,0.1541929605256876,0.1020045312,3.2,31.371155402163154,1.810059264,1.1501568,1,HEADROOM
540p,10,4,median,independent_au,0.5,125,60.43380209234855,18.296037733403864,21.068557287312615,23.66787358040625,0,169470336,27000000,196470336,327450.56,18.736871337890626,0.13184198526094287,0.02558300353075861,0.13184198526094287,0.13808413269977207,0.1020045312,4.0,39.21394425270394,1.810059264,1.1501568,1,HEADROOM
540p,10,4,median,independent_au,0.6,125,60.44157478054568,17.391008101405987,20.418602568906863,23.033534821406263,0,169470336,27000000,196470336,327450.56,18.736871337890626,0.13185894210640425,0.025586293886531473,0.13185894210640425,0.1270539538972776,0.1020045312,4.8,47.05673310324473,1.810059264,1.1501568,1,HEADROOM
540p,10,4,median,independent_au,0.7,125,60.44426380814838,17.141419357097902,19.987636077477873,22.034678409977644,0,169470336,27000000,196470336,327450.56,18.736871337890626,0.13186480847134055,0.02558743221310158,0.13186480847134055,0.11916787077494781,0.1020045312,5.6,54.899521953785516,1.810059264,1.1501568,1,HEADROOM
540p,10,4,median,raw_gather,0.2,125,41.737721698561614,2210.9131553474826,4137.360655347464,4332.622374097462,581,252940800,1866240000,2119180800,3531968.0,202.100830078125,0.13590533682101172,0.9937947181997957,0.9937947181997957,0.13506377548148363,0.1020045312,1.6,15.685577701081577,1.810059264,1.1501568,1,INTERCONNECT
540p,10,4,median,raw_gather,0.3,125,41.742101590016944,2209.404772627482,4135.852272627462,4331.1139913774605,581,252097664,1866240000,2118337664,3530562.7733333334,202.02042236328126,0.13546651463478268,0.9938990054684211,0.9938990054684211,0.10443439699965708,0.1020045312,2.4,23.528366551622366,1.810059264,1.1501568,1,INTERCONNECT
540p,10,4,median,raw_gather,0.4,125,41.74429188047693,2208.6505812674823,4135.0980812674625,4330.359800017461,580,169470336,1866240000,2035710336,3392850.56,194.14046630859374,0.09106907267598752,0.9939511573109719,0.9939511573109719,0.10653133616580181,0.1020045312,3.2,31.371155402163154,1.810059264,1.1501568,1,INTERCONNECT
540p,10,4,median,raw_gather,0.5,125,41.7456061650881,2208.198066451482,4134.645566451463,4329.9072852014615,581,169470336,1866240000,2035710336,3392850.56,194.14046630859374,0.09107193991065314,0.9939824510436349,0.9939824510436349,0.09538380213980072,0.1020045312,4.0,39.21394425270394,1.810059264,1.1501568,1,INTERCONNECT
540p,10,4,median,raw_gather,0.6,125,41.7464824008067,2207.8963899074824,4134.343889907463,4329.605608657461,581,169470336,1866240000,2035710336,3392850.56,194.14046630859374,0.09107385150073515,0.9940033146268303,0.9940033146268303,0.08775508695105709,0.1020045312,4.8,47.05673310324473,1.810059264,1.1501568,1,INTERCONNECT
540p,10,4,median,raw_gather,0.7,125,41.74710830598411,2207.680906661768,4134.128406661748,4329.390125411746,581,169470336,1866240000,2035710336,3392850.56,194.14046630859374,0.09107521697135453,0.9940182177224974,0.9940182177224974,0.08230580859791374,0.1020045312,5.6,54.899521953785516,1.810059264,1.1501568,1,INTERCONNECT
540p,10,4,adversarial,owner_only,0.2,125,53.00095665840786,681.2603248508003,1231.2323120508972,1308.2978864509041,531,84313600,15000000,99313600,165522.66666666666,9.471282958984375,0.05752915688124831,0.01434920675468959,0.05752915688124831,0.991581584281851,0.37696389119999996,0.4,1.0611095899044032,6.7571712,3.9105331199999998,1,BURST_OR_PER_FRAME_LATENCY
540p,10,4,adversarial,owner_only,0.3,125,59.640738817739496,64.87564005078093,87.62218725078128,87.62218725078128,0,84313600,15000000,99313600,165522.66666666666,9.471282958984375,0.06473621678326816,0.01614682726981353,0.06473621678326816,0.8035479760822474,0.37696389119999996,0.6,1.5916643848566046,6.7571712,3.9105331199999998,1,NODE_QUEUE_HEADROOM_LOW
540p,10,4,adversarial,owner_only,0.4,125,59.817835081194964,53.61368805078018,71.91535845078033,71.91535845078135,0,84313600,15000000,99313600,165522.66666666666,9.471282958984375,0.0649284434781385,0.016194773402487768,0.0649284434781385,0.649342602890417,0.37696389119999996,0.8,2.1222191798088064,6.7571712,3.9105331199999998,1,HEADROOM
540p,10,4,adversarial,owner_only,0.5,125,59.924598572459026,46.85651685078119,62.4912611707814,62.4912611707814,0,84313600,15000000,99313600,165522.66666666666,9.471282958984375,0.06504432843617247,0.016223678001698574,0.06504432843617247,0.5563790152211735,0.37696389119999996,1.0,2.6527739747610077,6.7571712,3.9105331199999998,1,HEADROOM
540p,10,4,adversarial,owner_only,0.6,125,59.99598621062172,42.35173605077944,56.2085296507812,56.20852965078154,0,84313600,15000000,99313600,165522.66666666666,9.471282958984375,0.06512181516271805,0.016243005124156523,0.06512181516271805,0.494218712291186,0.37696389119999996,1.2,3.183328769713209,6.7571712,3.9105331199999998,1,HEADROOM
540p,10,4,adversarial,owner_only,0.7,125,60.04708160426645,39.13403547935195,51.72086427935392,51.72086427935392,0,84313600,15000000,99313600,165522.66666666666,9.471282958984375,0.06517727595252684,0.016256838428569228,0.06517727595252684,0.44972774398028975,0.37696389119999996,1.4,3.713883564665411,6.7571712,3.9105331199999998,1,HEADROOM
540p,10,4,adversarial,finishing_owner,0.2,125,59.87867603609203,65.63211196484326,76.72045669140607,76.72045669140653,0,336411264,567960000,904371264,1507285.44,86.24756469726563,0.2593120173401248,0.4372331860488628,0.4372331860488628,0.4014004776435619,0.37696389119999996,1.6,4.244438359617613,6.7571712,3.9105331199999998,1,HEADROOM
540p,10,4,adversarial,finishing_owner,0.3,125,59.9123443159604,49.45426096484334,71.0894806914057,71.0894806914065,0,335568128,566577600,902145728,1503576.2133333334,86.03532104492187,0.2588075117207569,0.43642588464140525,0.43642588464140525,0.29022920350503195,0.37696389119999996,2.4,6.366657539426418,6.7571712,3.9105331199999998,1,HEADROOM
540p,10,4,adversarial,finishing_owner,0.4,125,59.99239121296951,46.638772964843156,68.27399269140551,68.27399269140653,0,334724992,565195200,899920192,1499866.9866666666,85.82307739257813,0.2585101157123789,0.4359544250455665,0.4359544250455665,0.2359519214463795,0.37696389119999996,3.2,8.488876719235225,6.7571712,3.9105331199999998,1,HEADROOM
540p,10,4,adversarial,finishing_owner,0.5,125,60.00252611110261,44.94948016484341,66.58469989140576,66.58469989140656,0,334724992,565195200,899920192,1499866.9866666666,85.82307739257813,0.25855378747868374,0.43602807361331275,0.43602807361331275,0.20193780002937886,0.37696389119999996,4.0,10.611095899044031,6.7571712,3.9105331199999998,1,HEADROOM
540p,10,4,adversarial,finishing_owner,0.6,125,60.00928461246465,43.82328496484297,54.91162969140578,54.911629691406574,0,252940800,431102400,684043200,1140072.0,65.23544311523438,0.1954007479504092,0.3337566679947811,0.3337566679947811,0.22702755185183424,0.37696389119999996,4.8,12.733315078852836,6.7571712,3.9105331199999998,1,HEADROOM
540p,10,4,adversarial,finishing_owner,0.7,125,60.01411304566391,32.4719848219861,54.10720454854891,54.10720454854936,0,252940800,431102400,684043200,1140072.0,65.23544311523438,0.19541647017513925,0.33378352253548477,0.33378352253548477,0.20634360497539792,0.37696389119999996,5.6,14.855534258661644,6.7571712,3.9105331199999998,1,HEADROOM
540p,10,4,adversarial,independent_au,0.2,125,60.11631183689996,45.313739764843376,47.50892592968739,53.20933852734376,0,336411264,45000000,381411264,635685.44,36.374212646484374,0.2603411285860481,0.039208134504504194,0.2603411285860481,0.40299348420723435,0.37696389119999996,1.6,4.244438359617613,6.7571712,3.9105331199999998,1,HEADROOM
540p,10,4,adversarial,independent_au,0.3,125,60.21823526757986,36.21096577734352,41.22574533984334,47.578362527343785,0,335568128,45000000,380568128,634280.2133333334,36.29380493164062,0.2601288900936181,0.03927460943380624,0.2601288900936181,0.29171100977152886,0.37696389119999996,2.4,6.366657539426418,6.7571712,3.9105331199999998,1,HEADROOM
540p,10,4,adversarial,independent_au,0.4,125,60.27730478964547,31.89764015234323,37.09260696484307,42.287573777342914,0,334724992,45000000,379724992,632874.9866666667,36.21339721679688,0.2597378220962279,0.03931313484721732,0.2597378220962279,0.23707249531422558,0.37696389119999996,3.2,8.488876719235225,6.7571712,3.9105331199999998,1,HEADROOM
540p,10,4,adversarial,independent_au,0.5,125,60.31825123814582,30.20834735234348,33.714021364843575,37.21969537734367,0,334724992,45000000,379724992,632874.9866666667,36.21339721679688,0.2599142623234938,0.039339840308867044,0.2599142623234938,0.20300036925273204,0.37696389119999996,4.0,10.611095899044031,6.7571712,3.9105331199999998,1,HEADROOM
540p,10,4,adversarial,independent_au,0.6,125,60.33493815464914,29.082152152343042,31.461630964843607,33.841109777343746,0,252940800,45000000,297940800,496568.0,28.413848876953125,0.19646113295793735,0.03935072359240085,0.19646113295793735,0.2282595666460693,0.37696389119999996,4.8,12.733315078852836,6.7571712,3.9105331199999998,1,HEADROOM
540p,10,4,adversarial,independent_au,0.7,125,60.344700909692655,27.83932143448601,29.852780679129864,31.77403587254466,0,252940800,45000000,297940800,496568.0,28.413848876953125,0.19649292219938358,0.039357090906049746,0.19649292219938358,0.20748024914396043,0.37696389119999996,5.6,14.855534258661644,6.7571712,3.9105331199999998,1,HEADROOM
540p,10,4,adversarial,raw_gather,0.2,125,41.69812139424321,2224.5654151874824,4151.012915187463,4346.274633937461,583,336411264,1866240000,2202651264,3671085.44,210.06119384765626,0.18057887538323603,0.9928518163913318,0.9928518163913318,0.27952598408154167,0.37696389119999996,1.6,4.244438359617613,6.7571712,3.9105331199999998,1,INTERCONNECT
540p,10,4,adversarial,raw_gather,0.3,125,41.71444572526073,2218.934439187482,4145.381939187462,4340.64365793746,582,335568128,1866240000,2201808128,3669680.2133333334,209.9807861328125,0.18019678622539365,0.9932405063648891,0.9932405063648891,0.20207438877118217,0.37696389119999996,2.4,6.366657539426418,6.7571712,3.9105331199999998,1,INTERCONNECT
540p,10,4,adversarial,raw_gather,0.4,125,41.722612684797625,2216.1189511874827,4142.566451187464,4337.828169937462,582,334724992,1866240000,2200964992,3668274.986666667,209.90037841796874,0.17978475628152796,0.9934349654997247,0.9934349654997247,0.16409632007821745,0.37696389119999996,3.2,8.488876719235225,6.7571712,3.9105331199999998,1,INTERCONNECT
540p,10,4,adversarial,raw_gather,0.5,125,41.72751439569014,2214.429658387482,4140.877158387462,4336.13887713746,582,334724992,1866240000,2200964992,3668274.986666667,209.90037841796874,0.17980587799087133,0.9935516775337526,0.9935516775337526,0.1404334617872151,0.37696389119999996,4.0,10.611095899044031,6.7571712,3.9105331199999998,1,INTERCONNECT
540p,10,4,adversarial,raw_gather,0.6,125,41.730782842856655,2213.3034631874825,4139.750963187464,4335.012681937462,582,252940800,1866240000,2119180800,3531968.0,202.100830078125,0.1358827426907296,0.9936295007928719,0.9936295007928719,0.1578761941065767,0.37696389119999996,4.8,12.733315078852836,6.7571712,3.9105331199999998,1,INTERCONNECT
540p,10,4,adversarial,raw_gather,0.7,125,41.733117761477295,2212.499038044625,4138.946538044605,4334.208256794604,582,252940800,1866240000,2119180800,3531968.0,202.100830078125,0.13589034559497723,0.9936850962997225,0.9936850962997225,0.1434889483281002,0.37696389119999996,5.6,14.855534258661644,6.7571712,3.9105331199999998,1,INTERCONNECT
540p,10,8,optimistic,owner_only,0.2,125,60.41043383226487,16.237094130778132,20.241937650782347,20.241937650782347,0,84313600,15000000,99313600,165522.66666666666,9.471282958984375,0.06557167161338999,0.016355210544339322,0.06557167161338999,0.13550649914411209,0.0233985024,0.4,17.095111181132687,0.410462208,0.2875392,1,HEADROOM
540p,10,8,optimistic,owner_only,0.3,125,60.432704321939454,14.868886770778772,18.292062450782396,18.292062450782396,0,84313600,15000000,99313600,165522.66666666666,9.471282958984375,0.06559584480902812,0.01636123994231658,0.06559584480902812,0.11591708212167162,0.0233985024,0.6,25.642666771699027,0.410462208,0.2875392,1,HEADROOM
540p,10,8,optimistic,owner_only,0.4,125,60.443845725474596,14.184783090780911,17.31712485078333,17.31712485078333,0,84313600,15000000,99313600,165522.66666666666,9.471282958984375,0.06560793809172076,0.016364256308679423,0.06560793809172076,0.10611695633839885,0.0233985024,0.8,34.190222362265374,0.410462208,0.2875392,1,HEADROOM
540p,10,8,optimistic,owner_only,0.5,125,60.450532539687266,13.774320882777829,16.732162290781616,16.732162290781616,0,84313600,15000000,99313600,165522.66666666666,9.471282958984375,0.06561519620191593,0.016366066662411076,0.06561519620191593,0.10023514619071457,0.0233985024,1.0,42.73777795283171,0.410462208,0.2875392,1,HEADROOM
540p,10,8,optimistic,owner_only,0.6,125,60.45499123783677,13.500679410779412,16.34218725078108,16.342187250781535,0,84313600,15000000,99313600,165522.66666666666,9.471282958984375,0.065620035834283,0.016367273787445,0.065620035834283,0.0963132163766549,0.0233985024,1.2,51.28533354339805,0.410462208,0.2875392,1,HEADROOM
540p,10,8,optimistic,owner_only,0.7,125,60.45817642494083,13.305221216494829,16.063633650780503,16.06363365078164,0,84313600,15000000,99313600,165522.66666666666,9.471282958984375,0.06562349315166287,0.01636813612864014,0.06562349315166287,0.09351148370765429,0.0233985024,1.4,59.8328891339644,0.410462208,0.2875392,1,HEADROOM
540p,10,8,optimistic,finishing_owner,0.2,125,60.17879768435491,25.890354533203116,37.29462448484355,37.29462448484401,0,168627200,291480000,460107200,766845.3333333334,43.879241943359375,0.13064049070740497,0.2278585841725622,0.2278585841725622,0.0947467207519853,0.0233985024,3.2,136.7608894490615,0.410462208,0.2875392,1,HEADROOM
540p,10,8,optimistic,finishing_owner,0.3,125,60.24623079082372,14.868886770778772,26.134962781562535,26.13496278156265,0,167784064,156004800,323788864,539648.1066666667,30.878912353515624,0.13013294497991937,0.12433036416959925,0.13013294497991937,0.09491889014008639,0.0233985024,4.8,205.1413341735922,0.410462208,0.2875392,1,HEADROOM
540p,10,8,optimistic,finishing_owner,0.4,125,60.24726540376245,14.184783090780911,25.963936861562615,25.963936861562615,0,167784064,156004800,323788864,539648.1066666667,30.878912353515624,0.1301351797625251,0.12433249930405926,0.1301351797625251,0.08687747671206633,0.0233985024,6.4,273.521778898123,0.410462208,0.2875392,1,HEADROOM
540p,10,8,optimistic,finishing_owner,0.5,125,60.31211850472062,13.774320882777829,25.802029946062703,25.802029946062703,0,167784064,154622400,322406464,537344.1066666667,30.747076416015624,0.13027526363014613,0.12340616292474835,0.13027526363014613,0.0823156584246211,0.0233985024,8.0,341.9022236226537,0.410462208,0.2875392,1,HEADROOM
540p,10,8,optimistic,finishing_owner,0.6,125,60.313815190608835,13.500679410779412,25.522176078281063,25.522176078281404,0,167784064,154622400,322406464,537344.1066666667,30.747076416015624,0.13027892850226247,0.12340963455698983,0.13027892850226247,0.07909032612733222,0.0233985024,9.6,410.2826683471844,0.410462208,0.2875392,1,HEADROOM
540p,10,8,optimistic,finishing_owner,0.7,125,60.31411145426335,13.305221216494829,25.473311529709463,25.473311529709918,0,167784064,154622400,322406464,537344.1066666667,30.747076416015624,0.13027956843709895,0.12341024074960456,0.13027956843709895,0.07678524045349751,0.0233985024,11.2,478.6631130717152,0.410462208,0.2875392,1,HEADROOM
540p,10,8,optimistic,independent_au,0.2,125,60.46904670623531,15.726161960428726,17.367569960430046,17.367569960430046,0,168627200,20250000,188877200,314795.3333333333,18.012733459472656,0.13127058429692276,0.02040782346745182,0.13127058429692276,0.09520369470432115,0.0233985024,3.2,136.7608894490615,0.410462208,0.2875392,1,HEADROOM
540p,10,8,optimistic,independent_au,0.3,125,60.475041970316454,14.93564397292721,16.337435972930507,16.337435972930507,0,167784064,20250000,188034064,313390.1066666667,17.932325744628905,0.13062718125397113,0.02040984682150936,0.13062718125397113,0.0952793857748175,0.0233985024,4.8,205.1413341735922,0.410462208,0.2875392,1,HEADROOM
540p,10,8,optimistic,independent_au,0.4,125,60.479212132826426,14.251540292929349,15.55057626585949,15.55057626585949,0,167784064,20250000,188034064,313390.1066666667,17.932325744628905,0.1306361888801968,0.020411254218268025,0.1306361888801968,0.08721194743729592,0.0233985024,6.4,273.521778898123,0.410462208,0.2875392,1,HEADROOM
540p,10,8,optimistic,independent_au,0.5,125,60.48207599197662,13.841078084926266,15.388669350359578,15.388669350359578,0,167784064,20250000,188034064,313390.1066666667,17.932325744628905,0.13064237486760763,0.020412220748007727,0.13064237486760763,0.08254762113484454,0.0233985024,8.0,341.9022236226537,0.410462208,0.2875392,1,HEADROOM
540p,10,8,optimistic,independent_au,0.6,125,60.485287932358176,13.56743661292785,15.067104678359101,15.06710467835967,0,167784064,20250000,188034064,313390.1066666667,17.932325744628905,0.13064931271675545,0.020413304752401135,0.13064931271675545,0.07931518066561741,0.0233985024,9.6,410.2826683471844,0.410462208,0.2875392,1,HEADROOM
540p,10,8,optimistic,independent_au,0.7,125,60.487582384359705,13.371978418643266,14.9931937318579,14.993193731858355,0,167784064,20250000,188034064,313390.1066666667,17.932325744628905,0.13065426877445654,0.02041407911174616,0.13065426877445654,0.0770060844112045,0.0233985024,11.2,478.6631130717152,0.410462208,0.2875392,1,HEADROOM
540p,10,8,optimistic,raw_gather,0.2,125,41.74974043367215,2206.774802707482,4133.222302707463,4328.4840214574615,580,168627200,1866240000,2034867200,3391445.3333333335,194.06005859375,0.09063335904066562,0.9940808899165594,0.9940808899165594,0.06573163889190464,0.0233985024,3.2,136.7608894490615,0.410462208,0.2875392,1,INTERCONNECT
540p,10,8,optimistic,raw_gather,0.3,125,41.75073414119304,2206.4327508674824,4132.8802508674635,4328.141969617462,580,167784064,1866240000,2034024064,3390040.1066666665,193.97965087890626,0.09018233867162782,0.9941045505584324,0.9941045505584324,0.0657789424366688,0.0233985024,4.8,205.1413341735922,0.410462208,0.2875392,1,INTERCONNECT
540p,10,8,optimistic,raw_gather,0.4,125,41.75123101269253,2206.2617249474824,4132.709224947463,4327.970943697461,580,167784064,1866240000,2034024064,3390040.1066666665,193.97965087890626,0.0901834119230272,0.9941163813017435,0.9941163813017435,0.060205912678300166,0.0233985024,6.4,273.521778898123,0.410462208,0.2875392,1,INTERCONNECT
540p,10,8,optimistic,raw_gather,0.5,125,41.75152914126894,2206.159109395482,4132.606609395463,4327.868328145461,581,167784064,1866240000,2034024064,3390040.1066666665,193.97965087890626,0.09018405588612867,0.9941234798828957,0.9941234798828957,0.0569836493345746,0.0233985024,8.0,341.9022236226537,0.410462208,0.2875392,1,INTERCONNECT
540p,10,8,optimistic,raw_gather,0.6,125,41.75172789601858,2206.0906990274825,4132.538199027464,4327.799917777462,581,167784064,1866240000,2034024064,3390040.1066666665,193.97965087890626,0.0901844851999722,0.9941282123266509,0.9941282123266509,0.054749608613548724,0.0233985024,9.6,410.2826683471844,0.410462208,0.2875392,1,INTERCONNECT
540p,10,8,optimistic,raw_gather,0.7,125,41.75186986485546,2206.0418344789105,4132.489334478891,4327.751053228889,581,167784064,1866240000,2034024064,3390040.1066666665,193.97965087890626,0.09018479185522012,0.994131592671205,0.994131592671205,0.053153852218931257,0.0233985024,11.2,478.6631130717152,0.410462208,0.2875392,1,INTERCONNECT
540p,10,8,median,owner_only,0.2,125,60.14509604063504,32.790504690779926,43.36672485078125,43.36672485078179,0,84313600,15000000,99313600,165522.66666666666,9.471282958984375,0.06528366436967971,0.01628337435359907,0.06528366436967971,0.366718411757728,0.1020045312,0.4,3.9213944252703943,1.810059264,1.1501568,1,HEADROOM
540p,10,8,median,owner_only,0.3,125,60.24197167184898,26.75697381078112,34.86634725078147,34.86634725078147,0,84313600,15000000,99313600,165522.66666666666,9.471282958984375,0.06538881668649534,0.01630960196437106,0.06538881668649534,0.28196250021651365,0.1020045312,0.6,5.882091637905591,1.810059264,1.1501568,1,HEADROOM
540p,10,8,median,owner_only,0.4,125,60.290526609874235,23.740208370780238,30.616158450782677,30.616158450782677,0,84313600,15000000,99313600,165522.66666666666,9.471282958984375,0.06544151997381556,0.016322747478878956,0.06544151997381556,0.23948207474119537,0.1020045312,0.8,7.842788850540789,1.810059264,1.1501568,1,HEADROOM
540p,10,8,median,owner_only,0.5,125,60.31969716066529,21.930149106778117,28.066045170781763,28.066045170781763,0,84313600,15000000,99313600,165522.66666666666,9.471282958984375,0.06547318274555734,0.016330644963959213,0.06547318274555734,0.21396093396029528,0.1020045312,1.0,9.803486063175985,1.810059264,1.1501568,1,HEADROOM
540p,10,8,median,owner_only,0.6,125,60.33915988144938,20.723442930780948,26.365969650782972,26.36596965078388,0,84313600,15000000,99313600,165522.66666666666,9.471282958984375,0.06549430828720634,0.016335914201009778,0.06549430828720634,0.1969331157106129,0.1020045312,1.2,11.764183275811183,1.810059264,1.1501568,1,HEADROOM
540p,10,8,median,owner_only,0.7,125,60.35306951622821,19.861509947923878,25.15162999363929,25.15162999363929,0,84313600,15000000,99313600,165522.66666666666,9.471282958984375,0.06550940630829508,0.016339680024079914,0.06550940630829508,0.18476365926310895,0.1020045312,1.4,13.724880488446379,1.810059264,1.1501568,1,HEADROOM
540p,10,8,median,finishing_owner,0.2,125,60.02369935445213,41.42214809734287,52.510492823906134,52.51049282390659,0,252940800,431102400,684043200,1140072.0,65.23544311523438,0.19544768487665412,0.3338368391930684,0.3338368391930684,0.19423742176749392,0.1020045312,3.2,31.371155402163154,1.810059264,1.1501568,1,HEADROOM
540p,10,8,median,finishing_owner,0.3,125,60.09773993780563,29.10698454156227,50.742204268124624,50.74220426812519,0,252097664,428337600,680435264,1134058.7733333334,64.89136352539063,0.19503645136902187,0.33213582327399893,0.33213582327399893,0.15035829515943622,0.1020045312,4.8,47.05673310324473,1.810059264,1.1501568,1,HEADROOM
540p,10,8,median,finishing_owner,0.4,125,60.1022801838763,28.352793181561992,39.4411379081248,39.441137908125256,0,169470336,292862400,462332736,770554.56,44.091485595703126,0.13111873924534903,0.22862534677376858,0.22862534677376858,0.15338087978428974,0.1020045312,6.4,62.74231080432631,1.810059264,1.1501568,1,HEADROOM
540p,10,8,median,finishing_owner,0.5,125,60.168574762769666,27.900278365561462,38.988623092124726,38.988623092125295,0,169470336,291480000,460950336,768250.56,43.959649658203126,0.13126336706274142,0.22781987651258637,0.22781987651258637,0.137478119433931,0.1020045312,8.0,78.42788850540788,1.810059264,1.1501568,1,HEADROOM
540p,10,8,median,finishing_owner,0.6,125,60.170395062400615,27.46323438992181,38.68694654812498,38.686946548125206,0,169470336,291480000,460950336,768250.56,43.959649658203126,0.13126733821644687,0.22782676882204814,0.22782676882204814,0.12648390827003878,0.1020045312,9.6,94.11346620648946,1.810059264,1.1501568,1,HEADROOM
540p,10,8,median,finishing_owner,0.7,125,60.17169534385699,27.247751144207484,38.471463302410484,38.47146330241094,0,169470336,291480000,460950336,768250.56,43.959649658203126,0.13127017490192208,0.2278316921555655,0.2278316921555655,0.11863049300766952,0.1020045312,11.2,109.79904390757103,1.810059264,1.1501568,1,HEADROOM
540p,10,8,median,independent_au,0.2,125,60.3801584126202,24.035606316405392,26.864627175312762,30.468223503906245,0,252940800,27000000,279940800,466568.0,26.697235107421875,0.1966083780432124,0.025560294940526338,0.1966083780432124,0.19539092761883062,0.1020045312,3.2,31.371155402163154,1.810059264,1.1501568,1,HEADROOM
540p,10,8,median,independent_au,0.3,125,60.41138359738643,21.916156261406172,23.500465070312202,26.90956170140626,0,252097664,27000000,279097664,465162.7733333333,26.616827392578124,0.19605432569212183,0.025573513271732812,0.19605432569212183,0.1511429989767668,0.1020045312,4.8,47.05673310324473,1.810059264,1.1501568,1,HEADROOM
540p,10,8,median,independent_au,0.4,125,60.4204939294231,19.653582181405454,22.350308042812685,24.200388396406197,0,169470336,27000000,196470336,327450.56,18.736871337890626,0.13181295226021283,0.025577369882579578,0.13181295226021283,0.1541929605256876,0.1020045312,6.4,62.74231080432631,1.810059264,1.1501568,1,HEADROOM
540p,10,8,median,independent_au,0.5,125,60.43380209234855,18.296037733403864,21.068557287312615,23.66787358040625,0,169470336,27000000,196470336,327450.56,18.736871337890626,0.13184198526094287,0.02558300353075861,0.13184198526094287,0.13808413269977207,0.1020045312,8.0,78.42788850540788,1.810059264,1.1501568,1,HEADROOM
540p,10,8,median,independent_au,0.6,125,60.44157478054568,17.391008101405987,20.418602568906863,23.033534821406263,0,169470336,27000000,196470336,327450.56,18.736871337890626,0.13185894210640425,0.025586293886531473,0.13185894210640425,0.1270539538972776,0.1020045312,9.6,94.11346620648946,1.810059264,1.1501568,1,HEADROOM
540p,10,8,median,independent_au,0.7,125,60.44426380814838,17.141419357097902,19.987636077477873,22.034678409977644,0,169470336,27000000,196470336,327450.56,18.736871337890626,0.13186480847134055,0.02558743221310158,0.13186480847134055,0.11916787077494781,0.1020045312,11.2,109.79904390757103,1.810059264,1.1501568,1,HEADROOM
540p,10,8,median,raw_gather,0.2,125,41.737721698561614,2210.9131553474826,4137.360655347464,4332.622374097462,581,252940800,1866240000,2119180800,3531968.0,202.100830078125,0.13590533682101172,0.9937947181997957,0.9937947181997957,0.13506377548148363,0.1020045312,3.2,31.371155402163154,1.810059264,1.1501568,1,INTERCONNECT
540p,10,8,median,raw_gather,0.3,125,41.742101590016944,2209.404772627482,4135.852272627462,4331.1139913774605,581,252097664,1866240000,2118337664,3530562.7733333334,202.02042236328126,0.13546651463478268,0.9938990054684211,0.9938990054684211,0.10443439699965708,0.1020045312,4.8,47.05673310324473,1.810059264,1.1501568,1,INTERCONNECT
540p,10,8,median,raw_gather,0.4,125,41.74429188047693,2208.6505812674823,4135.0980812674625,4330.359800017461,580,169470336,1866240000,2035710336,3392850.56,194.14046630859374,0.09106907267598752,0.9939511573109719,0.9939511573109719,0.10653133616580181,0.1020045312,6.4,62.74231080432631,1.810059264,1.1501568,1,INTERCONNECT
540p,10,8,median,raw_gather,0.5,125,41.7456061650881,2208.198066451482,4134.645566451463,4329.9072852014615,581,169470336,1866240000,2035710336,3392850.56,194.14046630859374,0.09107193991065314,0.9939824510436349,0.9939824510436349,0.09538380213980072,0.1020045312,8.0,78.42788850540788,1.810059264,1.1501568,1,INTERCONNECT
540p,10,8,median,raw_gather,0.6,125,41.7464824008067,2207.8963899074824,4134.343889907463,4329.605608657461,581,169470336,1866240000,2035710336,3392850.56,194.14046630859374,0.09107385150073515,0.9940033146268303,0.9940033146268303,0.08775508695105709,0.1020045312,9.6,94.11346620648946,1.810059264,1.1501568,1,INTERCONNECT
540p,10,8,median,raw_gather,0.7,125,41.74710830598411,2207.680906661768,4134.128406661748,4329.390125411746,581,169470336,1866240000,2035710336,3392850.56,194.14046630859374,0.09107521697135453,0.9940182177224974,0.9940182177224974,0.08230580859791374,0.1020045312,11.2,109.79904390757103,1.810059264,1.1501568,1,INTERCONNECT
540p,10,8,adversarial,owner_only,0.2,125,53.00095665840786,681.2603248508003,1231.2323120508972,1308.2978864509041,531,84313600,15000000,99313600,165522.66666666666,9.471282958984375,0.05752915688124831,0.01434920675468959,0.05752915688124831,0.991581584281851,0.37696389119999996,0.4,1.0611095899044032,6.7571712,3.9105331199999998,1,BURST_OR_PER_FRAME_LATENCY
540p,10,8,adversarial,owner_only,0.3,125,59.640738817739496,64.87564005078093,87.62218725078128,87.62218725078128,0,84313600,15000000,99313600,165522.66666666666,9.471282958984375,0.06473621678326816,0.01614682726981353,0.06473621678326816,0.8035479760822474,0.37696389119999996,0.6,1.5916643848566046,6.7571712,3.9105331199999998,1,NODE_QUEUE_HEADROOM_LOW
540p,10,8,adversarial,owner_only,0.4,125,59.817835081194964,53.61368805078018,71.91535845078033,71.91535845078135,0,84313600,15000000,99313600,165522.66666666666,9.471282958984375,0.0649284434781385,0.016194773402487768,0.0649284434781385,0.649342602890417,0.37696389119999996,0.8,2.1222191798088064,6.7571712,3.9105331199999998,1,HEADROOM
540p,10,8,adversarial,owner_only,0.5,125,59.924598572459026,46.85651685078119,62.4912611707814,62.4912611707814,0,84313600,15000000,99313600,165522.66666666666,9.471282958984375,0.06504432843617247,0.016223678001698574,0.06504432843617247,0.5563790152211735,0.37696389119999996,1.0,2.6527739747610077,6.7571712,3.9105331199999998,1,HEADROOM
540p,10,8,adversarial,owner_only,0.6,125,59.99598621062172,42.35173605077944,56.2085296507812,56.20852965078154,0,84313600,15000000,99313600,165522.66666666666,9.471282958984375,0.06512181516271805,0.016243005124156523,0.06512181516271805,0.494218712291186,0.37696389119999996,1.2,3.183328769713209,6.7571712,3.9105331199999998,1,HEADROOM
540p,10,8,adversarial,owner_only,0.7,125,60.04708160426645,39.13403547935195,51.72086427935392,51.72086427935392,0,84313600,15000000,99313600,165522.66666666666,9.471282958984375,0.06517727595252684,0.016256838428569228,0.06517727595252684,0.44972774398028975,0.37696389119999996,1.4,3.713883564665411,6.7571712,3.9105331199999998,1,HEADROOM
540p,10,8,adversarial,finishing_owner,0.2,125,59.81571671322789,65.63211196484326,76.72045669140607,76.72045669140653,0,420724864,569342400,990067264,1650112.1066666667,94.42017211914063,0.3239655083252914,0.4378249061716561,0.4378249061716561,0.3989692111461465,0.37696389119999996,3.2,8.488876719235225,6.7571712,3.9105331199999998,1,HEADROOM
540p,10,8,adversarial,finishing_owner,0.3,125,59.9123443159604,49.45426096484334,71.0894806914057,71.0894806914065,0,337254400,566577600,903832000,1506386.6666666667,86.19613647460938,0.2601081322652087,0.43642588464140525,0.43642588464140525,0.29022920350503195,0.37696389119999996,4.8,12.733315078852836,6.7571712,3.9105331199999998,1,HEADROOM
540p,10,8,adversarial,finishing_owner,0.4,125,59.92919265801024,46.638772964843156,68.27399269140551,68.27399269140653,0,335568128,566577600,902145728,1503576.2133333334,86.03532104492187,0.2588882832322231,0.4365486148177619,0.4365486148177619,0.23453398282239396,0.37696389119999996,6.4,16.97775343847045,6.7571712,3.9105331199999998,1,HEADROOM
540p,10,8,adversarial,finishing_owner,0.5,125,59.93930621251885,44.94948016484341,66.58469989140576,66.58469989140656,0,335568128,566577600,902145728,1503576.2133333334,86.03532104492187,0.2589319728039992,0.4366222860623725,0.4366222860623725,0.2007242184933079,0.37696389119999996,8.0,21.222191798088062,6.7571712,3.9105331199999998,1,HEADROOM
540p,10,8,adversarial,finishing_owner,0.6,125,60.00928461246465,43.82328496484297,54.91162969140578,54.911629691406574,0,253783936,431102400,684886336,1141477.2266666666,65.31585083007812,0.19605211044770374,0.3337566679947811,0.3337566679947811,0.22702755185183424,0.37696389119999996,9.6,25.466630157705673,6.7571712,3.9105331199999998,1,HEADROOM
540p,10,8,adversarial,finishing_owner,0.7,125,60.01411304566391,32.4719848219861,54.10720454854891,54.10720454854936,0,253783936,431102400,684886336,1141477.2266666666,65.31585083007812,0.1960678850819955,0.33378352253548477,0.33378352253548477,0.20634360497539792,0.37696389119999996,11.2,29.711068517323287,6.7571712,3.9105331199999998,1,HEADROOM
540p,10,8,adversarial,independent_au,0.2,125,60.20231244218863,44.69754332734328,47.50892592968739,53.20933852734376,0,420724864,45000000,465724864,776208.1066666667,44.414984130859374,0.3260593339739851,0.03926422449400281,0.3260593339739851,0.401547794192395,0.37696389119999996,3.2,8.488876719235225,6.7571712,3.9105331199999998,1,HEADROOM
540p,10,8,adversarial,independent_au,0.3,125,60.275755676916646,36.21096577734352,41.22574533984334,47.578362527343785,0,337254400,45000000,382254400,637090.6666666666,36.454620361328125,0.26168587473917665,0.03931212450878539,0.26168587473917665,0.2919896518907399,0.37696389119999996,4.8,12.733315078852836,6.7571712,3.9105331199999998,1,HEADROOM
540p,10,8,adversarial,independent_au,0.4,125,60.30877980089492,31.89764015234323,37.09260696484307,42.287573777342914,0,335568128,45000000,380568128,634280.2133333334,36.29380493164062,0.26052806276870427,0.03933366299401959,0.26052806276870427,0.2360195039933023,0.37696389119999996,6.4,16.97775343847045,6.7571712,3.9105331199999998,1,HEADROOM
540p,10,8,adversarial,independent_au,0.5,125,60.338585226471686,30.20834735234348,33.714021364843575,37.21969537734367,0,335568128,45000000,380568128,634280.2133333334,36.29380493164062,0.2606568193081526,0.03935310222938301,0.2606568193081526,0.20206132052369014,0.37696389119999996,8.0,21.222191798088062,6.7571712,3.9105331199999998,1,HEADROOM
540p,10,8,adversarial,independent_au,0.6,125,60.34937832325835,29.082152152343042,31.461630964843607,33.841109777343746,0,253783936,45000000,298783936,497973.2266666667,28.494256591796876,0.19716320667525727,0.039360141536645896,0.19716320667525727,0.22831419679453469,0.37696389119999996,9.6,25.466630157705673,6.7571712,3.9105331199999998,1,HEADROOM
540p,10,8,adversarial,independent_au,0.7,125,60.35426164262479,27.83932143448601,29.852780679129864,31.77403587254466,0,253783936,45000000,298783936,497973.2266666667,28.494256591796876,0.19717916062428306,0.03936332645995037,0.19717916062428306,0.20751312134683586,0.37696389119999996,11.2,29.711068517323287,6.7571712,3.9105331199999998,1,HEADROOM
540p,10,8,adversarial,raw_gather,0.2,125,41.69812139424321,2224.5654151874824,4151.012915187463,4346.274633937461,583,420724864,1866240000,2286964864,3811608.1066666665,218.10196533203126,0.22583952572967048,0.9928518163913318,0.9928518163913318,0.27812534084805934,0.37696389119999996,3.2,8.488876719235225,6.7571712,3.9105331199999998,1,INTERCONNECT
540p,10,8,adversarial,raw_gather,0.3,125,41.71444572526073,2218.934439187482,4145.381939187462,4340.64365793746,582,337254400,1866240000,2203494400,3672490.6666666665,210.1416015625,0.1811023536127182,0.9932405063648891,0.9932405063648891,0.20207438877118217,0.37696389119999996,4.8,12.733315078852836,6.7571712,3.9105331199999998,1,INTERCONNECT
540p,10,8,adversarial,raw_gather,0.4,125,41.722612684797625,2216.1189511874827,4142.566451187464,4337.828169937462,582,335568128,1866240000,2201808128,3669680.2133333334,209.9807861328125,0.1802376286223253,0.9934349654997247,0.9934349654997247,0.16328220175703959,0.37696389119999996,6.4,16.97775343847045,6.7571712,3.9105331199999998,1,INTERCONNECT
540p,10,8,adversarial,raw_gather,0.5,125,41.72751439569014,2214.429658387482,4140.877158387462,4336.13887713746,582,335568128,1866240000,2201808128,3669680.2133333334,209.9807861328125,0.18025880353661303,0.9935516775337526,0.9935516775337526,0.13973673113676807,0.37696389119999996,8.0,21.222191798088062,6.7571712,3.9105331199999998,1,INTERCONNECT
540p,10,8,adversarial,raw_gather,0.6,125,41.730782842856655,2213.3034631874825,4139.750963187464,4335.012681937462,582,253783936,1866240000,2120023936,3533373.2266666666,202.18123779296874,0.13633570371338,0.9936295007928719,0.9936295007928719,0.1578761941065767,0.37696389119999996,9.6,25.466630157705673,6.7571712,3.9105331199999998,1,INTERCONNECT
540p,10,8,adversarial,raw_gather,0.7,125,41.733117761477295,2212.499038044625,4138.946538044605,4334.208256794604,582,253783936,1866240000,2120023936,3533373.2266666666,202.18123779296874,0.1363433319616795,0.9936850962997225,0.9936850962997225,0.1434889483281002,0.37696389119999996,11.2,29.711068517323287,6.7571712,3.9105331199999998,1,INTERCONNECT
540p,10,16,optimistic,owner_only,0.2,125,60.41043383226487,16.237094130778132,20.241937650782347,20.241937650782347,0,84313600,15000000,99313600,165522.66666666666,9.471282958984375,0.06557167161338999,0.016355210544339322,0.06557167161338999,0.13550649914411209,0.0233985024,0.4,17.095111181132687,0.410462208,0.2875392,1,HEADROOM
540p,10,16,optimistic,owner_only,0.3,125,60.432704321939454,14.868886770778772,18.292062450782396,18.292062450782396,0,84313600,15000000,99313600,165522.66666666666,9.471282958984375,0.06559584480902812,0.01636123994231658,0.06559584480902812,0.11591708212167162,0.0233985024,0.6,25.642666771699027,0.410462208,0.2875392,1,HEADROOM
540p,10,16,optimistic,owner_only,0.4,125,60.443845725474596,14.184783090780911,17.31712485078333,17.31712485078333,0,84313600,15000000,99313600,165522.66666666666,9.471282958984375,0.06560793809172076,0.016364256308679423,0.06560793809172076,0.10611695633839885,0.0233985024,0.8,34.190222362265374,0.410462208,0.2875392,1,HEADROOM
540p,10,16,optimistic,owner_only,0.5,125,60.450532539687266,13.774320882777829,16.732162290781616,16.732162290781616,0,84313600,15000000,99313600,165522.66666666666,9.471282958984375,0.06561519620191593,0.016366066662411076,0.06561519620191593,0.10023514619071457,0.0233985024,1.0,42.73777795283171,0.410462208,0.2875392,1,HEADROOM
540p,10,16,optimistic,owner_only,0.6,125,60.45499123783677,13.500679410779412,16.34218725078108,16.342187250781535,0,84313600,15000000,99313600,165522.66666666666,9.471282958984375,0.065620035834283,0.016367273787445,0.065620035834283,0.0963132163766549,0.0233985024,1.2,51.28533354339805,0.410462208,0.2875392,1,HEADROOM
540p,10,16,optimistic,owner_only,0.7,125,60.45817642494083,13.305221216494829,16.063633650780503,16.06363365078164,0,84313600,15000000,99313600,165522.66666666666,9.471282958984375,0.06562349315166287,0.01636813612864014,0.06562349315166287,0.09351148370765429,0.0233985024,1.4,59.8328891339644,0.410462208,0.2875392,1,HEADROOM
540p,10,16,optimistic,finishing_owner,0.2,125,60.17879768435491,25.890354533203116,37.29462448484355,37.29462448484401,0,168627200,291480000,460107200,766845.3333333334,43.879241943359375,0.13064049070740497,0.2278585841725622,0.2278585841725622,0.0947467207519853,0.0233985024,6.4,273.521778898123,0.410462208,0.2875392,1,HEADROOM
540p,10,16,optimistic,finishing_owner,0.3,125,60.24623079082372,14.868886770778772,26.134962781562535,26.13496278156265,0,167784064,156004800,323788864,539648.1066666667,30.878912353515624,0.13013294497991937,0.12433036416959925,0.13013294497991937,0.09491889014008639,0.0233985024,9.6,410.2826683471844,0.410462208,0.2875392,1,HEADROOM
540p,10,16,optimistic,finishing_owner,0.4,125,60.24726540376245,14.184783090780911,25.963936861562615,25.963936861562615,0,167784064,156004800,323788864,539648.1066666667,30.878912353515624,0.1301351797625251,0.12433249930405926,0.1301351797625251,0.08687747671206633,0.0233985024,12.8,547.043557796246,0.410462208,0.2875392,1,HEADROOM
540p,10,16,optimistic,finishing_owner,0.5,125,60.31211850472062,13.774320882777829,25.802029946062703,25.802029946062703,0,167784064,154622400,322406464,537344.1066666667,30.747076416015624,0.13027526363014613,0.12340616292474835,0.13027526363014613,0.0823156584246211,0.0233985024,16.0,683.8044472453074,0.410462208,0.2875392,1,HEADROOM
540p,10,16,optimistic,finishing_owner,0.6,125,60.313815190608835,13.500679410779412,25.522176078281063,25.522176078281404,0,167784064,154622400,322406464,537344.1066666667,30.747076416015624,0.13027892850226247,0.12340963455698983,0.13027892850226247,0.07909032612733222,0.0233985024,19.2,820.5653366943689,0.410462208,0.2875392,1,HEADROOM
540p,10,16,optimistic,finishing_owner,0.7,125,60.31411145426335,13.305221216494829,25.473311529709463,25.473311529709918,0,167784064,154622400,322406464,537344.1066666667,30.747076416015624,0.13027956843709895,0.12341024074960456,0.13027956843709895,0.07678524045349751,0.0233985024,22.4,957.3262261434304,0.410462208,0.2875392,1,HEADROOM
540p,10,16,optimistic,independent_au,0.2,125,60.46904670623531,15.726161960428726,17.367569960430046,17.367569960430046,0,168627200,20250000,188877200,314795.3333333333,18.012733459472656,0.13127058429692276,0.02040782346745182,0.13127058429692276,0.09520369470432115,0.0233985024,6.4,273.521778898123,0.410462208,0.2875392,1,HEADROOM
540p,10,16,optimistic,independent_au,0.3,125,60.475041970316454,14.93564397292721,16.337435972930507,16.337435972930507,0,167784064,20250000,188034064,313390.1066666667,17.932325744628905,0.13062718125397113,0.02040984682150936,0.13062718125397113,0.0952793857748175,0.0233985024,9.6,410.2826683471844,0.410462208,0.2875392,1,HEADROOM
540p,10,16,optimistic,independent_au,0.4,125,60.479212132826426,14.251540292929349,15.55057626585949,15.55057626585949,0,167784064,20250000,188034064,313390.1066666667,17.932325744628905,0.1306361888801968,0.020411254218268025,0.1306361888801968,0.08721194743729592,0.0233985024,12.8,547.043557796246,0.410462208,0.2875392,1,HEADROOM
540p,10,16,optimistic,independent_au,0.5,125,60.48207599197662,13.841078084926266,15.388669350359578,15.388669350359578,0,167784064,20250000,188034064,313390.1066666667,17.932325744628905,0.13064237486760763,0.020412220748007727,0.13064237486760763,0.08254762113484454,0.0233985024,16.0,683.8044472453074,0.410462208,0.2875392,1,HEADROOM
540p,10,16,optimistic,independent_au,0.6,125,60.485287932358176,13.56743661292785,15.067104678359101,15.06710467835967,0,167784064,20250000,188034064,313390.1066666667,17.932325744628905,0.13064931271675545,0.020413304752401135,0.13064931271675545,0.07931518066561741,0.0233985024,19.2,820.5653366943689,0.410462208,0.2875392,1,HEADROOM
540p,10,16,optimistic,independent_au,0.7,125,60.487582384359705,13.371978418643266,14.9931937318579,14.993193731858355,0,167784064,20250000,188034064,313390.1066666667,17.932325744628905,0.13065426877445654,0.02041407911174616,0.13065426877445654,0.0770060844112045,0.0233985024,22.4,957.3262261434304,0.410462208,0.2875392,1,HEADROOM
540p,10,16,optimistic,raw_gather,0.2,125,41.74974043367215,2206.774802707482,4133.222302707463,4328.4840214574615,580,168627200,1866240000,2034867200,3391445.3333333335,194.06005859375,0.09063335904066562,0.9940808899165594,0.9940808899165594,0.06573163889190464,0.0233985024,6.4,273.521778898123,0.410462208,0.2875392,1,INTERCONNECT
540p,10,16,optimistic,raw_gather,0.3,125,41.75073414119304,2206.4327508674824,4132.8802508674635,4328.141969617462,580,167784064,1866240000,2034024064,3390040.1066666665,193.97965087890626,0.09018233867162782,0.9941045505584324,0.9941045505584324,0.0657789424366688,0.0233985024,9.6,410.2826683471844,0.410462208,0.2875392,1,INTERCONNECT
540p,10,16,optimistic,raw_gather,0.4,125,41.75123101269253,2206.2617249474824,4132.709224947463,4327.970943697461,580,167784064,1866240000,2034024064,3390040.1066666665,193.97965087890626,0.0901834119230272,0.9941163813017435,0.9941163813017435,0.060205912678300166,0.0233985024,12.8,547.043557796246,0.410462208,0.2875392,1,INTERCONNECT
540p,10,16,optimistic,raw_gather,0.5,125,41.75152914126894,2206.159109395482,4132.606609395463,4327.868328145461,581,167784064,1866240000,2034024064,3390040.1066666665,193.97965087890626,0.09018405588612867,0.9941234798828957,0.9941234798828957,0.0569836493345746,0.0233985024,16.0,683.8044472453074,0.410462208,0.2875392,1,INTERCONNECT
540p,10,16,optimistic,raw_gather,0.6,125,41.75172789601858,2206.0906990274825,4132.538199027464,4327.799917777462,581,167784064,1866240000,2034024064,3390040.1066666665,193.97965087890626,0.0901844851999722,0.9941282123266509,0.9941282123266509,0.054749608613548724,0.0233985024,19.2,820.5653366943689,0.410462208,0.2875392,1,INTERCONNECT
540p,10,16,optimistic,raw_gather,0.7,125,41.75186986485546,2206.0418344789105,4132.489334478891,4327.751053228889,581,167784064,1866240000,2034024064,3390040.1066666665,193.97965087890626,0.09018479185522012,0.994131592671205,0.994131592671205,0.053153852218931257,0.0233985024,22.4,957.3262261434304,0.410462208,0.2875392,1,INTERCONNECT
540p,10,16,median,owner_only,0.2,125,60.14509604063504,32.790504690779926,43.36672485078125,43.36672485078179,0,84313600,15000000,99313600,165522.66666666666,9.471282958984375,0.06528366436967971,0.01628337435359907,0.06528366436967971,0.366718411757728,0.1020045312,0.4,3.9213944252703943,1.810059264,1.1501568,1,HEADROOM
540p,10,16,median,owner_only,0.3,125,60.24197167184898,26.75697381078112,34.86634725078147,34.86634725078147,0,84313600,15000000,99313600,165522.66666666666,9.471282958984375,0.06538881668649534,0.01630960196437106,0.06538881668649534,0.28196250021651365,0.1020045312,0.6,5.882091637905591,1.810059264,1.1501568,1,HEADROOM
540p,10,16,median,owner_only,0.4,125,60.290526609874235,23.740208370780238,30.616158450782677,30.616158450782677,0,84313600,15000000,99313600,165522.66666666666,9.471282958984375,0.06544151997381556,0.016322747478878956,0.06544151997381556,0.23948207474119537,0.1020045312,0.8,7.842788850540789,1.810059264,1.1501568,1,HEADROOM
540p,10,16,median,owner_only,0.5,125,60.31969716066529,21.930149106778117,28.066045170781763,28.066045170781763,0,84313600,15000000,99313600,165522.66666666666,9.471282958984375,0.06547318274555734,0.016330644963959213,0.06547318274555734,0.21396093396029528,0.1020045312,1.0,9.803486063175985,1.810059264,1.1501568,1,HEADROOM
540p,10,16,median,owner_only,0.6,125,60.33915988144938,20.723442930780948,26.365969650782972,26.36596965078388,0,84313600,15000000,99313600,165522.66666666666,9.471282958984375,0.06549430828720634,0.016335914201009778,0.06549430828720634,0.1969331157106129,0.1020045312,1.2,11.764183275811183,1.810059264,1.1501568,1,HEADROOM
540p,10,16,median,owner_only,0.7,125,60.35306951622821,19.861509947923878,25.15162999363929,25.15162999363929,0,84313600,15000000,99313600,165522.66666666666,9.471282958984375,0.06550940630829508,0.016339680024079914,0.06550940630829508,0.18476365926310895,0.1020045312,1.4,13.724880488446379,1.810059264,1.1501568,1,HEADROOM
540p,10,16,median,finishing_owner,0.2,125,60.02369935445213,41.42214809734287,52.510492823906134,52.51049282390659,0,252940800,431102400,684043200,1140072.0,65.23544311523438,0.19544768487665412,0.3338368391930684,0.3338368391930684,0.19423742176749392,0.1020045312,6.4,62.74231080432631,1.810059264,1.1501568,1,HEADROOM
540p,10,16,median,finishing_owner,0.3,125,60.09773993780563,29.10698454156227,50.742204268124624,50.74220426812519,0,252097664,428337600,680435264,1134058.7733333334,64.89136352539063,0.19503645136902187,0.33213582327399893,0.33213582327399893,0.15035829515943622,0.1020045312,9.6,94.11346620648946,1.810059264,1.1501568,1,HEADROOM
540p,10,16,median,finishing_owner,0.4,125,60.1022801838763,28.352793181561992,39.4411379081248,39.441137908125256,0,169470336,292862400,462332736,770554.56,44.091485595703126,0.13111873924534903,0.22862534677376858,0.22862534677376858,0.15338087978428974,0.1020045312,12.8,125.48462160865262,1.810059264,1.1501568,1,HEADROOM
540p,10,16,median,finishing_owner,0.5,125,60.168574762769666,27.900278365561462,38.988623092124726,38.988623092125295,0,169470336,291480000,460950336,768250.56,43.959649658203126,0.13126336706274142,0.22781987651258637,0.22781987651258637,0.137478119433931,0.1020045312,16.0,156.85577701081576,1.810059264,1.1501568,1,HEADROOM
540p,10,16,median,finishing_owner,0.6,125,60.170395062400615,27.46323438992181,38.68694654812498,38.686946548125206,0,169470336,291480000,460950336,768250.56,43.959649658203126,0.13126733821644687,0.22782676882204814,0.22782676882204814,0.12648390827003878,0.1020045312,19.2,188.22693241297893,1.810059264,1.1501568,1,HEADROOM
540p,10,16,median,finishing_owner,0.7,125,60.17169534385699,27.247751144207484,38.471463302410484,38.47146330241094,0,169470336,291480000,460950336,768250.56,43.959649658203126,0.13127017490192208,0.2278316921555655,0.2278316921555655,0.11863049300766952,0.1020045312,22.4,219.59808781514207,1.810059264,1.1501568,1,HEADROOM
540p,10,16,median,independent_au,0.2,125,60.3801584126202,24.035606316405392,26.864627175312762,30.468223503906245,0,252940800,27000000,279940800,466568.0,26.697235107421875,0.1966083780432124,0.025560294940526338,0.1966083780432124,0.19539092761883062,0.1020045312,6.4,62.74231080432631,1.810059264,1.1501568,1,HEADROOM
540p,10,16,median,independent_au,0.3,125,60.41138359738643,21.916156261406172,23.500465070312202,26.90956170140626,0,252097664,27000000,279097664,465162.7733333333,26.616827392578124,0.19605432569212183,0.025573513271732812,0.19605432569212183,0.1511429989767668,0.1020045312,9.6,94.11346620648946,1.810059264,1.1501568,1,HEADROOM
540p,10,16,median,independent_au,0.4,125,60.4204939294231,19.653582181405454,22.350308042812685,24.200388396406197,0,169470336,27000000,196470336,327450.56,18.736871337890626,0.13181295226021283,0.025577369882579578,0.13181295226021283,0.1541929605256876,0.1020045312,12.8,125.48462160865262,1.810059264,1.1501568,1,HEADROOM
540p,10,16,median,independent_au,0.5,125,60.43380209234855,18.296037733403864,21.068557287312615,23.66787358040625,0,169470336,27000000,196470336,327450.56,18.736871337890626,0.13184198526094287,0.02558300353075861,0.13184198526094287,0.13808413269977207,0.1020045312,16.0,156.85577701081576,1.810059264,1.1501568,1,HEADROOM
540p,10,16,median,independent_au,0.6,125,60.44157478054568,17.391008101405987,20.418602568906863,23.033534821406263,0,169470336,27000000,196470336,327450.56,18.736871337890626,0.13185894210640425,0.025586293886531473,0.13185894210640425,0.1270539538972776,0.1020045312,19.2,188.22693241297893,1.810059264,1.1501568,1,HEADROOM
540p,10,16,median,independent_au,0.7,125,60.44426380814838,17.141419357097902,19.987636077477873,22.034678409977644,0,169470336,27000000,196470336,327450.56,18.736871337890626,0.13186480847134055,0.02558743221310158,0.13186480847134055,0.11916787077494781,0.1020045312,22.4,219.59808781514207,1.810059264,1.1501568,1,HEADROOM
540p,10,16,median,raw_gather,0.2,125,41.737721698561614,2210.9131553474826,4137.360655347464,4332.622374097462,581,252940800,1866240000,2119180800,3531968.0,202.100830078125,0.13590533682101172,0.9937947181997957,0.9937947181997957,0.13506377548148363,0.1020045312,6.4,62.74231080432631,1.810059264,1.1501568,1,INTERCONNECT
540p,10,16,median,raw_gather,0.3,125,41.742101590016944,2209.404772627482,4135.852272627462,4331.1139913774605,581,252097664,1866240000,2118337664,3530562.7733333334,202.02042236328126,0.13546651463478268,0.9938990054684211,0.9938990054684211,0.10443439699965708,0.1020045312,9.6,94.11346620648946,1.810059264,1.1501568,1,INTERCONNECT
540p,10,16,median,raw_gather,0.4,125,41.74429188047693,2208.6505812674823,4135.0980812674625,4330.359800017461,580,169470336,1866240000,2035710336,3392850.56,194.14046630859374,0.09106907267598752,0.9939511573109719,0.9939511573109719,0.10653133616580181,0.1020045312,12.8,125.48462160865262,1.810059264,1.1501568,1,INTERCONNECT
540p,10,16,median,raw_gather,0.5,125,41.7456061650881,2208.198066451482,4134.645566451463,4329.9072852014615,581,169470336,1866240000,2035710336,3392850.56,194.14046630859374,0.09107193991065314,0.9939824510436349,0.9939824510436349,0.09538380213980072,0.1020045312,16.0,156.85577701081576,1.810059264,1.1501568,1,INTERCONNECT
540p,10,16,median,raw_gather,0.6,125,41.7464824008067,2207.8963899074824,4134.343889907463,4329.605608657461,581,169470336,1866240000,2035710336,3392850.56,194.14046630859374,0.09107385150073515,0.9940033146268303,0.9940033146268303,0.08775508695105709,0.1020045312,19.2,188.22693241297893,1.810059264,1.1501568,1,INTERCONNECT
540p,10,16,median,raw_gather,0.7,125,41.74710830598411,2207.680906661768,4134.128406661748,4329.390125411746,581,169470336,1866240000,2035710336,3392850.56,194.14046630859374,0.09107521697135453,0.9940182177224974,0.9940182177224974,0.08230580859791374,0.1020045312,22.4,219.59808781514207,1.810059264,1.1501568,1,INTERCONNECT
540p,10,16,adversarial,owner_only,0.2,125,53.00095665840786,681.2603248508003,1231.2323120508972,1308.2978864509041,531,84313600,15000000,99313600,165522.66666666666,9.471282958984375,0.05752915688124831,0.01434920675468959,0.05752915688124831,0.991581584281851,0.37696389119999996,0.4,1.0611095899044032,6.7571712,3.9105331199999998,1,BURST_OR_PER_FRAME_LATENCY
540p,10,16,adversarial,owner_only,0.3,125,59.640738817739496,64.87564005078093,87.62218725078128,87.62218725078128,0,84313600,15000000,99313600,165522.66666666666,9.471282958984375,0.06473621678326816,0.01614682726981353,0.06473621678326816,0.8035479760822474,0.37696389119999996,0.6,1.5916643848566046,6.7571712,3.9105331199999998,1,NODE_QUEUE_HEADROOM_LOW
540p,10,16,adversarial,owner_only,0.4,125,59.817835081194964,53.61368805078018,71.91535845078033,71.91535845078135,0,84313600,15000000,99313600,165522.66666666666,9.471282958984375,0.0649284434781385,0.016194773402487768,0.0649284434781385,0.649342602890417,0.37696389119999996,0.8,2.1222191798088064,6.7571712,3.9105331199999998,1,HEADROOM
540p,10,16,adversarial,owner_only,0.5,125,59.924598572459026,46.85651685078119,62.4912611707814,62.4912611707814,0,84313600,15000000,99313600,165522.66666666666,9.471282958984375,0.06504432843617247,0.016223678001698574,0.06504432843617247,0.5563790152211735,0.37696389119999996,1.0,2.6527739747610077,6.7571712,3.9105331199999998,1,HEADROOM
540p,10,16,adversarial,owner_only,0.6,125,59.99598621062172,42.35173605077944,56.2085296507812,56.20852965078154,0,84313600,15000000,99313600,165522.66666666666,9.471282958984375,0.06512181516271805,0.016243005124156523,0.06512181516271805,0.494218712291186,0.37696389119999996,1.2,3.183328769713209,6.7571712,3.9105331199999998,1,HEADROOM
540p,10,16,adversarial,owner_only,0.7,125,60.04708160426645,39.13403547935195,51.72086427935392,51.72086427935392,0,84313600,15000000,99313600,165522.66666666666,9.471282958984375,0.06517727595252684,0.016256838428569228,0.06517727595252684,0.44972774398028975,0.37696389119999996,1.4,3.713883564665411,6.7571712,3.9105331199999998,1,HEADROOM
540p,10,16,adversarial,finishing_owner,0.2,125,59.81571671322789,65.63211196484326,76.72045669140607,76.72045669140653,0,420724864,569342400,990067264,1650112.1066666667,94.42017211914063,0.3239655083252914,0.4378249061716561,0.4378249061716561,0.3989692111461465,0.37696389119999996,6.4,16.97775343847045,6.7571712,3.9105331199999998,1,HEADROOM
540p,10,16,adversarial,finishing_owner,0.3,125,59.9123443159604,49.45426096484334,71.0894806914057,71.0894806914065,0,337254400,566577600,903832000,1506386.6666666667,86.19613647460938,0.2601081322652087,0.43642588464140525,0.43642588464140525,0.29022920350503195,0.37696389119999996,9.6,25.466630157705673,6.7571712,3.9105331199999998,1,HEADROOM
540p,10,16,adversarial,finishing_owner,0.4,125,59.92919265801024,46.638772964843156,68.27399269140551,68.27399269140653,0,335568128,566577600,902145728,1503576.2133333334,86.03532104492187,0.2588882832322231,0.4365486148177619,0.4365486148177619,0.23453398282239396,0.37696389119999996,12.8,33.9555068769409,6.7571712,3.9105331199999998,1,HEADROOM
540p,10,16,adversarial,finishing_owner,0.5,125,59.93930621251885,44.94948016484341,66.58469989140576,66.58469989140656,0,335568128,566577600,902145728,1503576.2133333334,86.03532104492187,0.2589319728039992,0.4366222860623725,0.4366222860623725,0.2007242184933079,0.37696389119999996,16.0,42.444383596176124,6.7571712,3.9105331199999998,1,HEADROOM
540p,10,16,adversarial,finishing_owner,0.6,125,60.00928461246465,43.82328496484297,54.91162969140578,54.911629691406574,0,253783936,431102400,684886336,1141477.2266666666,65.31585083007812,0.19605211044770374,0.3337566679947811,0.3337566679947811,0.22702755185183424,0.37696389119999996,19.2,50.933260315411346,6.7571712,3.9105331199999998,1,HEADROOM
540p,10,16,adversarial,finishing_owner,0.7,125,60.01411304566391,32.4719848219861,54.10720454854891,54.10720454854936,0,253783936,431102400,684886336,1141477.2266666666,65.31585083007812,0.1960678850819955,0.33378352253548477,0.33378352253548477,0.20634360497539792,0.37696389119999996,22.4,59.422137034646575,6.7571712,3.9105331199999998,1,HEADROOM
540p,10,16,adversarial,independent_au,0.2,125,60.20231244218863,44.69754332734328,47.50892592968739,53.20933852734376,0,420724864,45000000,465724864,776208.1066666667,44.414984130859374,0.3260593339739851,0.03926422449400281,0.3260593339739851,0.401547794192395,0.37696389119999996,6.4,16.97775343847045,6.7571712,3.9105331199999998,1,HEADROOM
540p,10,16,adversarial,independent_au,0.3,125,60.275755676916646,36.21096577734352,41.22574533984334,47.578362527343785,0,337254400,45000000,382254400,637090.6666666666,36.454620361328125,0.26168587473917665,0.03931212450878539,0.26168587473917665,0.2919896518907399,0.37696389119999996,9.6,25.466630157705673,6.7571712,3.9105331199999998,1,HEADROOM
540p,10,16,adversarial,independent_au,0.4,125,60.30877980089492,31.89764015234323,37.09260696484307,42.287573777342914,0,335568128,45000000,380568128,634280.2133333334,36.29380493164062,0.26052806276870427,0.03933366299401959,0.26052806276870427,0.2360195039933023,0.37696389119999996,12.8,33.9555068769409,6.7571712,3.9105331199999998,1,HEADROOM
540p,10,16,adversarial,independent_au,0.5,125,60.338585226471686,30.20834735234348,33.714021364843575,37.21969537734367,0,335568128,45000000,380568128,634280.2133333334,36.29380493164062,0.2606568193081526,0.03935310222938301,0.2606568193081526,0.20206132052369014,0.37696389119999996,16.0,42.444383596176124,6.7571712,3.9105331199999998,1,HEADROOM
540p,10,16,adversarial,independent_au,0.6,125,60.34937832325835,29.082152152343042,31.461630964843607,33.841109777343746,0,253783936,45000000,298783936,497973.2266666667,28.494256591796876,0.19716320667525727,0.039360141536645896,0.19716320667525727,0.22831419679453469,0.37696389119999996,19.2,50.933260315411346,6.7571712,3.9105331199999998,1,HEADROOM
540p,10,16,adversarial,independent_au,0.7,125,60.35426164262479,27.83932143448601,29.852780679129864,31.77403587254466,0,253783936,45000000,298783936,497973.2266666667,28.494256591796876,0.19717916062428306,0.03936332645995037,0.19717916062428306,0.20751312134683586,0.37696389119999996,22.4,59.422137034646575,6.7571712,3.9105331199999998,1,HEADROOM
540p,10,16,adversarial,raw_gather,0.2,125,41.69812139424321,2224.5654151874824,4151.012915187463,4346.274633937461,583,420724864,1866240000,2286964864,3811608.1066666665,218.10196533203126,0.22583952572967048,0.9928518163913318,0.9928518163913318,0.27812534084805934,0.37696389119999996,6.4,16.97775343847045,6.7571712,3.9105331199999998,1,INTERCONNECT
540p,10,16,adversarial,raw_gather,0.3,125,41.71444572526073,2218.934439187482,4145.381939187462,4340.64365793746,582,337254400,1866240000,2203494400,3672490.6666666665,210.1416015625,0.1811023536127182,0.9932405063648891,0.9932405063648891,0.20207438877118217,0.37696389119999996,9.6,25.466630157705673,6.7571712,3.9105331199999998,1,INTERCONNECT
540p,10,16,adversarial,raw_gather,0.4,125,41.722612684797625,2216.1189511874827,4142.566451187464,4337.828169937462,582,335568128,1866240000,2201808128,3669680.2133333334,209.9807861328125,0.1802376286223253,0.9934349654997247,0.9934349654997247,0.16328220175703959,0.37696389119999996,12.8,33.9555068769409,6.7571712,3.9105331199999998,1,INTERCONNECT
540p,10,16,adversarial,raw_gather,0.5,125,41.72751439569014,2214.429658387482,4140.877158387462,4336.13887713746,582,335568128,1866240000,2201808128,3669680.2133333334,209.9807861328125,0.18025880353661303,0.9935516775337526,0.9935516775337526,0.13973673113676807,0.37696389119999996,16.0,42.444383596176124,6.7571712,3.9105331199999998,1,INTERCONNECT
540p,10,16,adversarial,raw_gather,0.6,125,41.730782842856655,2213.3034631874825,4139.750963187464,4335.012681937462,582,253783936,1866240000,2120023936,3533373.2266666666,202.18123779296874,0.13633570371338,0.9936295007928719,0.9936295007928719,0.1578761941065767,0.37696389119999996,19.2,50.933260315411346,6.7571712,3.9105331199999998,1,INTERCONNECT
540p,10,16,adversarial,raw_gather,0.7,125,41.733117761477295,2212.499038044625,4138.946538044605,4334.208256794604,582,253783936,1866240000,2120023936,3533373.2266666666,202.18123779296874,0.1363433319616795,0.9936850962997225,0.9936850962997225,0.1434889483281002,0.37696389119999996,22.4,59.422137034646575,6.7571712,3.9105331199999998,1,INTERCONNECT
540p,15,4,optimistic,owner_only,0.2,125,60.265537754669616,13.873658610778875,15.515066610782014,15.515066610782014,0,126470400,15000000,141470400,235784.0,13.491668701171875,0.09812159424874813,0.01631598212458158,0.09812159424874813,0.1315553683696695,0.02278388736,0.4,17.55626657030664,0.410462208,0.2875392,1,HEADROOM
540p,15,4,optimistic,owner_only,0.3,125,60.27941449940652,12.847503090779355,14.249295090781743,14.249295090781743,0,126470400,15000000,141470400,235784.0,13.491668701171875,0.09814418773031815,0.016319739043170713,0.09814418773031815,0.11251066878427966,0.02278388736,0.6,26.334399855459957,0.410462208,0.2875392,1,HEADROOM
540p,15,4,optimistic,owner_only,0.4,125,60.28635526849567,12.33442533078096,13.616409330782517,13.616409330782517,0,126470400,15000000,141470400,235784.0,13.491668701171875,0.09815548837333427,0.01632161815134113,0.09815548837333427,0.10298502968801401,0.02278388736,0.8,35.11253314061328,0.410462208,0.2875392,1,HEADROOM
540p,15,4,optimistic,owner_only,0.5,125,60.29052049721778,12.026578674778648,13.236677874781435,13.236677874781435,0,126470400,15000000,141470400,235784.0,13.491668701171875,0.09816227000837563,0.016322745823969746,0.09816227000837563,0.0972685932167731,0.02278388736,1.0,43.8906664257666,0.410462208,0.2875392,1,HEADROOM
540p,15,4,optimistic,owner_only,0.6,125,60.29329763613467,11.821347570779835,12.98352357078113,12.983523570781472,0,126470400,15000000,141470400,235784.0,13.491668701171875,0.09816679161903619,0.016323497692294724,0.09816679161903619,0.09345719671261198,0.02278388736,1.2,52.66879971091991,0.410462208,0.2875392,1,HEADROOM
540p,15,4,optimistic,owner_only,0.7,125,60.29528146343428,11.674753925066398,12.802699067923982,12.802699067924323,0,126470400,15000000,141470400,235784.0,13.491668701171875,0.0981700215959783,0.016324034783507458,0.0981700215959783,0.09073455565617701,0.02278388736,1.4,61.44693299607324,0.410462208,0.2875392,1,HEADROOM
540p,15,4,optimistic,finishing_owner,0.2,125,60.17947526412096,13.873658610778875,25.484252238281442,25.484252238281442,0,252097664,222360000,474457664,790762.7733333333,45.247808837890624,0.19530973266168883,0.17496903280203693,0.19530973266168883,0.10660031333183986,0.02278388736,1.6,70.22506628122656,0.410462208,0.2875392,1,HEADROOM
540p,15,4,optimistic,finishing_owner,0.3,125,60.17881589937561,12.847503090779355,14.249295090781743,14.249295090781743,0,127313536,17764800,145078336,241797.22666666665,13.835748291015625,0.09863360033866767,0.01840816499140748,0.09863360033866767,0.1119174213420436,0.02278388736,2.4,105.33759942183983,0.410462208,0.2875392,1,HEADROOM
540p,15,4,optimistic,finishing_owner,0.4,125,60.17984819814823,12.33442533078096,13.616409330782517,13.616409330782517,0,127313536,17764800,145078336,241797.22666666665,13.835748291015625,0.09863529228529452,0.01840848076242828,0.09863529228529452,0.10243190662954822,0.02278388736,3.2,140.45013256245312,0.410462208,0.2875392,1,HEADROOM
540p,15,4,optimistic,finishing_owner,0.5,125,60.2445561600198,12.026578674778648,13.236677874781435,13.236677874781435,0,127313536,16382400,143695936,239493.22666666665,13.703912353515625,0.09874134919509883,0.01736928801417299,0.09874134919509883,0.09701895091637894,0.02278388736,4.0,175.5626657030664,0.410462208,0.2875392,1,HEADROOM
540p,15,4,optimistic,finishing_owner,0.6,125,60.24624904668882,11.821347570779835,12.98352357078113,12.983523570781472,0,127313536,16382400,143695936,239493.22666666665,13.703912353515625,0.09874412385100781,0.017369776095387354,0.09874412385100781,0.0932156469744196,0.02278388736,4.8,210.67519884367965,0.410462208,0.2875392,1,HEADROOM
540p,15,4,optimistic,finishing_owner,0.7,125,60.24654464693877,11.674753925066398,12.802699067923982,12.802699067924323,0,127313536,16382400,143695936,239493.22666666665,13.703912353515625,0.09874460834237704,0.017369861320778755,0.09874460834237704,0.090497498002647,0.02278388736,5.6,245.78773198429295,0.410462208,0.2875392,1,HEADROOM
540p,15,4,optimistic,independent_au,0.2,125,60.2893853104252,13.940415812927313,15.00413444042988,15.00413444042988,0,252097664,20250000,272347664,453912.7733333333,25.973097229003905,0.19566644068658104,0.020347189171901883,0.19566644068658104,0.10679500504895648,0.02278388736,1.6,70.22506628122656,0.410462208,0.2875392,1,HEADROOM
540p,15,4,optimistic,independent_au,0.3,125,60.29703024301218,12.914260292927793,14.31605229293018,14.31605229293018,0,127313536,20250000,147563536,245939.22666666665,14.072755432128906,0.09882735467148877,0.02034976927599073,0.09882735467148877,0.11213727020925245,0.02278388736,2.4,105.33759942183983,0.410462208,0.2875392,1,HEADROOM
540p,15,4,optimistic,independent_au,0.4,125,60.29910299554726,12.401182532929397,13.683166532930954,13.683166532930954,0,127313536,20250000,147563536,245939.22666666665,14.072755432128906,0.09883075193084143,0.02035046881352492,0.09883075193084143,0.10263488979813452,0.02278388736,3.2,140.45013256245312,0.410462208,0.2875392,1,HEADROOM
540p,15,4,optimistic,independent_au,0.5,125,60.300706036301634,12.093335876927085,13.303435076929873,13.303435076929873,0,127313536,20250000,147563536,245939.22666666665,14.072755432128906,0.09883337932851835,0.020351009827060083,0.09883337932851835,0.09710937571885367,0.02278388736,4.0,175.5626657030664,0.410462208,0.2875392,1,HEADROOM
540p,15,4,optimistic,independent_au,0.6,125,60.30306949151404,11.888104772928273,13.050280772929568,13.05028077292991,0,127313536,20250000,147563536,245939.22666666665,14.072755432128906,0.09883725305207627,0.020351807474441264,0.09883725305207627,0.09330356206638908,0.02278388736,4.8,210.67519884367965,0.410462208,0.2875392,1,HEADROOM
540p,15,4,optimistic,independent_au,0.7,125,60.30475778724167,11.741511127214835,12.869456270072419,12.86945627007276,0,127313536,20250000,147563536,245939.22666666665,14.072755432128906,0.0988400201833926,0.020352377260853444,0.0988400201833926,0.09058494108472187,0.02278388736,5.6,245.78773198429295,0.410462208,0.2875392,1,HEADROOM
540p,15,4,optimistic,raw_gather,0.2,125,41.846801160696515,2192.4905058324825,4114.176573540795,4285.6278235407935,575,252097664,1866240000,2118337664,3530562.7733333334,202.02042236328126,0.1358118779130546,0.9963919513242254,0.9963919513242254,0.07412630462607288,0.02278388736,1.6,70.22506628122656,0.410462208,0.2875392,1,INTERCONNECT
540p,15,4,optimistic,raw_gather,0.3,125,41.84779949403023,2192.1484539924827,4113.834521700795,4285.285771700794,575,127313536,1866240000,1993553536,3322589.2266666666,190.12008056640624,0.06858890572470873,0.9964157221088699,0.9964157221088699,0.07782635364647203,0.02278388736,2.4,105.33759942183983,0.410462208,0.2875392,1,INTERCONNECT
540p,15,4,optimistic,raw_gather,0.4,125,41.84829867856012,2191.977428072483,4113.663495780796,4285.114745780795,575,127313536,1866240000,1993553536,3322589.2266666666,190.12008056640624,0.06858972389247558,0.9964276079265193,0.9964276079265193,0.0712298410712777,0.02278388736,3.2,140.45013256245312,0.410462208,0.2875392,1,INTERCONNECT
540p,15,4,optimistic,raw_gather,0.5,125,41.84859819499447,2191.8748125204825,4113.560880228795,4285.0121302287935,575,127313536,1866240000,1993553536,3322589.2266666666,190.12008056640624,0.06859021480250498,0.9964347395532196,0.9964347395532196,0.0673937589218036,0.02278388736,4.0,175.5626657030664,0.410462208,0.2875392,1,INTERCONNECT
540p,15,4,optimistic,raw_gather,0.6,125,41.84879787499927,2191.806402152482,4113.492469860796,4284.943719860794,575,127313536,1866240000,1993553536,3322589.2266666666,190.12008056640624,0.06859054207976184,0.9964394940277339,0.9964394940277339,0.06475030115147348,0.02278388736,4.8,210.67519884367965,0.410462208,0.2875392,1,INTERCONNECT
540p,15,4,optimistic,raw_gather,0.7,125,41.84894050474079,2191.757537603911,4113.4436053122245,4284.894855312223,575,127313536,1866240000,1993553536,3322589.2266666666,190.12008056640624,0.06859077585114319,0.9964428901087371,0.9964428901087371,0.06286210158499286,0.02278388736,5.6,245.78773198429295,0.410462208,0.2875392,1,INTERCONNECT
540p,15,4,median,owner_only,0.2,125,60.10095851359775,26.28871653078022,30.363148530781473,30.363148530781473,0,126470400,15000000,141470400,235784.0,13.491668701171875,0.09785363385022054,0.016271424786251057,0.09785363385022054,0.3542920925008908,0.09870501888,0.4,4.052478835815811,1.810059264,1.1501568,1,HEADROOM
540p,15,4,median,owner_only,0.3,125,60.1612738091682,21.763568370781172,24.879536370781352,24.879536370781352,0,126470400,15000000,141470400,235784.0,13.491668701171875,0.09795183645787085,0.01628775423955109,0.09795183645787085,0.27217237494417584,0.09870501888,0.6,6.078718253723716,1.810059264,1.1501568,1,HEADROOM
540p,15,4,median,owner_only,0.4,125,60.19147687754247,19.500994290780454,22.1377302907822,22.1377302907822,0,126470400,15000000,141470400,235784.0,13.491668701171875,0.09800101171342324,0.016295931263138073,0.09800101171342324,0.23105067570049911,0.09870501888,0.8,8.104957671631622,1.810059264,1.1501568,1,HEADROOM
540p,15,4,median,owner_only,0.5,125,60.209613279432226,18.143449842778864,20.492646642781438,20.492646642781438,0,126470400,15000000,141470400,235784.0,13.491668701171875,0.0980305405740899,0.01630084141942411,0.0980305405740899,0.2063578314295324,0.09870501888,1.0,10.131197089539526,1.810059264,1.1501568,1,HEADROOM
540p,15,4,median,owner_only,0.6,125,60.22171028714726,17.238420210780987,19.39592421078214,19.39592421078305,0,126470400,15000000,141470400,235784.0,13.491668701171875,0.09805023636918045,0.016304116501153952,0.09805023636918045,0.1898876666488138,0.09870501888,1.2,12.157436507447432,1.810059264,1.1501568,1,HEADROOM
540p,15,4,median,owner_only,0.7,125,60.23035398345534,16.591970473638185,18.61255104506745,18.61255104506745,0,126470400,15000000,141470400,235784.0,13.491668701171875,0.09806430964046534,0.016306456651092163,0.09806430964046534,0.17811921069163997,0.09870501888,1.4,14.183675925355338,1.810059264,1.1501568,1,HEADROOM
540p,15,4,median,finishing_owner,0.2,125,60.083428477980895,27.232949302421474,30.87527309734378,30.875273097344007,0,253783936,223742400,477526336,795877.2266666667,45.540460205078126,0.1962943406526642,0.17574593524284446,0.1962943406526642,0.2558752399871195,0.09870501888,1.6,16.209915343263244,1.810059264,1.1501568,1,HEADROOM
540p,15,4,median,finishing_owner,0.3,125,60.094069619230446,27.364914533203113,29.10698454156227,29.10698454156261,0,252940800,223742400,476683200,794472.0,45.460052490234375,0.19568483533451012,0.1757770609187309,0.19568483533451012,0.1965377412251542,0.09870501888,2.4,24.314873014894864,1.810059264,1.1501568,1,HEADROOM
540p,15,4,median,finishing_owner,0.4,125,60.09860931072883,26.614947669921868,28.352793181562447,28.352793181562674,0,252940800,223742400,476683200,794472.0,45.460052490234375,0.1956996179709493,0.17579033966044572,0.1956996179709493,0.16673737012458134,0.09870501888,3.2,32.41983068652649,1.810059264,1.1501568,1,HEADROOM
540p,15,4,median,finishing_owner,0.5,125,60.10296339978312,16.705947378779456,27.629543502281194,27.62954350228142,0,252940800,223742400,476683200,794472.0,45.460052490234375,0.19571379622855475,0.1758030755091208,0.19571379622855475,0.14885902314192861,0.09870501888,4.0,40.524788358158105,1.810059264,1.1501568,1,HEADROOM
540p,15,4,median,finishing_owner,0.6,125,60.16834935750175,15.910901490780816,27.327866958281447,27.327866958281447,0,252097664,222360000,474457664,790762.7733333333,45.247808837890624,0.1952736240409692,0.1749366847446359,0.1952736240409692,0.13743052022115287,0.09870501888,4.8,48.62974602978973,1.810059264,1.1501568,1,HEADROOM
540p,15,4,median,finishing_owner,0.7,125,60.169649550543355,15.343011570781073,27.112383712566952,27.112383712567066,0,252097664,222360000,474457664,790762.7733333333,45.247808837890624,0.19527784375797821,0.17494046499559265,0.19527784375797821,0.1288831774300726,0.09870501888,5.6,56.73470370142135,1.810059264,1.1501568,1,HEADROOM
540p,15,4,median,independent_au,0.2,125,60.217692560327905,20.362839015311692,24.013948261406313,24.013948261406426,0,253783936,27000000,280783936,467973.2266666667,26.777642822265626,0.1967329853869157,0.025491519448518237,0.1967329853869157,0.2564470258382678,0.09870501888,1.6,16.209915343263244,1.810059264,1.1501568,1,HEADROOM
540p,15,4,median,independent_au,0.3,125,60.24875968292612,17.71490522585929,20.03871882140629,20.03871882140629,0,252940800,27000000,279940800,466568.0,26.697235107421875,0.1961885539182901,0.025504670868412457,0.1961885539182901,0.19704365530122459,0.09870501888,2.4,24.314873014894864,1.810059264,1.1501568,1,HEADROOM
540p,15,4,median,independent_au,0.4,125,60.255884315074454,16.88653216890603,18.111093962812447,18.111093962812674,0,252940800,27000000,279940800,466568.0,26.697235107421875,0.19621175391918202,0.02550768688731406,0.19621175391918202,0.16717371334302983,0.09870501888,3.2,32.41983068652649,1.810059264,1.1501568,1,HEADROOM
540p,15,4,median,independent_au,0.5,125,60.25862273608731,16.32814459915535,17.281858023312452,17.28185802331268,0,252940800,27000000,279940800,466568.0,26.697235107421875,0.19622067106305952,0.02550884612323858,0.19622067106305952,0.14924454983536362,0.09870501888,4.0,40.524788358158105,1.810059264,1.1501568,1,HEADROOM
540p,15,4,median,independent_au,0.6,125,60.2629461072883,15.834775255156032,16.933579848906447,16.933579848906447,0,252097664,27000000,279097664,465162.7733333333,26.616827392578124,0.1955806334628757,0.025510676304641537,0.1955806334628757,0.13764658864704818,0.09870501888,4.8,48.62974602978973,1.810059264,1.1501568,1,HEADROOM
540p,15,4,median,independent_au,0.7,125,60.26899249653478,15.482368580870443,16.718096603191952,16.718096603192066,0,252097664,27000000,279097664,465162.7733333333,26.616827392578124,0.19560025674244264,0.025513235878788548,0.19560025674244264,0.1290959696705174,0.09870501888,5.6,56.73470370142135,1.810059264,1.1501568,1,HEADROOM
540p,15,4,median,raw_gather,0.2,125,41.83472648586175,2196.628858472482,4118.314926180796,4289.766176180794,576,253783936,1866240000,2120023936,3533373.2266666666,202.18123779296874,0.13667529067413736,0.9961044476564059,0.9961044476564059,0.17816011753204639,0.09870501888,1.6,16.209915343263244,1.810059264,1.1501568,1,INTERCONNECT
540p,15,4,median,raw_gather,0.3,125,41.83912676111138,2195.1204757524824,4116.806543460796,4288.257793460794,575,252940800,1866240000,2119180800,3531968.0,202.100830078125,0.13624110802720207,0.9962092202727285,0.9962092202727285,0.13683492432055785,0.09870501888,2.4,24.314873014894864,1.810059264,1.1501568,1,INTERCONNECT
540p,15,4,median,raw_gather,0.4,125,41.841327245877956,2194.3662843924826,4116.052352100796,4287.5036021007945,575,252940800,1866240000,2119180800,3531968.0,202.100830078125,0.13624827348465787,0.9962616148464979,0.9962616148464979,0.11608443102949191,0.09870501888,3.2,32.41983068652649,1.810059264,1.1501568,1,INTERCONNECT
540p,15,4,median,raw_gather,0.5,125,41.842647647844295,2193.9137695764825,4115.599837284795,4287.0510872847935,576,252940800,1866240000,2119180800,3531968.0,202.100830078125,0.13625257312092806,0.9962930542362549,0.9962930542362549,0.10363308732548275,0.09870501888,4.0,40.524788358158105,1.810059264,1.1501568,1,INTERCONNECT
540p,15,4,median,raw_gather,0.6,125,41.84352796212105,2193.612093032483,4115.298160740796,4286.749410740795,576,252097664,1866240000,2118337664,3530562.7733333334,202.02042236328126,0.13580125489688644,0.9963140149318318,0.9963140149318318,0.09557479766570452,0.09870501888,4.8,48.62974602978973,1.810059264,1.1501568,1,INTERCONNECT
540p,15,4,median,raw_gather,0.7,125,41.844156780711714,2193.3966097867683,4115.082677495082,4286.53392749508,576,252097664,1866240000,2118337664,3530562.7733333334,202.02042236328126,0.13580329569884253,0.9963289873972343,0.9963289873972343,0.08963003645633737,0.09870501888,5.6,56.73470370142135,1.810059264,1.1501568,1,INTERCONNECT
540p,15,4,adversarial,owner_only,0.2,125,55.28105804577346,447.70546191746234,801.8068571175627,848.3495557842361,468,126470400,15000000,141470400,235784.0,13.491668701171875,0.0900060921930226,0.014966509692065408,0.0900060921930226,0.994290593892251,0.3627307008,0.4,1.1027464703643854,6.7571712,3.9105331199999998,1,BURST_OR_PER_FRAME_LATENCY
540p,15,4,adversarial,owner_only,0.3,125,59.78788101280791,50.352568050780974,58.57604325078137,58.57604325078137,0,126470400,15000000,141470400,235784.0,13.491668701171875,0.09734389537205466,0.016186663791878282,0.09734389537205466,0.7741438146996764,0.3627307008,0.6,1.6541197055465782,6.7571712,3.9105331199999998,1,NODE_QUEUE_HEADROOM_LOW
540p,15,4,adversarial,owner_only,0.4,125,59.89843456245224,41.906104050780414,48.50019045078102,48.50019045078136,0,126470400,15000000,141470400,235784.0,13.491668701171875,0.09752389360894287,0.016216594492026497,0.09752389360894287,0.6246933287636953,0.3627307008,0.8,2.205492940728771,6.7571712,3.9105331199999998,1,HEADROOM
540p,15,4,adversarial,owner_only,0.5,125,59.96496315740199,36.83822565078094,42.454678770781356,42.454678770781356,0,126470400,15000000,141470400,235784.0,13.491668701171875,0.09763221242667536,0.01623460610208451,0.09763221242667536,0.5347574481351147,0.3627307008,1.0,2.7568661759109636,6.7571712,3.9105331199999998,1,HEADROOM
540p,15,4,adversarial,owner_only,0.6,125,60.00939771781648,33.45964005077985,38.424337650781126,38.42433765078147,0,126470400,15000000,141470400,235784.0,13.491668701171875,0.09770455874714397,0.01624663608672329,0.09770455874714397,0.4746891222635246,0.3627307008,1.2,3.3082394110931563,6.7571712,3.9105331199999998,1,HEADROOM
540p,15,4,adversarial,owner_only,0.7,125,60.041177028929056,31.04636462220924,35.545522565067586,35.545522565067586,0,126470400,15000000,141470400,235784.0,13.491668701171875,0.09775630036908364,0.016255239854172526,0.09775630036908364,0.43172864289611534,0.3627307008,1.4,3.859612646275349,6.7571712,3.9105331199999998,1,HEADROOM
540p,15,4,adversarial,finishing_owner,0.2,125,59.87503242549393,54.814502101562084,65.63211196484372,65.63211196484394,0,503352192,634315200,1137667392,1896112.32,108.49641723632813,0.38798546611235,0.48772613906843804,0.48772613906843804,0.30483811026994456,0.3627307008,1.6,4.410985881457542,6.7571712,3.9105331199999998,1,HEADROOM
540p,15,4,adversarial,finishing_owner,0.3,125,59.97185191811172,38.636651101562165,49.45426096484334,49.45426096484391,0,379411200,429720000,809131200,1348552.0,77.16476440429688,0.2929222889291502,0.33249428397918795,0.33249428397918795,0.34166780422573934,0.3627307008,2.4,6.616478822186313,6.7571712,3.9105331199999998,1,HEADROOM
540p,15,4,adversarial,finishing_owner,0.4,125,59.925542897144815,44.17554176367161,46.63877296484361,46.63877296484395,0,379411200,431102400,810513600,1350856.0,77.29660034179688,0.2926961004092723,0.3332909174687115,0.3332909174687115,0.34911164286196494,0.3627307008,3.2,8.821971762915084,6.7571712,3.9105331199999998,1,HEADROOM
540p,15,4,adversarial,finishing_owner,0.5,125,59.93565521973143,42.486248963671734,44.94948016484341,44.949480164843976,0,379411200,431102400,810513600,1350856.0,77.29660034179688,0.29274549232537495,0.33334715968379525,0.33334715968379525,0.2987859571324519,0.3627307008,4.0,11.027464703643854,6.7571712,3.9105331199999998,1,HEADROOM
540p,15,4,adversarial,finishing_owner,0.6,125,60.00562508998306,33.00567510156179,43.823284964843424,43.82328496484399,0,377724928,428337600,806062528,1343437.5466666666,76.87211303710937,0.2917846026797392,0.33162674188676255,0.33162674188676255,0.26689162906490543,0.3627307008,4.8,13.232957644372625,6.7571712,3.9105331199999998,1,HEADROOM
540p,15,4,adversarial,finishing_owner,0.7,125,60.01045293427573,32.06588252706456,43.01885982198655,43.01885982198678,0,377724928,428337600,806062528,1343437.5466666666,76.87211303710937,0.29180807865597685,0.33165342342321374,0.33165342342321374,0.24276347602795423,0.3627307008,5.6,15.438450585101396,6.7571712,3.9105331199999998,1,HEADROOM
540p,15,4,adversarial,independent_au,0.2,125,60.05000780011926,38.184926139843355,40.34410415234379,40.3441041523439,0,503352192,45000000,548352192,913920.32,52.29494018554688,0.3891192926763134,0.03916489070739066,0.3891192926763134,0.30572895175067255,0.3627307008,1.6,4.410985881457542,6.7571712,3.9105331199999998,1,HEADROOM
540p,15,4,adversarial,independent_au,0.3,125,60.1336905780463,29.9113689773435,34.713128152343415,34.71312815234387,0,379411200,45000000,424411200,707352.0,40.475006103515625,0.29371276227938115,0.03921946899924555,0.29371276227938115,0.3425898211021597,0.3627307008,2.4,6.616478822186313,6.7571712,3.9105331199999998,1,HEADROOM
540p,15,4,adversarial,independent_au,0.4,125,60.166083689238,26.784142552343383,30.5799897773436,30.579989777343826,0,379411200,45000000,424411200,707352.0,40.475006103515625,0.2938709809098274,0.03924059593504409,0.2938709809098274,0.3505129750325738,0.3627307008,3.2,8.821971762915084,6.7571712,3.9105331199999998,1,HEADROOM
540p,15,4,adversarial,independent_au,0.5,125,60.18021387586551,25.806509272342737,27.201404177343647,27.201404177343875,0,379411200,45000000,424411200,707352.0,40.475006103515625,0.29393999739802223,0.039249811707617904,0.29393999739802223,0.3000051094363712,0.3627307008,4.0,11.027464703643854,6.7571712,3.9105331199999998,1,HEADROOM
540p,15,4,adversarial,independent_au,0.6,125,60.193663193211144,24.94901377734277,25.601218367187357,25.6012183671877,0,377724928,45000000,422724928,704541.5466666666,40.31419067382812,0.29269896067795653,0.03925858341412099,0.29269896067795653,0.2677279805839765,0.3627307008,4.8,13.232957644372625,6.7571712,3.9105331199999998,1,HEADROOM
540p,15,4,adversarial,independent_au,0.7,125,60.20403014399023,23.340163491629028,24.68921409520067,24.68921409520101,0,377724928,45000000,422724928,704541.5466666666,40.31419067382812,0.2927493712287931,0.0392653447870018,0.2927493712287931,0.24354656420696785,0.3627307008,5.6,15.438450585101396,6.7571712,3.9105331199999998,1,HEADROOM
540p,15,4,adversarial,raw_gather,0.2,125,41.79494198115407,2210.2811183124827,4131.967186020796,4303.418436020795,578,503352192,1866240000,2369592192,3949320.32,225.98192138671874,0.27082791255061134,0.9951571599503294,0.9951571599503294,0.21278804563873902,0.3627307008,1.6,4.410985881457542,6.7571712,3.9105331199999998,1,INTERCONNECT
540p,15,4,adversarial,raw_gather,0.3,125,41.811342223365,2204.6501423124823,4126.336210020796,4297.787460020794,576,379411200,1866240000,2245651200,3742752.0,214.1619873046875,0.20422037465161746,0.9955476574049852,0.9955476574049852,0.23820490834090385,0.3627307008,2.4,6.616478822186313,6.7571712,3.9105331199999998,1,INTERCONNECT
540p,15,4,adversarial,raw_gather,0.4,125,41.819547171981526,2201.834654312482,4123.520722020796,4294.971972020794,576,379411200,1866240000,2245651200,3742752.0,214.1619873046875,0.20426045032466122,0.9957430210776143,0.9957430210776143,0.24363051398654112,0.3627307008,3.2,8.821971762915084,6.7571712,3.9105331199999998,1,INTERCONNECT
540p,15,4,adversarial,raw_gather,0.5,125,41.82447168704644,2200.1453615124824,4121.831429220796,4293.282679220794,576,379411200,1866240000,2245651200,3742752.0,214.1619873046875,0.2042845032791481,0.9958602760896763,0.9958602760896763,0.20849967784216877,0.3627307008,4.0,11.027464703643854,6.7571712,3.9105331199999998,1,INTERCONNECT
540p,15,4,adversarial,raw_gather,0.6,125,41.82775534146548,2199.019166312482,4120.705234020796,4292.156484020794,576,377724928,1866240000,2243964928,3739941.546666667,214.001171875,0.20339251453497842,0.9959384614406068,0.9959384614406068,0.18604052114233502,0.3627307008,4.8,13.232957644372625,6.7571712,3.9105331199999998,1,INTERCONNECT
540p,15,4,adversarial,raw_gather,0.7,125,41.83010112459993,2198.2147411696255,4119.900808877939,4291.352058877937,576,377724928,1866240000,2243964928,3739941.546666667,214.001171875,0.20340392118891845,0.9959943156366238,0.9959943156366238,0.16921753219777252,0.3627307008,5.6,15.438450585101396,6.7571712,3.9105331199999998,1,INTERCONNECT
540p,15,8,optimistic,owner_only,0.2,125,60.265537754669616,13.873658610778875,15.515066610782014,15.515066610782014,0,126470400,15000000,141470400,235784.0,13.491668701171875,0.09812159424874813,0.01631598212458158,0.09812159424874813,0.1315553683696695,0.02278388736,0.4,17.55626657030664,0.410462208,0.2875392,1,HEADROOM
540p,15,8,optimistic,owner_only,0.3,125,60.27941449940652,12.847503090779355,14.249295090781743,14.249295090781743,0,126470400,15000000,141470400,235784.0,13.491668701171875,0.09814418773031815,0.016319739043170713,0.09814418773031815,0.11251066878427966,0.02278388736,0.6,26.334399855459957,0.410462208,0.2875392,1,HEADROOM
540p,15,8,optimistic,owner_only,0.4,125,60.28635526849567,12.33442533078096,13.616409330782517,13.616409330782517,0,126470400,15000000,141470400,235784.0,13.491668701171875,0.09815548837333427,0.01632161815134113,0.09815548837333427,0.10298502968801401,0.02278388736,0.8,35.11253314061328,0.410462208,0.2875392,1,HEADROOM
540p,15,8,optimistic,owner_only,0.5,125,60.29052049721778,12.026578674778648,13.236677874781435,13.236677874781435,0,126470400,15000000,141470400,235784.0,13.491668701171875,0.09816227000837563,0.016322745823969746,0.09816227000837563,0.0972685932167731,0.02278388736,1.0,43.8906664257666,0.410462208,0.2875392,1,HEADROOM
540p,15,8,optimistic,owner_only,0.6,125,60.29329763613467,11.821347570779835,12.98352357078113,12.983523570781472,0,126470400,15000000,141470400,235784.0,13.491668701171875,0.09816679161903619,0.016323497692294724,0.09816679161903619,0.09345719671261198,0.02278388736,1.2,52.66879971091991,0.410462208,0.2875392,1,HEADROOM
540p,15,8,optimistic,owner_only,0.7,125,60.29528146343428,11.674753925066398,12.802699067923982,12.802699067924323,0,126470400,15000000,141470400,235784.0,13.491668701171875,0.0981700215959783,0.016324034783507458,0.0981700215959783,0.09073455565617701,0.02278388736,1.4,61.44693299607324,0.410462208,0.2875392,1,HEADROOM
540p,15,8,optimistic,finishing_owner,0.2,125,60.17947526412096,13.873658610778875,25.484252238281442,25.484252238281442,0,252097664,222360000,474457664,790762.7733333333,45.247808837890624,0.19530973266168883,0.17496903280203693,0.19530973266168883,0.10660031333183986,0.02278388736,3.2,140.45013256245312,0.410462208,0.2875392,1,HEADROOM
540p,15,8,optimistic,finishing_owner,0.3,125,60.17881589937561,12.847503090779355,14.249295090781743,14.249295090781743,0,127313536,17764800,145078336,241797.22666666665,13.835748291015625,0.09863360033866767,0.01840816499140748,0.09863360033866767,0.1119174213420436,0.02278388736,4.8,210.67519884367965,0.410462208,0.2875392,1,HEADROOM
540p,15,8,optimistic,finishing_owner,0.4,125,60.17984819814823,12.33442533078096,13.616409330782517,13.616409330782517,0,127313536,17764800,145078336,241797.22666666665,13.835748291015625,0.09863529228529452,0.01840848076242828,0.09863529228529452,0.10243190662954822,0.02278388736,6.4,280.90026512490624,0.410462208,0.2875392,1,HEADROOM
540p,15,8,optimistic,finishing_owner,0.5,125,60.2445561600198,12.026578674778648,13.236677874781435,13.236677874781435,0,127313536,16382400,143695936,239493.22666666665,13.703912353515625,0.09874134919509883,0.01736928801417299,0.09874134919509883,0.09701895091637894,0.02278388736,8.0,351.1253314061328,0.410462208,0.2875392,1,HEADROOM
540p,15,8,optimistic,finishing_owner,0.6,125,60.24624904668882,11.821347570779835,12.98352357078113,12.983523570781472,0,127313536,16382400,143695936,239493.22666666665,13.703912353515625,0.09874412385100781,0.017369776095387354,0.09874412385100781,0.0932156469744196,0.02278388736,9.6,421.3503976873593,0.410462208,0.2875392,1,HEADROOM
540p,15,8,optimistic,finishing_owner,0.7,125,60.24654464693877,11.674753925066398,12.802699067923982,12.802699067924323,0,127313536,16382400,143695936,239493.22666666665,13.703912353515625,0.09874460834237704,0.017369861320778755,0.09874460834237704,0.090497498002647,0.02278388736,11.2,491.5754639685859,0.410462208,0.2875392,1,HEADROOM
540p,15,8,optimistic,independent_au,0.2,125,60.2893853104252,13.940415812927313,15.00413444042988,15.00413444042988,0,252097664,20250000,272347664,453912.7733333333,25.973097229003905,0.19566644068658104,0.020347189171901883,0.19566644068658104,0.10679500504895648,0.02278388736,3.2,140.45013256245312,0.410462208,0.2875392,1,HEADROOM
540p,15,8,optimistic,independent_au,0.3,125,60.29703024301218,12.914260292927793,14.31605229293018,14.31605229293018,0,127313536,20250000,147563536,245939.22666666665,14.072755432128906,0.09882735467148877,0.02034976927599073,0.09882735467148877,0.11213727020925245,0.02278388736,4.8,210.67519884367965,0.410462208,0.2875392,1,HEADROOM
540p,15,8,optimistic,independent_au,0.4,125,60.29910299554726,12.401182532929397,13.683166532930954,13.683166532930954,0,127313536,20250000,147563536,245939.22666666665,14.072755432128906,0.09883075193084143,0.02035046881352492,0.09883075193084143,0.10263488979813452,0.02278388736,6.4,280.90026512490624,0.410462208,0.2875392,1,HEADROOM
540p,15,8,optimistic,independent_au,0.5,125,60.300706036301634,12.093335876927085,13.303435076929873,13.303435076929873,0,127313536,20250000,147563536,245939.22666666665,14.072755432128906,0.09883337932851835,0.020351009827060083,0.09883337932851835,0.09710937571885367,0.02278388736,8.0,351.1253314061328,0.410462208,0.2875392,1,HEADROOM
540p,15,8,optimistic,independent_au,0.6,125,60.30306949151404,11.888104772928273,13.050280772929568,13.05028077292991,0,127313536,20250000,147563536,245939.22666666665,14.072755432128906,0.09883725305207627,0.020351807474441264,0.09883725305207627,0.09330356206638908,0.02278388736,9.6,421.3503976873593,0.410462208,0.2875392,1,HEADROOM
540p,15,8,optimistic,independent_au,0.7,125,60.30475778724167,11.741511127214835,12.869456270072419,12.86945627007276,0,127313536,20250000,147563536,245939.22666666665,14.072755432128906,0.0988400201833926,0.020352377260853444,0.0988400201833926,0.09058494108472187,0.02278388736,11.2,491.5754639685859,0.410462208,0.2875392,1,HEADROOM
540p,15,8,optimistic,raw_gather,0.2,125,41.846801160696515,2192.4905058324825,4114.176573540795,4285.6278235407935,575,252097664,1866240000,2118337664,3530562.7733333334,202.02042236328126,0.1358118779130546,0.9963919513242254,0.9963919513242254,0.07412630462607288,0.02278388736,3.2,140.45013256245312,0.410462208,0.2875392,1,INTERCONNECT
540p,15,8,optimistic,raw_gather,0.3,125,41.84779949403023,2192.1484539924827,4113.834521700795,4285.285771700794,575,127313536,1866240000,1993553536,3322589.2266666666,190.12008056640624,0.06858890572470873,0.9964157221088699,0.9964157221088699,0.07782635364647203,0.02278388736,4.8,210.67519884367965,0.410462208,0.2875392,1,INTERCONNECT
540p,15,8,optimistic,raw_gather,0.4,125,41.84829867856012,2191.977428072483,4113.663495780796,4285.114745780795,575,127313536,1866240000,1993553536,3322589.2266666666,190.12008056640624,0.06858972389247558,0.9964276079265193,0.9964276079265193,0.0712298410712777,0.02278388736,6.4,280.90026512490624,0.410462208,0.2875392,1,INTERCONNECT
540p,15,8,optimistic,raw_gather,0.5,125,41.84859819499447,2191.8748125204825,4113.560880228795,4285.0121302287935,575,127313536,1866240000,1993553536,3322589.2266666666,190.12008056640624,0.06859021480250498,0.9964347395532196,0.9964347395532196,0.0673937589218036,0.02278388736,8.0,351.1253314061328,0.410462208,0.2875392,1,INTERCONNECT
540p,15,8,optimistic,raw_gather,0.6,125,41.84879787499927,2191.806402152482,4113.492469860796,4284.943719860794,575,127313536,1866240000,1993553536,3322589.2266666666,190.12008056640624,0.06859054207976184,0.9964394940277339,0.9964394940277339,0.06475030115147348,0.02278388736,9.6,421.3503976873593,0.410462208,0.2875392,1,INTERCONNECT
540p,15,8,optimistic,raw_gather,0.7,125,41.84894050474079,2191.757537603911,4113.4436053122245,4284.894855312223,575,127313536,1866240000,1993553536,3322589.2266666666,190.12008056640624,0.06859077585114319,0.9964428901087371,0.9964428901087371,0.06286210158499286,0.02278388736,11.2,491.5754639685859,0.410462208,0.2875392,1,INTERCONNECT
540p,15,8,median,owner_only,0.2,125,60.10095851359775,26.28871653078022,30.363148530781473,30.363148530781473,0,126470400,15000000,141470400,235784.0,13.491668701171875,0.09785363385022054,0.016271424786251057,0.09785363385022054,0.3542920925008908,0.09870501888,0.4,4.052478835815811,1.810059264,1.1501568,1,HEADROOM
540p,15,8,median,owner_only,0.3,125,60.1612738091682,21.763568370781172,24.879536370781352,24.879536370781352,0,126470400,15000000,141470400,235784.0,13.491668701171875,0.09795183645787085,0.01628775423955109,0.09795183645787085,0.27217237494417584,0.09870501888,0.6,6.078718253723716,1.810059264,1.1501568,1,HEADROOM
540p,15,8,median,owner_only,0.4,125,60.19147687754247,19.500994290780454,22.1377302907822,22.1377302907822,0,126470400,15000000,141470400,235784.0,13.491668701171875,0.09800101171342324,0.016295931263138073,0.09800101171342324,0.23105067570049911,0.09870501888,0.8,8.104957671631622,1.810059264,1.1501568,1,HEADROOM
540p,15,8,median,owner_only,0.5,125,60.209613279432226,18.143449842778864,20.492646642781438,20.492646642781438,0,126470400,15000000,141470400,235784.0,13.491668701171875,0.0980305405740899,0.01630084141942411,0.0980305405740899,0.2063578314295324,0.09870501888,1.0,10.131197089539526,1.810059264,1.1501568,1,HEADROOM
540p,15,8,median,owner_only,0.6,125,60.22171028714726,17.238420210780987,19.39592421078214,19.39592421078305,0,126470400,15000000,141470400,235784.0,13.491668701171875,0.09805023636918045,0.016304116501153952,0.09805023636918045,0.1898876666488138,0.09870501888,1.2,12.157436507447432,1.810059264,1.1501568,1,HEADROOM
540p,15,8,median,owner_only,0.7,125,60.23035398345534,16.591970473638185,18.61255104506745,18.61255104506745,0,126470400,15000000,141470400,235784.0,13.491668701171875,0.09806430964046534,0.016306456651092163,0.09806430964046534,0.17811921069163997,0.09870501888,1.4,14.183675925355338,1.810059264,1.1501568,1,HEADROOM
540p,15,8,median,finishing_owner,0.2,125,60.083428477980895,27.232949302421474,30.87527309734378,30.875273097344007,0,253783936,223742400,477526336,795877.2266666667,45.540460205078126,0.1962943406526642,0.17574593524284446,0.1962943406526642,0.2558752399871195,0.09870501888,3.2,32.41983068652649,1.810059264,1.1501568,1,HEADROOM
540p,15,8,median,finishing_owner,0.3,125,60.094069619230446,27.364914533203113,29.10698454156227,29.10698454156261,0,252940800,223742400,476683200,794472.0,45.460052490234375,0.19568483533451012,0.1757770609187309,0.19568483533451012,0.1965377412251542,0.09870501888,4.8,48.62974602978973,1.810059264,1.1501568,1,HEADROOM
540p,15,8,median,finishing_owner,0.4,125,60.09860931072883,26.614947669921868,28.352793181562447,28.352793181562674,0,252940800,223742400,476683200,794472.0,45.460052490234375,0.1956996179709493,0.17579033966044572,0.1956996179709493,0.16673737012458134,0.09870501888,6.4,64.83966137305298,1.810059264,1.1501568,1,HEADROOM
540p,15,8,median,finishing_owner,0.5,125,60.10296339978312,16.705947378779456,27.629543502281194,27.62954350228142,0,252940800,223742400,476683200,794472.0,45.460052490234375,0.19571379622855475,0.1758030755091208,0.19571379622855475,0.14885902314192861,0.09870501888,8.0,81.04957671631621,1.810059264,1.1501568,1,HEADROOM
540p,15,8,median,finishing_owner,0.6,125,60.16834935750175,15.910901490780816,27.327866958281447,27.327866958281447,0,252097664,222360000,474457664,790762.7733333333,45.247808837890624,0.1952736240409692,0.1749366847446359,0.1952736240409692,0.13743052022115287,0.09870501888,9.6,97.25949205957946,1.810059264,1.1501568,1,HEADROOM
540p,15,8,median,finishing_owner,0.7,125,60.169649550543355,15.343011570781073,27.112383712566952,27.112383712567066,0,252097664,222360000,474457664,790762.7733333333,45.247808837890624,0.19527784375797821,0.17494046499559265,0.19527784375797821,0.1288831774300726,0.09870501888,11.2,113.4694074028427,1.810059264,1.1501568,1,HEADROOM
540p,15,8,median,independent_au,0.2,125,60.217692560327905,20.362839015311692,24.013948261406313,24.013948261406426,0,253783936,27000000,280783936,467973.2266666667,26.777642822265626,0.1967329853869157,0.025491519448518237,0.1967329853869157,0.2564470258382678,0.09870501888,3.2,32.41983068652649,1.810059264,1.1501568,1,HEADROOM
540p,15,8,median,independent_au,0.3,125,60.24875968292612,17.71490522585929,20.03871882140629,20.03871882140629,0,252940800,27000000,279940800,466568.0,26.697235107421875,0.1961885539182901,0.025504670868412457,0.1961885539182901,0.19704365530122459,0.09870501888,4.8,48.62974602978973,1.810059264,1.1501568,1,HEADROOM
540p,15,8,median,independent_au,0.4,125,60.255884315074454,16.88653216890603,18.111093962812447,18.111093962812674,0,252940800,27000000,279940800,466568.0,26.697235107421875,0.19621175391918202,0.02550768688731406,0.19621175391918202,0.16717371334302983,0.09870501888,6.4,64.83966137305298,1.810059264,1.1501568,1,HEADROOM
540p,15,8,median,independent_au,0.5,125,60.25862273608731,16.32814459915535,17.281858023312452,17.28185802331268,0,252940800,27000000,279940800,466568.0,26.697235107421875,0.19622067106305952,0.02550884612323858,0.19622067106305952,0.14924454983536362,0.09870501888,8.0,81.04957671631621,1.810059264,1.1501568,1,HEADROOM
540p,15,8,median,independent_au,0.6,125,60.2629461072883,15.834775255156032,16.933579848906447,16.933579848906447,0,252097664,27000000,279097664,465162.7733333333,26.616827392578124,0.1955806334628757,0.025510676304641537,0.1955806334628757,0.13764658864704818,0.09870501888,9.6,97.25949205957946,1.810059264,1.1501568,1,HEADROOM
540p,15,8,median,independent_au,0.7,125,60.26899249653478,15.482368580870443,16.718096603191952,16.718096603192066,0,252097664,27000000,279097664,465162.7733333333,26.616827392578124,0.19560025674244264,0.025513235878788548,0.19560025674244264,0.1290959696705174,0.09870501888,11.2,113.4694074028427,1.810059264,1.1501568,1,HEADROOM
540p,15,8,median,raw_gather,0.2,125,41.83472648586175,2196.628858472482,4118.314926180796,4289.766176180794,576,253783936,1866240000,2120023936,3533373.2266666666,202.18123779296874,0.13667529067413736,0.9961044476564059,0.9961044476564059,0.17816011753204639,0.09870501888,3.2,32.41983068652649,1.810059264,1.1501568,1,INTERCONNECT
540p,15,8,median,raw_gather,0.3,125,41.83912676111138,2195.1204757524824,4116.806543460796,4288.257793460794,575,252940800,1866240000,2119180800,3531968.0,202.100830078125,0.13624110802720207,0.9962092202727285,0.9962092202727285,0.13683492432055785,0.09870501888,4.8,48.62974602978973,1.810059264,1.1501568,1,INTERCONNECT
540p,15,8,median,raw_gather,0.4,125,41.841327245877956,2194.3662843924826,4116.052352100796,4287.5036021007945,575,252940800,1866240000,2119180800,3531968.0,202.100830078125,0.13624827348465787,0.9962616148464979,0.9962616148464979,0.11608443102949191,0.09870501888,6.4,64.83966137305298,1.810059264,1.1501568,1,INTERCONNECT
540p,15,8,median,raw_gather,0.5,125,41.842647647844295,2193.9137695764825,4115.599837284795,4287.0510872847935,576,252940800,1866240000,2119180800,3531968.0,202.100830078125,0.13625257312092806,0.9962930542362549,0.9962930542362549,0.10363308732548275,0.09870501888,8.0,81.04957671631621,1.810059264,1.1501568,1,INTERCONNECT
540p,15,8,median,raw_gather,0.6,125,41.84352796212105,2193.612093032483,4115.298160740796,4286.749410740795,576,252097664,1866240000,2118337664,3530562.7733333334,202.02042236328126,0.13580125489688644,0.9963140149318318,0.9963140149318318,0.09557479766570452,0.09870501888,9.6,97.25949205957946,1.810059264,1.1501568,1,INTERCONNECT
540p,15,8,median,raw_gather,0.7,125,41.844156780711714,2193.3966097867683,4115.082677495082,4286.53392749508,576,252097664,1866240000,2118337664,3530562.7733333334,202.02042236328126,0.13580329569884253,0.9963289873972343,0.9963289873972343,0.08963003645633737,0.09870501888,11.2,113.4694074028427,1.810059264,1.1501568,1,INTERCONNECT
540p,15,8,adversarial,owner_only,0.2,125,55.28105804577346,447.70546191746234,801.8068571175627,848.3495557842361,468,126470400,15000000,141470400,235784.0,13.491668701171875,0.0900060921930226,0.014966509692065408,0.0900060921930226,0.994290593892251,0.3627307008,0.4,1.1027464703643854,6.7571712,3.9105331199999998,1,BURST_OR_PER_FRAME_LATENCY
540p,15,8,adversarial,owner_only,0.3,125,59.78788101280791,50.352568050780974,58.57604325078137,58.57604325078137,0,126470400,15000000,141470400,235784.0,13.491668701171875,0.09734389537205466,0.016186663791878282,0.09734389537205466,0.7741438146996764,0.3627307008,0.6,1.6541197055465782,6.7571712,3.9105331199999998,1,NODE_QUEUE_HEADROOM_LOW
540p,15,8,adversarial,owner_only,0.4,125,59.89843456245224,41.906104050780414,48.50019045078102,48.50019045078136,0,126470400,15000000,141470400,235784.0,13.491668701171875,0.09752389360894287,0.016216594492026497,0.09752389360894287,0.6246933287636953,0.3627307008,0.8,2.205492940728771,6.7571712,3.9105331199999998,1,HEADROOM
540p,15,8,adversarial,owner_only,0.5,125,59.96496315740199,36.83822565078094,42.454678770781356,42.454678770781356,0,126470400,15000000,141470400,235784.0,13.491668701171875,0.09763221242667536,0.01623460610208451,0.09763221242667536,0.5347574481351147,0.3627307008,1.0,2.7568661759109636,6.7571712,3.9105331199999998,1,HEADROOM
540p,15,8,adversarial,owner_only,0.6,125,60.00939771781648,33.45964005077985,38.424337650781126,38.42433765078147,0,126470400,15000000,141470400,235784.0,13.491668701171875,0.09770455874714397,0.01624663608672329,0.09770455874714397,0.4746891222635246,0.3627307008,1.2,3.3082394110931563,6.7571712,3.9105331199999998,1,HEADROOM
540p,15,8,adversarial,owner_only,0.7,125,60.041177028929056,31.04636462220924,35.545522565067586,35.545522565067586,0,126470400,15000000,141470400,235784.0,13.491668701171875,0.09775630036908364,0.016255239854172526,0.09775630036908364,0.43172864289611534,0.3627307008,1.4,3.859612646275349,6.7571712,3.9105331199999998,1,HEADROOM
540p,15,8,adversarial,finishing_owner,0.2,125,59.87503242549393,54.814502101562084,65.63211196484372,65.63211196484394,0,504195328,634315200,1138510528,1897517.5466666666,108.57682495117187,0.3886353713878106,0.48772613906843804,0.48772613906843804,0.30483811026994456,0.3627307008,3.2,8.821971762915084,6.7571712,3.9105331199999998,1,HEADROOM
540p,15,8,adversarial,finishing_owner,0.3,125,59.97185191811172,38.636651101562165,49.45426096484334,49.45426096484391,0,379411200,429720000,809131200,1348552.0,77.16476440429688,0.2929222889291502,0.33249428397918795,0.33249428397918795,0.34166780422573934,0.3627307008,4.8,13.232957644372625,6.7571712,3.9105331199999998,1,HEADROOM
540p,15,8,adversarial,finishing_owner,0.4,125,59.925542897144815,44.17554176367161,46.63877296484361,46.63877296484395,0,379411200,431102400,810513600,1350856.0,77.29660034179688,0.2926961004092723,0.3332909174687115,0.3332909174687115,0.34911164286196494,0.3627307008,6.4,17.643943525830167,6.7571712,3.9105331199999998,1,HEADROOM
540p,15,8,adversarial,finishing_owner,0.5,125,59.93565521973143,42.486248963671734,44.94948016484341,44.949480164843976,0,379411200,431102400,810513600,1350856.0,77.29660034179688,0.29274549232537495,0.33334715968379525,0.33334715968379525,0.2987859571324519,0.3627307008,8.0,22.05492940728771,6.7571712,3.9105331199999998,1,HEADROOM
540p,15,8,adversarial,finishing_owner,0.6,125,60.00562508998306,33.00567510156179,43.823284964843424,43.82328496484399,0,377724928,428337600,806062528,1343437.5466666666,76.87211303710937,0.2917846026797392,0.33162674188676255,0.33162674188676255,0.26689162906490543,0.3627307008,9.6,26.46591528874525,6.7571712,3.9105331199999998,1,HEADROOM
540p,15,8,adversarial,finishing_owner,0.7,125,60.01045293427573,32.06588252706456,43.01885982198655,43.01885982198678,0,377724928,428337600,806062528,1343437.5466666666,76.87211303710937,0.29180807865597685,0.33165342342321374,0.33165342342321374,0.24276347602795423,0.3627307008,11.2,30.876901170202792,6.7571712,3.9105331199999998,1,HEADROOM
540p,15,8,adversarial,independent_au,0.2,125,60.07596680225689,38.184926139843355,40.34410415234379,40.3441041523439,0,504195328,45000000,549195328,915325.5466666666,52.37534790039062,0.38993959124330757,0.039181821287732586,0.38993959124330757,0.30586111523911785,0.3627307008,3.2,8.821971762915084,6.7571712,3.9105331199999998,1,HEADROOM
540p,15,8,adversarial,independent_au,0.3,125,60.1336905780463,29.9113689773435,34.713128152343415,34.71312815234387,0,379411200,45000000,424411200,707352.0,40.475006103515625,0.29371276227938115,0.03921946899924555,0.29371276227938115,0.3425898211021597,0.3627307008,4.8,13.232957644372625,6.7571712,3.9105331199999998,1,HEADROOM
540p,15,8,adversarial,independent_au,0.4,125,60.166083689238,26.784142552343383,30.5799897773436,30.579989777343826,0,379411200,45000000,424411200,707352.0,40.475006103515625,0.2938709809098274,0.03924059593504409,0.2938709809098274,0.3505129750325738,0.3627307008,6.4,17.643943525830167,6.7571712,3.9105331199999998,1,HEADROOM
540p,15,8,adversarial,independent_au,0.5,125,60.18021387586551,25.806509272342737,27.201404177343647,27.201404177343875,0,379411200,45000000,424411200,707352.0,40.475006103515625,0.29393999739802223,0.039249811707617904,0.29393999739802223,0.3000051094363712,0.3627307008,8.0,22.05492940728771,6.7571712,3.9105331199999998,1,HEADROOM
540p,15,8,adversarial,independent_au,0.6,125,60.193663193211144,24.94901377734277,25.601218367187357,25.6012183671877,0,377724928,45000000,422724928,704541.5466666666,40.31419067382812,0.29269896067795653,0.03925858341412099,0.29269896067795653,0.2677279805839765,0.3627307008,9.6,26.46591528874525,6.7571712,3.9105331199999998,1,HEADROOM
540p,15,8,adversarial,independent_au,0.7,125,60.20403014399023,23.340163491629028,24.68921409520067,24.68921409520101,0,377724928,45000000,422724928,704541.5466666666,40.31419067382812,0.2927493712287931,0.0392653447870018,0.2927493712287931,0.24354656420696785,0.3627307008,11.2,30.876901170202792,6.7571712,3.9105331199999998,1,HEADROOM
540p,15,8,adversarial,raw_gather,0.2,125,41.79494198115407,2210.2811183124827,4131.967186020796,4303.418436020795,578,504195328,1866240000,2370435328,3950725.546666667,226.0623291015625,0.27128156997977304,0.9951571599503294,0.9951571599503294,0.21278804563873902,0.3627307008,3.2,8.821971762915084,6.7571712,3.9105331199999998,1,INTERCONNECT
540p,15,8,adversarial,raw_gather,0.3,125,41.811342223365,2204.6501423124823,4126.336210020796,4297.787460020794,576,379411200,1866240000,2245651200,3742752.0,214.1619873046875,0.20422037465161746,0.9955476574049852,0.9955476574049852,0.23820490834090385,0.3627307008,4.8,13.232957644372625,6.7571712,3.9105331199999998,1,INTERCONNECT
540p,15,8,adversarial,raw_gather,0.4,125,41.819547171981526,2201.834654312482,4123.520722020796,4294.971972020794,576,379411200,1866240000,2245651200,3742752.0,214.1619873046875,0.20426045032466122,0.9957430210776143,0.9957430210776143,0.24363051398654112,0.3627307008,6.4,17.643943525830167,6.7571712,3.9105331199999998,1,INTERCONNECT
540p,15,8,adversarial,raw_gather,0.5,125,41.82447168704644,2200.1453615124824,4121.831429220796,4293.282679220794,576,379411200,1866240000,2245651200,3742752.0,214.1619873046875,0.2042845032791481,0.9958602760896763,0.9958602760896763,0.20849967784216877,0.3627307008,8.0,22.05492940728771,6.7571712,3.9105331199999998,1,INTERCONNECT
540p,15,8,adversarial,raw_gather,0.6,125,41.82775534146548,2199.019166312482,4120.705234020796,4292.156484020794,576,377724928,1866240000,2243964928,3739941.546666667,214.001171875,0.20339251453497842,0.9959384614406068,0.9959384614406068,0.18604052114233502,0.3627307008,9.6,26.46591528874525,6.7571712,3.9105331199999998,1,INTERCONNECT
540p,15,8,adversarial,raw_gather,0.7,125,41.83010112459993,2198.2147411696255,4119.900808877939,4291.352058877937,576,377724928,1866240000,2243964928,3739941.546666667,214.001171875,0.20340392118891845,0.9959943156366238,0.9959943156366238,0.16921753219777252,0.3627307008,11.2,30.876901170202792,6.7571712,3.9105331199999998,1,INTERCONNECT
540p,15,16,optimistic,owner_only,0.2,125,60.265537754669616,13.873658610778875,15.515066610782014,15.515066610782014,0,126470400,15000000,141470400,235784.0,13.491668701171875,0.09812159424874813,0.01631598212458158,0.09812159424874813,0.1315553683696695,0.02278388736,0.4,17.55626657030664,0.410462208,0.2875392,1,HEADROOM
540p,15,16,optimistic,owner_only,0.3,125,60.27941449940652,12.847503090779355,14.249295090781743,14.249295090781743,0,126470400,15000000,141470400,235784.0,13.491668701171875,0.09814418773031815,0.016319739043170713,0.09814418773031815,0.11251066878427966,0.02278388736,0.6,26.334399855459957,0.410462208,0.2875392,1,HEADROOM
540p,15,16,optimistic,owner_only,0.4,125,60.28635526849567,12.33442533078096,13.616409330782517,13.616409330782517,0,126470400,15000000,141470400,235784.0,13.491668701171875,0.09815548837333427,0.01632161815134113,0.09815548837333427,0.10298502968801401,0.02278388736,0.8,35.11253314061328,0.410462208,0.2875392,1,HEADROOM
540p,15,16,optimistic,owner_only,0.5,125,60.29052049721778,12.026578674778648,13.236677874781435,13.236677874781435,0,126470400,15000000,141470400,235784.0,13.491668701171875,0.09816227000837563,0.016322745823969746,0.09816227000837563,0.0972685932167731,0.02278388736,1.0,43.8906664257666,0.410462208,0.2875392,1,HEADROOM
540p,15,16,optimistic,owner_only,0.6,125,60.29329763613467,11.821347570779835,12.98352357078113,12.983523570781472,0,126470400,15000000,141470400,235784.0,13.491668701171875,0.09816679161903619,0.016323497692294724,0.09816679161903619,0.09345719671261198,0.02278388736,1.2,52.66879971091991,0.410462208,0.2875392,1,HEADROOM
540p,15,16,optimistic,owner_only,0.7,125,60.29528146343428,11.674753925066398,12.802699067923982,12.802699067924323,0,126470400,15000000,141470400,235784.0,13.491668701171875,0.0981700215959783,0.016324034783507458,0.0981700215959783,0.09073455565617701,0.02278388736,1.4,61.44693299607324,0.410462208,0.2875392,1,HEADROOM
540p,15,16,optimistic,finishing_owner,0.2,125,60.17947526412096,13.873658610778875,25.484252238281442,25.484252238281442,0,252097664,222360000,474457664,790762.7733333333,45.247808837890624,0.19530973266168883,0.17496903280203693,0.19530973266168883,0.10660031333183986,0.02278388736,6.4,280.90026512490624,0.410462208,0.2875392,1,HEADROOM
540p,15,16,optimistic,finishing_owner,0.3,125,60.17881589937561,12.847503090779355,14.249295090781743,14.249295090781743,0,127313536,17764800,145078336,241797.22666666665,13.835748291015625,0.09863360033866767,0.01840816499140748,0.09863360033866767,0.1119174213420436,0.02278388736,9.6,421.3503976873593,0.410462208,0.2875392,1,HEADROOM
540p,15,16,optimistic,finishing_owner,0.4,125,60.17984819814823,12.33442533078096,13.616409330782517,13.616409330782517,0,127313536,17764800,145078336,241797.22666666665,13.835748291015625,0.09863529228529452,0.01840848076242828,0.09863529228529452,0.10243190662954822,0.02278388736,12.8,561.8005302498125,0.410462208,0.2875392,1,HEADROOM
540p,15,16,optimistic,finishing_owner,0.5,125,60.2445561600198,12.026578674778648,13.236677874781435,13.236677874781435,0,127313536,16382400,143695936,239493.22666666665,13.703912353515625,0.09874134919509883,0.01736928801417299,0.09874134919509883,0.09701895091637894,0.02278388736,16.0,702.2506628122655,0.410462208,0.2875392,1,HEADROOM
540p,15,16,optimistic,finishing_owner,0.6,125,60.24624904668882,11.821347570779835,12.98352357078113,12.983523570781472,0,127313536,16382400,143695936,239493.22666666665,13.703912353515625,0.09874412385100781,0.017369776095387354,0.09874412385100781,0.0932156469744196,0.02278388736,19.2,842.7007953747186,0.410462208,0.2875392,1,HEADROOM
540p,15,16,optimistic,finishing_owner,0.7,125,60.24654464693877,11.674753925066398,12.802699067923982,12.802699067924323,0,127313536,16382400,143695936,239493.22666666665,13.703912353515625,0.09874460834237704,0.017369861320778755,0.09874460834237704,0.090497498002647,0.02278388736,22.4,983.1509279371718,0.410462208,0.2875392,1,HEADROOM
540p,15,16,optimistic,independent_au,0.2,125,60.2893853104252,13.940415812927313,15.00413444042988,15.00413444042988,0,252097664,20250000,272347664,453912.7733333333,25.973097229003905,0.19566644068658104,0.020347189171901883,0.19566644068658104,0.10679500504895648,0.02278388736,6.4,280.90026512490624,0.410462208,0.2875392,1,HEADROOM
540p,15,16,optimistic,independent_au,0.3,125,60.29703024301218,12.914260292927793,14.31605229293018,14.31605229293018,0,127313536,20250000,147563536,245939.22666666665,14.072755432128906,0.09882735467148877,0.02034976927599073,0.09882735467148877,0.11213727020925245,0.02278388736,9.6,421.3503976873593,0.410462208,0.2875392,1,HEADROOM
540p,15,16,optimistic,independent_au,0.4,125,60.29910299554726,12.401182532929397,13.683166532930954,13.683166532930954,0,127313536,20250000,147563536,245939.22666666665,14.072755432128906,0.09883075193084143,0.02035046881352492,0.09883075193084143,0.10263488979813452,0.02278388736,12.8,561.8005302498125,0.410462208,0.2875392,1,HEADROOM
540p,15,16,optimistic,independent_au,0.5,125,60.300706036301634,12.093335876927085,13.303435076929873,13.303435076929873,0,127313536,20250000,147563536,245939.22666666665,14.072755432128906,0.09883337932851835,0.020351009827060083,0.09883337932851835,0.09710937571885367,0.02278388736,16.0,702.2506628122655,0.410462208,0.2875392,1,HEADROOM
540p,15,16,optimistic,independent_au,0.6,125,60.30306949151404,11.888104772928273,13.050280772929568,13.05028077292991,0,127313536,20250000,147563536,245939.22666666665,14.072755432128906,0.09883725305207627,0.020351807474441264,0.09883725305207627,0.09330356206638908,0.02278388736,19.2,842.7007953747186,0.410462208,0.2875392,1,HEADROOM
540p,15,16,optimistic,independent_au,0.7,125,60.30475778724167,11.741511127214835,12.869456270072419,12.86945627007276,0,127313536,20250000,147563536,245939.22666666665,14.072755432128906,0.0988400201833926,0.020352377260853444,0.0988400201833926,0.09058494108472187,0.02278388736,22.4,983.1509279371718,0.410462208,0.2875392,1,HEADROOM
540p,15,16,optimistic,raw_gather,0.2,125,41.846801160696515,2192.4905058324825,4114.176573540795,4285.6278235407935,575,252097664,1866240000,2118337664,3530562.7733333334,202.02042236328126,0.1358118779130546,0.9963919513242254,0.9963919513242254,0.07412630462607288,0.02278388736,6.4,280.90026512490624,0.410462208,0.2875392,1,INTERCONNECT
540p,15,16,optimistic,raw_gather,0.3,125,41.84779949403023,2192.1484539924827,4113.834521700795,4285.285771700794,575,127313536,1866240000,1993553536,3322589.2266666666,190.12008056640624,0.06858890572470873,0.9964157221088699,0.9964157221088699,0.07782635364647203,0.02278388736,9.6,421.3503976873593,0.410462208,0.2875392,1,INTERCONNECT
540p,15,16,optimistic,raw_gather,0.4,125,41.84829867856012,2191.977428072483,4113.663495780796,4285.114745780795,575,127313536,1866240000,1993553536,3322589.2266666666,190.12008056640624,0.06858972389247558,0.9964276079265193,0.9964276079265193,0.0712298410712777,0.02278388736,12.8,561.8005302498125,0.410462208,0.2875392,1,INTERCONNECT
540p,15,16,optimistic,raw_gather,0.5,125,41.84859819499447,2191.8748125204825,4113.560880228795,4285.0121302287935,575,127313536,1866240000,1993553536,3322589.2266666666,190.12008056640624,0.06859021480250498,0.9964347395532196,0.9964347395532196,0.0673937589218036,0.02278388736,16.0,702.2506628122655,0.410462208,0.2875392,1,INTERCONNECT
540p,15,16,optimistic,raw_gather,0.6,125,41.84879787499927,2191.806402152482,4113.492469860796,4284.943719860794,575,127313536,1866240000,1993553536,3322589.2266666666,190.12008056640624,0.06859054207976184,0.9964394940277339,0.9964394940277339,0.06475030115147348,0.02278388736,19.2,842.7007953747186,0.410462208,0.2875392,1,INTERCONNECT
540p,15,16,optimistic,raw_gather,0.7,125,41.84894050474079,2191.757537603911,4113.4436053122245,4284.894855312223,575,127313536,1866240000,1993553536,3322589.2266666666,190.12008056640624,0.06859077585114319,0.9964428901087371,0.9964428901087371,0.06286210158499286,0.02278388736,22.4,983.1509279371718,0.410462208,0.2875392,1,INTERCONNECT
540p,15,16,median,owner_only,0.2,125,60.10095851359775,26.28871653078022,30.363148530781473,30.363148530781473,0,126470400,15000000,141470400,235784.0,13.491668701171875,0.09785363385022054,0.016271424786251057,0.09785363385022054,0.3542920925008908,0.09870501888,0.4,4.052478835815811,1.810059264,1.1501568,1,HEADROOM
540p,15,16,median,owner_only,0.3,125,60.1612738091682,21.763568370781172,24.879536370781352,24.879536370781352,0,126470400,15000000,141470400,235784.0,13.491668701171875,0.09795183645787085,0.01628775423955109,0.09795183645787085,0.27217237494417584,0.09870501888,0.6,6.078718253723716,1.810059264,1.1501568,1,HEADROOM
540p,15,16,median,owner_only,0.4,125,60.19147687754247,19.500994290780454,22.1377302907822,22.1377302907822,0,126470400,15000000,141470400,235784.0,13.491668701171875,0.09800101171342324,0.016295931263138073,0.09800101171342324,0.23105067570049911,0.09870501888,0.8,8.104957671631622,1.810059264,1.1501568,1,HEADROOM
540p,15,16,median,owner_only,0.5,125,60.209613279432226,18.143449842778864,20.492646642781438,20.492646642781438,0,126470400,15000000,141470400,235784.0,13.491668701171875,0.0980305405740899,0.01630084141942411,0.0980305405740899,0.2063578314295324,0.09870501888,1.0,10.131197089539526,1.810059264,1.1501568,1,HEADROOM
540p,15,16,median,owner_only,0.6,125,60.22171028714726,17.238420210780987,19.39592421078214,19.39592421078305,0,126470400,15000000,141470400,235784.0,13.491668701171875,0.09805023636918045,0.016304116501153952,0.09805023636918045,0.1898876666488138,0.09870501888,1.2,12.157436507447432,1.810059264,1.1501568,1,HEADROOM
540p,15,16,median,owner_only,0.7,125,60.23035398345534,16.591970473638185,18.61255104506745,18.61255104506745,0,126470400,15000000,141470400,235784.0,13.491668701171875,0.09806430964046534,0.016306456651092163,0.09806430964046534,0.17811921069163997,0.09870501888,1.4,14.183675925355338,1.810059264,1.1501568,1,HEADROOM
540p,15,16,median,finishing_owner,0.2,125,60.083428477980895,27.232949302421474,30.87527309734378,30.875273097344007,0,253783936,223742400,477526336,795877.2266666667,45.540460205078126,0.1962943406526642,0.17574593524284446,0.1962943406526642,0.2558752399871195,0.09870501888,6.4,64.83966137305298,1.810059264,1.1501568,1,HEADROOM
540p,15,16,median,finishing_owner,0.3,125,60.094069619230446,27.364914533203113,29.10698454156227,29.10698454156261,0,252940800,223742400,476683200,794472.0,45.460052490234375,0.19568483533451012,0.1757770609187309,0.19568483533451012,0.1965377412251542,0.09870501888,9.6,97.25949205957946,1.810059264,1.1501568,1,HEADROOM
540p,15,16,median,finishing_owner,0.4,125,60.09860931072883,26.614947669921868,28.352793181562447,28.352793181562674,0,252940800,223742400,476683200,794472.0,45.460052490234375,0.1956996179709493,0.17579033966044572,0.1956996179709493,0.16673737012458134,0.09870501888,12.8,129.67932274610595,1.810059264,1.1501568,1,HEADROOM
540p,15,16,median,finishing_owner,0.5,125,60.10296339978312,16.705947378779456,27.629543502281194,27.62954350228142,0,252940800,223742400,476683200,794472.0,45.460052490234375,0.19571379622855475,0.1758030755091208,0.19571379622855475,0.14885902314192861,0.09870501888,16.0,162.09915343263242,1.810059264,1.1501568,1,HEADROOM
540p,15,16,median,finishing_owner,0.6,125,60.16834935750175,15.910901490780816,27.327866958281447,27.327866958281447,0,252097664,222360000,474457664,790762.7733333333,45.247808837890624,0.1952736240409692,0.1749366847446359,0.1952736240409692,0.13743052022115287,0.09870501888,19.2,194.51898411915892,1.810059264,1.1501568,1,HEADROOM
540p,15,16,median,finishing_owner,0.7,125,60.169649550543355,15.343011570781073,27.112383712566952,27.112383712567066,0,252097664,222360000,474457664,790762.7733333333,45.247808837890624,0.19527784375797821,0.17494046499559265,0.19527784375797821,0.1288831774300726,0.09870501888,22.4,226.9388148056854,1.810059264,1.1501568,1,HEADROOM
540p,15,16,median,independent_au,0.2,125,60.217692560327905,20.362839015311692,24.013948261406313,24.013948261406426,0,253783936,27000000,280783936,467973.2266666667,26.777642822265626,0.1967329853869157,0.025491519448518237,0.1967329853869157,0.2564470258382678,0.09870501888,6.4,64.83966137305298,1.810059264,1.1501568,1,HEADROOM
540p,15,16,median,independent_au,0.3,125,60.24875968292612,17.71490522585929,20.03871882140629,20.03871882140629,0,252940800,27000000,279940800,466568.0,26.697235107421875,0.1961885539182901,0.025504670868412457,0.1961885539182901,0.19704365530122459,0.09870501888,9.6,97.25949205957946,1.810059264,1.1501568,1,HEADROOM
540p,15,16,median,independent_au,0.4,125,60.255884315074454,16.88653216890603,18.111093962812447,18.111093962812674,0,252940800,27000000,279940800,466568.0,26.697235107421875,0.19621175391918202,0.02550768688731406,0.19621175391918202,0.16717371334302983,0.09870501888,12.8,129.67932274610595,1.810059264,1.1501568,1,HEADROOM
540p,15,16,median,independent_au,0.5,125,60.25862273608731,16.32814459915535,17.281858023312452,17.28185802331268,0,252940800,27000000,279940800,466568.0,26.697235107421875,0.19622067106305952,0.02550884612323858,0.19622067106305952,0.14924454983536362,0.09870501888,16.0,162.09915343263242,1.810059264,1.1501568,1,HEADROOM
540p,15,16,median,independent_au,0.6,125,60.2629461072883,15.834775255156032,16.933579848906447,16.933579848906447,0,252097664,27000000,279097664,465162.7733333333,26.616827392578124,0.1955806334628757,0.025510676304641537,0.1955806334628757,0.13764658864704818,0.09870501888,19.2,194.51898411915892,1.810059264,1.1501568,1,HEADROOM
540p,15,16,median,independent_au,0.7,125,60.26899249653478,15.482368580870443,16.718096603191952,16.718096603192066,0,252097664,27000000,279097664,465162.7733333333,26.616827392578124,0.19560025674244264,0.025513235878788548,0.19560025674244264,0.1290959696705174,0.09870501888,22.4,226.9388148056854,1.810059264,1.1501568,1,HEADROOM
540p,15,16,median,raw_gather,0.2,125,41.83472648586175,2196.628858472482,4118.314926180796,4289.766176180794,576,253783936,1866240000,2120023936,3533373.2266666666,202.18123779296874,0.13667529067413736,0.9961044476564059,0.9961044476564059,0.17816011753204639,0.09870501888,6.4,64.83966137305298,1.810059264,1.1501568,1,INTERCONNECT
540p,15,16,median,raw_gather,0.3,125,41.83912676111138,2195.1204757524824,4116.806543460796,4288.257793460794,575,252940800,1866240000,2119180800,3531968.0,202.100830078125,0.13624110802720207,0.9962092202727285,0.9962092202727285,0.13683492432055785,0.09870501888,9.6,97.25949205957946,1.810059264,1.1501568,1,INTERCONNECT
540p,15,16,median,raw_gather,0.4,125,41.841327245877956,2194.3662843924826,4116.052352100796,4287.5036021007945,575,252940800,1866240000,2119180800,3531968.0,202.100830078125,0.13624827348465787,0.9962616148464979,0.9962616148464979,0.11608443102949191,0.09870501888,12.8,129.67932274610595,1.810059264,1.1501568,1,INTERCONNECT
540p,15,16,median,raw_gather,0.5,125,41.842647647844295,2193.9137695764825,4115.599837284795,4287.0510872847935,576,252940800,1866240000,2119180800,3531968.0,202.100830078125,0.13625257312092806,0.9962930542362549,0.9962930542362549,0.10363308732548275,0.09870501888,16.0,162.09915343263242,1.810059264,1.1501568,1,INTERCONNECT
540p,15,16,median,raw_gather,0.6,125,41.84352796212105,2193.612093032483,4115.298160740796,4286.749410740795,576,252097664,1866240000,2118337664,3530562.7733333334,202.02042236328126,0.13580125489688644,0.9963140149318318,0.9963140149318318,0.09557479766570452,0.09870501888,19.2,194.51898411915892,1.810059264,1.1501568,1,INTERCONNECT
540p,15,16,median,raw_gather,0.7,125,41.844156780711714,2193.3966097867683,4115.082677495082,4286.53392749508,576,252097664,1866240000,2118337664,3530562.7733333334,202.02042236328126,0.13580329569884253,0.9963289873972343,0.9963289873972343,0.08963003645633737,0.09870501888,22.4,226.9388148056854,1.810059264,1.1501568,1,INTERCONNECT
540p,15,16,adversarial,owner_only,0.2,125,55.28105804577346,447.70546191746234,801.8068571175627,848.3495557842361,468,126470400,15000000,141470400,235784.0,13.491668701171875,0.0900060921930226,0.014966509692065408,0.0900060921930226,0.994290593892251,0.3627307008,0.4,1.1027464703643854,6.7571712,3.9105331199999998,1,BURST_OR_PER_FRAME_LATENCY
540p,15,16,adversarial,owner_only,0.3,125,59.78788101280791,50.352568050780974,58.57604325078137,58.57604325078137,0,126470400,15000000,141470400,235784.0,13.491668701171875,0.09734389537205466,0.016186663791878282,0.09734389537205466,0.7741438146996764,0.3627307008,0.6,1.6541197055465782,6.7571712,3.9105331199999998,1,NODE_QUEUE_HEADROOM_LOW
540p,15,16,adversarial,owner_only,0.4,125,59.89843456245224,41.906104050780414,48.50019045078102,48.50019045078136,0,126470400,15000000,141470400,235784.0,13.491668701171875,0.09752389360894287,0.016216594492026497,0.09752389360894287,0.6246933287636953,0.3627307008,0.8,2.205492940728771,6.7571712,3.9105331199999998,1,HEADROOM
540p,15,16,adversarial,owner_only,0.5,125,59.96496315740199,36.83822565078094,42.454678770781356,42.454678770781356,0,126470400,15000000,141470400,235784.0,13.491668701171875,0.09763221242667536,0.01623460610208451,0.09763221242667536,0.5347574481351147,0.3627307008,1.0,2.7568661759109636,6.7571712,3.9105331199999998,1,HEADROOM
540p,15,16,adversarial,owner_only,0.6,125,60.00939771781648,33.45964005077985,38.424337650781126,38.42433765078147,0,126470400,15000000,141470400,235784.0,13.491668701171875,0.09770455874714397,0.01624663608672329,0.09770455874714397,0.4746891222635246,0.3627307008,1.2,3.3082394110931563,6.7571712,3.9105331199999998,1,HEADROOM
540p,15,16,adversarial,owner_only,0.7,125,60.041177028929056,31.04636462220924,35.545522565067586,35.545522565067586,0,126470400,15000000,141470400,235784.0,13.491668701171875,0.09775630036908364,0.016255239854172526,0.09775630036908364,0.43172864289611534,0.3627307008,1.4,3.859612646275349,6.7571712,3.9105331199999998,1,HEADROOM
540p,15,16,adversarial,finishing_owner,0.2,125,59.87503242549393,54.814502101562084,65.63211196484372,65.63211196484394,0,504195328,634315200,1138510528,1897517.5466666666,108.57682495117187,0.3886353713878106,0.48772613906843804,0.48772613906843804,0.30483811026994456,0.3627307008,6.4,17.643943525830167,6.7571712,3.9105331199999998,1,HEADROOM
540p,15,16,adversarial,finishing_owner,0.3,125,59.97185191811172,38.636651101562165,49.45426096484334,49.45426096484391,0,379411200,429720000,809131200,1348552.0,77.16476440429688,0.2929222889291502,0.33249428397918795,0.33249428397918795,0.34166780422573934,0.3627307008,9.6,26.46591528874525,6.7571712,3.9105331199999998,1,HEADROOM
540p,15,16,adversarial,finishing_owner,0.4,125,59.925542897144815,44.17554176367161,46.63877296484361,46.63877296484395,0,379411200,431102400,810513600,1350856.0,77.29660034179688,0.2926961004092723,0.3332909174687115,0.3332909174687115,0.34911164286196494,0.3627307008,12.8,35.287887051660334,6.7571712,3.9105331199999998,1,HEADROOM
540p,15,16,adversarial,finishing_owner,0.5,125,59.93565521973143,42.486248963671734,44.94948016484341,44.949480164843976,0,379411200,431102400,810513600,1350856.0,77.29660034179688,0.29274549232537495,0.33334715968379525,0.33334715968379525,0.2987859571324519,0.3627307008,16.0,44.10985881457542,6.7571712,3.9105331199999998,1,HEADROOM
540p,15,16,adversarial,finishing_owner,0.6,125,60.00562508998306,33.00567510156179,43.823284964843424,43.82328496484399,0,377724928,428337600,806062528,1343437.5466666666,76.87211303710937,0.2917846026797392,0.33162674188676255,0.33162674188676255,0.26689162906490543,0.3627307008,19.2,52.9318305774905,6.7571712,3.9105331199999998,1,HEADROOM
540p,15,16,adversarial,finishing_owner,0.7,125,60.01045293427573,32.06588252706456,43.01885982198655,43.01885982198678,0,377724928,428337600,806062528,1343437.5466666666,76.87211303710937,0.29180807865597685,0.33165342342321374,0.33165342342321374,0.24276347602795423,0.3627307008,22.4,61.753802340405585,6.7571712,3.9105331199999998,1,HEADROOM
540p,15,16,adversarial,independent_au,0.2,125,60.07596680225689,38.184926139843355,40.34410415234379,40.3441041523439,0,504195328,45000000,549195328,915325.5466666666,52.37534790039062,0.38993959124330757,0.039181821287732586,0.38993959124330757,0.30586111523911785,0.3627307008,6.4,17.643943525830167,6.7571712,3.9105331199999998,1,HEADROOM
540p,15,16,adversarial,independent_au,0.3,125,60.1336905780463,29.9113689773435,34.713128152343415,34.71312815234387,0,379411200,45000000,424411200,707352.0,40.475006103515625,0.29371276227938115,0.03921946899924555,0.29371276227938115,0.3425898211021597,0.3627307008,9.6,26.46591528874525,6.7571712,3.9105331199999998,1,HEADROOM
540p,15,16,adversarial,independent_au,0.4,125,60.166083689238,26.784142552343383,30.5799897773436,30.579989777343826,0,379411200,45000000,424411200,707352.0,40.475006103515625,0.2938709809098274,0.03924059593504409,0.2938709809098274,0.3505129750325738,0.3627307008,12.8,35.287887051660334,6.7571712,3.9105331199999998,1,HEADROOM
540p,15,16,adversarial,independent_au,0.5,125,60.18021387586551,25.806509272342737,27.201404177343647,27.201404177343875,0,379411200,45000000,424411200,707352.0,40.475006103515625,0.29393999739802223,0.039249811707617904,0.29393999739802223,0.3000051094363712,0.3627307008,16.0,44.10985881457542,6.7571712,3.9105331199999998,1,HEADROOM
540p,15,16,adversarial,independent_au,0.6,125,60.193663193211144,24.94901377734277,25.601218367187357,25.6012183671877,0,377724928,45000000,422724928,704541.5466666666,40.31419067382812,0.29269896067795653,0.03925858341412099,0.29269896067795653,0.2677279805839765,0.3627307008,19.2,52.9318305774905,6.7571712,3.9105331199999998,1,HEADROOM
540p,15,16,adversarial,independent_au,0.7,125,60.20403014399023,23.340163491629028,24.68921409520067,24.68921409520101,0,377724928,45000000,422724928,704541.5466666666,40.31419067382812,0.2927493712287931,0.0392653447870018,0.2927493712287931,0.24354656420696785,0.3627307008,22.4,61.753802340405585,6.7571712,3.9105331199999998,1,HEADROOM
540p,15,16,adversarial,raw_gather,0.2,125,41.79494198115407,2210.2811183124827,4131.967186020796,4303.418436020795,578,504195328,1866240000,2370435328,3950725.546666667,226.0623291015625,0.27128156997977304,0.9951571599503294,0.9951571599503294,0.21278804563873902,0.3627307008,6.4,17.643943525830167,6.7571712,3.9105331199999998,1,INTERCONNECT
540p,15,16,adversarial,raw_gather,0.3,125,41.811342223365,2204.6501423124823,4126.336210020796,4297.787460020794,576,379411200,1866240000,2245651200,3742752.0,214.1619873046875,0.20422037465161746,0.9955476574049852,0.9955476574049852,0.23820490834090385,0.3627307008,9.6,26.46591528874525,6.7571712,3.9105331199999998,1,INTERCONNECT
540p,15,16,adversarial,raw_gather,0.4,125,41.819547171981526,2201.834654312482,4123.520722020796,4294.971972020794,576,379411200,1866240000,2245651200,3742752.0,214.1619873046875,0.20426045032466122,0.9957430210776143,0.9957430210776143,0.24363051398654112,0.3627307008,12.8,35.287887051660334,6.7571712,3.9105331199999998,1,INTERCONNECT
540p,15,16,adversarial,raw_gather,0.5,125,41.82447168704644,2200.1453615124824,4121.831429220796,4293.282679220794,576,379411200,1866240000,2245651200,3742752.0,214.1619873046875,0.2042845032791481,0.9958602760896763,0.9958602760896763,0.20849967784216877,0.3627307008,16.0,44.10985881457542,6.7571712,3.9105331199999998,1,INTERCONNECT
540p,15,16,adversarial,raw_gather,0.6,125,41.82775534146548,2199.019166312482,4120.705234020796,4292.156484020794,576,377724928,1866240000,2243964928,3739941.546666667,214.001171875,0.20339251453497842,0.9959384614406068,0.9959384614406068,0.18604052114233502,0.3627307008,19.2,52.9318305774905,6.7571712,3.9105331199999998,1,INTERCONNECT
540p,15,16,adversarial,raw_gather,0.7,125,41.83010112459993,2198.2147411696255,4119.900808877939,4291.352058877937,576,377724928,1866240000,2243964928,3739941.546666667,214.001171875,0.20340392118891845,0.9959943156366238,0.9959943156366238,0.16921753219777252,0.3627307008,22.4,61.753802340405585,6.7571712,3.9105331199999998,1,INTERCONNECT
720p,5,4,optimistic,owner_only,0.2,125,60.74479624491931,31.872697223281506,45.21415514328237,59.83921754328185,0,72396800,15000000,87396800,145661.33333333334,8.334808349609375,0.0563249795598072,0.01644573410641571,0.0563249795598072,0.17118159606172512,0.02927149056,0.4,13.665173598867115,0.506068992,0.2875392,1,HEADROOM
720p,5,4,optimistic,owner_only,0.3,125,60.80338450992713,28.92062810328082,40.33557338328228,52.85201498328388,0,72396800,15000000,87396800,145661.33333333334,8.334808349609375,0.05637930491824128,0.01646159599233249,0.05637930491824128,0.14662717690339944,0.02927149056,0.6,20.497760398300674,0.506068992,0.2875392,1,HEADROOM
720p,5,4,optimistic,owner_only,0.4,125,60.83272104409974,27.444593543275914,37.896282503283146,49.358413703268525,0,72396800,15000000,87396800,145661.33333333334,8.334808349609375,0.056406506913963934,0.016469538414900856,0.056406506913963934,0.13433219672900346,0.02927149056,0.8,27.33034719773423,0.506068992,0.2875392,1,HEADROOM
720p,5,4,optimistic,owner_only,0.5,125,60.85033655671163,26.558972807277314,36.43270797528476,47.262252935272045,0,72396800,15000000,87396800,145661.33333333334,8.334808349609375,0.05642284071453839,0.016474307548299465,0.05642284071453839,0.1269495121537913,0.02927149056,1.0,34.16293399716779,0.506068992,0.2875392,1,HEADROOM
720p,5,4,optimistic,owner_only,0.6,125,60.86208590063225,25.968558983281014,35.4569916232831,45.86481242328409,0,72396800,15000000,87396800,145661.33333333334,8.334808349609375,0.05643373517129978,0.01647748850531946,0.05643373517129978,0.12202534661610155,0.02927149056,1.2,40.99552079660135,0.506068992,0.2875392,1,HEADROOM
720p,5,4,optimistic,owner_only,0.7,125,60.870481067448345,25.546834823275276,34.76005137185348,44.86664062898126,0,72396800,15000000,87396800,145661.33333333334,8.334808349609375,0.05644151950228035,0.01647976136965964,0.05644151950228035,0.11850692112807205,0.02927149056,1.4,47.828107596034904,0.506068992,0.2875392,1,HEADROOM
720p,5,4,optimistic,finishing_owner,0.2,125,60.323706965699344,47.084717069843464,69.53214138624935,102.52644070265524,0,146241536,292862400,439103936,731839.8933333333,41.876214599609376,0.11297970524130561,0.22946764052076812,0.22946764052076812,0.11088500277421622,0.02927149056,1.6,54.66069439546846,0.506068992,0.2875392,1,HEADROOM
720p,5,4,optimistic,finishing_owner,0.3,125,60.327906963936215,35.84538304656212,68.83968236296823,101.83398167937412,0,146241536,292862400,439103936,731839.8933333333,41.876214599609376,0.11298757137862847,0.2294836170536121,0.2294836170536121,0.10031631472793458,0.02927149056,2.4,81.9910415932027,0.506068992,0.2875392,1,HEADROOM
720p,5,4,optimistic,finishing_owner,0.4,125,60.3291860299507,35.619188614921356,68.62882028296826,101.62311959937324,0,146241536,291480000,437721536,729535.8933333333,41.744378662109376,0.11298996692937574,0.22842800856823145,0.22842800856823145,0.09199694220236958,0.02927149056,3.2,109.32138879093692,0.506068992,0.2875392,1,HEADROOM
720p,5,4,optimistic,finishing_owner,0.5,125,60.39564643410901,35.23726885528049,57.684693171687286,90.67899248809226,0,144793600,225124800,369918400,616530.6666666666,35.278167724609375,0.11200246806942123,0.17772082489625507,0.17772082489625507,0.09295821575043897,0.02927149056,4.0,136.65173598867116,0.506068992,0.2875392,1,HEADROOM
720p,5,4,optimistic,finishing_owner,0.6,125,60.39615920360589,35.152924023281,57.600348339687116,90.594647656093,0,144793600,225124800,369918400,616530.6666666666,35.278167724609375,0.1120034189897705,0.1777223337768342,0.1777223337768342,0.08933505174794,0.02927149056,4.8,163.9820831864054,0.506068992,0.2875392,1,HEADROOM
720p,5,4,optimistic,finishing_owner,0.7,125,60.3965254728631,35.09267771470877,57.540102031115566,90.53440134752054,0,144793600,225124800,369918400,616530.6666666666,35.278167724609375,0.11200409822847737,0.17772341156436305,0.17772341156436305,0.08674703979332705,0.02927149056,5.6,191.31243038413962,0.506068992,0.2875392,1,HEADROOM
720p,5,4,optimistic,independent_au,0.2,125,60.940814010341754,28.441267025429624,34.29129198542978,39.768379450859356,0,146241536,20250000,166491536,277485.8933333333,15.877870178222656,0.11413547923983786,0.0205670411893169,0.11413547923983786,0.11201934812199253,0.02927149056,1.6,54.66069439546846,0.506068992,0.2875392,1,HEADROOM
720p,5,4,optimistic,independent_au,0.3,125,60.9638199099546,26.484096985429687,31.82816569086026,37.54319738542972,0,146241536,20250000,166491536,277485.8933333333,15.877870178222656,0.11417856677354243,0.020574805497894307,0.11417856677354243,0.10137374314610402,0.02927149056,2.4,81.9910415932027,0.506068992,0.2875392,1,HEADROOM
720p,5,4,optimistic,independent_au,0.4,125,60.971920485316424,25.221160370858343,30.750504785430167,36.010543305428655,0,146241536,20250000,166491536,277485.8933333333,15.877870178222656,0.1141937382651947,0.02057753937780434,0.1141937382651947,0.09297705826944858,0.02927149056,3.2,109.32138879093692,0.506068992,0.2875392,1,HEADROOM
720p,5,4,optimistic,independent_au,0.5,125,60.97611470524349,24.797313082855908,30.00173820143209,35.58669601742622,0,144793600,20250000,165043600,275072.6666666667,15.739784240722656,0.11307893438515115,0.02057895489375039,0.11307893438515115,0.0938516459555991,0.02927149056,4.0,136.65173598867116,0.506068992,0.2875392,1,HEADROOM
720p,5,4,optimistic,independent_au,0.6,125,60.98029634381545,24.67280622542944,29.279056345430945,35.08062702543066,0,144793600,20250000,165043600,275072.6666666667,15.739784240722656,0.11308668914676537,0.02058036616358892,0.11308668914676537,0.09019907890358402,0.02927149056,4.8,163.9820831864054,0.506068992,0.2875392,1,HEADROOM
720p,5,4,optimistic,independent_au,0.7,125,60.98328357967354,24.612559916857208,28.99268768514503,34.7191491739959,0,144793600,20250000,165043600,275072.6666666667,15.739784240722656,0.11309222891343011,0.020581374331988592,0.11309222891343011,0.08758979570423477,0.02927149056,5.6,191.31243038413962,0.506068992,0.2875392,1,HEADROOM
720p,5,4,optimistic,raw_gather,0.2,125,41.44641732893709,2264.3396218549815,4186.019074979962,4533.6598562299605,594,146241536,1866240000,2012481536,3354135.8933333335,191.9251953125,0.07762460645520389,0.9868586246101124,0.9868586246101124,0.07618540589877411,0.02927149056,1.6,54.66069439546846,0.506068992,0.2875392,1,INTERCONNECT
720p,5,4,optimistic,raw_gather,0.3,125,41.447624764254094,2263.9178976949815,4185.597350819962,4533.238132069961,594,146241536,1866240000,2012481536,3354135.8933333335,191.9251953125,0.07762686784948941,0.9868873742109956,0.9868873742109956,0.06892122037420939,0.02927149056,2.4,81.9910415932027,0.506068992,0.2875392,1,INTERCONNECT
720p,5,4,optimistic,raw_gather,0.4,125,41.44822850829463,2263.7070356149816,4185.386488739963,4533.0272699899615,594,146241536,1866240000,2012481536,3354135.8933333335,191.9251953125,0.07762799859604284,0.9869017496396059,0.9869017496396059,0.06320506761976123,0.02927149056,3.2,109.32138879093692,0.506068992,0.2875392,1,INTERCONNECT
720p,5,4,optimistic,raw_gather,0.5,125,41.44859076316166,2263.580518366982,4185.259971491963,4532.900752741962,593,144793600,1866240000,2011033600,3351722.6666666665,191.787109375,0.07686554805797581,0.9869103750977967,0.9869103750977967,0.06379577453347073,0.02927149056,4.0,136.65173598867116,0.506068992,0.2875392,1,INTERCONNECT
720p,5,4,optimistic,raw_gather,0.6,125,41.44883226992423,2263.4961735349816,4185.175626659962,4532.816407909961,593,144793600,1866240000,2011033600,3351722.6666666665,191.787109375,0.07686599592723561,0.9869161254870198,0.9869161254870198,0.0613090902559296,0.02927149056,4.8,163.9820831864054,0.506068992,0.2875392,1,INTERCONNECT
720p,5,4,optimistic,raw_gather,0.7,125,41.44900477647772,2263.43592722641,4185.115380351392,4532.75616160139,593,144793600,1866240000,2011033600,3351722.6666666665,191.787109375,0.07686631583704516,0.9869202329489208,0.9869202329489208,0.05953286945876471,0.02927149056,5.6,191.31243038413962,0.506068992,0.2875392,1,INTERCONNECT
720p,5,4,median,owner_only,0.2,125,59.99972314721785,70.1257327432777,107.7590921032861,149.70775130327274,0,72396800,15000000,87396800,145661.33333333334,8.334808349609375,0.05563411829114162,0.016244016843174964,0.05563411829114162,0.48180518803796457,0.13353320448,0.4,2.9955096304148845,2.3233167359999998,1.1501568,1,HEADROOM
720p,5,4,median,owner_only,0.3,125,60.262179420796194,56.57305178328079,85.50355802328068,117.771730823295,0,72396800,15000000,87396800,145661.33333333334,8.334808349609375,0.05587747813689763,0.01631507290651951,0.05587747813689763,0.37214882868050997,0.13353320448,0.6,4.4932644456223265,2.3233167359999998,1.1501568,1,HEADROOM
720p,5,4,median,owner_only,0.4,125,60.39427049011209,49.79671130327915,74.37579098328047,101.80372058327703,0,72396800,15000000,87396800,145661.33333333334,8.334808349609375,0.05599995820497215,0.01635083456411142,0.05599995820497215,0.3169601087947144,0.13353320448,0.8,5.991019260829769,2.3233167359999998,1.1501568,1,HEADROOM
720p,5,4,median,owner_only,0.5,125,60.473803451983144,45.7309070152769,67.69913075928434,92.22291443927134,0,72396800,15000000,87396800,145661.33333333334,8.334808349609375,0.05607370431539873,0.01637236690966993,0.05607370431539873,0.2837305923927012,0.13353320448,1.0,7.4887740760372115,2.3233167359999998,1.1501568,1,HEADROOM
720p,5,4,median,owner_only,0.6,125,60.52694190284886,43.0203708232807,63.24802394328526,85.83571034328816,0,72396800,15000000,87396800,145661.33333333334,8.334808349609375,0.05612297639043844,0.016386753340900038,0.05612297639043844,0.2615289167215653,0.13353320448,1.2,8.986528891244653,2.3233167359999998,1.1501568,1,HEADROOM
720p,5,4,median,owner_only,0.7,125,60.564955150022875,41.08427354327796,60.0686619318526,81.27342170327393,0,72396800,15000000,87396800,145661.33333333334,8.334808349609375,0.05615822377790922,0.016397044852176572,0.05615822377790922,0.2456466738031217,0.13353320448,1.4,10.484283706452096,2.3233167359999998,1.1501568,1,HEADROOM
720p,5,4,median,finishing_owner,0.2,125,59.96954198555009,63.637781156405254,107.17895547281205,150.72012978921703,0,286691328,498840000,785531328,1309218.88,74.91410522460937,0.22018429529069086,0.3851890825756559,0.3851890825756559,0.2087742014112101,0.13353320448,1.6,11.982038521659538,2.3233167359999998,1.1501568,1,HEADROOM
720p,5,4,median,finishing_owner,0.3,125,60.107899289160976,61.701683876405696,94.69598319281158,138.23715750921838,0,217190400,431102400,648292800,1080488.0,61.826019287109375,0.1671952560891986,0.33430513822104857,0.33430513822104857,0.17692670715210326,0.13353320448,2.4,17.973057782489306,2.3233167359999998,1.1501568,1,HEADROOM
720p,5,4,median,finishing_owner,0.4,125,60.114666834041785,50.03105707640498,93.57223139281086,137.11340570921675,0,217190400,429720000,646910400,1078184.0,61.694183349609375,0.16721408059334572,0.33328607448915176,0.33328607448915176,0.16459665554548594,0.13353320448,3.2,23.964077043319076,2.3233167359999998,1.1501568,1,HEADROOM
720p,5,4,median,finishing_owner,0.5,125,60.11885826527034,49.33519618912396,92.87637050553076,125.87066982193573,0,217190400,429720000,646910400,1078184.0,61.694183349609375,0.16722573941732605,0.3333093125063318,0.3333093125063318,0.14717812527597285,0.13353320448,4.0,29.955096304148846,2.3233167359999998,1.1501568,1,HEADROOM
720p,5,4,median,finishing_owner,0.6,125,60.12119088647273,48.947976733124506,92.48915104953085,125.48345036593673,0,217190400,429720000,646910400,1078184.0,61.694183349609375,0.1672322278024452,0.333322244960336,0.333322244960336,0.1355633805549418,0.13353320448,4.8,35.94611556497861,2.3233167359999998,1.1501568,1,HEADROOM
720p,5,4,median,finishing_owner,0.7,125,60.18646504625035,48.67139140740983,81.66569072381571,114.6599900402216,0,217190400,363364800,580555200,967592.0,55.366058349609375,0.1674137934533678,0.2829018062702381,0.2829018062702381,0.13713015426018238,0.13353320448,5.6,41.937134825808386,2.3233167359999998,1.1501568,1,HEADROOM
720p,5,4,median,independent_au,0.2,125,60.738029311928145,45.109125113904156,53.743877347812486,67.36287511390401,0,286691328,27000000,313691328,522818.88,29.915936279296876,0.22300587495923582,0.025711789835164287,0.22300587495923582,0.2114495649799009,0.13353320448,1.6,11.982038521659538,2.3233167359999998,1.1501568,1,HEADROOM
720p,5,4,median,independent_au,0.3,125,60.81186612283536,40.257582313905914,48.49161099390585,59.538485993906306,0,217190400,27000000,244190400,406984.0,23.287811279296875,0.1691533999675643,0.025743046637297182,0.1691533999675643,0.1789988230519973,0.13353320448,2.4,17.973057782489306,2.3233167359999998,1.1501568,1,HEADROOM
720p,5,4,median,independent_au,0.4,125,60.843634756753154,38.97812735390471,44.88703602781197,55.434885113903874,0,217190400,27000000,244190400,406984.0,23.287811279296875,0.16924176713637745,0.025756495022895107,0.16924176713637745,0.16659260243161736,0.13353320448,3.2,23.964077043319076,2.3233167359999998,1.1501568,1,HEADROOM
720p,5,4,median,independent_au,0.5,125,60.87038336003371,36.0739814339031,42.296099697907266,50.78825164190624,0,217190400,27000000,244190400,406984.0,23.287811279296875,0.16931617066117888,0.02576781831529898,0.16931617066117888,0.14901794821567457,0.13353320448,4.0,29.955096304148846,2.3233167359999998,1.1501568,1,HEADROOM
720p,5,4,median,independent_au,0.6,125,60.88395871487603,34.137884153905816,40.90231178781232,49.44836003390628,0,217190400,27000000,244190400,406984.0,23.287811279296875,0.16935393167023433,0.02577356507189608,0.16935393167023433,0.1372832963429068,0.13353320448,4.8,35.94611556497861,2.3233167359999998,1.1501568,1,HEADROOM
720p,5,4,median,independent_au,0.7,125,60.89260813935584,32.75495752533243,39.64088057104891,47.498393959616806,0,217190400,27000000,244190400,406984.0,23.287811279296875,0.16937799078322993,0.025777226570086582,0.16937799078322993,0.13873904608017726,0.13353320448,5.6,41.937134825808386,2.3233167359999998,1.1501568,1,HEADROOM
720p,5,4,median,raw_gather,0.2,125,41.430777691012366,2269.804341214981,4191.483794339962,4539.12457558996,595,286691328,1866240000,2152931328,3588218.88,205.31953125,0.15211732968444078,0.9864862375000446,0.9864862375000446,0.14423451038479937,0.13353320448,1.6,11.982038521659538,2.3233167359999998,1.1501568,1,INTERCONNECT
720p,5,4,median,raw_gather,0.3,125,41.43631731337867,2267.8682439349814,4189.547697059963,4537.188478309961,594,217190400,1866240000,2083430400,3472384.0,198.69140625,0.11525865595926646,0.9866181385052842,0.9866181385052842,0.12196718343952806,0.13353320448,2.4,17.973057782489306,2.3233167359999998,1.1501568,1,INTERCONNECT
720p,5,4,median,raw_gather,0.4,125,41.43908768011744,2266.900195294981,4188.579648419962,4536.22042966996,594,217190400,1866240000,2083430400,3472384.0,198.69140625,0.11526636197098582,0.9866841022359436,0.9866841022359436,0.11346208172181084,0.13353320448,3.2,23.964077043319076,2.3233167359999998,1.1501568,1,INTERCONNECT
720p,5,4,median,raw_gather,0.5,125,41.44075007798127,2266.3193661109817,4187.998819235963,4535.639600485962,595,217190400,1866240000,2083430400,3472384.0,198.69140625,0.11527098607264057,0.9867236847083305,0.9867236847083305,0.10145189184390747,0.13353320448,4.0,29.955096304148846,2.3233167359999998,1.1501568,1,INTERCONNECT
720p,5,4,median,raw_gather,0.6,125,41.44185841732565,2265.932146654981,4187.6115997799625,4535.252381029961,595,217190400,1866240000,2083430400,3472384.0,198.69140625,0.11527406901319762,0.9867500747876543,0.9867500747876543,0.09344456323462456,0.13353320448,4.8,35.94611556497861,2.3233167359999998,1.1501568,1,INTERCONNECT
720p,5,4,median,raw_gather,0.7,125,41.442650124583814,2265.6555613292667,4187.335014454247,4534.975795704246,595,217190400,1866240000,2083430400,3472384.0,198.69140625,0.11527627121456119,0.9867689257085839,0.9867689257085839,0.09442383765465891,0.13353320448,5.6,41.937134825808386,2.3233167359999998,1.1501568,1,INTERCONNECT
720p,5,4,adversarial,owner_only,0.2,125,38.53971559012992,2803.3260322633246,5219.124176263207,5606.963011463196,596,72396800,15000000,87396800,145661.33333333334,8.334808349609375,0.03573554982557723,0.010434044631192142,0.03573554982557723,0.98715886499447,0.5129699327999999,0.4,0.7797727984106909,8.97122304,3.9105331199999998,1,COMPUTE_CAPACITY
720p,5,4,adversarial,owner_only,0.3,125,53.112080140924185,670.3126306632867,1187.4959266632995,1380.3284642633025,581,72396800,15000000,87396800,145661.33333333334,8.334808349609375,0.04924762305983714,0.014379291755535983,0.04924762305983714,0.9820149984620016,0.5129699327999999,0.6,1.1696591976160364,8.97122304,3.9105331199999998,1,BURST_OR_PER_FRAME_LATENCY
720p,5,4,adversarial,owner_only,0.4,125,59.03735942926222,121.19085146328007,190.52393306328486,268.9476770632864,0,72396800,15000000,87396800,145661.33333333334,8.334808349609375,0.05474177655828933,0.015983471433567414,0.05474177655828933,0.8812620938333912,0.5129699327999999,0.8,1.5595455968213818,8.97122304,3.9105331199999998,1,NODE_QUEUE_HEADROOM_LOW
720p,5,4,adversarial,owner_only,0.5,125,59.33111988189007,105.49121114327681,164.87543642328455,232.08515162327058,0,72396800,15000000,87396800,145661.33333333334,8.334808349609375,0.05501416287798378,0.01606300262954705,0.05501416287798378,0.7588342772369471,0.5129699327999999,1.0,1.9494319960267272,8.97122304,3.9105331199999998,1,NODE_QUEUE_HEADROOM_LOW
720p,5,4,adversarial,owner_only,0.6,125,59.52858970580391,95.02478426327889,147.77643866328162,207.51013466329096,0,72396800,15000000,87396800,145661.33333333334,8.334808349609375,0.055197264715230565,0.01611646459532654,0.055197264715230565,0.6765366120161015,0.5129699327999999,1.2,2.339318395232073,8.97122304,3.9105331199999998,1,HEADROOM
720p,5,4,adversarial,owner_only,0.7,125,59.67044627211082,87.54876506327946,135.56286883471057,189.9565511204346,0,72396800,15000000,87396800,145661.33333333334,8.334808349609375,0.05532879973866608,0.016154870113411185,0.05532879973866608,0.6174163678597785,0.5129699327999999,1.4,2.7292047944374183,8.97122304,3.9105331199999998,1,HEADROOM
720p,5,4,adversarial,finishing_owner,0.2,125,59.85511178350236,103.85910718984269,136.85340650624948,180.39458082265446,0,289587200,567960000,857547200,1429245.3333333333,81.78207397460938,0.22197617359730526,0.4370611202331384,0.4370611202331384,0.4613178917864568,0.5129699327999999,1.6,3.1190911936427637,8.97122304,3.9105331199999998,1,HEADROOM
720p,5,4,adversarial,finishing_owner,0.3,125,59.838626708799694,85.52694785312451,129.0681221695304,172.60929648593628,0,289587200,567960000,857547200,1429245.3333333333,81.78207397460938,0.22191503773614107,0.4369407464671895,0.4369407464671895,0.38629348030625005,0.5129699327999999,2.4,4.678636790464146,8.97122304,3.9105331199999998,1,HEADROOM
720p,5,4,adversarial,finishing_owner,0.4,125,59.92399721942302,81.78893825312434,125.33011256953068,168.87128688593657,0,289587200,566577600,856164800,1426941.3333333333,81.65023803710938,0.2222316392547341,0.43651076912990894,0.43651076912990894,0.31395618785134594,0.5129699327999999,3.2,6.238182387285527,8.97122304,3.9105331199999998,1,HEADROOM
720p,5,4,adversarial,finishing_owner,0.5,125,59.937422991006066,79.54613249312388,123.08730680953067,166.62848112593565,0,288139264,566577600,854716864,1424528.1066666667,81.51215209960938,0.2211778941458136,0.43660856791089514,0.43660856791089514,0.26911953481376727,0.5129699327999999,4.0,7.797727984106909,8.97122304,3.9105331199999998,1,HEADROOM
720p,5,4,adversarial,finishing_owner,0.6,125,59.946376848115506,78.05092865312417,121.59210296953052,165.13327728593686,0,288139264,566577600,854716864,1424528.1066666667,81.51215209960938,0.22121093519364515,0.4366737914479567,0.4366737914479567,0.23921726945189528,0.5129699327999999,4.8,9.357273580928291,8.97122304,3.9105331199999998,1,HEADROOM
720p,5,4,adversarial,finishing_owner,0.7,125,59.954491453890924,66.14938209397224,109.69055641037903,153.23173072678583,0,286691328,500222400,786913728,1311522.88,75.04594116210937,0.22012903572729584,0.3861462993727253,0.3861462993727253,0.27003760748293903,0.5129699327999999,5.6,10.916819177749673,8.97122304,3.9105331199999998,1,HEADROOM
720p,5,4,adversarial,independent_au,0.2,125,60.09043114273313,87.83038478984236,114.72916238984453,152.75481498984118,0,289587200,45000000,334587200,557645.3333333334,31.908721923828125,0.2228488691679752,0.03919125499698025,0.2228488691679752,0.46313155527253524,0.5129699327999999,1.6,3.1190911936427637,8.97122304,3.9105331199999998,1,HEADROOM
720p,5,4,adversarial,independent_au,0.3,125,60.34837003888471,70.04735478984367,89.47011318984369,119.94733838984394,0,289587200,45000000,334587200,557645.3333333334,31.908721923828125,0.2238054506107889,0.039359483928949536,0.2238054506107889,0.38958417288847935,0.5129699327999999,2.4,4.678636790464146,8.97122304,3.9105331199999998,1,HEADROOM
720p,5,4,adversarial,independent_au,0.4,125,60.47428578619129,60.84445338984324,76.529202189844,101.32969858984507,0,289587200,45000000,334587200,557645.3333333334,31.908721923828125,0.22427241650476062,0.039441606757276496,0.22427241650476062,0.3168392815810271,0.5129699327999999,3.2,6.238182387285527,8.97122304,3.9105331199999998,1,HEADROOM
720p,5,4,adversarial,independent_au,0.5,125,60.564100097375835,58.60164762984277,72.04359066984398,90.11566978984047,0,288139264,45000000,333139264,555232.1066666667,31.770635986328124,0.223490424711518,0.039500184063264714,0.223490424711518,0.27193332030751427,0.5129699327999999,4.0,7.797727984106909,8.97122304,3.9105331199999998,1,HEADROOM
720p,5,4,adversarial,independent_au,0.6,125,60.61382883034288,57.10644378984307,69.05318298984366,82.6396505898465,0,288139264,45000000,333139264,555232.1066666667,31.770635986328124,0.22367393104007408,0.039532617371152934,0.22367393104007408,0.24188075053405025,0.5129699327999999,4.8,9.357273580928291,8.97122304,3.9105331199999998,1,HEADROOM
720p,5,4,adversarial,independent_au,0.7,125,60.6509206534943,55.294025418414094,66.17276187555899,77.70370292254847,0,286691328,45000000,331691328,552818.88,31.632550048828126,0.22268604662745375,0.03955680882845796,0.22268604662745375,0.27317435454361233,0.5129699327999999,5.6,10.916819177749673,8.97122304,3.9105331199999998,1,HEADROOM
720p,5,4,adversarial,raw_gather,0.2,125,41.37789369744335,2288.3133869749818,4209.992840099963,4557.633621349962,598,289587200,1866240000,2155827200,3593045.3333333335,205.595703125,0.1534523324874339,0.9852270448237941,0.9852270448237941,0.31890948188538737,0.5129699327999999,1.6,3.1190911936427637,8.97122304,3.9105331199999998,1,INTERCONNECT
720p,5,4,adversarial,raw_gather,0.3,125,41.399237897540175,2280.8373677749814,4202.516820899962,4550.15760214996,597,289587200,1866240000,2155827200,3593045.3333333335,205.595703125,0.15353148869857133,0.9857352602331934,0.9857352602331934,0.26725639556021796,0.5129699327999999,2.4,4.678636790464146,8.97122304,3.9105331199999998,1,INTERCONNECT
720p,5,4,adversarial,raw_gather,0.4,125,41.40991825729627,2277.0993581749817,4198.778811299962,4546.419592549961,596,289587200,1866240000,2155827200,3593045.3333333335,205.595703125,0.15357109743574782,0.9859895646054048,0.9859895646054048,0.21695648952941743,0.5129699327999999,3.2,6.238182387285527,8.97122304,3.9105331199999998,1,INTERCONNECT
720p,5,4,adversarial,raw_gather,0.5,125,41.416329118711545,2274.8565524149817,4196.536005539963,4544.176786789962,595,288139264,1866240000,2154379264,3590632.1066666665,205.4576171875,0.15283233747138447,0.9861422102207935,0.9861422102207935,0.18595966709803394,0.5129699327999999,4.0,7.797727984106909,8.97122304,3.9105331199999998,1,INTERCONNECT
720p,5,4,adversarial,raw_gather,0.6,125,41.42060412920797,2273.361348574981,4195.040801699963,4542.681582949961,596,288139264,1866240000,2154379264,3590632.1066666665,205.4576171875,0.15284811288800845,0.9862440002246247,0.9862440002246247,0.16528978630254812,0.5129699327999999,4.8,9.357273580928291,8.97122304,3.9105331199999998,1,INTERCONNECT
720p,5,4,adversarial,raw_gather,0.7,125,41.423658248502406,2272.293345832124,4193.972798957106,4541.613580207104,596,286691328,1866240000,2152931328,3588218.88,205.31953125,0.15209118992448903,0.9863167202366436,0.9863167202366436,0.18657393792121904,0.5129699327999999,5.6,10.916819177749673,8.97122304,3.9105331199999998,1,INTERCONNECT
720p,5,8,optimistic,owner_only,0.2,125,60.74479624491931,31.872697223281506,45.21415514328237,59.83921754328185,0,72396800,15000000,87396800,145661.33333333334,8.334808349609375,0.0563249795598072,0.01644573410641571,0.0563249795598072,0.17118159606172512,0.02927149056,0.4,13.665173598867115,0.506068992,0.2875392,1,HEADROOM
720p,5,8,optimistic,owner_only,0.3,125,60.80338450992713,28.92062810328082,40.33557338328228,52.85201498328388,0,72396800,15000000,87396800,145661.33333333334,8.334808349609375,0.05637930491824128,0.01646159599233249,0.05637930491824128,0.14662717690339944,0.02927149056,0.6,20.497760398300674,0.506068992,0.2875392,1,HEADROOM
720p,5,8,optimistic,owner_only,0.4,125,60.83272104409974,27.444593543275914,37.896282503283146,49.358413703268525,0,72396800,15000000,87396800,145661.33333333334,8.334808349609375,0.056406506913963934,0.016469538414900856,0.056406506913963934,0.13433219672900346,0.02927149056,0.8,27.33034719773423,0.506068992,0.2875392,1,HEADROOM
720p,5,8,optimistic,owner_only,0.5,125,60.85033655671163,26.558972807277314,36.43270797528476,47.262252935272045,0,72396800,15000000,87396800,145661.33333333334,8.334808349609375,0.05642284071453839,0.016474307548299465,0.05642284071453839,0.1269495121537913,0.02927149056,1.0,34.16293399716779,0.506068992,0.2875392,1,HEADROOM
720p,5,8,optimistic,owner_only,0.6,125,60.86208590063225,25.968558983281014,35.4569916232831,45.86481242328409,0,72396800,15000000,87396800,145661.33333333334,8.334808349609375,0.05643373517129978,0.01647748850531946,0.05643373517129978,0.12202534661610155,0.02927149056,1.2,40.99552079660135,0.506068992,0.2875392,1,HEADROOM
720p,5,8,optimistic,owner_only,0.7,125,60.870481067448345,25.546834823275276,34.76005137185348,44.86664062898126,0,72396800,15000000,87396800,145661.33333333334,8.334808349609375,0.05644151950228035,0.01647976136965964,0.05644151950228035,0.11850692112807205,0.02927149056,1.4,47.828107596034904,0.506068992,0.2875392,1,HEADROOM
720p,5,8,optimistic,finishing_owner,0.2,125,60.323706965699344,47.084717069843464,69.53214138624935,102.52644070265524,0,146241536,292862400,439103936,731839.8933333333,41.876214599609376,0.11297970524130561,0.22946764052076812,0.22946764052076812,0.11088500277421622,0.02927149056,3.2,109.32138879093692,0.506068992,0.2875392,1,HEADROOM
720p,5,8,optimistic,finishing_owner,0.3,125,60.327906963936215,35.84538304656212,68.83968236296823,101.83398167937412,0,146241536,292862400,439103936,731839.8933333333,41.876214599609376,0.11298757137862847,0.2294836170536121,0.2294836170536121,0.10031631472793458,0.02927149056,4.8,163.9820831864054,0.506068992,0.2875392,1,HEADROOM
720p,5,8,optimistic,finishing_owner,0.4,125,60.3291860299507,35.619188614921356,68.62882028296826,101.62311959937324,0,146241536,291480000,437721536,729535.8933333333,41.744378662109376,0.11298996692937574,0.22842800856823145,0.22842800856823145,0.09199694220236958,0.02927149056,6.4,218.64277758187384,0.506068992,0.2875392,1,HEADROOM
720p,5,8,optimistic,finishing_owner,0.5,125,60.39564643410901,35.23726885528049,57.684693171687286,90.67899248809226,0,144793600,225124800,369918400,616530.6666666666,35.278167724609375,0.11200246806942123,0.17772082489625507,0.17772082489625507,0.09295821575043897,0.02927149056,8.0,273.3034719773423,0.506068992,0.2875392,1,HEADROOM
720p,5,8,optimistic,finishing_owner,0.6,125,60.39615920360589,35.152924023281,57.600348339687116,90.594647656093,0,144793600,225124800,369918400,616530.6666666666,35.278167724609375,0.1120034189897705,0.1777223337768342,0.1777223337768342,0.08933505174794,0.02927149056,9.6,327.9641663728108,0.506068992,0.2875392,1,HEADROOM
720p,5,8,optimistic,finishing_owner,0.7,125,60.3965254728631,35.09267771470877,57.540102031115566,90.53440134752054,0,144793600,225124800,369918400,616530.6666666666,35.278167724609375,0.11200409822847737,0.17772341156436305,0.17772341156436305,0.08674703979332705,0.02927149056,11.2,382.62486076827923,0.506068992,0.2875392,1,HEADROOM
720p,5,8,optimistic,independent_au,0.2,125,60.940814010341754,28.441267025429624,34.29129198542978,39.768379450859356,0,146241536,20250000,166491536,277485.8933333333,15.877870178222656,0.11413547923983786,0.0205670411893169,0.11413547923983786,0.11201934812199253,0.02927149056,3.2,109.32138879093692,0.506068992,0.2875392,1,HEADROOM
720p,5,8,optimistic,independent_au,0.3,125,60.9638199099546,26.484096985429687,31.82816569086026,37.54319738542972,0,146241536,20250000,166491536,277485.8933333333,15.877870178222656,0.11417856677354243,0.020574805497894307,0.11417856677354243,0.10137374314610402,0.02927149056,4.8,163.9820831864054,0.506068992,0.2875392,1,HEADROOM
720p,5,8,optimistic,independent_au,0.4,125,60.971920485316424,25.221160370858343,30.750504785430167,36.010543305428655,0,146241536,20250000,166491536,277485.8933333333,15.877870178222656,0.1141937382651947,0.02057753937780434,0.1141937382651947,0.09297705826944858,0.02927149056,6.4,218.64277758187384,0.506068992,0.2875392,1,HEADROOM
720p,5,8,optimistic,independent_au,0.5,125,60.97611470524349,24.797313082855908,30.00173820143209,35.58669601742622,0,144793600,20250000,165043600,275072.6666666667,15.739784240722656,0.11307893438515115,0.02057895489375039,0.11307893438515115,0.0938516459555991,0.02927149056,8.0,273.3034719773423,0.506068992,0.2875392,1,HEADROOM
720p,5,8,optimistic,independent_au,0.6,125,60.98029634381545,24.67280622542944,29.279056345430945,35.08062702543066,0,144793600,20250000,165043600,275072.6666666667,15.739784240722656,0.11308668914676537,0.02058036616358892,0.11308668914676537,0.09019907890358402,0.02927149056,9.6,327.9641663728108,0.506068992,0.2875392,1,HEADROOM
720p,5,8,optimistic,independent_au,0.7,125,60.98328357967354,24.612559916857208,28.99268768514503,34.7191491739959,0,144793600,20250000,165043600,275072.6666666667,15.739784240722656,0.11309222891343011,0.020581374331988592,0.11309222891343011,0.08758979570423477,0.02927149056,11.2,382.62486076827923,0.506068992,0.2875392,1,HEADROOM
720p,5,8,optimistic,raw_gather,0.2,125,41.44641732893709,2264.3396218549815,4186.019074979962,4533.6598562299605,594,146241536,1866240000,2012481536,3354135.8933333335,191.9251953125,0.07762460645520389,0.9868586246101124,0.9868586246101124,0.07618540589877411,0.02927149056,3.2,109.32138879093692,0.506068992,0.2875392,1,INTERCONNECT
720p,5,8,optimistic,raw_gather,0.3,125,41.447624764254094,2263.9178976949815,4185.597350819962,4533.238132069961,594,146241536,1866240000,2012481536,3354135.8933333335,191.9251953125,0.07762686784948941,0.9868873742109956,0.9868873742109956,0.06892122037420939,0.02927149056,4.8,163.9820831864054,0.506068992,0.2875392,1,INTERCONNECT
720p,5,8,optimistic,raw_gather,0.4,125,41.44822850829463,2263.7070356149816,4185.386488739963,4533.0272699899615,594,146241536,1866240000,2012481536,3354135.8933333335,191.9251953125,0.07762799859604284,0.9869017496396059,0.9869017496396059,0.06320506761976123,0.02927149056,6.4,218.64277758187384,0.506068992,0.2875392,1,INTERCONNECT
720p,5,8,optimistic,raw_gather,0.5,125,41.44859076316166,2263.580518366982,4185.259971491963,4532.900752741962,593,144793600,1866240000,2011033600,3351722.6666666665,191.787109375,0.07686554805797581,0.9869103750977967,0.9869103750977967,0.06379577453347073,0.02927149056,8.0,273.3034719773423,0.506068992,0.2875392,1,INTERCONNECT
720p,5,8,optimistic,raw_gather,0.6,125,41.44883226992423,2263.4961735349816,4185.175626659962,4532.816407909961,593,144793600,1866240000,2011033600,3351722.6666666665,191.787109375,0.07686599592723561,0.9869161254870198,0.9869161254870198,0.0613090902559296,0.02927149056,9.6,327.9641663728108,0.506068992,0.2875392,1,INTERCONNECT
720p,5,8,optimistic,raw_gather,0.7,125,41.44900477647772,2263.43592722641,4185.115380351392,4532.75616160139,593,144793600,1866240000,2011033600,3351722.6666666665,191.787109375,0.07686631583704516,0.9869202329489208,0.9869202329489208,0.05953286945876471,0.02927149056,11.2,382.62486076827923,0.506068992,0.2875392,1,INTERCONNECT
720p,5,8,median,owner_only,0.2,125,59.99972314721785,70.1257327432777,107.7590921032861,149.70775130327274,0,72396800,15000000,87396800,145661.33333333334,8.334808349609375,0.05563411829114162,0.016244016843174964,0.05563411829114162,0.48180518803796457,0.13353320448,0.4,2.9955096304148845,2.3233167359999998,1.1501568,1,HEADROOM
720p,5,8,median,owner_only,0.3,125,60.262179420796194,56.57305178328079,85.50355802328068,117.771730823295,0,72396800,15000000,87396800,145661.33333333334,8.334808349609375,0.05587747813689763,0.01631507290651951,0.05587747813689763,0.37214882868050997,0.13353320448,0.6,4.4932644456223265,2.3233167359999998,1.1501568,1,HEADROOM
720p,5,8,median,owner_only,0.4,125,60.39427049011209,49.79671130327915,74.37579098328047,101.80372058327703,0,72396800,15000000,87396800,145661.33333333334,8.334808349609375,0.05599995820497215,0.01635083456411142,0.05599995820497215,0.3169601087947144,0.13353320448,0.8,5.991019260829769,2.3233167359999998,1.1501568,1,HEADROOM
720p,5,8,median,owner_only,0.5,125,60.473803451983144,45.7309070152769,67.69913075928434,92.22291443927134,0,72396800,15000000,87396800,145661.33333333334,8.334808349609375,0.05607370431539873,0.01637236690966993,0.05607370431539873,0.2837305923927012,0.13353320448,1.0,7.4887740760372115,2.3233167359999998,1.1501568,1,HEADROOM
720p,5,8,median,owner_only,0.6,125,60.52694190284886,43.0203708232807,63.24802394328526,85.83571034328816,0,72396800,15000000,87396800,145661.33333333334,8.334808349609375,0.05612297639043844,0.016386753340900038,0.05612297639043844,0.2615289167215653,0.13353320448,1.2,8.986528891244653,2.3233167359999998,1.1501568,1,HEADROOM
720p,5,8,median,owner_only,0.7,125,60.564955150022875,41.08427354327796,60.0686619318526,81.27342170327393,0,72396800,15000000,87396800,145661.33333333334,8.334808349609375,0.05615822377790922,0.016397044852176572,0.05615822377790922,0.2456466738031217,0.13353320448,1.4,10.484283706452096,2.3233167359999998,1.1501568,1,HEADROOM
720p,5,8,median,finishing_owner,0.2,125,59.96954198555009,63.637781156405254,107.17895547281205,150.72012978921703,0,289587200,498840000,788427200,1314045.3333333333,75.19027709960938,0.22240854061562576,0.3851890825756559,0.3851890825756559,0.2087742014112101,0.13353320448,3.2,23.964077043319076,2.3233167359999998,1.1501568,1,HEADROOM
720p,5,8,median,finishing_owner,0.3,125,60.044457266285754,61.701683876405696,94.69598319281158,138.23715750921838,0,218638336,432484800,651123136,1085205.2266666666,62.095941162109376,0.16813229863430643,0.33500775849472875,0.33500775849472875,0.17609412486087048,0.13353320448,4.8,35.94611556497861,2.3233167359999998,1.1501568,1,HEADROOM
720p,5,8,median,finishing_owner,0.4,125,60.114666834041785,50.03105707640498,93.57223139281086,137.11340570921675,0,217190400,429720000,646910400,1078184.0,61.694183349609375,0.16721408059334572,0.33328607448915176,0.33328607448915176,0.16459665554548594,0.13353320448,6.4,47.92815408663815,2.3233167359999998,1.1501568,1,HEADROOM
720p,5,8,median,finishing_owner,0.5,125,60.11885826527034,49.33519618912396,92.87637050553076,125.87066982193573,0,217190400,429720000,646910400,1078184.0,61.694183349609375,0.16722573941732605,0.3333093125063318,0.3333093125063318,0.14717812527597285,0.13353320448,8.0,59.91019260829769,2.3233167359999998,1.1501568,1,HEADROOM
720p,5,8,median,finishing_owner,0.6,125,60.12119088647273,48.947976733124506,92.48915104953085,125.48345036593673,0,217190400,429720000,646910400,1078184.0,61.694183349609375,0.1672322278024452,0.333322244960336,0.333322244960336,0.1355633805549418,0.13353320448,9.6,71.89223112995722,2.3233167359999998,1.1501568,1,HEADROOM
720p,5,8,median,finishing_owner,0.7,125,60.18646504625035,48.67139140740983,81.66569072381571,114.6599900402216,0,217190400,363364800,580555200,967592.0,55.366058349609375,0.1674137934533678,0.2829018062702381,0.2829018062702381,0.13713015426018238,0.13353320448,11.2,83.87426965161677,2.3233167359999998,1.1501568,1,HEADROOM
720p,5,8,median,independent_au,0.2,125,60.75596026054838,45.109125113904156,53.743877347812486,67.2828751139063,0,289587200,27000000,316587200,527645.3333333334,30.192108154296875,0.2253251235186263,0.025719380413714358,0.2253251235186263,0.21151198865956877,0.13353320448,3.2,23.964077043319076,2.3233167359999998,1.1501568,1,HEADROOM
720p,5,8,median,independent_au,0.3,125,60.81447537262825,40.257582313905914,48.49161099390585,59.538485993906306,0,218638336,27000000,245638336,409397.2266666667,23.425897216796876,0.17028844959483966,0.025744151192105144,0.17028844959483966,0.1783523793399153,0.13353320448,4.8,35.94611556497861,2.3233167359999998,1.1501568,1,HEADROOM
720p,5,8,median,independent_au,0.4,125,60.843634756753154,38.97812735390471,44.88703602781197,55.434885113903874,0,217190400,27000000,244190400,406984.0,23.287811279296875,0.16924176713637745,0.025756495022895107,0.16924176713637745,0.16659260243161736,0.13353320448,6.4,47.92815408663815,2.3233167359999998,1.1501568,1,HEADROOM
720p,5,8,median,independent_au,0.5,125,60.87038336003371,36.0739814339031,42.296099697907266,50.78825164190624,0,217190400,27000000,244190400,406984.0,23.287811279296875,0.16931617066117888,0.02576781831529898,0.16931617066117888,0.14901794821567457,0.13353320448,8.0,59.91019260829769,2.3233167359999998,1.1501568,1,HEADROOM
720p,5,8,median,independent_au,0.6,125,60.88395871487603,34.137884153905816,40.90231178781232,49.44836003390628,0,217190400,27000000,244190400,406984.0,23.287811279296875,0.16935393167023433,0.02577356507189608,0.16935393167023433,0.1372832963429068,0.13353320448,9.6,71.89223112995722,2.3233167359999998,1.1501568,1,HEADROOM
720p,5,8,median,independent_au,0.7,125,60.89260813935584,32.75495752533243,39.64088057104891,47.498393959616806,0,217190400,27000000,244190400,406984.0,23.287811279296875,0.16937799078322993,0.025777226570086582,0.16937799078322993,0.13873904608017726,0.13353320448,11.2,83.87426965161677,2.3233167359999998,1.1501568,1,HEADROOM
720p,5,8,median,raw_gather,0.2,125,41.430777691012366,2269.804341214981,4191.483794339962,4539.12457558996,595,289587200,1866240000,2155827200,3593045.3333333335,205.595703125,0.15365397996617638,0.9864862375000446,0.9864862375000446,0.14423451038479937,0.13353320448,3.2,23.964077043319076,2.3233167359999998,1.1501568,1,INTERCONNECT
720p,5,8,median,raw_gather,0.3,125,41.43631731337867,2267.8682439349814,4189.547697059963,4537.188478309961,594,218638336,1866240000,2084878336,3474797.2266666666,198.8294921875,0.11602708383127697,0.9866181385052842,0.9866181385052842,0.12152149202377349,0.13353320448,4.8,35.94611556497861,2.3233167359999998,1.1501568,1,INTERCONNECT
720p,5,8,median,raw_gather,0.4,125,41.43908768011744,2266.900195294981,4188.579648419962,4536.22042966996,594,217190400,1866240000,2083430400,3472384.0,198.69140625,0.11526636197098582,0.9866841022359436,0.9866841022359436,0.11346208172181084,0.13353320448,6.4,47.92815408663815,2.3233167359999998,1.1501568,1,INTERCONNECT
720p,5,8,median,raw_gather,0.5,125,41.44075007798127,2266.3193661109817,4187.998819235963,4535.639600485962,595,217190400,1866240000,2083430400,3472384.0,198.69140625,0.11527098607264057,0.9867236847083305,0.9867236847083305,0.10145189184390747,0.13353320448,8.0,59.91019260829769,2.3233167359999998,1.1501568,1,INTERCONNECT
720p,5,8,median,raw_gather,0.6,125,41.44185841732565,2265.932146654981,4187.6115997799625,4535.252381029961,595,217190400,1866240000,2083430400,3472384.0,198.69140625,0.11527406901319762,0.9867500747876543,0.9867500747876543,0.09344456323462456,0.13353320448,9.6,71.89223112995722,2.3233167359999998,1.1501568,1,INTERCONNECT
720p,5,8,median,raw_gather,0.7,125,41.442650124583814,2265.6555613292667,4187.335014454247,4534.975795704246,595,217190400,1866240000,2083430400,3472384.0,198.69140625,0.11527627121456119,0.9867689257085839,0.9867689257085839,0.09442383765465891,0.13353320448,11.2,83.87426965161677,2.3233167359999998,1.1501568,1,INTERCONNECT
720p,5,8,adversarial,owner_only,0.2,125,38.53971559012992,2803.3260322633246,5219.124176263207,5606.963011463196,596,72396800,15000000,87396800,145661.33333333334,8.334808349609375,0.03573554982557723,0.010434044631192142,0.03573554982557723,0.98715886499447,0.5129699327999999,0.4,0.7797727984106909,8.97122304,3.9105331199999998,1,COMPUTE_CAPACITY
720p,5,8,adversarial,owner_only,0.3,125,53.112080140924185,670.3126306632867,1187.4959266632995,1380.3284642633025,581,72396800,15000000,87396800,145661.33333333334,8.334808349609375,0.04924762305983714,0.014379291755535983,0.04924762305983714,0.9820149984620016,0.5129699327999999,0.6,1.1696591976160364,8.97122304,3.9105331199999998,1,BURST_OR_PER_FRAME_LATENCY
720p,5,8,adversarial,owner_only,0.4,125,59.03735942926222,121.19085146328007,190.52393306328486,268.9476770632864,0,72396800,15000000,87396800,145661.33333333334,8.334808349609375,0.05474177655828933,0.015983471433567414,0.05474177655828933,0.8812620938333912,0.5129699327999999,0.8,1.5595455968213818,8.97122304,3.9105331199999998,1,NODE_QUEUE_HEADROOM_LOW
720p,5,8,adversarial,owner_only,0.5,125,59.33111988189007,105.49121114327681,164.87543642328455,232.08515162327058,0,72396800,15000000,87396800,145661.33333333334,8.334808349609375,0.05501416287798378,0.01606300262954705,0.05501416287798378,0.7588342772369471,0.5129699327999999,1.0,1.9494319960267272,8.97122304,3.9105331199999998,1,NODE_QUEUE_HEADROOM_LOW
720p,5,8,adversarial,owner_only,0.6,125,59.52858970580391,95.02478426327889,147.77643866328162,207.51013466329096,0,72396800,15000000,87396800,145661.33333333334,8.334808349609375,0.055197264715230565,0.01611646459532654,0.055197264715230565,0.6765366120161015,0.5129699327999999,1.2,2.339318395232073,8.97122304,3.9105331199999998,1,HEADROOM
720p,5,8,adversarial,owner_only,0.7,125,59.67044627211082,87.54876506327946,135.56286883471057,189.9565511204346,0,72396800,15000000,87396800,145661.33333333334,8.334808349609375,0.05532879973866608,0.016154870113411185,0.05532879973866608,0.6174163678597785,0.5129699327999999,1.4,2.7292047944374183,8.97122304,3.9105331199999998,1,HEADROOM
720p,5,8,adversarial,finishing_owner,0.2,125,59.66677825728462,103.85910718984269,147.40028150624948,201.48833082265446,0,434380800,637080000,1071460800,1785768.0,102.18246459960938,0.33192056937902337,0.4881274160031395,0.4881274160031395,0.3997077590015701,0.5129699327999999,3.2,6.238182387285527,8.97122304,3.9105331199999998,1,HEADROOM
720p,5,8,adversarial,finishing_owner,0.3,125,59.77575153313551,85.52694785312451,139.6149971695304,183.15617148593628,0,432932864,634315200,1067248064,1778746.7733333334,101.78070678710938,0.3314262185106136,0.48691742324229637,0.48691742324229637,0.2930067857024648,0.5129699327999999,4.8,9.357273580928291,8.97122304,3.9105331199999998,1,HEADROOM
720p,5,8,adversarial,finishing_owner,0.4,125,59.798020548510195,81.78893825312434,125.33011256953068,179.41816188593657,0,361984000,569342400,931326400,1552210.6666666667,88.81820678710938,0.2772115390795731,0.4376953779793539,0.4376953779793539,0.3101697761001473,0.5129699327999999,6.4,12.476364774571055,8.97122304,3.9105331199999998,1,HEADROOM
720p,5,8,adversarial,finishing_owner,0.5,125,59.87434013386115,79.54613249312388,123.08730680953067,166.62848112593565,0,360536064,567960000,928496064,1547493.44,88.54828491210938,0.27646296733573356,0.4372015253564042,0.4372015253564042,0.26749491313700857,0.5129699327999999,8.0,15.595455968213818,8.97122304,3.9105331199999998,1,HEADROOM
720p,5,8,adversarial,finishing_owner,0.6,125,59.883275151997445,78.05092865312417,121.59210296953052,165.13327728593686,0,360536064,567960000,928496064,1547493.44,88.54828491210938,0.27650422376748096,0.4372667687235885,0.4372667687235885,0.23777311103049184,0.5129699327999999,9.6,18.714547161856583,8.97122304,3.9105331199999998,1,HEADROOM
720p,5,8,adversarial,finishing_owner,0.7,125,59.954491453890924,66.14938209397224,109.69055641037903,153.23173072678583,0,289587200,500222400,789809600,1316349.3333333333,75.32211303710938,0.22235272283428253,0.3861462993727253,0.3861462993727253,0.27003760748293903,0.5129699327999999,11.2,21.833638355499346,8.97122304,3.9105331199999998,1,HEADROOM
720p,5,8,adversarial,independent_au,0.2,125,60.352288742019965,83.18535718984276,98.9572597898441,119.37418998984379,0,434380800,45000000,479380800,798968.0,45.717315673828125,0.3357339985108513,0.03936203972512058,0.3357339985108513,0.40429999387043014,0.5129699327999999,3.2,6.238182387285527,8.97122304,3.9105331199999998,1,HEADROOM
720p,5,8,adversarial,independent_au,0.3,125,60.51753111998037,70.04735478984367,84.00522138984343,100.59698818984361,0,432932864,45000000,477932864,796554.7733333333,45.579229736328124,0.3355390100210654,0.03946981156246306,0.3355390100210654,0.2966428161473624,0.5129699327999999,4.8,9.357273580928291,8.97122304,3.9105331199999998,1,HEADROOM
720p,5,8,adversarial,independent_au,0.4,125,60.59792151810201,60.84445338984324,74.51807478984483,90.20282358984514,0,361984000,45000000,406984000,678306.6666666666,38.813018798828125,0.28091971832794643,0.03952224254909736,0.28091971832794643,0.31431882823205376,0.5129699327999999,6.4,12.476364774571055,8.97122304,3.9105331199999998,1,HEADROOM
720p,5,8,adversarial,independent_au,0.5,125,60.65118461433635,58.60164762984277,69.72852262984361,83.17046566984209,0,360536064,45000000,405536064,675893.44,38.674932861328124,0.2800499585201107,0.03955698098493069,0.2800499585201107,0.27096554757508495,0.5129699327999999,8.0,15.595455968213818,8.97122304,3.9105331199999998,1,HEADROOM
720p,5,8,adversarial,independent_au,0.6,125,60.66435311293657,57.10644378984307,68.23331878984345,80.1800579898445,0,360536064,45000000,405536064,675893.44,38.674932861328124,0.2801107625672239,0.03956556954015909,0.2801107625672239,0.24087446673053414,0.5129699327999999,9.6,18.714547161856583,8.97122304,3.9105331199999998,1,HEADROOM
720p,5,8,adversarial,independent_au,0.7,125,60.68003978112129,55.294025418414094,66.17276187555899,77.70370292254461,0,289587200,45000000,334587200,557645.3333333334,31.908721923828125,0.22504355786924574,0.03957580045714853,0.22504355786924574,0.2733055083465335,0.5129699327999999,11.2,21.833638355499346,8.97122304,3.9105331199999998,1,HEADROOM
720p,5,8,adversarial,raw_gather,0.2,125,41.37789369744335,2288.3133869749818,4209.992840099963,4557.633621349962,598,434380800,1866240000,2300620800,3834368.0,219.404296875,0.23018125725739708,0.9852270448237941,0.9852270448237941,0.27719051782372783,0.5129699327999999,3.2,6.238182387285527,8.97122304,3.9105331199999998,1,INTERCONNECT
720p,5,8,adversarial,raw_gather,0.3,125,41.399237897540175,2280.8373677749814,4202.516820899962,4550.15760214996,597,432932864,1866240000,2299172864,3831954.7733333334,219.2662109375,0.22953777265346756,0.9857352602331934,0.9857352602331934,0.20292940390997413,0.5129699327999999,4.8,9.357273580928291,8.97122304,3.9105331199999998,1,INTERCONNECT
720p,5,8,adversarial,raw_gather,0.4,125,41.40991825729627,2277.0993581749817,4198.778811299962,4546.419592549961,596,361984000,1866240000,2228224000,3713706.6666666665,212.5,0.19196801278651035,0.9859895646054048,0.9859895646054048,0.21479147564377005,0.5129699327999999,6.4,12.476364774571055,8.97122304,3.9105331199999998,1,INTERCONNECT
720p,5,8,adversarial,raw_gather,0.5,125,41.416329118711545,2274.8565524149817,4196.536005539963,4544.176786789962,595,360536064,1866240000,2226776064,3711293.44,212.3619140625,0.1912351972266145,0.9861422102207935,0.9861422102207935,0.1850318072031346,0.5129699327999999,8.0,15.595455968213818,8.97122304,3.9105331199999998,1,INTERCONNECT
720p,5,8,adversarial,raw_gather,0.6,125,41.42060412920797,2273.361348574981,4195.040801699963,4542.681582949961,596,360536064,1866240000,2226776064,3711293.44,212.3619140625,0.19125493660218995,0.9862440002246247,0.9862440002246247,0.1644650510441513,0.5129699327999999,9.6,18.714547161856583,8.97122304,3.9105331199999998,1,INTERCONNECT
720p,5,8,adversarial,raw_gather,0.7,125,41.423658248502406,2272.293345832124,4193.972798957106,4541.613580207104,596,289587200,1866240000,2155827200,3593045.3333333335,205.595703125,0.15362757614906838,0.9863167202366436,0.9863167202366436,0.18657393792121904,0.5129699327999999,11.2,21.833638355499346,8.97122304,3.9105331199999998,1,INTERCONNECT
720p,5,16,optimistic,owner_only,0.2,125,60.74479624491931,31.872697223281506,45.21415514328237,59.83921754328185,0,72396800,15000000,87396800,145661.33333333334,8.334808349609375,0.0563249795598072,0.01644573410641571,0.0563249795598072,0.17118159606172512,0.02927149056,0.4,13.665173598867115,0.506068992,0.2875392,1,HEADROOM
720p,5,16,optimistic,owner_only,0.3,125,60.80338450992713,28.92062810328082,40.33557338328228,52.85201498328388,0,72396800,15000000,87396800,145661.33333333334,8.334808349609375,0.05637930491824128,0.01646159599233249,0.05637930491824128,0.14662717690339944,0.02927149056,0.6,20.497760398300674,0.506068992,0.2875392,1,HEADROOM
720p,5,16,optimistic,owner_only,0.4,125,60.83272104409974,27.444593543275914,37.896282503283146,49.358413703268525,0,72396800,15000000,87396800,145661.33333333334,8.334808349609375,0.056406506913963934,0.016469538414900856,0.056406506913963934,0.13433219672900346,0.02927149056,0.8,27.33034719773423,0.506068992,0.2875392,1,HEADROOM
720p,5,16,optimistic,owner_only,0.5,125,60.85033655671163,26.558972807277314,36.43270797528476,47.262252935272045,0,72396800,15000000,87396800,145661.33333333334,8.334808349609375,0.05642284071453839,0.016474307548299465,0.05642284071453839,0.1269495121537913,0.02927149056,1.0,34.16293399716779,0.506068992,0.2875392,1,HEADROOM
720p,5,16,optimistic,owner_only,0.6,125,60.86208590063225,25.968558983281014,35.4569916232831,45.86481242328409,0,72396800,15000000,87396800,145661.33333333334,8.334808349609375,0.05643373517129978,0.01647748850531946,0.05643373517129978,0.12202534661610155,0.02927149056,1.2,40.99552079660135,0.506068992,0.2875392,1,HEADROOM
720p,5,16,optimistic,owner_only,0.7,125,60.870481067448345,25.546834823275276,34.76005137185348,44.86664062898126,0,72396800,15000000,87396800,145661.33333333334,8.334808349609375,0.05644151950228035,0.01647976136965964,0.05644151950228035,0.11850692112807205,0.02927149056,1.4,47.828107596034904,0.506068992,0.2875392,1,HEADROOM
720p,5,16,optimistic,finishing_owner,0.2,125,60.323706965699344,47.084717069843464,69.53214138624935,102.52644070265524,0,146241536,292862400,439103936,731839.8933333333,41.876214599609376,0.11297970524130561,0.22946764052076812,0.22946764052076812,0.11088500277421622,0.02927149056,6.4,218.64277758187384,0.506068992,0.2875392,1,HEADROOM
720p,5,16,optimistic,finishing_owner,0.3,125,60.327906963936215,35.84538304656212,68.83968236296823,101.83398167937412,0,146241536,292862400,439103936,731839.8933333333,41.876214599609376,0.11298757137862847,0.2294836170536121,0.2294836170536121,0.10031631472793458,0.02927149056,9.6,327.9641663728108,0.506068992,0.2875392,1,HEADROOM
720p,5,16,optimistic,finishing_owner,0.4,125,60.3291860299507,35.619188614921356,68.62882028296826,101.62311959937324,0,146241536,291480000,437721536,729535.8933333333,41.744378662109376,0.11298996692937574,0.22842800856823145,0.22842800856823145,0.09199694220236958,0.02927149056,12.8,437.2855551637477,0.506068992,0.2875392,1,HEADROOM
720p,5,16,optimistic,finishing_owner,0.5,125,60.39564643410901,35.23726885528049,57.684693171687286,90.67899248809226,0,144793600,225124800,369918400,616530.6666666666,35.278167724609375,0.11200246806942123,0.17772082489625507,0.17772082489625507,0.09295821575043897,0.02927149056,16.0,546.6069439546847,0.506068992,0.2875392,1,HEADROOM
720p,5,16,optimistic,finishing_owner,0.6,125,60.39615920360589,35.152924023281,57.600348339687116,90.594647656093,0,144793600,225124800,369918400,616530.6666666666,35.278167724609375,0.1120034189897705,0.1777223337768342,0.1777223337768342,0.08933505174794,0.02927149056,19.2,655.9283327456216,0.506068992,0.2875392,1,HEADROOM
720p,5,16,optimistic,finishing_owner,0.7,125,60.3965254728631,35.09267771470877,57.540102031115566,90.53440134752054,0,144793600,225124800,369918400,616530.6666666666,35.278167724609375,0.11200409822847737,0.17772341156436305,0.17772341156436305,0.08674703979332705,0.02927149056,22.4,765.2497215365585,0.506068992,0.2875392,1,HEADROOM
720p,5,16,optimistic,independent_au,0.2,125,60.940814010341754,28.441267025429624,34.29129198542978,39.768379450859356,0,146241536,20250000,166491536,277485.8933333333,15.877870178222656,0.11413547923983786,0.0205670411893169,0.11413547923983786,0.11201934812199253,0.02927149056,6.4,218.64277758187384,0.506068992,0.2875392,1,HEADROOM
720p,5,16,optimistic,independent_au,0.3,125,60.9638199099546,26.484096985429687,31.82816569086026,37.54319738542972,0,146241536,20250000,166491536,277485.8933333333,15.877870178222656,0.11417856677354243,0.020574805497894307,0.11417856677354243,0.10137374314610402,0.02927149056,9.6,327.9641663728108,0.506068992,0.2875392,1,HEADROOM
720p,5,16,optimistic,independent_au,0.4,125,60.971920485316424,25.221160370858343,30.750504785430167,36.010543305428655,0,146241536,20250000,166491536,277485.8933333333,15.877870178222656,0.1141937382651947,0.02057753937780434,0.1141937382651947,0.09297705826944858,0.02927149056,12.8,437.2855551637477,0.506068992,0.2875392,1,HEADROOM
720p,5,16,optimistic,independent_au,0.5,125,60.97611470524349,24.797313082855908,30.00173820143209,35.58669601742622,0,144793600,20250000,165043600,275072.6666666667,15.739784240722656,0.11307893438515115,0.02057895489375039,0.11307893438515115,0.0938516459555991,0.02927149056,16.0,546.6069439546847,0.506068992,0.2875392,1,HEADROOM
720p,5,16,optimistic,independent_au,0.6,125,60.98029634381545,24.67280622542944,29.279056345430945,35.08062702543066,0,144793600,20250000,165043600,275072.6666666667,15.739784240722656,0.11308668914676537,0.02058036616358892,0.11308668914676537,0.09019907890358402,0.02927149056,19.2,655.9283327456216,0.506068992,0.2875392,1,HEADROOM
720p,5,16,optimistic,independent_au,0.7,125,60.98328357967354,24.612559916857208,28.99268768514503,34.7191491739959,0,144793600,20250000,165043600,275072.6666666667,15.739784240722656,0.11309222891343011,0.020581374331988592,0.11309222891343011,0.08758979570423477,0.02927149056,22.4,765.2497215365585,0.506068992,0.2875392,1,HEADROOM
720p,5,16,optimistic,raw_gather,0.2,125,41.44641732893709,2264.3396218549815,4186.019074979962,4533.6598562299605,594,146241536,1866240000,2012481536,3354135.8933333335,191.9251953125,0.07762460645520389,0.9868586246101124,0.9868586246101124,0.07618540589877411,0.02927149056,6.4,218.64277758187384,0.506068992,0.2875392,1,INTERCONNECT
720p,5,16,optimistic,raw_gather,0.3,125,41.447624764254094,2263.9178976949815,4185.597350819962,4533.238132069961,594,146241536,1866240000,2012481536,3354135.8933333335,191.9251953125,0.07762686784948941,0.9868873742109956,0.9868873742109956,0.06892122037420939,0.02927149056,9.6,327.9641663728108,0.506068992,0.2875392,1,INTERCONNECT
720p,5,16,optimistic,raw_gather,0.4,125,41.44822850829463,2263.7070356149816,4185.386488739963,4533.0272699899615,594,146241536,1866240000,2012481536,3354135.8933333335,191.9251953125,0.07762799859604284,0.9869017496396059,0.9869017496396059,0.06320506761976123,0.02927149056,12.8,437.2855551637477,0.506068992,0.2875392,1,INTERCONNECT
720p,5,16,optimistic,raw_gather,0.5,125,41.44859076316166,2263.580518366982,4185.259971491963,4532.900752741962,593,144793600,1866240000,2011033600,3351722.6666666665,191.787109375,0.07686554805797581,0.9869103750977967,0.9869103750977967,0.06379577453347073,0.02927149056,16.0,546.6069439546847,0.506068992,0.2875392,1,INTERCONNECT
720p,5,16,optimistic,raw_gather,0.6,125,41.44883226992423,2263.4961735349816,4185.175626659962,4532.816407909961,593,144793600,1866240000,2011033600,3351722.6666666665,191.787109375,0.07686599592723561,0.9869161254870198,0.9869161254870198,0.0613090902559296,0.02927149056,19.2,655.9283327456216,0.506068992,0.2875392,1,INTERCONNECT
720p,5,16,optimistic,raw_gather,0.7,125,41.44900477647772,2263.43592722641,4185.115380351392,4532.75616160139,593,144793600,1866240000,2011033600,3351722.6666666665,191.787109375,0.07686631583704516,0.9869202329489208,0.9869202329489208,0.05953286945876471,0.02927149056,22.4,765.2497215365585,0.506068992,0.2875392,1,INTERCONNECT
720p,5,16,median,owner_only,0.2,125,59.99972314721785,70.1257327432777,107.7590921032861,149.70775130327274,0,72396800,15000000,87396800,145661.33333333334,8.334808349609375,0.05563411829114162,0.016244016843174964,0.05563411829114162,0.48180518803796457,0.13353320448,0.4,2.9955096304148845,2.3233167359999998,1.1501568,1,HEADROOM
720p,5,16,median,owner_only,0.3,125,60.262179420796194,56.57305178328079,85.50355802328068,117.771730823295,0,72396800,15000000,87396800,145661.33333333334,8.334808349609375,0.05587747813689763,0.01631507290651951,0.05587747813689763,0.37214882868050997,0.13353320448,0.6,4.4932644456223265,2.3233167359999998,1.1501568,1,HEADROOM
720p,5,16,median,owner_only,0.4,125,60.39427049011209,49.79671130327915,74.37579098328047,101.80372058327703,0,72396800,15000000,87396800,145661.33333333334,8.334808349609375,0.05599995820497215,0.01635083456411142,0.05599995820497215,0.3169601087947144,0.13353320448,0.8,5.991019260829769,2.3233167359999998,1.1501568,1,HEADROOM
720p,5,16,median,owner_only,0.5,125,60.473803451983144,45.7309070152769,67.69913075928434,92.22291443927134,0,72396800,15000000,87396800,145661.33333333334,8.334808349609375,0.05607370431539873,0.01637236690966993,0.05607370431539873,0.2837305923927012,0.13353320448,1.0,7.4887740760372115,2.3233167359999998,1.1501568,1,HEADROOM
720p,5,16,median,owner_only,0.6,125,60.52694190284886,43.0203708232807,63.24802394328526,85.83571034328816,0,72396800,15000000,87396800,145661.33333333334,8.334808349609375,0.05612297639043844,0.016386753340900038,0.05612297639043844,0.2615289167215653,0.13353320448,1.2,8.986528891244653,2.3233167359999998,1.1501568,1,HEADROOM
720p,5,16,median,owner_only,0.7,125,60.564955150022875,41.08427354327796,60.0686619318526,81.27342170327393,0,72396800,15000000,87396800,145661.33333333334,8.334808349609375,0.05615822377790922,0.016397044852176572,0.05615822377790922,0.2456466738031217,0.13353320448,1.4,10.484283706452096,2.3233167359999998,1.1501568,1,HEADROOM
720p,5,16,median,finishing_owner,0.2,125,59.96954198555009,63.637781156405254,107.17895547281205,150.72012978921703,0,289587200,498840000,788427200,1314045.3333333333,75.19027709960938,0.22240854061562576,0.3851890825756559,0.3851890825756559,0.2087742014112101,0.13353320448,6.4,47.92815408663815,2.3233167359999998,1.1501568,1,HEADROOM
720p,5,16,median,finishing_owner,0.3,125,60.044457266285754,61.701683876405696,94.69598319281158,138.23715750921838,0,218638336,432484800,651123136,1085205.2266666666,62.095941162109376,0.16813229863430643,0.33500775849472875,0.33500775849472875,0.17609412486087048,0.13353320448,9.6,71.89223112995722,2.3233167359999998,1.1501568,1,HEADROOM
720p,5,16,median,finishing_owner,0.4,125,60.114666834041785,50.03105707640498,93.57223139281086,137.11340570921675,0,217190400,429720000,646910400,1078184.0,61.694183349609375,0.16721408059334572,0.33328607448915176,0.33328607448915176,0.16459665554548594,0.13353320448,12.8,95.8563081732763,2.3233167359999998,1.1501568,1,HEADROOM
720p,5,16,median,finishing_owner,0.5,125,60.11885826527034,49.33519618912396,92.87637050553076,125.87066982193573,0,217190400,429720000,646910400,1078184.0,61.694183349609375,0.16722573941732605,0.3333093125063318,0.3333093125063318,0.14717812527597285,0.13353320448,16.0,119.82038521659538,2.3233167359999998,1.1501568,1,HEADROOM
720p,5,16,median,finishing_owner,0.6,125,60.12119088647273,48.947976733124506,92.48915104953085,125.48345036593673,0,217190400,429720000,646910400,1078184.0,61.694183349609375,0.1672322278024452,0.333322244960336,0.333322244960336,0.1355633805549418,0.13353320448,19.2,143.78446225991445,2.3233167359999998,1.1501568,1,HEADROOM
720p,5,16,median,finishing_owner,0.7,125,60.18646504625035,48.67139140740983,81.66569072381571,114.6599900402216,0,217190400,363364800,580555200,967592.0,55.366058349609375,0.1674137934533678,0.2829018062702381,0.2829018062702381,0.13713015426018238,0.13353320448,22.4,167.74853930323354,2.3233167359999998,1.1501568,1,HEADROOM
720p,5,16,median,independent_au,0.2,125,60.75596026054838,45.109125113904156,53.743877347812486,67.2828751139063,0,289587200,27000000,316587200,527645.3333333334,30.192108154296875,0.2253251235186263,0.025719380413714358,0.2253251235186263,0.21151198865956877,0.13353320448,6.4,47.92815408663815,2.3233167359999998,1.1501568,1,HEADROOM
720p,5,16,median,independent_au,0.3,125,60.81447537262825,40.257582313905914,48.49161099390585,59.538485993906306,0,218638336,27000000,245638336,409397.2266666667,23.425897216796876,0.17028844959483966,0.025744151192105144,0.17028844959483966,0.1783523793399153,0.13353320448,9.6,71.89223112995722,2.3233167359999998,1.1501568,1,HEADROOM
720p,5,16,median,independent_au,0.4,125,60.843634756753154,38.97812735390471,44.88703602781197,55.434885113903874,0,217190400,27000000,244190400,406984.0,23.287811279296875,0.16924176713637745,0.025756495022895107,0.16924176713637745,0.16659260243161736,0.13353320448,12.8,95.8563081732763,2.3233167359999998,1.1501568,1,HEADROOM
720p,5,16,median,independent_au,0.5,125,60.87038336003371,36.0739814339031,42.296099697907266,50.78825164190624,0,217190400,27000000,244190400,406984.0,23.287811279296875,0.16931617066117888,0.02576781831529898,0.16931617066117888,0.14901794821567457,0.13353320448,16.0,119.82038521659538,2.3233167359999998,1.1501568,1,HEADROOM
720p,5,16,median,independent_au,0.6,125,60.88395871487603,34.137884153905816,40.90231178781232,49.44836003390628,0,217190400,27000000,244190400,406984.0,23.287811279296875,0.16935393167023433,0.02577356507189608,0.16935393167023433,0.1372832963429068,0.13353320448,19.2,143.78446225991445,2.3233167359999998,1.1501568,1,HEADROOM
720p,5,16,median,independent_au,0.7,125,60.89260813935584,32.75495752533243,39.64088057104891,47.498393959616806,0,217190400,27000000,244190400,406984.0,23.287811279296875,0.16937799078322993,0.025777226570086582,0.16937799078322993,0.13873904608017726,0.13353320448,22.4,167.74853930323354,2.3233167359999998,1.1501568,1,HEADROOM
720p,5,16,median,raw_gather,0.2,125,41.430777691012366,2269.804341214981,4191.483794339962,4539.12457558996,595,289587200,1866240000,2155827200,3593045.3333333335,205.595703125,0.15365397996617638,0.9864862375000446,0.9864862375000446,0.14423451038479937,0.13353320448,6.4,47.92815408663815,2.3233167359999998,1.1501568,1,INTERCONNECT
720p,5,16,median,raw_gather,0.3,125,41.43631731337867,2267.8682439349814,4189.547697059963,4537.188478309961,594,218638336,1866240000,2084878336,3474797.2266666666,198.8294921875,0.11602708383127697,0.9866181385052842,0.9866181385052842,0.12152149202377349,0.13353320448,9.6,71.89223112995722,2.3233167359999998,1.1501568,1,INTERCONNECT
720p,5,16,median,raw_gather,0.4,125,41.43908768011744,2266.900195294981,4188.579648419962,4536.22042966996,594,217190400,1866240000,2083430400,3472384.0,198.69140625,0.11526636197098582,0.9866841022359436,0.9866841022359436,0.11346208172181084,0.13353320448,12.8,95.8563081732763,2.3233167359999998,1.1501568,1,INTERCONNECT
720p,5,16,median,raw_gather,0.5,125,41.44075007798127,2266.3193661109817,4187.998819235963,4535.639600485962,595,217190400,1866240000,2083430400,3472384.0,198.69140625,0.11527098607264057,0.9867236847083305,0.9867236847083305,0.10145189184390747,0.13353320448,16.0,119.82038521659538,2.3233167359999998,1.1501568,1,INTERCONNECT
720p,5,16,median,raw_gather,0.6,125,41.44185841732565,2265.932146654981,4187.6115997799625,4535.252381029961,595,217190400,1866240000,2083430400,3472384.0,198.69140625,0.11527406901319762,0.9867500747876543,0.9867500747876543,0.09344456323462456,0.13353320448,19.2,143.78446225991445,2.3233167359999998,1.1501568,1,INTERCONNECT
720p,5,16,median,raw_gather,0.7,125,41.442650124583814,2265.6555613292667,4187.335014454247,4534.975795704246,595,217190400,1866240000,2083430400,3472384.0,198.69140625,0.11527627121456119,0.9867689257085839,0.9867689257085839,0.09442383765465891,0.13353320448,22.4,167.74853930323354,2.3233167359999998,1.1501568,1,INTERCONNECT
720p,5,16,adversarial,owner_only,0.2,125,38.53971559012992,2803.3260322633246,5219.124176263207,5606.963011463196,596,72396800,15000000,87396800,145661.33333333334,8.334808349609375,0.03573554982557723,0.010434044631192142,0.03573554982557723,0.98715886499447,0.5129699327999999,0.4,0.7797727984106909,8.97122304,3.9105331199999998,1,COMPUTE_CAPACITY
720p,5,16,adversarial,owner_only,0.3,125,53.112080140924185,670.3126306632867,1187.4959266632995,1380.3284642633025,581,72396800,15000000,87396800,145661.33333333334,8.334808349609375,0.04924762305983714,0.014379291755535983,0.04924762305983714,0.9820149984620016,0.5129699327999999,0.6,1.1696591976160364,8.97122304,3.9105331199999998,1,BURST_OR_PER_FRAME_LATENCY
720p,5,16,adversarial,owner_only,0.4,125,59.03735942926222,121.19085146328007,190.52393306328486,268.9476770632864,0,72396800,15000000,87396800,145661.33333333334,8.334808349609375,0.05474177655828933,0.015983471433567414,0.05474177655828933,0.8812620938333912,0.5129699327999999,0.8,1.5595455968213818,8.97122304,3.9105331199999998,1,NODE_QUEUE_HEADROOM_LOW
720p,5,16,adversarial,owner_only,0.5,125,59.33111988189007,105.49121114327681,164.87543642328455,232.08515162327058,0,72396800,15000000,87396800,145661.33333333334,8.334808349609375,0.05501416287798378,0.01606300262954705,0.05501416287798378,0.7588342772369471,0.5129699327999999,1.0,1.9494319960267272,8.97122304,3.9105331199999998,1,NODE_QUEUE_HEADROOM_LOW
720p,5,16,adversarial,owner_only,0.6,125,59.52858970580391,95.02478426327889,147.77643866328162,207.51013466329096,0,72396800,15000000,87396800,145661.33333333334,8.334808349609375,0.055197264715230565,0.01611646459532654,0.055197264715230565,0.6765366120161015,0.5129699327999999,1.2,2.339318395232073,8.97122304,3.9105331199999998,1,HEADROOM
720p,5,16,adversarial,owner_only,0.7,125,59.67044627211082,87.54876506327946,135.56286883471057,189.9565511204346,0,72396800,15000000,87396800,145661.33333333334,8.334808349609375,0.05532879973866608,0.016154870113411185,0.05532879973866608,0.6174163678597785,0.5129699327999999,1.4,2.7292047944374183,8.97122304,3.9105331199999998,1,HEADROOM
720p,5,16,adversarial,finishing_owner,0.2,125,59.66677825728462,103.85910718984269,147.40028150624948,201.48833082265446,0,435828736,637080000,1072908736,1788181.2266666666,102.32055053710937,0.3330270773512259,0.4881274160031395,0.4881274160031395,0.3997077590015701,0.5129699327999999,6.4,12.476364774571055,8.97122304,3.9105331199999998,1,HEADROOM
720p,5,16,adversarial,finishing_owner,0.3,125,59.77575153313551,85.52694785312451,139.6149971695304,183.15617148593628,0,432932864,634315200,1067248064,1778746.7733333334,101.78070678710938,0.3314262185106136,0.48691742324229637,0.48691742324229637,0.2930067857024648,0.5129699327999999,9.6,18.714547161856583,8.97122304,3.9105331199999998,1,HEADROOM
720p,5,16,adversarial,finishing_owner,0.4,125,59.798020548510195,81.78893825312434,125.33011256953068,179.41816188593657,0,361984000,569342400,931326400,1552210.6666666667,88.81820678710938,0.2772115390795731,0.4376953779793539,0.4376953779793539,0.3101697761001473,0.5129699327999999,12.8,24.95272954914211,8.97122304,3.9105331199999998,1,HEADROOM
720p,5,16,adversarial,finishing_owner,0.5,125,59.87434013386115,79.54613249312388,123.08730680953067,166.62848112593565,0,360536064,567960000,928496064,1547493.44,88.54828491210938,0.27646296733573356,0.4372015253564042,0.4372015253564042,0.26749491313700857,0.5129699327999999,16.0,31.190911936427636,8.97122304,3.9105331199999998,1,HEADROOM
720p,5,16,adversarial,finishing_owner,0.6,125,59.883275151997445,78.05092865312417,121.59210296953052,165.13327728593686,0,360536064,567960000,928496064,1547493.44,88.54828491210938,0.27650422376748096,0.4372667687235885,0.4372667687235885,0.23777311103049184,0.5129699327999999,19.2,37.429094323713166,8.97122304,3.9105331199999998,1,HEADROOM
720p,5,16,adversarial,finishing_owner,0.7,125,59.954491453890924,66.14938209397224,109.69055641037903,153.23173072678583,0,289587200,500222400,789809600,1316349.3333333333,75.32211303710938,0.22235272283428253,0.3861462993727253,0.3861462993727253,0.27003760748293903,0.5129699327999999,22.4,43.66727671099869,8.97122304,3.9105331199999998,1,HEADROOM
720p,5,16,adversarial,independent_au,0.2,125,60.38050032791091,83.18535718984276,98.9572597898441,119.37418998984379,0,435828736,45000000,480828736,801381.2266666667,45.855401611328126,0.3370106806588625,0.03938043945092544,0.3370106806588625,0.40448898328973026,0.5129699327999999,6.4,12.476364774571055,8.97122304,3.9105331199999998,1,HEADROOM
720p,5,16,adversarial,independent_au,0.3,125,60.51753111998037,70.04735478984367,84.00522138984343,100.59698818984361,0,432932864,45000000,477932864,796554.7733333333,45.579229736328124,0.3355390100210654,0.03946981156246306,0.3355390100210654,0.2966428161473624,0.5129699327999999,9.6,18.714547161856583,8.97122304,3.9105331199999998,1,HEADROOM
720p,5,16,adversarial,independent_au,0.4,125,60.59792151810201,60.84445338984324,74.51807478984483,90.20282358984514,0,361984000,45000000,406984000,678306.6666666666,38.813018798828125,0.28091971832794643,0.03952224254909736,0.28091971832794643,0.31431882823205376,0.5129699327999999,12.8,24.95272954914211,8.97122304,3.9105331199999998,1,HEADROOM
720p,5,16,adversarial,independent_au,0.5,125,60.65118461433635,58.60164762984277,69.72852262984361,83.17046566984209,0,360536064,45000000,405536064,675893.44,38.674932861328124,0.2800499585201107,0.03955698098493069,0.2800499585201107,0.27096554757508495,0.5129699327999999,16.0,31.190911936427636,8.97122304,3.9105331199999998,1,HEADROOM
720p,5,16,adversarial,independent_au,0.6,125,60.66435311293657,57.10644378984307,68.23331878984345,80.1800579898445,0,360536064,45000000,405536064,675893.44,38.674932861328124,0.2801107625672239,0.03956556954015909,0.2801107625672239,0.24087446673053414,0.5129699327999999,19.2,37.429094323713166,8.97122304,3.9105331199999998,1,HEADROOM
720p,5,16,adversarial,independent_au,0.7,125,60.68003978112129,55.294025418414094,66.17276187555899,77.70370292254461,0,289587200,45000000,334587200,557645.3333333334,31.908721923828125,0.22504355786924574,0.03957580045714853,0.22504355786924574,0.2733055083465335,0.5129699327999999,22.4,43.66727671099869,8.97122304,3.9105331199999998,1,HEADROOM
720p,5,16,adversarial,raw_gather,0.2,125,41.37789369744335,2288.3133869749818,4209.992840099963,4557.633621349962,598,435828736,1866240000,2302068736,3836781.2266666666,219.5423828125,0.23094860167562162,0.9852270448237941,0.9852270448237941,0.27719051782372783,0.5129699327999999,6.4,12.476364774571055,8.97122304,3.9105331199999998,1,INTERCONNECT
720p,5,16,adversarial,raw_gather,0.3,125,41.399237897540175,2280.8373677749814,4202.516820899962,4550.15760214996,597,432932864,1866240000,2299172864,3831954.7733333334,219.2662109375,0.22953777265346756,0.9857352602331934,0.9857352602331934,0.20292940390997413,0.5129699327999999,9.6,18.714547161856583,8.97122304,3.9105331199999998,1,INTERCONNECT
720p,5,16,adversarial,raw_gather,0.4,125,41.40991825729627,2277.0993581749817,4198.778811299962,4546.419592549961,596,361984000,1866240000,2228224000,3713706.6666666665,212.5,0.19196801278651035,0.9859895646054048,0.9859895646054048,0.21479147564377005,0.5129699327999999,12.8,24.95272954914211,8.97122304,3.9105331199999998,1,INTERCONNECT
720p,5,16,adversarial,raw_gather,0.5,125,41.416329118711545,2274.8565524149817,4196.536005539963,4544.176786789962,595,360536064,1866240000,2226776064,3711293.44,212.3619140625,0.1912351972266145,0.9861422102207935,0.9861422102207935,0.1850318072031346,0.5129699327999999,16.0,31.190911936427636,8.97122304,3.9105331199999998,1,INTERCONNECT
720p,5,16,adversarial,raw_gather,0.6,125,41.42060412920797,2273.361348574981,4195.040801699963,4542.681582949961,596,360536064,1866240000,2226776064,3711293.44,212.3619140625,0.19125493660218995,0.9862440002246247,0.9862440002246247,0.1644650510441513,0.5129699327999999,19.2,37.429094323713166,8.97122304,3.9105331199999998,1,INTERCONNECT
720p,5,16,adversarial,raw_gather,0.7,125,41.423658248502406,2272.293345832124,4193.972798957106,4541.613580207104,596,289587200,1866240000,2155827200,3593045.3333333335,205.595703125,0.15362757614906838,0.9863167202366436,0.9863167202366436,0.18657393792121904,0.5129699327999999,22.4,43.66727671099869,8.97122304,3.9105331199999998,1,INTERCONNECT
720p,10,4,optimistic,owner_only,0.2,125,60.34827506930417,23.097659783281188,27.664080263281903,27.664080263281903,0,144793600,15000000,159793600,266322.6666666667,15.239105224609375,0.11191461886029408,0.016338382000147422,0.11191461886029408,0.1636089050176498,0.028178841599999997,0.4,14.195047677190535,0.506068992,0.2875392,1,HEADROOM
720p,10,4,optimistic,owner_only,0.3,125,60.37533969070995,21.410763143280747,25.315843463281908,25.315843463282363,0,144793600,15000000,159793600,266322.6666666667,15.239105224609375,0.11196480963684483,0.016345709336723475,0.11196480963684483,0.1400530135824413,0.028178841599999997,0.6,21.292571515785802,0.506068992,0.2875392,1,HEADROOM
720p,10,4,optimistic,owner_only,0.4,125,60.38888110678527,20.56731482327814,24.141725063282138,24.141725063282138,0,144793600,15000000,159793600,266322.6666666667,15.239105224609375,0.11198992191084367,0.016349375470153263,0.11198992191084367,0.12826714293732946,0.028178841599999997,0.8,28.39009535438107,0.506068992,0.2875392,1,HEADROOM
720p,10,4,optimistic,owner_only,0.5,125,60.39700887250251,20.06124583127894,23.43725402328255,23.43725402328255,0,144793600,15000000,159793600,266322.6666666667,15.239105224609375,0.11200499468303785,0.016351575939693504,0.11200499468303785,0.12119308252554889,0.028178841599999997,1.0,35.48761919297634,0.506068992,0.2875392,1,HEADROOM
720p,10,4,optimistic,owner_only,0.6,125,60.40242859855584,19.723866503280988,22.967606663281913,22.967606663281913,0,144793600,15000000,159793600,266322.6666666667,15.239105224609375,0.11201504545209277,0.01635304324848557,0.11201504545209277,0.11647598426625294,0.028178841599999997,1.2,42.585143031571604,0.506068992,0.2875392,1,HEADROOM
720p,10,4,optimistic,owner_only,0.7,125,60.40630042700668,19.48288126899206,22.63214426328159,22.63214426328159,0,144793600,15000000,159793600,266322.6666666667,15.239105224609375,0.11202222567729177,0.016354091487431856,0.11202222567729177,0.11310611002065653,0.028178841599999997,1.4,49.68266687016688,0.506068992,0.2875392,1,HEADROOM
720p,10,4,optimistic,finishing_owner,0.2,125,60.250377694681085,23.097659783281188,35.99637234328111,35.99637234328134,0,288139264,154622400,442761664,737936.1066666667,42.225042724609374,0.22234880973498175,0.12327983347965932,0.22234880973498175,0.13380648735969733,0.028178841599999997,1.6,56.78019070876214,0.506068992,0.2875392,1,HEADROOM
720p,10,4,optimistic,finishing_owner,0.3,125,60.258030395890586,21.410763143280747,34.73166132656297,34.73166132656297,0,288139264,154622400,442761664,737936.1066666667,42.225042724609374,0.22237705136715563,0.12329549186665827,0.22237705136715563,0.12534065769285188,0.028178841599999997,2.4,85.17028606314321,0.506068992,0.2875392,1,HEADROOM
720p,10,4,optimistic,finishing_owner,0.4,125,60.26031995312212,20.56731482327814,34.353343863281225,34.35334386328134,0,288139264,154622400,442761664,737936.1066666667,42.225042724609374,0.2223855007801673,0.1233001765880666,0.2223855007801673,0.11478689572383166,0.028178841599999997,3.2,113.56038141752428,0.506068992,0.2875392,1,HEADROOM
720p,10,4,optimistic,finishing_owner,0.5,125,60.256609046504856,20.06124583127894,23.43725402328255,23.43725402328255,0,146241536,19147200,165388736,275647.8933333333,15.772698974609375,0.11286207239202878,0.019491159429684095,0.11286207239202878,0.12025880354455304,0.028178841599999997,4.0,141.95047677190536,0.506068992,0.2875392,1,HEADROOM
720p,10,4,optimistic,finishing_owner,0.6,125,60.257119457806304,19.723866503280988,22.967606663281913,22.967606663281913,0,146241536,19147200,165388736,275647.8933333333,15.772698974609375,0.11286302840462498,0.019491324532038983,0.11286302840462498,0.11556863458276476,0.028178841599999997,4.8,170.34057212628642,0.506068992,0.2875392,1,HEADROOM
720p,10,4,optimistic,finishing_owner,0.7,125,60.25748404260145,19.48288126899206,22.63214426328159,22.63214426328159,0,146241536,19147200,165388736,275647.8933333333,15.772698974609375,0.11286371128068115,0.01949144246400496,0.11286371128068115,0.11221846524812173,0.028178841599999997,5.6,198.7306674806675,0.506068992,0.2875392,1,HEADROOM
720p,10,4,optimistic,independent_au,0.2,125,60.40117942458679,23.164416985429625,25.516254545429547,25.516254545429774,0,288139264,20250000,308389264,513982.1066666667,29.410292053222655,0.22290533048113256,0.020384918798393162,0.22290533048113256,0.13414139397005426,0.028178841599999997,1.6,56.78019070876214,0.506068992,0.2875392,1,HEADROOM
720p,10,4,optimistic,independent_au,0.3,125,60.413891501040254,21.477520345429184,24.318300730859846,24.318300730859846,0,288139264,20250000,308389264,513982.1066666667,29.410292053222655,0.22295224330021912,0.020389209023331342,0.22295224330021912,0.12566485902004176,0.028178841599999997,2.4,85.17028606314321,0.506068992,0.2875392,1,HEADROOM
720p,10,4,optimistic,independent_au,0.4,125,60.42415474418904,20.634072025426576,23.873226065429662,23.873226065429776,0,288139264,20250000,308389264,513982.1066666667,29.410292053222655,0.2229901189117168,0.02039267278645963,0.2229901189117168,0.11509897649427503,0.028178841599999997,3.2,113.56038141752428,0.506068992,0.2875392,1,HEADROOM
720p,10,4,optimistic,independent_au,0.5,125,60.42850475716153,20.128003033427376,23.504011225430986,23.504011225430986,0,146241536,20250000,166491536,277485.8933333333,15.877870178222656,0.11318403717642346,0.02039414088132236,0.11318403717642346,0.12060186919038215,0.028178841599999997,4.0,141.95047677190536,0.506068992,0.2875392,1,HEADROOM
720p,10,4,optimistic,independent_au,0.6,125,60.43004476611584,19.790623705429425,23.03436386543035,23.03436386543035,0,146241536,20250000,166491536,277485.8933333333,15.877870178222656,0.11318692165009094,0.020394660622125135,0.11318692165009094,0.1159002923511075,0.028178841599999997,4.8,170.34057212628642,0.506068992,0.2875392,1,HEADROOM
720p,10,4,optimistic,independent_au,0.7,125,60.43114482057003,19.549638471140497,22.698901465430026,22.698901465430026,0,146241536,20250000,166491536,277485.8933333333,15.877870178222656,0.11318898207843911,0.020395031881774963,0.11318898207843911,0.11254187646063854,0.028178841599999997,5.6,198.7306674806675,0.506068992,0.2875392,1,HEADROOM
720p,10,4,optimistic,raw_gather,0.2,125,41.73470969478913,2211.950637479982,4138.398137479962,4333.6598562299605,581,288139264,1866240000,2154379264,3590632.1066666665,205.4576171875,0.15401833781517651,0.9937230009780961,0.9937230009780961,0.09268613938878975,0.028178841599999997,1.6,56.78019070876214,0.506068992,0.2875392,1,INTERCONNECT
720p,10,4,optimistic,raw_gather,0.3,125,41.73593398609432,2211.528913319982,4137.976413319962,4333.238132069961,580,288139264,1866240000,2154379264,3590632.1066666665,205.4576171875,0.15402285595638812,0.993752151927959,0.993752151927959,0.08681348163678552,0.028178841599999997,2.4,85.17028606314321,0.506068992,0.2875392,1,INTERCONNECT
720p,10,4,optimistic,raw_gather,0.4,125,41.73654615868332,2211.318051239982,4137.765551239963,4333.0272699899615,580,288139264,1866240000,2154379264,3590632.1066666665,205.4576171875,0.1540251151264004,0.993766728044259,0.993766728044259,0.07950187744632867,0.028178841599999997,3.2,113.56038141752428,0.506068992,0.2875392,1,INTERCONNECT
720p,10,4,optimistic,raw_gather,0.5,125,41.73691347085683,2211.1915339919824,4137.6390339919635,4332.900752741962,580,146241536,1866240000,2012481536,3354135.8933333335,191.9251953125,0.07817423887780016,0.9937754739192879,0.9937754739192879,0.08329760597338023,0.028178841599999997,4.0,141.95047677190536,0.506068992,0.2875392,1,INTERCONNECT
720p,10,4,optimistic,raw_gather,0.6,125,41.73715834923099,2211.107189159982,4137.554689159962,4332.816407909961,580,146241536,1866240000,2012481536,3354135.8933333335,191.9251953125,0.07817469754086183,0.9937813045881634,0.9937813045881634,0.08004873855881574,0.028178841599999997,4.8,170.34057212628642,0.506068992,0.2875392,1,INTERCONNECT
720p,10,4,optimistic,raw_gather,0.7,125,41.737333264114675,2211.0469428514107,4137.494442851392,4332.75616160139,580,146241536,1866240000,2012481536,3354135.8933333335,191.9251953125,0.07817502516062964,0.9937854693935353,0.9937854693935353,0.07772809563600429,0.028178841599999997,5.6,198.7306674806675,0.506068992,0.2875392,1,INTERCONNECT
720p,10,4,median,owner_only,0.2,125,60.00378407705929,44.956537223279156,57.42070106328356,57.42070106328356,0,144793600,15000000,159793600,266322.6666666667,15.239105224609375,0.11127576749207162,0.01624511627846038,0.11127576749207162,0.460259937820602,0.1276674048,0.4,3.1331411539744876,2.3233167359999998,1.1501568,1,HEADROOM
720p,10,4,median,owner_only,0.3,125,60.12596435550914,37.212148103280924,46.78175066328106,46.78175066328549,0,144793600,15000000,159793600,266322.6666666667,15.239105224609375,0.11150234827303442,0.01627819473944217,0.11150234827303442,0.354584264748518,0.1276674048,0.6,4.699711730961732,2.3233167359999998,1.1501568,1,HEADROOM
720p,10,4,median,owner_only,0.4,125,60.18724127338219,33.33995354327999,41.46227546328112,41.46227546328191,0,144793600,15000000,159793600,266322.6666666667,15.239105224609375,0.11161598504062752,0.016294784537424827,0.11161598504062752,0.3015848803784601,0.1276674048,0.8,6.266282307948975,2.3233167359999998,1.1501568,1,HEADROOM
720p,10,4,median,owner_only,0.5,125,60.22406741269538,31.0166368072787,38.27059034328249,38.27059034328249,0,144793600,15000000,159793600,266322.6666666667,15.239105224609375,0.1116842783487726,0.01630475465721696,0.1116842783487726,0.26973336466792724,0.1276674048,1.0,7.832852884936219,2.3233167359999998,1.1501568,1,HEADROOM
720p,10,4,median,owner_only,0.6,125,60.24864321848241,29.467758983280874,36.14280026328288,36.14280026328379,0,144793600,15000000,159793600,266322.6666666667,15.239105224609375,0.11172985366860869,0.016311408184636736,0.11172985366860869,0.24847735796383347,0.1276674048,1.2,9.399423461923464,2.3233167359999998,1.1501568,1,HEADROOM
720p,10,4,median,owner_only,0.7,125,60.266209649117386,28.361417680422164,34.622950206138285,34.62295020613851,0,144793600,15000000,159793600,266322.6666666667,15.239105224609375,0.11176243024825394,0.016316164029833036,0.11176243024825394,0.23328387171245574,0.1276674048,1.4,10.965994038910706,2.3233167359999998,1.1501568,1,HEADROOM
720p,10,4,median,finishing_owner,0.2,125,60.021839873117834,41.73182656656172,63.367046293124986,63.36704629312521,0,432932864,428337600,861270464,1435450.7733333334,82.13715209960938,0.33280665934121767,0.3317163544138102,0.33280665934121767,0.25219116204790165,0.1276674048,1.6,12.53256461589795,2.3233167359999998,1.1501568,1,HEADROOM
720p,10,4,median,finishing_owner,0.3,125,60.09688595594395,39.795729286562164,50.884074013124916,50.88407401312543,0,291035136,291480000,582515136,970858.56,55.552972412109376,0.2240033172854216,0.22754843689177492,0.22754843689177492,0.225131665666557,0.1276674048,2.4,18.798846923846927,2.3233167359999998,1.1501568,1,HEADROOM
720p,10,4,median,finishing_owner,0.4,125,60.1036510209313,37.46077153820261,49.76032221312505,49.760322213125164,0,289587200,291480000,581067200,968445.3333333334,55.414886474609375,0.22292193731784107,0.22757405186231555,0.22757405186231555,0.21951711738500415,0.1276674048,3.2,25.0651292317959,2.3233167359999998,1.1501568,1,HEADROOM
720p,10,4,median,finishing_owner,0.5,125,60.10784091611537,36.0973938214844,49.064461325843695,49.06446132584392,0,289587200,291480000,581067200,968445.3333333334,55.414886474609375,0.2229374774644998,0.22758991631327183,0.22758991631327183,0.19628687642968234,0.1276674048,4.0,31.331411539744877,2.3233167359999998,1.1501568,1,HEADROOM
720p,10,4,median,finishing_owner,0.6,125,60.110172682429734,35.905701021484404,48.67724186984378,48.6772418698439,0,289587200,291480000,581067200,968445.3333333334,55.414886474609375,0.22294612588860285,0.22759874521965512,0.22759874521965512,0.18079686065341247,0.1276674048,4.8,37.597693847693854,2.3233167359999998,1.1501568,1,HEADROOM
720p,10,4,median,finishing_owner,0.7,125,60.11183834056306,35.498042729631706,48.400656544129106,48.400656544129674,0,289587200,291480000,581067200,968445.3333333334,55.414886474609375,0.22295230374521693,0.2276050520007571,0.2276050520007571,0.16973182784804156,0.1276674048,5.6,43.863976155642824,2.3233167359999998,1.1501568,1,HEADROOM
720p,10,4,median,independent_au,0.2,125,60.2788264790947,36.71939327390464,39.45653643390688,45.109125113904156,0,432932864,27000000,459932864,766554.7733333333,43.862615966796874,0.33423158823395727,0.025517398827367678,0.33423158823395727,0.25327093152729535,0.1276674048,1.6,12.53256461589795,2.3233167359999998,1.1501568,1,HEADROOM
720p,10,4,median,independent_au,0.3,125,60.318878528253,30.91110143390597,35.58434187390628,40.17758231390627,0,291035136,27000000,318035136,530058.56,30.330194091796876,0.22483076569342078,0.025534353771116965,0.22483076569342078,0.22596328209350766,0.1276674048,2.4,18.798846923846927,2.3233167359999998,1.1501568,1,HEADROOM
720p,10,4,median,independent_au,0.4,125,60.33507862260264,28.430278267811445,33.492541433906126,33.49254143390681,0,289587200,27000000,316587200,527645.3333333334,30.192108154296875,0.22378029264962332,0.025541211639670592,0.22378029264962332,0.22036236254298175,0.1276674048,3.2,25.0651292317959,2.3233167359999998,1.1501568,1,HEADROOM
720p,10,4,median,independent_au,0.5,125,60.356230085897735,27.58182948990543,31.16922469790734,31.16922469790734,0,289587200,27000000,316587200,527645.3333333334,30.192108154296875,0.22385874254567387,0.02555016553536182,0.22385874254567387,0.197098010776424,0.1276674048,4.0,31.331411539744877,2.3233167359999998,1.1501568,1,HEADROOM
720p,10,4,median,independent_au,0.6,125,60.36722511578019,27.194610033905974,29.775436787812453,29.775436787813305,0,289587200,27000000,316587200,527645.3333333334,30.192108154296875,0.22389952265338162,0.025554819981690936,0.22389952265338162,0.18157001219996702,0.1276674048,4.8,37.597693847693854,2.3233167359999998,1.1501568,1,HEADROOM
720p,10,4,median,independent_au,0.7,125,60.374048020010214,26.918024708191297,28.938605279620333,28.938605279620674,0,289587200,27000000,316587200,527645.3333333334,30.192108154296875,0.22392482852088316,0.025557708272299237,0.22392482852088316,0.17047220327825002,0.1276674048,5.6,43.863976155642824,2.3233167359999998,1.1501568,1,HEADROOM
720p,10,4,median,raw_gather,0.2,125,41.71885176987939,2217.4153568399825,4143.862856839964,4339.124575589962,582,432932864,1866240000,2299172864,3831954.7733333334,219.2662109375,0.2313209944652732,0.9933454163525929,0.9933454163525929,0.17528829055208903,0.1276674048,1.6,12.53256461589795,2.3233167359999998,1.1501568,1,INTERCONNECT
720p,10,4,median,raw_gather,0.3,125,41.72446870084876,2215.479259559982,4141.926759559963,4337.188478309961,582,291035136,1866240000,2157275136,3595458.56,205.7337890625,0.15552252420888457,0.9934791581119098,0.9934791581119098,0.15630592148419184,0.1276674048,2.4,18.798846923846927,2.3233167359999998,1.1501568,1,INTERCONNECT
720p,10,4,median,raw_gather,0.4,125,41.727277733559696,2214.5112109199827,4140.958710919964,4336.220429669962,582,289587200,1866240000,2155827200,3593045.3333333335,205.595703125,0.15476473447720027,0.9935460424974913,0.9935460424974913,0.15240092022370727,0.1276674048,3.2,25.0651292317959,2.3233167359999998,1.1501568,1,INTERCONNECT
720p,10,4,median,raw_gather,0.5,125,41.72896333474266,2213.9303817359823,4140.3778817359635,4335.639600485962,582,289587200,1866240000,2155827200,3593045.3333333335,205.595703125,0.15477098630175448,0.9935861774517831,0.9935861774517831,0.1362692078901365,0.1276674048,4.0,31.331411539744877,2.3233167359999998,1.1501568,1,INTERCONNECT
720p,10,4,median,raw_gather,0.6,125,41.73008714452332,2213.5431622799824,4139.990662279963,4335.252381029961,582,289587200,1866240000,2155827200,3593045.3333333335,205.595703125,0.15477515446540555,0.9936129358894465,0.9936129358894465,0.12551400892462344,0.1276674048,4.8,37.597693847693854,2.3233167359999998,1.1501568,1,INTERCONNECT
720p,10,4,median,raw_gather,0.7,125,41.730889902855736,2213.266576954268,4139.714076954249,4334.9757957042475,581,289587200,1866240000,2155827200,3593045.3333333335,205.595703125,0.15477813186261224,0.9936320499416345,0.9936320499416345,0.11783136926886305,0.1276674048,5.6,43.863976155642824,2.3233167359999998,1.1501568,1,INTERCONNECT
720p,10,4,adversarial,owner_only,0.2,125,40.82318750027205,2368.0260642633193,4433.154845063242,4651.55329626323,582,144793600,15000000,159793600,266322.6666666667,15.239105224609375,0.07570575073618167,0.011052260086591048,0.07570575073618167,0.9932018944074152,0.4876664832,0.4,0.8202327077621888,8.97122304,3.9105331199999998,1,COMPUTE_CAPACITY
720p,10,4,adversarial,owner_only,0.3,125,56.40740740165446,340.64098266328983,587.380803463313,634.4497954633134,450,144793600,15000000,159793600,266322.6666666667,15.239105224609375,0.10460636187204743,0.015271451730936773,0.10460636187204743,0.9903003575878918,0.4876664832,0.6,1.2303490616432833,8.97122304,3.9105331199999998,1,BURST_OR_PER_FRAME_LATENCY
720p,10,4,adversarial,owner_only,0.4,125,59.554300473320616,74.13660506328051,96.41544026328302,96.41544026328302,0,144793600,15000000,159793600,266322.6666666667,15.239105224609375,0.11044220951318,0.01612342539645503,0.11044220951318,0.8438629028719101,0.4876664832,0.8,1.6404654155243776,8.97122304,3.9105331199999998,1,NODE_QUEUE_HEADROOM_LOW
720p,10,4,adversarial,owner_only,0.5,125,59.692978160276546,65.16538202327865,84.22377818328277,84.22377818328277,0,144793600,15000000,159793600,266322.6666666667,15.239105224609375,0.1106993843945213,0.016160970281073203,0.1106993843945213,0.7245351458370698,0.4876664832,1.0,2.050581769405472,8.97122304,3.9105331199999998,1,NODE_QUEUE_HEADROOM_LOW
720p,10,4,adversarial,owner_only,0.6,125,59.78578931367158,59.18456666327984,76.0960034632817,76.09600346328443,0,144793600,15000000,159793600,266322.6666666667,15.239105224609375,0.11087150074492667,0.016186097495998582,0.11087150074492667,0.6446740881170963,0.4876664832,1.2,2.4606981232865666,8.97122304,3.9105331199999998,1,HEADROOM
720p,10,4,adversarial,owner_only,0.7,125,59.85225988937937,54.912555691851594,70.29045009185347,70.29045009185575,0,144793600,15000000,159793600,266322.6666666667,15.239105224609375,0.11099476904277311,0.016204093398225056,0.11099476904277311,0.5874782631640247,0.4876664832,1.4,2.870814477167661,8.97122304,3.9105331199999998,1,HEADROOM
720p,10,4,adversarial,finishing_owner,0.2,125,59.781533518780236,81.74072462148436,93.00296705312485,93.19076246328129,0,576278528,566577600,1142856128,1904760.2133333334,108.99125366210937,0.44122121993633895,0.4354730055889862,0.44122121993633895,0.5356247302138057,0.4876664832,1.6,3.2809308310487553,8.97122304,3.9105331199999998,1,HEADROOM
720p,10,4,adversarial,finishing_owner,0.3,125,59.89092675180677,63.58246298984341,85.21768271640576,85.21768271640656,0,574830592,565195200,1140025792,1900042.9866666666,108.72133178710938,0.4409259239994302,0.4352171001959579,0.4409259239994302,0.3905085978033151,0.4876664832,2.4,4.921396246573133,8.97122304,3.9105331199999998,1,HEADROOM
720p,10,4,adversarial,finishing_owner,0.4,125,59.913051168278066,59.88298366328081,70.97132838984362,70.97132838984396,0,434380800,431102400,865483200,1442472.0,82.53890991210938,0.3333145272021933,0.3332214415895874,0.3333145272021933,0.3784272387273835,0.4876664832,3.2,6.5618616620975105,8.97122304,3.9105331199999998,1,HEADROOM
720p,10,4,adversarial,finishing_owner,0.5,125,59.98989595177956,47.05477262984277,68.68999235640604,68.68999235640649,0,434380800,429720000,864100800,1440168.0,82.40707397460938,0.3337420381064337,0.3325943232119713,0.3337420381064337,0.3257310783777109,0.4876664832,4.0,8.202327077621888,8.97122304,3.9105331199999998,1,HEADROOM
720p,10,4,adversarial,finishing_owner,0.6,125,59.998865494455245,45.55956878984307,67.19478851640616,67.19478851640656,0,434380800,429720000,864100800,1440168.0,82.40707397460938,0.3337919384005745,0.3326440519025851,0.3337919384005745,0.28927449433127767,0.4876664832,4.8,9.842792493146266,8.97122304,3.9105331199999998,1,HEADROOM
720p,10,4,adversarial,finishing_owner,0.7,125,59.94353426043643,54.790302504128704,65.87864723069197,65.87864723069288,0,432932864,429720000,862652864,1437754.7733333334,82.26898803710938,0.33237247356118726,0.3323372860041118,0.33237247356118726,0.32541759829243944,0.4876664832,5.6,11.483257908670645,8.97122304,3.9105331199999998,1,HEADROOM
720p,10,4,adversarial,independent_au,0.2,125,59.91175500314982,61.583811779686584,72.05848218984374,83.02535718984379,0,576278528,45000000,621278528,1035464.2133333334,59.24973754882812,0.4421823274692766,0.03907472159864845,0.4421823274692766,0.5367914759181724,0.4876664832,1.6,3.2809308310487553,8.97122304,3.9105331199999998,1,HEADROOM
720p,10,4,adversarial,independent_au,0.3,125,60.06324591809681,53.383179789843325,61.75147138984357,70.04735478984367,0,574830592,45000000,619830592,1033050.9866666667,59.11165161132813,0.4421945633700333,0.03917352466869651,0.4421945633700333,0.39163217560803715,0.4876664832,2.4,4.921396246573133,8.97122304,3.9105331199999998,1,HEADROOM
720p,10,4,adversarial,independent_au,0.4,125,60.141156091469185,49.71757838984331,54.275452189844145,58.83332598984376,0,434380800,45000000,479380800,798968.0,45.717315673828125,0.33458354427181963,0.0392243380413655,0.33458354427181963,0.37986801189016045,0.4876664832,3.2,6.5618616620975105,8.97122304,3.9105331199999998,1,HEADROOM
720p,10,4,adversarial,independent_au,0.5,125,60.173520546691336,44.27941878984166,49.789840669844125,52.104908709843784,0,434380800,45000000,479380800,798968.0,45.717315673828125,0.33476359758040886,0.03924544628760917,0.33476359758040886,0.32672811690175435,0.4876664832,4.0,8.202327077621888,8.97122304,3.9105331199999998,1,HEADROOM
720p,10,4,adversarial,independent_au,0.6,125,60.213573124256605,40.637255589843335,46.79943298984381,50.044402189843765,0,434380800,45000000,479380800,798968.0,45.717315673828125,0.3349864222520635,0.039271568762532315,0.3349864222520635,0.290309671255508,0.4876664832,4.8,9.842792493146266,8.97122304,3.9105331199999998,1,HEADROOM
720p,10,4,adversarial,independent_au,0.7,125,60.23921316570592,38.53198753270044,45.06749355111651,49.33072398984376,0,432932864,45000000,477932864,796554.7733333333,45.579229736328124,0.33401194194316997,0.03928829131524934,0.33401194194316997,0.3270227608909691,0.4876664832,5.6,11.483257908670645,8.97122304,3.9105331199999998,1,HEADROOM
720p,10,4,adversarial,raw_gather,0.2,125,41.66523027564755,2235.9244025999824,4162.3719025999635,4357.633621349962,583,576278528,1866240000,2442518528,4070864.2133333334,232.93671875,0.30751274932374445,0.9920686634398572,0.9920686634398572,0.3733080503643988,0.4876664832,1.6,3.2809308310487553,8.97122304,3.9105331199999998,1,INTERCONNECT
720p,10,4,adversarial,raw_gather,0.3,125,41.68687201953031,2228.448383399982,4154.895883399962,4350.15760214996,583,574830592,1866240000,2441070592,4068450.986666667,232.7986328125,0.3069049614147587,0.9925839635062732,0.9925839635062732,0.2718121562321948,0.4876664832,2.4,4.921396246573133,8.97122304,3.9105331199999998,1,INTERCONNECT
720p,10,4,adversarial,raw_gather,0.4,125,41.69770132452389,2224.7103737999823,4151.1578737999625,4346.419592549961,582,434380800,1866240000,2300620800,3834368.0,219.404296875,0.23197699551914502,0.992841814334407,0.992841814334407,0.26337410073138573,0.4876664832,3.2,6.5618616620975105,8.97122304,3.9105331199999998,1,INTERCONNECT
720p,10,4,adversarial,raw_gather,0.5,125,41.70420160862083,2222.4675680399823,4148.915068039963,4344.176786789962,582,434380800,1866240000,2300620800,3834368.0,219.404296875,0.23201315857674606,0.9929965891457634,0.9929965891457634,0.22644404273974336,0.4876664832,4.0,8.202327077621888,8.97122304,3.9105331199999998,1,INTERCONNECT
720p,10,4,adversarial,raw_gather,0.6,125,41.708536257395686,2220.9723641999817,4147.419864199963,4342.681582949961,582,434380800,1866240000,2300620800,3834368.0,219.404296875,0.23203727354633624,0.9930997991649593,0.9930997991649593,0.2010907312284246,0.4876664832,4.8,9.842792493146266,8.97122304,3.9105331199999998,1,INTERCONNECT
720p,10,4,adversarial,raw_gather,0.7,125,41.71163298680782,2219.9043614571247,4146.351861457106,4341.613580207104,582,432932864,1866240000,2299172864,3831954.7733333334,219.2662109375,0.23128096805016102,0.9931735337438542,0.9931735337438542,0.2264414268342787,0.4876664832,5.6,11.483257908670645,8.97122304,3.9105331199999998,1,INTERCONNECT
720p,10,8,optimistic,owner_only,0.2,125,60.34827506930417,23.097659783281188,27.664080263281903,27.664080263281903,0,144793600,15000000,159793600,266322.6666666667,15.239105224609375,0.11191461886029408,0.016338382000147422,0.11191461886029408,0.1636089050176498,0.028178841599999997,0.4,14.195047677190535,0.506068992,0.2875392,1,HEADROOM
720p,10,8,optimistic,owner_only,0.3,125,60.37533969070995,21.410763143280747,25.315843463281908,25.315843463282363,0,144793600,15000000,159793600,266322.6666666667,15.239105224609375,0.11196480963684483,0.016345709336723475,0.11196480963684483,0.1400530135824413,0.028178841599999997,0.6,21.292571515785802,0.506068992,0.2875392,1,HEADROOM
720p,10,8,optimistic,owner_only,0.4,125,60.38888110678527,20.56731482327814,24.141725063282138,24.141725063282138,0,144793600,15000000,159793600,266322.6666666667,15.239105224609375,0.11198992191084367,0.016349375470153263,0.11198992191084367,0.12826714293732946,0.028178841599999997,0.8,28.39009535438107,0.506068992,0.2875392,1,HEADROOM
720p,10,8,optimistic,owner_only,0.5,125,60.39700887250251,20.06124583127894,23.43725402328255,23.43725402328255,0,144793600,15000000,159793600,266322.6666666667,15.239105224609375,0.11200499468303785,0.016351575939693504,0.11200499468303785,0.12119308252554889,0.028178841599999997,1.0,35.48761919297634,0.506068992,0.2875392,1,HEADROOM
720p,10,8,optimistic,owner_only,0.6,125,60.40242859855584,19.723866503280988,22.967606663281913,22.967606663281913,0,144793600,15000000,159793600,266322.6666666667,15.239105224609375,0.11201504545209277,0.01635304324848557,0.11201504545209277,0.11647598426625294,0.028178841599999997,1.2,42.585143031571604,0.506068992,0.2875392,1,HEADROOM
720p,10,8,optimistic,owner_only,0.7,125,60.40630042700668,19.48288126899206,22.63214426328159,22.63214426328159,0,144793600,15000000,159793600,266322.6666666667,15.239105224609375,0.11202222567729177,0.016354091487431856,0.11202222567729177,0.11310611002065653,0.028178841599999997,1.4,49.68266687016688,0.506068992,0.2875392,1,HEADROOM
720p,10,8,optimistic,finishing_owner,0.2,125,60.250377694681085,23.097659783281188,35.99637234328111,35.99637234328134,0,288139264,154622400,442761664,737936.1066666667,42.225042724609374,0.22234880973498175,0.12327983347965932,0.22234880973498175,0.13380648735969733,0.028178841599999997,3.2,113.56038141752428,0.506068992,0.2875392,1,HEADROOM
720p,10,8,optimistic,finishing_owner,0.3,125,60.258030395890586,21.410763143280747,34.73166132656297,34.73166132656297,0,288139264,154622400,442761664,737936.1066666667,42.225042724609374,0.22237705136715563,0.12329549186665827,0.22237705136715563,0.12534065769285188,0.028178841599999997,4.8,170.34057212628642,0.506068992,0.2875392,1,HEADROOM
720p,10,8,optimistic,finishing_owner,0.4,125,60.26031995312212,20.56731482327814,34.353343863281225,34.35334386328134,0,288139264,154622400,442761664,737936.1066666667,42.225042724609374,0.2223855007801673,0.1233001765880666,0.2223855007801673,0.11478689572383166,0.028178841599999997,6.4,227.12076283504857,0.506068992,0.2875392,1,HEADROOM
720p,10,8,optimistic,finishing_owner,0.5,125,60.256609046504856,20.06124583127894,23.43725402328255,23.43725402328255,0,146241536,19147200,165388736,275647.8933333333,15.772698974609375,0.11286207239202878,0.019491159429684095,0.11286207239202878,0.12025880354455304,0.028178841599999997,8.0,283.9009535438107,0.506068992,0.2875392,1,HEADROOM
720p,10,8,optimistic,finishing_owner,0.6,125,60.257119457806304,19.723866503280988,22.967606663281913,22.967606663281913,0,146241536,19147200,165388736,275647.8933333333,15.772698974609375,0.11286302840462498,0.019491324532038983,0.11286302840462498,0.11556863458276476,0.028178841599999997,9.6,340.68114425257284,0.506068992,0.2875392,1,HEADROOM
720p,10,8,optimistic,finishing_owner,0.7,125,60.25748404260145,19.48288126899206,22.63214426328159,22.63214426328159,0,146241536,19147200,165388736,275647.8933333333,15.772698974609375,0.11286371128068115,0.01949144246400496,0.11286371128068115,0.11221846524812173,0.028178841599999997,11.2,397.461334961335,0.506068992,0.2875392,1,HEADROOM
720p,10,8,optimistic,independent_au,0.2,125,60.40117942458679,23.164416985429625,25.516254545429547,25.516254545429774,0,288139264,20250000,308389264,513982.1066666667,29.410292053222655,0.22290533048113256,0.020384918798393162,0.22290533048113256,0.13414139397005426,0.028178841599999997,3.2,113.56038141752428,0.506068992,0.2875392,1,HEADROOM
720p,10,8,optimistic,independent_au,0.3,125,60.413891501040254,21.477520345429184,24.318300730859846,24.318300730859846,0,288139264,20250000,308389264,513982.1066666667,29.410292053222655,0.22295224330021912,0.020389209023331342,0.22295224330021912,0.12566485902004176,0.028178841599999997,4.8,170.34057212628642,0.506068992,0.2875392,1,HEADROOM
720p,10,8,optimistic,independent_au,0.4,125,60.42415474418904,20.634072025426576,23.873226065429662,23.873226065429776,0,288139264,20250000,308389264,513982.1066666667,29.410292053222655,0.2229901189117168,0.02039267278645963,0.2229901189117168,0.11509897649427503,0.028178841599999997,6.4,227.12076283504857,0.506068992,0.2875392,1,HEADROOM
720p,10,8,optimistic,independent_au,0.5,125,60.42850475716153,20.128003033427376,23.504011225430986,23.504011225430986,0,146241536,20250000,166491536,277485.8933333333,15.877870178222656,0.11318403717642346,0.02039414088132236,0.11318403717642346,0.12060186919038215,0.028178841599999997,8.0,283.9009535438107,0.506068992,0.2875392,1,HEADROOM
720p,10,8,optimistic,independent_au,0.6,125,60.43004476611584,19.790623705429425,23.03436386543035,23.03436386543035,0,146241536,20250000,166491536,277485.8933333333,15.877870178222656,0.11318692165009094,0.020394660622125135,0.11318692165009094,0.1159002923511075,0.028178841599999997,9.6,340.68114425257284,0.506068992,0.2875392,1,HEADROOM
720p,10,8,optimistic,independent_au,0.7,125,60.43114482057003,19.549638471140497,22.698901465430026,22.698901465430026,0,146241536,20250000,166491536,277485.8933333333,15.877870178222656,0.11318898207843911,0.020395031881774963,0.11318898207843911,0.11254187646063854,0.028178841599999997,11.2,397.461334961335,0.506068992,0.2875392,1,HEADROOM
720p,10,8,optimistic,raw_gather,0.2,125,41.73470969478913,2211.950637479982,4138.398137479962,4333.6598562299605,581,288139264,1866240000,2154379264,3590632.1066666665,205.4576171875,0.15401833781517651,0.9937230009780961,0.9937230009780961,0.09268613938878975,0.028178841599999997,3.2,113.56038141752428,0.506068992,0.2875392,1,INTERCONNECT
720p,10,8,optimistic,raw_gather,0.3,125,41.73593398609432,2211.528913319982,4137.976413319962,4333.238132069961,580,288139264,1866240000,2154379264,3590632.1066666665,205.4576171875,0.15402285595638812,0.993752151927959,0.993752151927959,0.08681348163678552,0.028178841599999997,4.8,170.34057212628642,0.506068992,0.2875392,1,INTERCONNECT
720p,10,8,optimistic,raw_gather,0.4,125,41.73654615868332,2211.318051239982,4137.765551239963,4333.0272699899615,580,288139264,1866240000,2154379264,3590632.1066666665,205.4576171875,0.1540251151264004,0.993766728044259,0.993766728044259,0.07950187744632867,0.028178841599999997,6.4,227.12076283504857,0.506068992,0.2875392,1,INTERCONNECT
720p,10,8,optimistic,raw_gather,0.5,125,41.73691347085683,2211.1915339919824,4137.6390339919635,4332.900752741962,580,146241536,1866240000,2012481536,3354135.8933333335,191.9251953125,0.07817423887780016,0.9937754739192879,0.9937754739192879,0.08329760597338023,0.028178841599999997,8.0,283.9009535438107,0.506068992,0.2875392,1,INTERCONNECT
720p,10,8,optimistic,raw_gather,0.6,125,41.73715834923099,2211.107189159982,4137.554689159962,4332.816407909961,580,146241536,1866240000,2012481536,3354135.8933333335,191.9251953125,0.07817469754086183,0.9937813045881634,0.9937813045881634,0.08004873855881574,0.028178841599999997,9.6,340.68114425257284,0.506068992,0.2875392,1,INTERCONNECT
720p,10,8,optimistic,raw_gather,0.7,125,41.737333264114675,2211.0469428514107,4137.494442851392,4332.75616160139,580,146241536,1866240000,2012481536,3354135.8933333335,191.9251953125,0.07817502516062964,0.9937854693935353,0.9937854693935353,0.07772809563600429,0.028178841599999997,11.2,397.461334961335,0.506068992,0.2875392,1,INTERCONNECT
720p,10,8,median,owner_only,0.2,125,60.00378407705929,44.956537223279156,57.42070106328356,57.42070106328356,0,144793600,15000000,159793600,266322.6666666667,15.239105224609375,0.11127576749207162,0.01624511627846038,0.11127576749207162,0.460259937820602,0.1276674048,0.4,3.1331411539744876,2.3233167359999998,1.1501568,1,HEADROOM
720p,10,8,median,owner_only,0.3,125,60.12596435550914,37.212148103280924,46.78175066328106,46.78175066328549,0,144793600,15000000,159793600,266322.6666666667,15.239105224609375,0.11150234827303442,0.01627819473944217,0.11150234827303442,0.354584264748518,0.1276674048,0.6,4.699711730961732,2.3233167359999998,1.1501568,1,HEADROOM
720p,10,8,median,owner_only,0.4,125,60.18724127338219,33.33995354327999,41.46227546328112,41.46227546328191,0,144793600,15000000,159793600,266322.6666666667,15.239105224609375,0.11161598504062752,0.016294784537424827,0.11161598504062752,0.3015848803784601,0.1276674048,0.8,6.266282307948975,2.3233167359999998,1.1501568,1,HEADROOM
720p,10,8,median,owner_only,0.5,125,60.22406741269538,31.0166368072787,38.27059034328249,38.27059034328249,0,144793600,15000000,159793600,266322.6666666667,15.239105224609375,0.1116842783487726,0.01630475465721696,0.1116842783487726,0.26973336466792724,0.1276674048,1.0,7.832852884936219,2.3233167359999998,1.1501568,1,HEADROOM
720p,10,8,median,owner_only,0.6,125,60.24864321848241,29.467758983280874,36.14280026328288,36.14280026328379,0,144793600,15000000,159793600,266322.6666666667,15.239105224609375,0.11172985366860869,0.016311408184636736,0.11172985366860869,0.24847735796383347,0.1276674048,1.2,9.399423461923464,2.3233167359999998,1.1501568,1,HEADROOM
720p,10,8,median,owner_only,0.7,125,60.266209649117386,28.361417680422164,34.622950206138285,34.62295020613851,0,144793600,15000000,159793600,266322.6666666667,15.239105224609375,0.11176243024825394,0.016316164029833036,0.11176243024825394,0.23328387171245574,0.1276674048,1.4,10.965994038910706,2.3233167359999998,1.1501568,1,HEADROOM
720p,10,8,median,finishing_owner,0.2,125,60.021839873117834,41.73182656656172,63.367046293124986,63.36704629312521,0,432932864,428337600,861270464,1435450.7733333334,82.13715209960938,0.33280665934121767,0.3317163544138102,0.33280665934121767,0.25219116204790165,0.1276674048,3.2,25.0651292317959,2.3233167359999998,1.1501568,1,HEADROOM
720p,10,8,median,finishing_owner,0.3,125,60.09688595594395,39.795729286562164,50.884074013124916,50.88407401312543,0,291035136,291480000,582515136,970858.56,55.552972412109376,0.2240033172854216,0.22754843689177492,0.22754843689177492,0.225131665666557,0.1276674048,4.8,37.597693847693854,2.3233167359999998,1.1501568,1,HEADROOM
720p,10,8,median,finishing_owner,0.4,125,60.1036510209313,37.46077153820261,49.76032221312505,49.760322213125164,0,289587200,291480000,581067200,968445.3333333334,55.414886474609375,0.22292193731784107,0.22757405186231555,0.22757405186231555,0.21951711738500415,0.1276674048,6.4,50.1302584635918,2.3233167359999998,1.1501568,1,HEADROOM
720p,10,8,median,finishing_owner,0.5,125,60.10784091611537,36.0973938214844,49.064461325843695,49.06446132584392,0,289587200,291480000,581067200,968445.3333333334,55.414886474609375,0.2229374774644998,0.22758991631327183,0.22758991631327183,0.19628687642968234,0.1276674048,8.0,62.662823079489755,2.3233167359999998,1.1501568,1,HEADROOM
720p,10,8,median,finishing_owner,0.6,125,60.110172682429734,35.905701021484404,48.67724186984378,48.6772418698439,0,289587200,291480000,581067200,968445.3333333334,55.414886474609375,0.22294612588860285,0.22759874521965512,0.22759874521965512,0.18079686065341247,0.1276674048,9.6,75.19538769538771,2.3233167359999998,1.1501568,1,HEADROOM
720p,10,8,median,finishing_owner,0.7,125,60.11183834056306,35.498042729631706,48.400656544129106,48.400656544129674,0,289587200,291480000,581067200,968445.3333333334,55.414886474609375,0.22295230374521693,0.2276050520007571,0.2276050520007571,0.16973182784804156,0.1276674048,11.2,87.72795231128565,2.3233167359999998,1.1501568,1,HEADROOM
720p,10,8,median,independent_au,0.2,125,60.2788264790947,36.71939327390464,39.45653643390688,45.109125113904156,0,432932864,27000000,459932864,766554.7733333333,43.862615966796874,0.33423158823395727,0.025517398827367678,0.33423158823395727,0.25327093152729535,0.1276674048,3.2,25.0651292317959,2.3233167359999998,1.1501568,1,HEADROOM
720p,10,8,median,independent_au,0.3,125,60.318878528253,30.91110143390597,35.58434187390628,40.17758231390627,0,291035136,27000000,318035136,530058.56,30.330194091796876,0.22483076569342078,0.025534353771116965,0.22483076569342078,0.22596328209350766,0.1276674048,4.8,37.597693847693854,2.3233167359999998,1.1501568,1,HEADROOM
720p,10,8,median,independent_au,0.4,125,60.33507862260264,28.430278267811445,33.492541433906126,33.49254143390681,0,289587200,27000000,316587200,527645.3333333334,30.192108154296875,0.22378029264962332,0.025541211639670592,0.22378029264962332,0.22036236254298175,0.1276674048,6.4,50.1302584635918,2.3233167359999998,1.1501568,1,HEADROOM
720p,10,8,median,independent_au,0.5,125,60.356230085897735,27.58182948990543,31.16922469790734,31.16922469790734,0,289587200,27000000,316587200,527645.3333333334,30.192108154296875,0.22385874254567387,0.02555016553536182,0.22385874254567387,0.197098010776424,0.1276674048,8.0,62.662823079489755,2.3233167359999998,1.1501568,1,HEADROOM
720p,10,8,median,independent_au,0.6,125,60.36722511578019,27.194610033905974,29.775436787812453,29.775436787813305,0,289587200,27000000,316587200,527645.3333333334,30.192108154296875,0.22389952265338162,0.025554819981690936,0.22389952265338162,0.18157001219996702,0.1276674048,9.6,75.19538769538771,2.3233167359999998,1.1501568,1,HEADROOM
720p,10,8,median,independent_au,0.7,125,60.374048020010214,26.918024708191297,28.938605279620333,28.938605279620674,0,289587200,27000000,316587200,527645.3333333334,30.192108154296875,0.22392482852088316,0.025557708272299237,0.22392482852088316,0.17047220327825002,0.1276674048,11.2,87.72795231128565,2.3233167359999998,1.1501568,1,HEADROOM
720p,10,8,median,raw_gather,0.2,125,41.71885176987939,2217.4153568399825,4143.862856839964,4339.124575589962,582,432932864,1866240000,2299172864,3831954.7733333334,219.2662109375,0.2313209944652732,0.9933454163525929,0.9933454163525929,0.17528829055208903,0.1276674048,3.2,25.0651292317959,2.3233167359999998,1.1501568,1,INTERCONNECT
720p,10,8,median,raw_gather,0.3,125,41.72446870084876,2215.479259559982,4141.926759559963,4337.188478309961,582,291035136,1866240000,2157275136,3595458.56,205.7337890625,0.15552252420888457,0.9934791581119098,0.9934791581119098,0.15630592148419184,0.1276674048,4.8,37.597693847693854,2.3233167359999998,1.1501568,1,INTERCONNECT
720p,10,8,median,raw_gather,0.4,125,41.727277733559696,2214.5112109199827,4140.958710919964,4336.220429669962,582,289587200,1866240000,2155827200,3593045.3333333335,205.595703125,0.15476473447720027,0.9935460424974913,0.9935460424974913,0.15240092022370727,0.1276674048,6.4,50.1302584635918,2.3233167359999998,1.1501568,1,INTERCONNECT
720p,10,8,median,raw_gather,0.5,125,41.72896333474266,2213.9303817359823,4140.3778817359635,4335.639600485962,582,289587200,1866240000,2155827200,3593045.3333333335,205.595703125,0.15477098630175448,0.9935861774517831,0.9935861774517831,0.1362692078901365,0.1276674048,8.0,62.662823079489755,2.3233167359999998,1.1501568,1,INTERCONNECT
720p,10,8,median,raw_gather,0.6,125,41.73008714452332,2213.5431622799824,4139.990662279963,4335.252381029961,582,289587200,1866240000,2155827200,3593045.3333333335,205.595703125,0.15477515446540555,0.9936129358894465,0.9936129358894465,0.12551400892462344,0.1276674048,9.6,75.19538769538771,2.3233167359999998,1.1501568,1,INTERCONNECT
720p,10,8,median,raw_gather,0.7,125,41.730889902855736,2213.266576954268,4139.714076954249,4334.9757957042475,581,289587200,1866240000,2155827200,3593045.3333333335,205.595703125,0.15477813186261224,0.9936320499416345,0.9936320499416345,0.11783136926886305,0.1276674048,11.2,87.72795231128565,2.3233167359999998,1.1501568,1,INTERCONNECT
720p,10,8,adversarial,owner_only,0.2,125,40.82318750027205,2368.0260642633193,4433.154845063242,4651.55329626323,582,144793600,15000000,159793600,266322.6666666667,15.239105224609375,0.07570575073618167,0.011052260086591048,0.07570575073618167,0.9932018944074152,0.4876664832,0.4,0.8202327077621888,8.97122304,3.9105331199999998,1,COMPUTE_CAPACITY
720p,10,8,adversarial,owner_only,0.3,125,56.40740740165446,340.64098266328983,587.380803463313,634.4497954633134,450,144793600,15000000,159793600,266322.6666666667,15.239105224609375,0.10460636187204743,0.015271451730936773,0.10460636187204743,0.9903003575878918,0.4876664832,0.6,1.2303490616432833,8.97122304,3.9105331199999998,1,BURST_OR_PER_FRAME_LATENCY
720p,10,8,adversarial,owner_only,0.4,125,59.554300473320616,74.13660506328051,96.41544026328302,96.41544026328302,0,144793600,15000000,159793600,266322.6666666667,15.239105224609375,0.11044220951318,0.01612342539645503,0.11044220951318,0.8438629028719101,0.4876664832,0.8,1.6404654155243776,8.97122304,3.9105331199999998,1,NODE_QUEUE_HEADROOM_LOW
720p,10,8,adversarial,owner_only,0.5,125,59.692978160276546,65.16538202327865,84.22377818328277,84.22377818328277,0,144793600,15000000,159793600,266322.6666666667,15.239105224609375,0.1106993843945213,0.016160970281073203,0.1106993843945213,0.7245351458370698,0.4876664832,1.0,2.050581769405472,8.97122304,3.9105331199999998,1,NODE_QUEUE_HEADROOM_LOW
720p,10,8,adversarial,owner_only,0.6,125,59.78578931367158,59.18456666327984,76.0960034632817,76.09600346328443,0,144793600,15000000,159793600,266322.6666666667,15.239105224609375,0.11087150074492667,0.016186097495998582,0.11087150074492667,0.6446740881170963,0.4876664832,1.2,2.4606981232865666,8.97122304,3.9105331199999998,1,HEADROOM
720p,10,8,adversarial,owner_only,0.7,125,59.85225988937937,54.912555691851594,70.29045009185347,70.29045009185575,0,144793600,15000000,159793600,266322.6666666667,15.239105224609375,0.11099476904277311,0.016204093398225056,0.11099476904277311,0.5874782631640247,0.4876664832,1.4,2.870814477167661,8.97122304,3.9105331199999998,1,HEADROOM
720p,10,8,adversarial,finishing_owner,0.2,125,59.781533518780236,81.74072462148436,93.00296705312485,93.19076246328129,0,579174400,566577600,1145752000,1909586.6666666667,109.26742553710938,0.4434384921055782,0.4354730055889862,0.4434384921055782,0.5356247302138057,0.4876664832,3.2,6.5618616620975105,8.97122304,3.9105331199999998,1,HEADROOM
720p,10,8,adversarial,finishing_owner,0.3,125,59.82794167787188,63.58246298984341,85.21768271640576,85.21768271640656,0,576278528,566577600,1142856128,1904760.2133333334,108.99125366210937,0.44157171521723143,0.43581106149578447,0.44157171521723143,0.38816120825062406,0.4876664832,4.8,9.842792493146266,8.97122304,3.9105331199999998,1,HEADROOM
720p,10,8,adversarial,finishing_owner,0.4,125,59.913051168278066,59.88298366328081,70.97132838984362,70.97132838984396,0,435828736,431102400,866931136,1444885.2266666666,82.67699584960937,0.33442560225422335,0.3332214415895874,0.33442560225422335,0.3784272387273835,0.4876664832,6.4,13.123723324195021,8.97122304,3.9105331199999998,1,HEADROOM
720p,10,8,adversarial,finishing_owner,0.5,125,59.92670265117216,47.05477262984277,68.68999235640604,68.68999235640649,0,435828736,431102400,866931136,1444885.2266666666,82.67699584960937,0.33450180276979535,0.3332973677312393,0.33450180276979535,0.32404540135664456,0.4876664832,8.0,16.404654155243776,8.97122304,3.9105331199999998,1,HEADROOM
720p,10,8,adversarial,finishing_owner,0.6,125,59.998865494455245,45.55956878984307,67.19478851640616,67.19478851640656,0,434380800,429720000,864100800,1440168.0,82.40707397460938,0.3337919384005745,0.3326440519025851,0.3337919384005745,0.28927449433127767,0.4876664832,9.6,19.685584986292533,8.97122304,3.9105331199999998,1,HEADROOM
720p,10,8,adversarial,finishing_owner,0.7,125,59.94353426043643,54.790302504128704,65.87864723069197,65.87864723069288,0,432932864,429720000,862652864,1437754.7733333334,82.26898803710938,0.33237247356118726,0.3323372860041118,0.33237247356118726,0.32541759829243944,0.4876664832,11.2,22.96651581734129,8.97122304,3.9105331199999998,1,HEADROOM
720p,10,8,adversarial,independent_au,0.2,125,60.03414602832902,61.583811779686584,72.05848218984374,83.02535718984379,0,579174400,45000000,624174400,1040290.6666666666,59.525909423828125,0.4453122832870327,0.03915454558702601,0.4453122832870327,0.537888063041044,0.4876664832,3.2,6.5618616620975105,8.97122304,3.9105331199999998,1,HEADROOM
720p,10,8,adversarial,independent_au,0.3,125,60.11316766811245,53.383179789843325,61.75147138984357,70.04735478984367,0,576278528,45000000,621278528,1035464.2133333334,59.24973754882812,0.44367688090073765,0.03920608386318974,0.44367688090073765,0.39001174266466715,0.4876664832,4.8,9.842792493146266,8.97122304,3.9105331199999998,1,HEADROOM
720p,10,8,adversarial,independent_au,0.4,125,60.16864471840403,49.71757838984331,54.275452189844145,58.83332598984376,0,435828736,45000000,480828736,801381.2266666667,45.855401611328126,0.33585228684575064,0.039242266250020905,0.33585228684575064,0.38004163758580634,0.4876664832,6.4,13.123723324195021,8.97122304,3.9105331199999998,1,HEADROOM
720p,10,8,adversarial,independent_au,0.5,125,60.18218035105838,44.27941878984166,49.789840669844125,52.104908709843784,0,435828736,45000000,480828736,801381.2266666667,45.855401611328126,0.3359278407027827,0.039251094251764505,0.3359278407027827,0.3254268618764932,0.4876664832,8.0,16.404654155243776,8.97122304,3.9105331199999998,1,HEADROOM
720p,10,8,adversarial,independent_au,0.6,125,60.213573124256605,40.637255589843335,46.79943298984381,50.044402189843765,0,434380800,45000000,479380800,798968.0,45.717315673828125,0.3349864222520635,0.039271568762532315,0.3349864222520635,0.290309671255508,0.4876664832,9.6,19.685584986292533,8.97122304,3.9105331199999998,1,HEADROOM
720p,10,8,adversarial,independent_au,0.7,125,60.23921316570592,38.53198753270044,45.06749355111651,49.33072398984376,0,432932864,45000000,477932864,796554.7733333333,45.579229736328124,0.33401194194316997,0.03928829131524934,0.33401194194316997,0.3270227608909691,0.4876664832,11.2,22.96651581734129,8.97122304,3.9105331199999998,1,HEADROOM
720p,10,8,adversarial,raw_gather,0.2,125,41.66523027564755,2235.9244025999824,4162.3719025999635,4357.633621349962,583,579174400,1866240000,2445414400,4075690.6666666665,233.212890625,0.3090580953541556,0.9920686634398572,0.9920686634398572,0.3733080503643988,0.4876664832,3.2,6.5618616620975105,8.97122304,3.9105331199999998,1,INTERCONNECT
720p,10,8,adversarial,raw_gather,0.3,125,41.68687201953031,2228.448383399982,4154.895883399962,4350.15760214996,583,576278528,1866240000,2442518528,4070864.2133333334,232.93671875,0.30767803577159586,0.9925839635062732,0.9925839635062732,0.27046269949271634,0.4876664832,4.8,9.842792493146266,8.97122304,3.9105331199999998,1,INTERCONNECT
720p,10,8,adversarial,raw_gather,0.4,125,41.69770132452389,2224.7103737999823,4151.1578737999625,4346.419592549961,582,435828736,1866240000,2302068736,3836781.2266666666,219.5423828125,0.2327502707031872,0.992841814334407,0.992841814334407,0.26337410073138573,0.4876664832,6.4,13.123723324195021,8.97122304,3.9105331199999998,1,INTERCONNECT
720p,10,8,adversarial,raw_gather,0.5,125,41.70420160862083,2222.4675680399823,4148.915068039963,4344.176786789962,582,435828736,1866240000,2302068736,3836781.2266666666,219.5423828125,0.2327865543072026,0.9929965891457634,0.9929965891457634,0.22550973356882378,0.4876664832,8.0,16.404654155243776,8.97122304,3.9105331199999998,1,INTERCONNECT
720p,10,8,adversarial,raw_gather,0.6,125,41.708536257395686,2220.9723641999817,4147.419864199963,4342.681582949961,582,434380800,1866240000,2300620800,3834368.0,219.404296875,0.23203727354633624,0.9930997991649593,0.9930997991649593,0.2010907312284246,0.4876664832,9.6,19.685584986292533,8.97122304,3.9105331199999998,1,INTERCONNECT
720p,10,8,adversarial,raw_gather,0.7,125,41.71163298680782,2219.9043614571247,4146.351861457106,4341.613580207104,582,432932864,1866240000,2299172864,3831954.7733333334,219.2662109375,0.23128096805016102,0.9931735337438542,0.9931735337438542,0.2264414268342787,0.4876664832,11.2,22.96651581734129,8.97122304,3.9105331199999998,1,INTERCONNECT
720p,10,16,optimistic,owner_only,0.2,125,60.34827506930417,23.097659783281188,27.664080263281903,27.664080263281903,0,144793600,15000000,159793600,266322.6666666667,15.239105224609375,0.11191461886029408,0.016338382000147422,0.11191461886029408,0.1636089050176498,0.028178841599999997,0.4,14.195047677190535,0.506068992,0.2875392,1,HEADROOM
720p,10,16,optimistic,owner_only,0.3,125,60.37533969070995,21.410763143280747,25.315843463281908,25.315843463282363,0,144793600,15000000,159793600,266322.6666666667,15.239105224609375,0.11196480963684483,0.016345709336723475,0.11196480963684483,0.1400530135824413,0.028178841599999997,0.6,21.292571515785802,0.506068992,0.2875392,1,HEADROOM
720p,10,16,optimistic,owner_only,0.4,125,60.38888110678527,20.56731482327814,24.141725063282138,24.141725063282138,0,144793600,15000000,159793600,266322.6666666667,15.239105224609375,0.11198992191084367,0.016349375470153263,0.11198992191084367,0.12826714293732946,0.028178841599999997,0.8,28.39009535438107,0.506068992,0.2875392,1,HEADROOM
720p,10,16,optimistic,owner_only,0.5,125,60.39700887250251,20.06124583127894,23.43725402328255,23.43725402328255,0,144793600,15000000,159793600,266322.6666666667,15.239105224609375,0.11200499468303785,0.016351575939693504,0.11200499468303785,0.12119308252554889,0.028178841599999997,1.0,35.48761919297634,0.506068992,0.2875392,1,HEADROOM
720p,10,16,optimistic,owner_only,0.6,125,60.40242859855584,19.723866503280988,22.967606663281913,22.967606663281913,0,144793600,15000000,159793600,266322.6666666667,15.239105224609375,0.11201504545209277,0.01635304324848557,0.11201504545209277,0.11647598426625294,0.028178841599999997,1.2,42.585143031571604,0.506068992,0.2875392,1,HEADROOM
720p,10,16,optimistic,owner_only,0.7,125,60.40630042700668,19.48288126899206,22.63214426328159,22.63214426328159,0,144793600,15000000,159793600,266322.6666666667,15.239105224609375,0.11202222567729177,0.016354091487431856,0.11202222567729177,0.11310611002065653,0.028178841599999997,1.4,49.68266687016688,0.506068992,0.2875392,1,HEADROOM
720p,10,16,optimistic,finishing_owner,0.2,125,60.250377694681085,23.097659783281188,35.99637234328111,35.99637234328134,0,288139264,154622400,442761664,737936.1066666667,42.225042724609374,0.22234880973498175,0.12327983347965932,0.22234880973498175,0.13380648735969733,0.028178841599999997,6.4,227.12076283504857,0.506068992,0.2875392,1,HEADROOM
720p,10,16,optimistic,finishing_owner,0.3,125,60.258030395890586,21.410763143280747,34.73166132656297,34.73166132656297,0,288139264,154622400,442761664,737936.1066666667,42.225042724609374,0.22237705136715563,0.12329549186665827,0.22237705136715563,0.12534065769285188,0.028178841599999997,9.6,340.68114425257284,0.506068992,0.2875392,1,HEADROOM
720p,10,16,optimistic,finishing_owner,0.4,125,60.26031995312212,20.56731482327814,34.353343863281225,34.35334386328134,0,288139264,154622400,442761664,737936.1066666667,42.225042724609374,0.2223855007801673,0.1233001765880666,0.2223855007801673,0.11478689572383166,0.028178841599999997,12.8,454.24152567009713,0.506068992,0.2875392,1,HEADROOM
720p,10,16,optimistic,finishing_owner,0.5,125,60.256609046504856,20.06124583127894,23.43725402328255,23.43725402328255,0,146241536,19147200,165388736,275647.8933333333,15.772698974609375,0.11286207239202878,0.019491159429684095,0.11286207239202878,0.12025880354455304,0.028178841599999997,16.0,567.8019070876214,0.506068992,0.2875392,1,HEADROOM
720p,10,16,optimistic,finishing_owner,0.6,125,60.257119457806304,19.723866503280988,22.967606663281913,22.967606663281913,0,146241536,19147200,165388736,275647.8933333333,15.772698974609375,0.11286302840462498,0.019491324532038983,0.11286302840462498,0.11556863458276476,0.028178841599999997,19.2,681.3622885051457,0.506068992,0.2875392,1,HEADROOM
720p,10,16,optimistic,finishing_owner,0.7,125,60.25748404260145,19.48288126899206,22.63214426328159,22.63214426328159,0,146241536,19147200,165388736,275647.8933333333,15.772698974609375,0.11286371128068115,0.01949144246400496,0.11286371128068115,0.11221846524812173,0.028178841599999997,22.4,794.92266992267,0.506068992,0.2875392,1,HEADROOM
720p,10,16,optimistic,independent_au,0.2,125,60.40117942458679,23.164416985429625,25.516254545429547,25.516254545429774,0,288139264,20250000,308389264,513982.1066666667,29.410292053222655,0.22290533048113256,0.020384918798393162,0.22290533048113256,0.13414139397005426,0.028178841599999997,6.4,227.12076283504857,0.506068992,0.2875392,1,HEADROOM
720p,10,16,optimistic,independent_au,0.3,125,60.413891501040254,21.477520345429184,24.318300730859846,24.318300730859846,0,288139264,20250000,308389264,513982.1066666667,29.410292053222655,0.22295224330021912,0.020389209023331342,0.22295224330021912,0.12566485902004176,0.028178841599999997,9.6,340.68114425257284,0.506068992,0.2875392,1,HEADROOM
720p,10,16,optimistic,independent_au,0.4,125,60.42415474418904,20.634072025426576,23.873226065429662,23.873226065429776,0,288139264,20250000,308389264,513982.1066666667,29.410292053222655,0.2229901189117168,0.02039267278645963,0.2229901189117168,0.11509897649427503,0.028178841599999997,12.8,454.24152567009713,0.506068992,0.2875392,1,HEADROOM
720p,10,16,optimistic,independent_au,0.5,125,60.42850475716153,20.128003033427376,23.504011225430986,23.504011225430986,0,146241536,20250000,166491536,277485.8933333333,15.877870178222656,0.11318403717642346,0.02039414088132236,0.11318403717642346,0.12060186919038215,0.028178841599999997,16.0,567.8019070876214,0.506068992,0.2875392,1,HEADROOM
720p,10,16,optimistic,independent_au,0.6,125,60.43004476611584,19.790623705429425,23.03436386543035,23.03436386543035,0,146241536,20250000,166491536,277485.8933333333,15.877870178222656,0.11318692165009094,0.020394660622125135,0.11318692165009094,0.1159002923511075,0.028178841599999997,19.2,681.3622885051457,0.506068992,0.2875392,1,HEADROOM
720p,10,16,optimistic,independent_au,0.7,125,60.43114482057003,19.549638471140497,22.698901465430026,22.698901465430026,0,146241536,20250000,166491536,277485.8933333333,15.877870178222656,0.11318898207843911,0.020395031881774963,0.11318898207843911,0.11254187646063854,0.028178841599999997,22.4,794.92266992267,0.506068992,0.2875392,1,HEADROOM
720p,10,16,optimistic,raw_gather,0.2,125,41.73470969478913,2211.950637479982,4138.398137479962,4333.6598562299605,581,288139264,1866240000,2154379264,3590632.1066666665,205.4576171875,0.15401833781517651,0.9937230009780961,0.9937230009780961,0.09268613938878975,0.028178841599999997,6.4,227.12076283504857,0.506068992,0.2875392,1,INTERCONNECT
720p,10,16,optimistic,raw_gather,0.3,125,41.73593398609432,2211.528913319982,4137.976413319962,4333.238132069961,580,288139264,1866240000,2154379264,3590632.1066666665,205.4576171875,0.15402285595638812,0.993752151927959,0.993752151927959,0.08681348163678552,0.028178841599999997,9.6,340.68114425257284,0.506068992,0.2875392,1,INTERCONNECT
720p,10,16,optimistic,raw_gather,0.4,125,41.73654615868332,2211.318051239982,4137.765551239963,4333.0272699899615,580,288139264,1866240000,2154379264,3590632.1066666665,205.4576171875,0.1540251151264004,0.993766728044259,0.993766728044259,0.07950187744632867,0.028178841599999997,12.8,454.24152567009713,0.506068992,0.2875392,1,INTERCONNECT
720p,10,16,optimistic,raw_gather,0.5,125,41.73691347085683,2211.1915339919824,4137.6390339919635,4332.900752741962,580,146241536,1866240000,2012481536,3354135.8933333335,191.9251953125,0.07817423887780016,0.9937754739192879,0.9937754739192879,0.08329760597338023,0.028178841599999997,16.0,567.8019070876214,0.506068992,0.2875392,1,INTERCONNECT
720p,10,16,optimistic,raw_gather,0.6,125,41.73715834923099,2211.107189159982,4137.554689159962,4332.816407909961,580,146241536,1866240000,2012481536,3354135.8933333335,191.9251953125,0.07817469754086183,0.9937813045881634,0.9937813045881634,0.08004873855881574,0.028178841599999997,19.2,681.3622885051457,0.506068992,0.2875392,1,INTERCONNECT
720p,10,16,optimistic,raw_gather,0.7,125,41.737333264114675,2211.0469428514107,4137.494442851392,4332.75616160139,580,146241536,1866240000,2012481536,3354135.8933333335,191.9251953125,0.07817502516062964,0.9937854693935353,0.9937854693935353,0.07772809563600429,0.028178841599999997,22.4,794.92266992267,0.506068992,0.2875392,1,INTERCONNECT
720p,10,16,median,owner_only,0.2,125,60.00378407705929,44.956537223279156,57.42070106328356,57.42070106328356,0,144793600,15000000,159793600,266322.6666666667,15.239105224609375,0.11127576749207162,0.01624511627846038,0.11127576749207162,0.460259937820602,0.1276674048,0.4,3.1331411539744876,2.3233167359999998,1.1501568,1,HEADROOM
720p,10,16,median,owner_only,0.3,125,60.12596435550914,37.212148103280924,46.78175066328106,46.78175066328549,0,144793600,15000000,159793600,266322.6666666667,15.239105224609375,0.11150234827303442,0.01627819473944217,0.11150234827303442,0.354584264748518,0.1276674048,0.6,4.699711730961732,2.3233167359999998,1.1501568,1,HEADROOM
720p,10,16,median,owner_only,0.4,125,60.18724127338219,33.33995354327999,41.46227546328112,41.46227546328191,0,144793600,15000000,159793600,266322.6666666667,15.239105224609375,0.11161598504062752,0.016294784537424827,0.11161598504062752,0.3015848803784601,0.1276674048,0.8,6.266282307948975,2.3233167359999998,1.1501568,1,HEADROOM
720p,10,16,median,owner_only,0.5,125,60.22406741269538,31.0166368072787,38.27059034328249,38.27059034328249,0,144793600,15000000,159793600,266322.6666666667,15.239105224609375,0.1116842783487726,0.01630475465721696,0.1116842783487726,0.26973336466792724,0.1276674048,1.0,7.832852884936219,2.3233167359999998,1.1501568,1,HEADROOM
720p,10,16,median,owner_only,0.6,125,60.24864321848241,29.467758983280874,36.14280026328288,36.14280026328379,0,144793600,15000000,159793600,266322.6666666667,15.239105224609375,0.11172985366860869,0.016311408184636736,0.11172985366860869,0.24847735796383347,0.1276674048,1.2,9.399423461923464,2.3233167359999998,1.1501568,1,HEADROOM
720p,10,16,median,owner_only,0.7,125,60.266209649117386,28.361417680422164,34.622950206138285,34.62295020613851,0,144793600,15000000,159793600,266322.6666666667,15.239105224609375,0.11176243024825394,0.016316164029833036,0.11176243024825394,0.23328387171245574,0.1276674048,1.4,10.965994038910706,2.3233167359999998,1.1501568,1,HEADROOM
720p,10,16,median,finishing_owner,0.2,125,60.021839873117834,41.73182656656172,63.367046293124986,63.36704629312521,0,432932864,428337600,861270464,1435450.7733333334,82.13715209960938,0.33280665934121767,0.3317163544138102,0.33280665934121767,0.25219116204790165,0.1276674048,6.4,50.1302584635918,2.3233167359999998,1.1501568,1,HEADROOM
720p,10,16,median,finishing_owner,0.3,125,60.09688595594395,39.795729286562164,50.884074013124916,50.88407401312543,0,291035136,291480000,582515136,970858.56,55.552972412109376,0.2240033172854216,0.22754843689177492,0.22754843689177492,0.225131665666557,0.1276674048,9.6,75.19538769538771,2.3233167359999998,1.1501568,1,HEADROOM
720p,10,16,median,finishing_owner,0.4,125,60.1036510209313,37.46077153820261,49.76032221312505,49.760322213125164,0,289587200,291480000,581067200,968445.3333333334,55.414886474609375,0.22292193731784107,0.22757405186231555,0.22757405186231555,0.21951711738500415,0.1276674048,12.8,100.2605169271836,2.3233167359999998,1.1501568,1,HEADROOM
720p,10,16,median,finishing_owner,0.5,125,60.10784091611537,36.0973938214844,49.064461325843695,49.06446132584392,0,289587200,291480000,581067200,968445.3333333334,55.414886474609375,0.2229374774644998,0.22758991631327183,0.22758991631327183,0.19628687642968234,0.1276674048,16.0,125.32564615897951,2.3233167359999998,1.1501568,1,HEADROOM
720p,10,16,median,finishing_owner,0.6,125,60.110172682429734,35.905701021484404,48.67724186984378,48.6772418698439,0,289587200,291480000,581067200,968445.3333333334,55.414886474609375,0.22294612588860285,0.22759874521965512,0.22759874521965512,0.18079686065341247,0.1276674048,19.2,150.39077539077542,2.3233167359999998,1.1501568,1,HEADROOM
720p,10,16,median,finishing_owner,0.7,125,60.11183834056306,35.498042729631706,48.400656544129106,48.400656544129674,0,289587200,291480000,581067200,968445.3333333334,55.414886474609375,0.22295230374521693,0.2276050520007571,0.2276050520007571,0.16973182784804156,0.1276674048,22.4,175.4559046225713,2.3233167359999998,1.1501568,1,HEADROOM
720p,10,16,median,independent_au,0.2,125,60.2788264790947,36.71939327390464,39.45653643390688,45.109125113904156,0,432932864,27000000,459932864,766554.7733333333,43.862615966796874,0.33423158823395727,0.025517398827367678,0.33423158823395727,0.25327093152729535,0.1276674048,6.4,50.1302584635918,2.3233167359999998,1.1501568,1,HEADROOM
720p,10,16,median,independent_au,0.3,125,60.318878528253,30.91110143390597,35.58434187390628,40.17758231390627,0,291035136,27000000,318035136,530058.56,30.330194091796876,0.22483076569342078,0.025534353771116965,0.22483076569342078,0.22596328209350766,0.1276674048,9.6,75.19538769538771,2.3233167359999998,1.1501568,1,HEADROOM
720p,10,16,median,independent_au,0.4,125,60.33507862260264,28.430278267811445,33.492541433906126,33.49254143390681,0,289587200,27000000,316587200,527645.3333333334,30.192108154296875,0.22378029264962332,0.025541211639670592,0.22378029264962332,0.22036236254298175,0.1276674048,12.8,100.2605169271836,2.3233167359999998,1.1501568,1,HEADROOM
720p,10,16,median,independent_au,0.5,125,60.356230085897735,27.58182948990543,31.16922469790734,31.16922469790734,0,289587200,27000000,316587200,527645.3333333334,30.192108154296875,0.22385874254567387,0.02555016553536182,0.22385874254567387,0.197098010776424,0.1276674048,16.0,125.32564615897951,2.3233167359999998,1.1501568,1,HEADROOM
720p,10,16,median,independent_au,0.6,125,60.36722511578019,27.194610033905974,29.775436787812453,29.775436787813305,0,289587200,27000000,316587200,527645.3333333334,30.192108154296875,0.22389952265338162,0.025554819981690936,0.22389952265338162,0.18157001219996702,0.1276674048,19.2,150.39077539077542,2.3233167359999998,1.1501568,1,HEADROOM
720p,10,16,median,independent_au,0.7,125,60.374048020010214,26.918024708191297,28.938605279620333,28.938605279620674,0,289587200,27000000,316587200,527645.3333333334,30.192108154296875,0.22392482852088316,0.025557708272299237,0.22392482852088316,0.17047220327825002,0.1276674048,22.4,175.4559046225713,2.3233167359999998,1.1501568,1,HEADROOM
720p,10,16,median,raw_gather,0.2,125,41.71885176987939,2217.4153568399825,4143.862856839964,4339.124575589962,582,432932864,1866240000,2299172864,3831954.7733333334,219.2662109375,0.2313209944652732,0.9933454163525929,0.9933454163525929,0.17528829055208903,0.1276674048,6.4,50.1302584635918,2.3233167359999998,1.1501568,1,INTERCONNECT
720p,10,16,median,raw_gather,0.3,125,41.72446870084876,2215.479259559982,4141.926759559963,4337.188478309961,582,291035136,1866240000,2157275136,3595458.56,205.7337890625,0.15552252420888457,0.9934791581119098,0.9934791581119098,0.15630592148419184,0.1276674048,9.6,75.19538769538771,2.3233167359999998,1.1501568,1,INTERCONNECT
720p,10,16,median,raw_gather,0.4,125,41.727277733559696,2214.5112109199827,4140.958710919964,4336.220429669962,582,289587200,1866240000,2155827200,3593045.3333333335,205.595703125,0.15476473447720027,0.9935460424974913,0.9935460424974913,0.15240092022370727,0.1276674048,12.8,100.2605169271836,2.3233167359999998,1.1501568,1,INTERCONNECT
720p,10,16,median,raw_gather,0.5,125,41.72896333474266,2213.9303817359823,4140.3778817359635,4335.639600485962,582,289587200,1866240000,2155827200,3593045.3333333335,205.595703125,0.15477098630175448,0.9935861774517831,0.9935861774517831,0.1362692078901365,0.1276674048,16.0,125.32564615897951,2.3233167359999998,1.1501568,1,INTERCONNECT
720p,10,16,median,raw_gather,0.6,125,41.73008714452332,2213.5431622799824,4139.990662279963,4335.252381029961,582,289587200,1866240000,2155827200,3593045.3333333335,205.595703125,0.15477515446540555,0.9936129358894465,0.9936129358894465,0.12551400892462344,0.1276674048,19.2,150.39077539077542,2.3233167359999998,1.1501568,1,INTERCONNECT
720p,10,16,median,raw_gather,0.7,125,41.730889902855736,2213.266576954268,4139.714076954249,4334.9757957042475,581,289587200,1866240000,2155827200,3593045.3333333335,205.595703125,0.15477813186261224,0.9936320499416345,0.9936320499416345,0.11783136926886305,0.1276674048,22.4,175.4559046225713,2.3233167359999998,1.1501568,1,INTERCONNECT
720p,10,16,adversarial,owner_only,0.2,125,40.82318750027205,2368.0260642633193,4433.154845063242,4651.55329626323,582,144793600,15000000,159793600,266322.6666666667,15.239105224609375,0.07570575073618167,0.011052260086591048,0.07570575073618167,0.9932018944074152,0.4876664832,0.4,0.8202327077621888,8.97122304,3.9105331199999998,1,COMPUTE_CAPACITY
720p,10,16,adversarial,owner_only,0.3,125,56.40740740165446,340.64098266328983,587.380803463313,634.4497954633134,450,144793600,15000000,159793600,266322.6666666667,15.239105224609375,0.10460636187204743,0.015271451730936773,0.10460636187204743,0.9903003575878918,0.4876664832,0.6,1.2303490616432833,8.97122304,3.9105331199999998,1,BURST_OR_PER_FRAME_LATENCY
720p,10,16,adversarial,owner_only,0.4,125,59.554300473320616,74.13660506328051,96.41544026328302,96.41544026328302,0,144793600,15000000,159793600,266322.6666666667,15.239105224609375,0.11044220951318,0.01612342539645503,0.11044220951318,0.8438629028719101,0.4876664832,0.8,1.6404654155243776,8.97122304,3.9105331199999998,1,NODE_QUEUE_HEADROOM_LOW
720p,10,16,adversarial,owner_only,0.5,125,59.692978160276546,65.16538202327865,84.22377818328277,84.22377818328277,0,144793600,15000000,159793600,266322.6666666667,15.239105224609375,0.1106993843945213,0.016160970281073203,0.1106993843945213,0.7245351458370698,0.4876664832,1.0,2.050581769405472,8.97122304,3.9105331199999998,1,NODE_QUEUE_HEADROOM_LOW
720p,10,16,adversarial,owner_only,0.6,125,59.78578931367158,59.18456666327984,76.0960034632817,76.09600346328443,0,144793600,15000000,159793600,266322.6666666667,15.239105224609375,0.11087150074492667,0.016186097495998582,0.11087150074492667,0.6446740881170963,0.4876664832,1.2,2.4606981232865666,8.97122304,3.9105331199999998,1,HEADROOM
720p,10,16,adversarial,owner_only,0.7,125,59.85225988937937,54.912555691851594,70.29045009185347,70.29045009185575,0,144793600,15000000,159793600,266322.6666666667,15.239105224609375,0.11099476904277311,0.016204093398225056,0.11099476904277311,0.5874782631640247,0.4876664832,1.4,2.870814477167661,8.97122304,3.9105331199999998,1,HEADROOM
720p,10,16,adversarial,finishing_owner,0.2,125,59.781533518780236,81.74072462148436,93.00296705312485,93.19076246328129,0,579174400,566577600,1145752000,1909586.6666666667,109.26742553710938,0.4434384921055782,0.4354730055889862,0.4434384921055782,0.5356247302138057,0.4876664832,6.4,13.123723324195021,8.97122304,3.9105331199999998,1,HEADROOM
720p,10,16,adversarial,finishing_owner,0.3,125,59.82794167787188,63.58246298984341,85.21768271640576,85.21768271640656,0,576278528,566577600,1142856128,1904760.2133333334,108.99125366210937,0.44157171521723143,0.43581106149578447,0.44157171521723143,0.38816120825062406,0.4876664832,9.6,19.685584986292533,8.97122304,3.9105331199999998,1,HEADROOM
720p,10,16,adversarial,finishing_owner,0.4,125,59.913051168278066,59.88298366328081,70.97132838984362,70.97132838984396,0,435828736,431102400,866931136,1444885.2266666666,82.67699584960937,0.33442560225422335,0.3332214415895874,0.33442560225422335,0.3784272387273835,0.4876664832,12.8,26.247446648390042,8.97122304,3.9105331199999998,1,HEADROOM
720p,10,16,adversarial,finishing_owner,0.5,125,59.92670265117216,47.05477262984277,68.68999235640604,68.68999235640649,0,435828736,431102400,866931136,1444885.2266666666,82.67699584960937,0.33450180276979535,0.3332973677312393,0.33450180276979535,0.32404540135664456,0.4876664832,16.0,32.80930831048755,8.97122304,3.9105331199999998,1,HEADROOM
720p,10,16,adversarial,finishing_owner,0.6,125,59.998865494455245,45.55956878984307,67.19478851640616,67.19478851640656,0,434380800,429720000,864100800,1440168.0,82.40707397460938,0.3337919384005745,0.3326440519025851,0.3337919384005745,0.28927449433127767,0.4876664832,19.2,39.371169972585065,8.97122304,3.9105331199999998,1,HEADROOM
720p,10,16,adversarial,finishing_owner,0.7,125,59.94353426043643,54.790302504128704,65.87864723069197,65.87864723069288,0,432932864,429720000,862652864,1437754.7733333334,82.26898803710938,0.33237247356118726,0.3323372860041118,0.33237247356118726,0.32541759829243944,0.4876664832,22.4,45.93303163468258,8.97122304,3.9105331199999998,1,HEADROOM
720p,10,16,adversarial,independent_au,0.2,125,60.03414602832902,61.583811779686584,72.05848218984374,83.02535718984379,0,579174400,45000000,624174400,1040290.6666666666,59.525909423828125,0.4453122832870327,0.03915454558702601,0.4453122832870327,0.537888063041044,0.4876664832,6.4,13.123723324195021,8.97122304,3.9105331199999998,1,HEADROOM
720p,10,16,adversarial,independent_au,0.3,125,60.11316766811245,53.383179789843325,61.75147138984357,70.04735478984367,0,576278528,45000000,621278528,1035464.2133333334,59.24973754882812,0.44367688090073765,0.03920608386318974,0.44367688090073765,0.39001174266466715,0.4876664832,9.6,19.685584986292533,8.97122304,3.9105331199999998,1,HEADROOM
720p,10,16,adversarial,independent_au,0.4,125,60.16864471840403,49.71757838984331,54.275452189844145,58.83332598984376,0,435828736,45000000,480828736,801381.2266666667,45.855401611328126,0.33585228684575064,0.039242266250020905,0.33585228684575064,0.38004163758580634,0.4876664832,12.8,26.247446648390042,8.97122304,3.9105331199999998,1,HEADROOM
720p,10,16,adversarial,independent_au,0.5,125,60.18218035105838,44.27941878984166,49.789840669844125,52.104908709843784,0,435828736,45000000,480828736,801381.2266666667,45.855401611328126,0.3359278407027827,0.039251094251764505,0.3359278407027827,0.3254268618764932,0.4876664832,16.0,32.80930831048755,8.97122304,3.9105331199999998,1,HEADROOM
720p,10,16,adversarial,independent_au,0.6,125,60.213573124256605,40.637255589843335,46.79943298984381,50.044402189843765,0,434380800,45000000,479380800,798968.0,45.717315673828125,0.3349864222520635,0.039271568762532315,0.3349864222520635,0.290309671255508,0.4876664832,19.2,39.371169972585065,8.97122304,3.9105331199999998,1,HEADROOM
720p,10,16,adversarial,independent_au,0.7,125,60.23921316570592,38.53198753270044,45.06749355111651,49.33072398984376,0,432932864,45000000,477932864,796554.7733333333,45.579229736328124,0.33401194194316997,0.03928829131524934,0.33401194194316997,0.3270227608909691,0.4876664832,22.4,45.93303163468258,8.97122304,3.9105331199999998,1,HEADROOM
720p,10,16,adversarial,raw_gather,0.2,125,41.66523027564755,2235.9244025999824,4162.3719025999635,4357.633621349962,583,579174400,1866240000,2445414400,4075690.6666666665,233.212890625,0.3090580953541556,0.9920686634398572,0.9920686634398572,0.3733080503643988,0.4876664832,6.4,13.123723324195021,8.97122304,3.9105331199999998,1,INTERCONNECT
720p,10,16,adversarial,raw_gather,0.3,125,41.68687201953031,2228.448383399982,4154.895883399962,4350.15760214996,583,576278528,1866240000,2442518528,4070864.2133333334,232.93671875,0.30767803577159586,0.9925839635062732,0.9925839635062732,0.27046269949271634,0.4876664832,9.6,19.685584986292533,8.97122304,3.9105331199999998,1,INTERCONNECT
720p,10,16,adversarial,raw_gather,0.4,125,41.69770132452389,2224.7103737999823,4151.1578737999625,4346.419592549961,582,435828736,1866240000,2302068736,3836781.2266666666,219.5423828125,0.2327502707031872,0.992841814334407,0.992841814334407,0.26337410073138573,0.4876664832,12.8,26.247446648390042,8.97122304,3.9105331199999998,1,INTERCONNECT
720p,10,16,adversarial,raw_gather,0.5,125,41.70420160862083,2222.4675680399823,4148.915068039963,4344.176786789962,582,435828736,1866240000,2302068736,3836781.2266666666,219.5423828125,0.2327865543072026,0.9929965891457634,0.9929965891457634,0.22550973356882378,0.4876664832,16.0,32.80930831048755,8.97122304,3.9105331199999998,1,INTERCONNECT
720p,10,16,adversarial,raw_gather,0.6,125,41.708536257395686,2220.9723641999817,4147.419864199963,4342.681582949961,582,434380800,1866240000,2300620800,3834368.0,219.404296875,0.23203727354633624,0.9930997991649593,0.9930997991649593,0.2010907312284246,0.4876664832,19.2,39.371169972585065,8.97122304,3.9105331199999998,1,INTERCONNECT
720p,10,16,adversarial,raw_gather,0.7,125,41.71163298680782,2219.9043614571247,4146.351861457106,4341.613580207104,582,432932864,1866240000,2299172864,3831954.7733333334,219.2662109375,0.23128096805016102,0.9931735337438542,0.9931735337438542,0.2264414268342787,0.4876664832,22.4,45.93303163468258,8.97122304,3.9105331199999998,1,INTERCONNECT
720p,15,4,optimistic,owner_only,0.2,125,60.217249226041545,20.172647303281224,21.814055303281748,21.814055303281748,0,217190400,15000000,232190400,386984.0,22.143402099609375,0.16750745124550248,0.016302908736385405,0.16750745124550248,0.15681242277748642,0.02708619264,0.4,14.767671681153635,0.506068992,0.2875392,1,HEADROOM
720p,15,4,optimistic,owner_only,0.3,125,60.233994219159435,18.907474823280836,20.309266823281632,20.309266823282087,0,217190400,15000000,232190400,386984.0,22.143402099609375,0.16755403110682715,0.016307442189807824,0.16755403110682715,0.13419617345294224,0.02708619264,0.6,22.15150752173045,0.506068992,0.2875392,1,HEADROOM
720p,15,4,optimistic,owner_only,0.4,125,60.24237020849403,18.27488858327888,19.556872583281802,19.556872583281802,0,217190400,15000000,232190400,386984.0,22.143402099609375,0.167577330753409,0.01630970986213517,0.167577330753409,0.12288333135165128,0.02708619264,0.8,29.53534336230727,0.506068992,0.2875392,1,HEADROOM
720p,15,4,optimistic,owner_only,0.5,125,60.24739692034251,17.89533683927948,19.105436039281813,19.105436039281813,0,217190400,15000000,232190400,386984.0,22.143402099609375,0.16759131365200877,0.016311070768280225,0.16759131365200877,0.11609411575461955,0.02708619264,1.0,36.91917920288409,0.506068992,0.2875392,1,HEADROOM
720p,15,4,optimistic,owner_only,0.6,125,60.250748527640994,17.642302343281017,18.804478343281517,18.804478343281517,0,217190400,15000000,232190400,386984.0,22.143402099609375,0.16760063688087357,0.01631197816522395,0.16760063688087357,0.1115673425414475,0.02708619264,1.2,44.3030150434609,0.506068992,0.2875392,1,HEADROOM
720p,15,4,optimistic,owner_only,0.7,125,60.25314276117237,17.46156341756432,18.589508560424292,18.589508560424292,0,217190400,15000000,232190400,386984.0,22.143402099609375,0.1676072969651797,0.016312626367711733,0.1676072969651797,0.10833362473070901,0.02708619264,1.4,51.68685088403772,0.506068992,0.2875392,1,HEADROOM
720p,15,4,optimistic,finishing_owner,0.2,125,60.18295352742416,20.172647303281224,21.814055303281748,21.814055303281748,0,218638336,16382400,235020736,391701.2266666667,22.413323974609376,0.16852813059266492,0.017351527175083346,0.16852813059266492,0.1564297198088661,0.02708619264,1.6,59.07068672461454,0.506068992,0.2875392,1,HEADROOM
720p,15,4,optimistic,finishing_owner,0.3,125,60.18549943478972,18.907474823280836,20.309266823281632,20.309266823282087,0,218638336,16382400,235020736,391701.2266666667,22.413323974609376,0.1685352598042412,0.0173522611932438,0.1685352598042412,0.1338370284693318,0.02708619264,2.4,88.6060300869218,0.506068992,0.2875392,1,HEADROOM
720p,15,4,optimistic,finishing_owner,0.4,125,60.188407051724056,18.27488858327888,19.556872583281802,19.556872583281802,0,218638336,16382400,235020736,391701.2266666667,22.413323974609376,0.1685434018979355,0.017353099496970913,0.1685434018979355,0.12254329398554765,0.02708619264,3.2,118.14137344922908,0.506068992,0.2875392,1,HEADROOM
720p,15,4,optimistic,finishing_owner,0.5,125,60.18917093974025,17.89533683927948,19.105436039281813,19.105436039281813,0,218638336,16382400,235020736,391701.2266666667,22.413323974609376,0.1685455409856972,0.017353319735807577,0.1685455409856972,0.1157646430426682,0.02708619264,4.0,147.67671681153635,0.506068992,0.2875392,1,HEADROOM
720p,15,4,optimistic,finishing_owner,0.6,125,60.18968020919001,17.642302343281017,18.804478343281517,18.804478343281517,0,218638336,16382400,235020736,391701.2266666667,22.413323974609376,0.16854696707437022,0.017353466564804475,0.16854696707437022,0.11124544682214,0.02708619264,4.8,177.2120601738436,0.506068992,0.2875392,1,HEADROOM
720p,15,4,optimistic,finishing_owner,0.7,125,60.19004397835905,17.46156341756432,18.589508560424292,18.589508560424292,0,218638336,16382400,235020736,391701.2266666667,22.413323974609376,0.1685479857239119,0.01735357144418065,0.1685479857239119,0.1080174026999462,0.02708619264,5.6,206.74740353615087,0.506068992,0.2875392,1,HEADROOM
720p,15,4,optimistic,independent_au,0.2,125,60.23452812992839,20.23940450542966,21.880812505430185,21.880812505430185,0,218638336,20250000,238888336,398147.2266666667,22.782167053222658,0.16867255307173348,0.02032867530875237,0.16867255307173348,0.15656377438987493,0.02708619264,1.6,59.07068672461454,0.506068992,0.2875392,1,HEADROOM
720p,15,4,optimistic,independent_au,0.3,125,60.248432266908615,18.974232025429274,20.37602402543007,20.376024025430524,0,218638336,20250000,238888336,398147.2266666667,22.782167053222658,0.16871148831959754,0.020333367844659837,0.16871148831959754,0.13397697485713367,0.02708619264,2.4,88.6060300869218,0.506068992,0.2875392,1,HEADROOM
720p,15,4,optimistic,independent_au,0.4,125,60.251749876635714,18.341645785427318,19.62362978543024,19.62362978543024,0,218638336,20250000,238888336,398147.2266666667,22.782167053222658,0.16872077850116182,0.020334487511618926,0.16872077850116182,0.12267225965842804,0.02708619264,3.2,118.14137344922908,0.506068992,0.2875392,1,HEADROOM
720p,15,4,optimistic,independent_au,0.5,125,60.25251537335354,17.962094041427918,19.17219324143025,19.17219324143025,0,218638336,20250000,238888336,398147.2266666667,22.782167053222658,0.168722922093712,0.020334745860687304,0.168722922093712,0.11588647634974802,0.02708619264,4.0,147.67671681153635,0.506068992,0.2875392,1,HEADROOM
720p,15,4,optimistic,independent_au,0.6,125,60.25302571530507,17.709059545429454,18.871235545429954,18.871235545429954,0,218638336,20250000,238888336,398147.2266666667,22.782167053222658,0.16872435118567267,0.020334918097046604,0.16872435118567267,0.11136252501739631,0.02708619264,4.8,177.2120601738436,0.506068992,0.2875392,1,HEADROOM
720p,15,4,optimistic,independent_au,0.7,125,60.25339025056351,17.52832061971276,18.65626576257273,18.65626576257273,0,218638336,20250000,238888336,398147.2266666667,22.782167053222658,0.16872537198046653,0.020335041124803895,0.16872537198046653,0.10813108428816216,0.02708619264,5.6,206.74740353615087,0.506068992,0.2875392,1,HEADROOM
720p,15,4,optimistic,raw_gather,0.2,125,41.83170046562091,2197.6663406049825,4119.352408313296,4290.803658313294,576,218638336,1866240000,2084878336,3474797.2266666666,198.8294921875,0.11713978569979858,0.9960323966960245,0.9960323966960245,0.10873047598077172,0.02708619264,1.6,59.07068672461454,0.506068992,0.2875392,1,INTERCONNECT
720p,15,4,optimistic,raw_gather,0.3,125,41.83293045408746,2197.2446164449825,4118.930684153296,4290.381934153294,576,218638336,1866240000,2084878336,3474797.2266666666,198.8294921875,0.11714322999165813,0.9960616832979702,0.9960616832979702,0.09302564831592879,0.02708619264,2.4,88.6060300869218,0.506068992,0.2875392,1,INTERCONNECT
720p,15,4,optimistic,raw_gather,0.4,125,41.8335454754454,2197.0337543649825,4118.719822073295,4290.1710720732935,576,218638336,1866240000,2084878336,3474797.2266666666,198.8294921875,0.1171449522135441,0.9960763272447938,0.9960763272447938,0.08517288814853988,0.02708619264,3.2,118.14137344922908,0.506068992,0.2875392,1,INTERCONNECT
720p,15,4,optimistic,raw_gather,0.5,125,41.833914496940494,2196.9072371169827,4118.5933048252955,4290.044554825294,576,218638336,1866240000,2084878336,3474797.2266666666,198.8294921875,0.11714598557098294,0.9960851138195711,0.9960851138195711,0.08046112121505022,0.02708619264,4.0,147.67671681153635,0.506068992,0.2875392,1,INTERCONNECT
720p,15,4,optimistic,raw_gather,0.6,125,41.834160514887486,2196.8228922849826,4118.508959993296,4289.9602099932945,576,218638336,1866240000,2084878336,3474797.2266666666,198.8294921875,0.11714667448607047,0.9960909716222097,0.9960909716222097,0.07731989707759263,0.02708619264,4.8,177.2120601738436,0.506068992,0.2875392,1,INTERCONNECT
720p,15,4,optimistic,raw_gather,0.7,125,41.834336243764064,2196.762645976411,4118.448713684724,4289.899963684722,576,218638336,1866240000,2084878336,3474797.2266666666,198.8294921875,0.11714716657323677,0.996095155809134,0.996095155809134,0.0750761429307534,0.02708619264,5.6,206.74740353615087,0.506068992,0.2875392,1,INTERCONNECT
720p,15,4,median,owner_only,0.2,125,60.00513784249975,36.56680538327964,40.641237383282714,40.641237383282714,0,217190400,15000000,232190400,386984.0,22.143402099609375,0.16691741703281585,0.016245482789961824,0.16691741703281585,0.4386919750880791,0.12180160512,0.4,3.2840289715879893,2.3233167359999998,1.1501568,1,HEADROOM
720p,15,4,median,owner_only,0.3,125,60.08069607382817,30.75851354328097,33.87448154328149,33.874481543283764,0,217190400,15000000,232190400,386984.0,22.143402099609375,0.16712759878161898,0.016265939037390296,0.16712759878161898,0.33760652402412783,0.12180160512,0.6,4.926043457381984,2.3233167359999998,1.1501568,1,HEADROOM
720p,15,4,median,owner_only,0.4,125,60.11854659141563,27.854367623280268,30.49110362328156,30.49110362328156,0,217190400,15000000,232190400,386984.0,22.143402099609375,0.1672328882760892,0.01627618649209446,0.1672328882760892,0.2869682735508664,0.12180160512,0.8,6.568057943175979,2.3233167359999998,1.1501568,1,HEADROOM
720p,15,4,median,owner_only,0.5,125,60.141279802423334,26.1118800712793,28.461076871281875,28.461076871281875,0,217190400,15000000,232190400,386984.0,22.143402099609375,0.167296125675397,0.016282341164868572,0.167296125675397,0.25655468593188663,0.12180160512,1.0,8.210072428969973,2.3233167359999998,1.1501568,1,HEADROOM
720p,15,4,median,owner_only,0.6,125,60.156444830314975,24.95022170328093,27.107725703282085,27.107725703282995,0,217190400,15000000,232190400,386984.0,22.143402099609375,0.1673383105178275,0.016286446866621476,0.1673383105178275,0.2362661792017021,0.12180160512,1.2,9.852086914763968,2.3233167359999998,1.1501568,1,HEADROOM
720p,15,4,median,owner_only,0.7,125,60.167281676342824,24.1204657261369,26.141046297566845,26.141046297567073,0,217190400,15000000,232190400,386984.0,22.143402099609375,0.16736845557561403,0.016289380778649224,0.16736845557561403,0.22176812320473135,0.12180160512,1.4,11.494101400557962,2.3233167359999998,1.1501568,1,HEADROOM
720p,15,4,median,finishing_owner,0.2,125,60.01817881921778,37.55189415820312,41.73182656656263,41.73182656656263,0,434380800,223742400,658123200,1096872.0,62.763519287109375,0.33390738672454057,0.17555507792005032,0.33390738672454057,0.31249564335261515,0.12180160512,1.6,13.136115886351957,2.3233167359999998,1.1501568,1,HEADROOM
720p,15,4,median,finishing_owner,0.3,125,60.03143076218089,27.42084698328108,39.52499442328144,39.524994423281896,0,434380800,223742400,658123200,1096872.0,62.763519287109375,0.3339811130809694,0.1755938402738113,0.3339811130809694,0.2401627024100725,0.12180160512,2.4,19.704173829527935,2.3233167359999998,1.1501568,1,HEADROOM
720p,15,4,median,finishing_owner,0.4,125,60.05273760163758,35.70809586328096,35.97883072656259,35.978830726562705,0,432932864,223742400,656675264,1094458.7733333334,62.625433349609374,0.3329859868427739,0.17565616345546461,0.3329859868427739,0.24623416273615287,0.12180160512,3.2,26.272231772703915,2.3233167359999998,1.1501568,1,HEADROOM
720p,15,4,median,finishing_owner,0.5,125,60.05446592073564,35.42055666328088,35.69129152656228,35.69129152656262,0,432932864,223742400,656675264,1094458.7733333334,62.625433349609374,0.3329955701867384,0.1756612188436803,0.3329955701867384,0.22016770079981476,0.12180160512,4.0,32.84028971587989,2.3233167359999998,1.1501568,1,HEADROOM
720p,15,4,median,finishing_owner,0.6,125,60.05561818873658,35.22886386328082,35.49959872656268,35.49959872656291,0,432932864,223742400,656675264,1094458.7733333334,62.625433349609374,0.3330019593891749,0.17566458926415404,0.3330019593891749,0.20278922594476664,0.12180160512,4.8,39.40834765905587,2.3233167359999998,1.1501568,1,HEADROOM
720p,15,4,median,finishing_owner,0.7,125,60.121539579972854,24.1204657261369,35.09194043470961,35.091940434709954,0,432932864,222360000,655292864,1092154.7733333334,62.493597412109374,0.3333674864307641,0.1748005874878226,0.3333674864307641,0.19100693367230293,0.12180160512,5.6,45.97640560223185,2.3233167359999998,1.1501568,1,HEADROOM
720p,15,4,median,independent_au,0.2,125,60.14719816030399,29.698233013906247,32.40409343390729,32.40409343390729,0,434380800,27000000,461380800,768968.0,44.000701904296875,0.3346251777649649,0.025461677564965146,0.3346251777649649,0.31316740618832384,0.12180160512,1.6,13.136115886351957,2.3233167359999998,1.1501568,1,HEADROOM
720p,15,4,median,independent_au,0.3,125,60.15887407800931,26.68323781390616,29.130707313906896,29.130707313906896,0,434380800,27000000,461380800,768968.0,44.000701904296875,0.33469013600337366,0.02546662024660255,0.33469013600337366,0.24067255417846878,0.12180160512,2.4,19.704173829527935,2.3233167359999998,1.1501568,1,HEADROOM
720p,15,4,median,independent_au,0.4,125,60.182845632296576,25.31380875390596,28.006955513906632,28.006955513906632,0,432932864,27000000,459932864,766554.7733333333,43.862615966796874,0.3337074219132706,0.025476767950978845,0.3337074219132706,0.24676764452689298,0.12180160512,3.2,26.272231772703915,2.3233167359999998,1.1501568,1,HEADROOM
720p,15,4,median,independent_au,0.5,125,60.19159516618868,25.026269553905877,26.26446796190703,26.26446796190703,0,432932864,27000000,459932864,766554.7733333333,43.862615966796874,0.33375593713995017,0.025480471827761444,0.33375593713995017,0.2206704349465751,0.12180160512,4.0,32.84028971587989,2.3233167359999998,1.1501568,1,HEADROOM
720p,15,4,median,independent_au,0.6,125,60.19742960228627,24.83457675390582,25.25789950781268,25.25789950781291,0,432932864,27000000,459932864,766554.7733333333,43.862615966796874,0.333788288462125,0.02548294167731777,0.333788288462125,0.20326807917534198,0.12180160512,4.8,39.40834765905587,2.3233167359999998,1.1501568,1,HEADROOM
720p,15,4,median,independent_au,0.7,125,60.2041626051363,24.2730536167619,24.697653325334613,24.697653325334954,0,432932864,27000000,459932864,766554.7733333333,43.862615966796874,0.33382562224053325,0.025485791910626297,0.33382562224053325,0.19126942812599546,0.12180160512,5.6,45.97640560223185,2.3233167359999998,1.1501568,1,HEADROOM
720p,15,4,median,raw_gather,0.2,125,41.815768762025314,2203.131059964983,4124.8171276732955,4296.268377673294,577,434380800,1866240000,2300620800,3834368.0,219.404296875,0.23263941602197927,0.9956530553654273,0.9956530553654273,0.21772146070832069,0.12180160512,1.6,13.136115886351957,2.3233167359999998,1.1501568,1,INTERCONNECT
720p,15,4,median,raw_gather,0.3,125,41.821411822438236,2201.1949626849823,4122.881030393295,4294.332280393293,576,434380800,1866240000,2300620800,3834368.0,219.404296875,0.23267081083589533,0.9957874192790436,0.9957874192790436,0.1673114092794352,0.12180160512,2.4,19.704173829527935,2.3233167359999998,1.1501568,1,INTERCONNECT
720p,15,4,median,raw_gather,0.4,125,41.824233923833766,2200.226914044982,4121.912981753296,4293.364231753294,576,432932864,1866240000,2299172864,3831954.7733333334,219.2662109375,0.23191088971589255,0.995854614836131,0.995854614836131,0.171491852555201,0.12180160512,3.2,26.272231772703915,2.3233167359999998,1.1501568,1,INTERCONNECT
720p,15,4,median,raw_gather,0.5,125,41.825927367495986,2199.6460848609827,4121.332152569295,4292.783402569294,576,432932864,1866240000,2299172864,3831954.7733333334,219.2662109375,0.23192027967930717,0.9958949365235302,0.9958949365235302,0.15333944147427758,0.12180160512,4.0,32.84028971587989,2.3233167359999998,1.1501568,1,INTERCONNECT
720p,15,4,median,raw_gather,0.6,125,41.82705640612479,2199.2588654049828,4120.944933113296,4292.396183113295,576,432932864,1866240000,2299172864,3831954.7733333334,219.2662109375,0.23192654007736746,0.9959218194625189,0.9959218194625189,0.14123701741758027,0.12180160512,4.8,39.40834765905587,2.3233167359999998,1.1501568,1,INTERCONNECT
720p,15,4,median,raw_gather,0.7,125,41.827862899607695,2198.9822800792676,4120.668347787581,4292.11959778758,576,432932864,1866240000,2299172864,3831954.7733333334,219.2662109375,0.23193101199720018,0.9959410224503908,0.9959410224503908,0.1328876786977842,0.12180160512,5.6,45.97640560223185,2.3233167359999998,1.1501568,1,INTERCONNECT
720p,15,4,adversarial,owner_only,0.2,125,43.18606687110243,1971.5742519966511,3687.887653596603,3842.346025863264,574,217190400,15000000,232190400,386984.0,22.143402099609375,0.1201314919540993,0.011691973910002904,0.1201314919540993,0.9952076404513086,0.4623630336,0.4,0.8651210649034032,8.97122304,3.9105331199999998,1,COMPUTE_CAPACITY
720p,15,4,adversarial,owner_only,0.3,125,59.58593158872506,69.66588506328048,77.88936026328156,77.88936026328156,0,217190400,15000000,232190400,386984.0,22.143402099609375,0.16575130313657355,0.016131989042159487,0.16575130313657355,0.9904932226372497,0.4623630336,0.6,1.2976815973551048,8.97122304,3.9105331199999998,1,NODE_QUEUE_HEADROOM_LOW
720p,15,4,adversarial,owner_only,0.4,125,59.728631786998605,58.45185626328066,65.0459426632824,65.0459426632824,0,217190400,15000000,232190400,386984.0,22.143402099609375,0.16614825495373978,0.016170622960829283,0.16614825495373978,0.8010853789493978,0.4623630336,0.8,1.7302421298068065,8.97122304,3.9105331199999998,1,NODE_QUEUE_HEADROOM_LOW
720p,15,4,adversarial,owner_only,0.5,125,59.81458045571724,51.723438983279266,57.33989210328218,57.33989210328218,0,217190400,15000000,232190400,386984.0,22.143402099609375,0.16638733997705196,0.016193892261904028,0.16638733997705196,0.6870045843409429,0.4623630336,1.0,2.162802662258508,8.97122304,3.9105331199999998,1,HEADROOM
720p,15,4,adversarial,owner_only,0.6,125,59.872017121194645,47.237827463280155,52.20252506328143,52.20252506328325,0,217190400,15000000,232190400,386984.0,22.143402099609375,0.16654711262634792,0.016209442369679382,0.16654711262634792,0.6107681453708219,0.4623630336,1.2,2.5953631947102096,8.97122304,3.9105331199999998,1,HEADROOM
720p,15,4,adversarial,owner_only,0.7,125,59.91311089180791,44.03381923470897,48.53297717756732,48.53297717756868,0,217190400,15000000,232190400,386984.0,22.143402099609375,0.16666142393857103,0.016220567886048077,0.16666142393857103,0.556223844977204,0.4623630336,1.4,3.0279237271619115,8.97122304,3.9105331199999998,1,HEADROOM
720p,15,4,adversarial,finishing_owner,0.2,125,59.84055146649565,60.24087232656166,71.09701246328132,71.09701246328143,0,651571200,429720000,1081291200,1802152.0,103.11996459960938,0.4993707733338749,0.3317663316440518,0.4993707733338749,0.5757230618233007,0.4623630336,1.6,3.460484259613613,8.97122304,3.9105331199999998,1,HEADROOM
720p,15,4,adversarial,finishing_owner,0.3,125,59.82473615051106,63.239319926562075,63.51005478984371,63.51005478984405,0,651571200,431102400,1082673600,1804456.0,103.25180053710938,0.4992387941595492,0.3327302554963992,0.4992387941595492,0.5779274390323784,0.4623630336,2.4,5.190726389420419,8.97122304,3.9105331199999998,1,HEADROOM
720p,15,4,adversarial,finishing_owner,0.4,125,59.90963385807271,59.57371852656206,59.84445338984369,59.84445338984392,0,648675328,428337600,1077012928,1795021.5466666666,102.71195678710937,0.49772524411727515,0.3310962372975612,0.49772524411727515,0.4695844972918242,0.4623630336,3.2,6.920968519227226,8.97122304,3.9105331199999998,1,HEADROOM
720p,15,4,adversarial,finishing_owner,0.5,125,59.9230531935801,46.64867033492146,57.60164762984368,57.60164762984391,0,648675328,428337600,1077012928,1795021.5466666666,102.71195678710937,0.49783673106204823,0.331170400519858,0.49783673106204823,0.4025205135227067,0.4623630336,4.0,8.651210649034033,8.97122304,3.9105331199999998,1,HEADROOM
720p,15,4,adversarial,finishing_owner,0.6,125,59.93200275756886,45.15346649492176,56.10644378984398,56.10644378984398,0,648675328,428337600,1077012928,1795021.5466666666,102.71195678710937,0.4979110834430292,0.3312198611286334,0.4979110834430292,0.35779449756222753,0.4623630336,4.8,10.381452778840838,8.97122304,3.9105331199999998,1,HEADROOM
720p,15,4,adversarial,finishing_owner,0.7,125,60.00310386799446,40.90697265513358,44.24342750412961,44.24342750413052,0,434380800,223742400,658123200,1096872.0,62.763519287109375,0.3338235181755941,0.17551098320926906,0.3338235181755941,0.39341989806724526,0.4623630336,5.6,12.111694908647646,8.97122304,3.9105331199999998,1,HEADROOM
720p,15,4,adversarial,independent_au,0.2,125,59.935934193967626,50.45693677968666,60.93160718984382,60.93160718984393,0,651571200,45000000,696571200,1160952.0,66.43020629882812,0.5001667443804828,0.03909049137787853,0.5001667443804828,0.5766407344476242,0.4623630336,1.6,3.460484259613613,8.97122304,3.9105331199999998,1,HEADROOM
720p,15,4,adversarial,independent_au,0.3,125,60.01250782894724,42.908509379687075,50.624596389843646,50.62459638984387,0,651571200,45000000,696571200,1160952.0,66.43020629882812,0.5008057531192002,0.03914043305407326,0.5008057531192002,0.5797413777511121,0.4623630336,2.4,5.190726389420419,8.97122304,3.9105331199999998,1,HEADROOM
720p,15,4,adversarial,independent_au,0.4,125,60.04703688965904,40.62691598984338,43.14857718984422,43.14857718984422,0,648675328,45000000,693675328,1156125.5466666666,66.15403442382812,0.4988667793434923,0.03916295306595249,0.4988667793434923,0.470661491580701,0.4623630336,3.2,6.920968519227226,8.97122304,3.9105331199999998,1,HEADROOM
720p,15,4,adversarial,independent_au,0.5,125,60.08156337137385,38.66296566984238,39.649282709843646,39.649282709843874,0,648675328,45000000,693675328,1156125.5466666666,66.15403442382812,0.4991536230518135,0.03918547139579804,0.4991536230518135,0.4035852723219287,0.4623630336,4.0,8.651210649034033,8.97122304,3.9105331199999998,1,HEADROOM
720p,15,4,adversarial,independent_au,0.6,125,60.09448295153928,35.67255798984297,38.99752718984382,38.997527189843936,0,648675328,45000000,693675328,1156125.5466666666,66.15403442382812,0.4992609580625225,0.03919389760528078,0.4992609580625225,0.35876450551608513,0.4623630336,4.8,10.381452778840838,8.97122304,3.9105331199999998,1,HEADROOM
720p,15,4,adversarial,independent_au,0.7,125,60.106702739623515,33.8626547990516,38.03571044698765,38.03571044698765,0,434380800,45000000,479380800,798968.0,45.717315673828125,0.3343998840229729,0.03920186740715625,0.3343998840229729,0.3940991605534968,0.4623630336,5.6,12.111694908647646,8.97122304,3.9105331199999998,1,HEADROOM
720p,15,4,adversarial,raw_gather,0.2,125,41.76189800326166,2221.640105724982,4143.3261734332955,4314.777423433294,580,651571200,1866240000,2517811200,4196352.0,240.1171875,0.34850399588071285,0.9943703673473466,0.9943703673473466,0.4017892080999935,0.4623630336,1.6,3.460484259613613,8.97122304,3.9105331199999998,1,INTERCONNECT
720p,15,4,adversarial,raw_gather,0.3,125,41.783640312097006,2214.1640865249824,4135.850154233296,4307.301404233294,577,651571200,1866240000,2517811200,4196352.0,240.1171875,0.348685435946205,0.9948880619124233,0.9948880619124233,0.4036442748074533,0.4623630336,2.4,5.190726389420419,8.97122304,3.9105331199999998,1,INTERCONNECT
720p,15,4,adversarial,raw_gather,0.4,125,41.794519958425454,2210.4260769249827,4132.112144633296,4303.563394633295,578,648675328,1866240000,2514915328,4191525.546666667,239.841015625,0.3472260855132665,0.9951471113913379,0.9951471113913379,0.32759436805647846,0.4623630336,3.2,6.920968519227226,8.97122304,3.9105331199999998,1,INTERCONNECT
720p,15,4,adversarial,raw_gather,0.5,125,41.80105046618159,2208.1832711649827,4129.869338873295,4301.320588873294,577,648675328,1866240000,2514915328,4191525.546666667,239.841015625,0.34728034053633733,0.9953026058421872,0.9953026058421872,0.2807897695913571,0.4623630336,4.0,8.651210649034033,8.97122304,3.9105331199999998,1,INTERCONNECT
720p,15,4,adversarial,raw_gather,0.6,125,41.80540527192564,2206.688067324982,4128.374135033295,4299.825385033293,577,648675328,1866240000,2514915328,4191525.546666667,239.841015625,0.3473165199721385,0.9954062958082682,0.9954062958082682,0.2495785771611797,0.4623630336,4.8,10.381452778840838,8.97122304,3.9105331199999998,1,INTERCONNECT
720p,15,4,adversarial,raw_gather,0.7,125,41.808516403025926,2205.620064582125,4127.306132290438,4298.757382290436,577,434380800,1866240000,2300620800,3834368.0,219.404296875,0.23259906797595867,0.9954803732981087,0.9954803732981087,0.2741241902720087,0.4623630336,5.6,12.111694908647646,8.97122304,3.9105331199999998,1,INTERCONNECT
720p,15,8,optimistic,owner_only,0.2,125,60.217249226041545,20.172647303281224,21.814055303281748,21.814055303281748,0,217190400,15000000,232190400,386984.0,22.143402099609375,0.16750745124550248,0.016302908736385405,0.16750745124550248,0.15681242277748642,0.02708619264,0.4,14.767671681153635,0.506068992,0.2875392,1,HEADROOM
720p,15,8,optimistic,owner_only,0.3,125,60.233994219159435,18.907474823280836,20.309266823281632,20.309266823282087,0,217190400,15000000,232190400,386984.0,22.143402099609375,0.16755403110682715,0.016307442189807824,0.16755403110682715,0.13419617345294224,0.02708619264,0.6,22.15150752173045,0.506068992,0.2875392,1,HEADROOM
720p,15,8,optimistic,owner_only,0.4,125,60.24237020849403,18.27488858327888,19.556872583281802,19.556872583281802,0,217190400,15000000,232190400,386984.0,22.143402099609375,0.167577330753409,0.01630970986213517,0.167577330753409,0.12288333135165128,0.02708619264,0.8,29.53534336230727,0.506068992,0.2875392,1,HEADROOM
720p,15,8,optimistic,owner_only,0.5,125,60.24739692034251,17.89533683927948,19.105436039281813,19.105436039281813,0,217190400,15000000,232190400,386984.0,22.143402099609375,0.16759131365200877,0.016311070768280225,0.16759131365200877,0.11609411575461955,0.02708619264,1.0,36.91917920288409,0.506068992,0.2875392,1,HEADROOM
720p,15,8,optimistic,owner_only,0.6,125,60.250748527640994,17.642302343281017,18.804478343281517,18.804478343281517,0,217190400,15000000,232190400,386984.0,22.143402099609375,0.16760063688087357,0.01631197816522395,0.16760063688087357,0.1115673425414475,0.02708619264,1.2,44.3030150434609,0.506068992,0.2875392,1,HEADROOM
720p,15,8,optimistic,owner_only,0.7,125,60.25314276117237,17.46156341756432,18.589508560424292,18.589508560424292,0,217190400,15000000,232190400,386984.0,22.143402099609375,0.1676072969651797,0.016312626367711733,0.1676072969651797,0.10833362473070901,0.02708619264,1.4,51.68685088403772,0.506068992,0.2875392,1,HEADROOM
720p,15,8,optimistic,finishing_owner,0.2,125,60.18295352742416,20.172647303281224,21.814055303281748,21.814055303281748,0,218638336,16382400,235020736,391701.2266666667,22.413323974609376,0.16852813059266492,0.017351527175083346,0.16852813059266492,0.1564297198088661,0.02708619264,3.2,118.14137344922908,0.506068992,0.2875392,1,HEADROOM
720p,15,8,optimistic,finishing_owner,0.3,125,60.18549943478972,18.907474823280836,20.309266823281632,20.309266823282087,0,218638336,16382400,235020736,391701.2266666667,22.413323974609376,0.1685352598042412,0.0173522611932438,0.1685352598042412,0.1338370284693318,0.02708619264,4.8,177.2120601738436,0.506068992,0.2875392,1,HEADROOM
720p,15,8,optimistic,finishing_owner,0.4,125,60.188407051724056,18.27488858327888,19.556872583281802,19.556872583281802,0,218638336,16382400,235020736,391701.2266666667,22.413323974609376,0.1685434018979355,0.017353099496970913,0.1685434018979355,0.12254329398554765,0.02708619264,6.4,236.28274689845816,0.506068992,0.2875392,1,HEADROOM
720p,15,8,optimistic,finishing_owner,0.5,125,60.18917093974025,17.89533683927948,19.105436039281813,19.105436039281813,0,218638336,16382400,235020736,391701.2266666667,22.413323974609376,0.1685455409856972,0.017353319735807577,0.1685455409856972,0.1157646430426682,0.02708619264,8.0,295.3534336230727,0.506068992,0.2875392,1,HEADROOM
720p,15,8,optimistic,finishing_owner,0.6,125,60.18968020919001,17.642302343281017,18.804478343281517,18.804478343281517,0,218638336,16382400,235020736,391701.2266666667,22.413323974609376,0.16854696707437022,0.017353466564804475,0.16854696707437022,0.11124544682214,0.02708619264,9.6,354.4241203476872,0.506068992,0.2875392,1,HEADROOM
720p,15,8,optimistic,finishing_owner,0.7,125,60.19004397835905,17.46156341756432,18.589508560424292,18.589508560424292,0,218638336,16382400,235020736,391701.2266666667,22.413323974609376,0.1685479857239119,0.01735357144418065,0.1685479857239119,0.1080174026999462,0.02708619264,11.2,413.49480707230174,0.506068992,0.2875392,1,HEADROOM
720p,15,8,optimistic,independent_au,0.2,125,60.23452812992839,20.23940450542966,21.880812505430185,21.880812505430185,0,218638336,20250000,238888336,398147.2266666667,22.782167053222658,0.16867255307173348,0.02032867530875237,0.16867255307173348,0.15656377438987493,0.02708619264,3.2,118.14137344922908,0.506068992,0.2875392,1,HEADROOM
720p,15,8,optimistic,independent_au,0.3,125,60.248432266908615,18.974232025429274,20.37602402543007,20.376024025430524,0,218638336,20250000,238888336,398147.2266666667,22.782167053222658,0.16871148831959754,0.020333367844659837,0.16871148831959754,0.13397697485713367,0.02708619264,4.8,177.2120601738436,0.506068992,0.2875392,1,HEADROOM
720p,15,8,optimistic,independent_au,0.4,125,60.251749876635714,18.341645785427318,19.62362978543024,19.62362978543024,0,218638336,20250000,238888336,398147.2266666667,22.782167053222658,0.16872077850116182,0.020334487511618926,0.16872077850116182,0.12267225965842804,0.02708619264,6.4,236.28274689845816,0.506068992,0.2875392,1,HEADROOM
720p,15,8,optimistic,independent_au,0.5,125,60.25251537335354,17.962094041427918,19.17219324143025,19.17219324143025,0,218638336,20250000,238888336,398147.2266666667,22.782167053222658,0.168722922093712,0.020334745860687304,0.168722922093712,0.11588647634974802,0.02708619264,8.0,295.3534336230727,0.506068992,0.2875392,1,HEADROOM
720p,15,8,optimistic,independent_au,0.6,125,60.25302571530507,17.709059545429454,18.871235545429954,18.871235545429954,0,218638336,20250000,238888336,398147.2266666667,22.782167053222658,0.16872435118567267,0.020334918097046604,0.16872435118567267,0.11136252501739631,0.02708619264,9.6,354.4241203476872,0.506068992,0.2875392,1,HEADROOM
720p,15,8,optimistic,independent_au,0.7,125,60.25339025056351,17.52832061971276,18.65626576257273,18.65626576257273,0,218638336,20250000,238888336,398147.2266666667,22.782167053222658,0.16872537198046653,0.020335041124803895,0.16872537198046653,0.10813108428816216,0.02708619264,11.2,413.49480707230174,0.506068992,0.2875392,1,HEADROOM
720p,15,8,optimistic,raw_gather,0.2,125,41.83170046562091,2197.6663406049825,4119.352408313296,4290.803658313294,576,218638336,1866240000,2084878336,3474797.2266666666,198.8294921875,0.11713978569979858,0.9960323966960245,0.9960323966960245,0.10873047598077172,0.02708619264,3.2,118.14137344922908,0.506068992,0.2875392,1,INTERCONNECT
720p,15,8,optimistic,raw_gather,0.3,125,41.83293045408746,2197.2446164449825,4118.930684153296,4290.381934153294,576,218638336,1866240000,2084878336,3474797.2266666666,198.8294921875,0.11714322999165813,0.9960616832979702,0.9960616832979702,0.09302564831592879,0.02708619264,4.8,177.2120601738436,0.506068992,0.2875392,1,INTERCONNECT
720p,15,8,optimistic,raw_gather,0.4,125,41.8335454754454,2197.0337543649825,4118.719822073295,4290.1710720732935,576,218638336,1866240000,2084878336,3474797.2266666666,198.8294921875,0.1171449522135441,0.9960763272447938,0.9960763272447938,0.08517288814853988,0.02708619264,6.4,236.28274689845816,0.506068992,0.2875392,1,INTERCONNECT
720p,15,8,optimistic,raw_gather,0.5,125,41.833914496940494,2196.9072371169827,4118.5933048252955,4290.044554825294,576,218638336,1866240000,2084878336,3474797.2266666666,198.8294921875,0.11714598557098294,0.9960851138195711,0.9960851138195711,0.08046112121505022,0.02708619264,8.0,295.3534336230727,0.506068992,0.2875392,1,INTERCONNECT
720p,15,8,optimistic,raw_gather,0.6,125,41.834160514887486,2196.8228922849826,4118.508959993296,4289.9602099932945,576,218638336,1866240000,2084878336,3474797.2266666666,198.8294921875,0.11714667448607047,0.9960909716222097,0.9960909716222097,0.07731989707759263,0.02708619264,9.6,354.4241203476872,0.506068992,0.2875392,1,INTERCONNECT
720p,15,8,optimistic,raw_gather,0.7,125,41.834336243764064,2196.762645976411,4118.448713684724,4289.899963684722,576,218638336,1866240000,2084878336,3474797.2266666666,198.8294921875,0.11714716657323677,0.996095155809134,0.996095155809134,0.0750761429307534,0.02708619264,11.2,413.49480707230174,0.506068992,0.2875392,1,INTERCONNECT
720p,15,8,median,owner_only,0.2,125,60.00513784249975,36.56680538327964,40.641237383282714,40.641237383282714,0,217190400,15000000,232190400,386984.0,22.143402099609375,0.16691741703281585,0.016245482789961824,0.16691741703281585,0.4386919750880791,0.12180160512,0.4,3.2840289715879893,2.3233167359999998,1.1501568,1,HEADROOM
720p,15,8,median,owner_only,0.3,125,60.08069607382817,30.75851354328097,33.87448154328149,33.874481543283764,0,217190400,15000000,232190400,386984.0,22.143402099609375,0.16712759878161898,0.016265939037390296,0.16712759878161898,0.33760652402412783,0.12180160512,0.6,4.926043457381984,2.3233167359999998,1.1501568,1,HEADROOM
720p,15,8,median,owner_only,0.4,125,60.11854659141563,27.854367623280268,30.49110362328156,30.49110362328156,0,217190400,15000000,232190400,386984.0,22.143402099609375,0.1672328882760892,0.01627618649209446,0.1672328882760892,0.2869682735508664,0.12180160512,0.8,6.568057943175979,2.3233167359999998,1.1501568,1,HEADROOM
720p,15,8,median,owner_only,0.5,125,60.141279802423334,26.1118800712793,28.461076871281875,28.461076871281875,0,217190400,15000000,232190400,386984.0,22.143402099609375,0.167296125675397,0.016282341164868572,0.167296125675397,0.25655468593188663,0.12180160512,1.0,8.210072428969973,2.3233167359999998,1.1501568,1,HEADROOM
720p,15,8,median,owner_only,0.6,125,60.156444830314975,24.95022170328093,27.107725703282085,27.107725703282995,0,217190400,15000000,232190400,386984.0,22.143402099609375,0.1673383105178275,0.016286446866621476,0.1673383105178275,0.2362661792017021,0.12180160512,1.2,9.852086914763968,2.3233167359999998,1.1501568,1,HEADROOM
720p,15,8,median,owner_only,0.7,125,60.167281676342824,24.1204657261369,26.141046297566845,26.141046297567073,0,217190400,15000000,232190400,386984.0,22.143402099609375,0.16736845557561403,0.016289380778649224,0.16736845557561403,0.22176812320473135,0.12180160512,1.4,11.494101400557962,2.3233167359999998,1.1501568,1,HEADROOM
720p,15,8,median,finishing_owner,0.2,125,60.01817881921778,37.55189415820312,41.73182656656263,41.73182656656263,0,434380800,223742400,658123200,1096872.0,62.763519287109375,0.33390738672454057,0.17555507792005032,0.33390738672454057,0.31249564335261515,0.12180160512,3.2,26.272231772703915,2.3233167359999998,1.1501568,1,HEADROOM
720p,15,8,median,finishing_owner,0.3,125,60.03143076218089,27.42084698328108,39.52499442328144,39.524994423281896,0,434380800,223742400,658123200,1096872.0,62.763519287109375,0.3339811130809694,0.1755938402738113,0.3339811130809694,0.2401627024100725,0.12180160512,4.8,39.40834765905587,2.3233167359999998,1.1501568,1,HEADROOM
720p,15,8,median,finishing_owner,0.4,125,60.05273760163758,35.70809586328096,35.97883072656259,35.978830726562705,0,432932864,223742400,656675264,1094458.7733333334,62.625433349609374,0.3329859868427739,0.17565616345546461,0.3329859868427739,0.24623416273615287,0.12180160512,6.4,52.54446354540783,2.3233167359999998,1.1501568,1,HEADROOM
720p,15,8,median,finishing_owner,0.5,125,60.05446592073564,35.42055666328088,35.69129152656228,35.69129152656262,0,432932864,223742400,656675264,1094458.7733333334,62.625433349609374,0.3329955701867384,0.1756612188436803,0.3329955701867384,0.22016770079981476,0.12180160512,8.0,65.68057943175978,2.3233167359999998,1.1501568,1,HEADROOM
720p,15,8,median,finishing_owner,0.6,125,60.05561818873658,35.22886386328082,35.49959872656268,35.49959872656291,0,432932864,223742400,656675264,1094458.7733333334,62.625433349609374,0.3330019593891749,0.17566458926415404,0.3330019593891749,0.20278922594476664,0.12180160512,9.6,78.81669531811174,2.3233167359999998,1.1501568,1,HEADROOM
720p,15,8,median,finishing_owner,0.7,125,60.121539579972854,24.1204657261369,35.09194043470961,35.091940434709954,0,432932864,222360000,655292864,1092154.7733333334,62.493597412109374,0.3333674864307641,0.1748005874878226,0.3333674864307641,0.19100693367230293,0.12180160512,11.2,91.9528112044637,2.3233167359999998,1.1501568,1,HEADROOM
720p,15,8,median,independent_au,0.2,125,60.14719816030399,29.698233013906247,32.40409343390729,32.40409343390729,0,434380800,27000000,461380800,768968.0,44.000701904296875,0.3346251777649649,0.025461677564965146,0.3346251777649649,0.31316740618832384,0.12180160512,3.2,26.272231772703915,2.3233167359999998,1.1501568,1,HEADROOM
720p,15,8,median,independent_au,0.3,125,60.15887407800931,26.68323781390616,29.130707313906896,29.130707313906896,0,434380800,27000000,461380800,768968.0,44.000701904296875,0.33469013600337366,0.02546662024660255,0.33469013600337366,0.24067255417846878,0.12180160512,4.8,39.40834765905587,2.3233167359999998,1.1501568,1,HEADROOM
720p,15,8,median,independent_au,0.4,125,60.182845632296576,25.31380875390596,28.006955513906632,28.006955513906632,0,432932864,27000000,459932864,766554.7733333333,43.862615966796874,0.3337074219132706,0.025476767950978845,0.3337074219132706,0.24676764452689298,0.12180160512,6.4,52.54446354540783,2.3233167359999998,1.1501568,1,HEADROOM
720p,15,8,median,independent_au,0.5,125,60.19159516618868,25.026269553905877,26.26446796190703,26.26446796190703,0,432932864,27000000,459932864,766554.7733333333,43.862615966796874,0.33375593713995017,0.025480471827761444,0.33375593713995017,0.2206704349465751,0.12180160512,8.0,65.68057943175978,2.3233167359999998,1.1501568,1,HEADROOM
720p,15,8,median,independent_au,0.6,125,60.19742960228627,24.83457675390582,25.25789950781268,25.25789950781291,0,432932864,27000000,459932864,766554.7733333333,43.862615966796874,0.333788288462125,0.02548294167731777,0.333788288462125,0.20326807917534198,0.12180160512,9.6,78.81669531811174,2.3233167359999998,1.1501568,1,HEADROOM
720p,15,8,median,independent_au,0.7,125,60.2041626051363,24.2730536167619,24.697653325334613,24.697653325334954,0,432932864,27000000,459932864,766554.7733333333,43.862615966796874,0.33382562224053325,0.025485791910626297,0.33382562224053325,0.19126942812599546,0.12180160512,11.2,91.9528112044637,2.3233167359999998,1.1501568,1,HEADROOM
720p,15,8,median,raw_gather,0.2,125,41.815768762025314,2203.131059964983,4124.8171276732955,4296.268377673294,577,434380800,1866240000,2300620800,3834368.0,219.404296875,0.23263941602197927,0.9956530553654273,0.9956530553654273,0.21772146070832069,0.12180160512,3.2,26.272231772703915,2.3233167359999998,1.1501568,1,INTERCONNECT
720p,15,8,median,raw_gather,0.3,125,41.821411822438236,2201.1949626849823,4122.881030393295,4294.332280393293,576,434380800,1866240000,2300620800,3834368.0,219.404296875,0.23267081083589533,0.9957874192790436,0.9957874192790436,0.1673114092794352,0.12180160512,4.8,39.40834765905587,2.3233167359999998,1.1501568,1,INTERCONNECT
720p,15,8,median,raw_gather,0.4,125,41.824233923833766,2200.226914044982,4121.912981753296,4293.364231753294,576,432932864,1866240000,2299172864,3831954.7733333334,219.2662109375,0.23191088971589255,0.995854614836131,0.995854614836131,0.171491852555201,0.12180160512,6.4,52.54446354540783,2.3233167359999998,1.1501568,1,INTERCONNECT
720p,15,8,median,raw_gather,0.5,125,41.825927367495986,2199.6460848609827,4121.332152569295,4292.783402569294,576,432932864,1866240000,2299172864,3831954.7733333334,219.2662109375,0.23192027967930717,0.9958949365235302,0.9958949365235302,0.15333944147427758,0.12180160512,8.0,65.68057943175978,2.3233167359999998,1.1501568,1,INTERCONNECT
720p,15,8,median,raw_gather,0.6,125,41.82705640612479,2199.2588654049828,4120.944933113296,4292.396183113295,576,432932864,1866240000,2299172864,3831954.7733333334,219.2662109375,0.23192654007736746,0.9959218194625189,0.9959218194625189,0.14123701741758027,0.12180160512,9.6,78.81669531811174,2.3233167359999998,1.1501568,1,INTERCONNECT
720p,15,8,median,raw_gather,0.7,125,41.827862899607695,2198.9822800792676,4120.668347787581,4292.11959778758,576,432932864,1866240000,2299172864,3831954.7733333334,219.2662109375,0.23193101199720018,0.9959410224503908,0.9959410224503908,0.1328876786977842,0.12180160512,11.2,91.9528112044637,2.3233167359999998,1.1501568,1,INTERCONNECT
720p,15,8,adversarial,owner_only,0.2,125,43.18606687110243,1971.5742519966511,3687.887653596603,3842.346025863264,574,217190400,15000000,232190400,386984.0,22.143402099609375,0.1201314919540993,0.011691973910002904,0.1201314919540993,0.9952076404513086,0.4623630336,0.4,0.8651210649034032,8.97122304,3.9105331199999998,1,COMPUTE_CAPACITY
720p,15,8,adversarial,owner_only,0.3,125,59.58593158872506,69.66588506328048,77.88936026328156,77.88936026328156,0,217190400,15000000,232190400,386984.0,22.143402099609375,0.16575130313657355,0.016131989042159487,0.16575130313657355,0.9904932226372497,0.4623630336,0.6,1.2976815973551048,8.97122304,3.9105331199999998,1,NODE_QUEUE_HEADROOM_LOW
720p,15,8,adversarial,owner_only,0.4,125,59.728631786998605,58.45185626328066,65.0459426632824,65.0459426632824,0,217190400,15000000,232190400,386984.0,22.143402099609375,0.16614825495373978,0.016170622960829283,0.16614825495373978,0.8010853789493978,0.4623630336,0.8,1.7302421298068065,8.97122304,3.9105331199999998,1,NODE_QUEUE_HEADROOM_LOW
720p,15,8,adversarial,owner_only,0.5,125,59.81458045571724,51.723438983279266,57.33989210328218,57.33989210328218,0,217190400,15000000,232190400,386984.0,22.143402099609375,0.16638733997705196,0.016193892261904028,0.16638733997705196,0.6870045843409429,0.4623630336,1.0,2.162802662258508,8.97122304,3.9105331199999998,1,HEADROOM
720p,15,8,adversarial,owner_only,0.6,125,59.872017121194645,47.237827463280155,52.20252506328143,52.20252506328325,0,217190400,15000000,232190400,386984.0,22.143402099609375,0.16654711262634792,0.016209442369679382,0.16654711262634792,0.6107681453708219,0.4623630336,1.2,2.5953631947102096,8.97122304,3.9105331199999998,1,HEADROOM
720p,15,8,adversarial,owner_only,0.7,125,59.91311089180791,44.03381923470897,48.53297717756732,48.53297717756868,0,217190400,15000000,232190400,386984.0,22.143402099609375,0.16666142393857103,0.016220567886048077,0.16666142393857103,0.556223844977204,0.4623630336,1.4,3.0279237271619115,8.97122304,3.9105331199999998,1,HEADROOM
720p,15,8,adversarial,finishing_owner,0.2,125,59.84055146649565,60.24087232656166,71.09701246328132,71.09701246328143,0,651571200,429720000,1081291200,1802152.0,103.11996459960938,0.4993707733338749,0.3317663316440518,0.4993707733338749,0.5757230618233007,0.4623630336,3.2,6.920968519227226,8.97122304,3.9105331199999998,1,HEADROOM
720p,15,8,adversarial,finishing_owner,0.3,125,59.82473615051106,63.239319926562075,63.51005478984371,63.51005478984405,0,651571200,431102400,1082673600,1804456.0,103.25180053710938,0.4992387941595492,0.3327302554963992,0.4992387941595492,0.5779274390323784,0.4623630336,4.8,10.381452778840838,8.97122304,3.9105331199999998,1,HEADROOM
720p,15,8,adversarial,finishing_owner,0.4,125,59.90963385807271,59.57371852656206,59.84445338984369,59.84445338984392,0,648675328,428337600,1077012928,1795021.5466666666,102.71195678710937,0.49772524411727515,0.3310962372975612,0.49772524411727515,0.4695844972918242,0.4623630336,6.4,13.841937038454452,8.97122304,3.9105331199999998,1,HEADROOM
720p,15,8,adversarial,finishing_owner,0.5,125,59.9230531935801,46.64867033492146,57.60164762984368,57.60164762984391,0,648675328,428337600,1077012928,1795021.5466666666,102.71195678710937,0.49783673106204823,0.331170400519858,0.49783673106204823,0.4025205135227067,0.4623630336,8.0,17.302421298068065,8.97122304,3.9105331199999998,1,HEADROOM
720p,15,8,adversarial,finishing_owner,0.6,125,59.93200275756886,45.15346649492176,56.10644378984398,56.10644378984398,0,648675328,428337600,1077012928,1795021.5466666666,102.71195678710937,0.4979110834430292,0.3312198611286334,0.4979110834430292,0.35779449756222753,0.4623630336,9.6,20.762905557681677,8.97122304,3.9105331199999998,1,HEADROOM
720p,15,8,adversarial,finishing_owner,0.7,125,60.00310386799446,40.90697265513358,44.24342750412961,44.24342750413052,0,434380800,223742400,658123200,1096872.0,62.763519287109375,0.3338235181755941,0.17551098320926906,0.3338235181755941,0.39341989806724526,0.4623630336,11.2,24.223389817295292,8.97122304,3.9105331199999998,1,HEADROOM
720p,15,8,adversarial,independent_au,0.2,125,59.935934193967626,50.45693677968666,60.93160718984382,60.93160718984393,0,651571200,45000000,696571200,1160952.0,66.43020629882812,0.5001667443804828,0.03909049137787853,0.5001667443804828,0.5766407344476242,0.4623630336,3.2,6.920968519227226,8.97122304,3.9105331199999998,1,HEADROOM
720p,15,8,adversarial,independent_au,0.3,125,60.01250782894724,42.908509379687075,50.624596389843646,50.62459638984387,0,651571200,45000000,696571200,1160952.0,66.43020629882812,0.5008057531192002,0.03914043305407326,0.5008057531192002,0.5797413777511121,0.4623630336,4.8,10.381452778840838,8.97122304,3.9105331199999998,1,HEADROOM
720p,15,8,adversarial,independent_au,0.4,125,60.04703688965904,40.62691598984338,43.14857718984422,43.14857718984422,0,648675328,45000000,693675328,1156125.5466666666,66.15403442382812,0.4988667793434923,0.03916295306595249,0.4988667793434923,0.470661491580701,0.4623630336,6.4,13.841937038454452,8.97122304,3.9105331199999998,1,HEADROOM
720p,15,8,adversarial,independent_au,0.5,125,60.08156337137385,38.66296566984238,39.649282709843646,39.649282709843874,0,648675328,45000000,693675328,1156125.5466666666,66.15403442382812,0.4991536230518135,0.03918547139579804,0.4991536230518135,0.4035852723219287,0.4623630336,8.0,17.302421298068065,8.97122304,3.9105331199999998,1,HEADROOM
720p,15,8,adversarial,independent_au,0.6,125,60.09448295153928,35.67255798984297,38.99752718984382,38.997527189843936,0,648675328,45000000,693675328,1156125.5466666666,66.15403442382812,0.4992609580625225,0.03919389760528078,0.4992609580625225,0.35876450551608513,0.4623630336,9.6,20.762905557681677,8.97122304,3.9105331199999998,1,HEADROOM
720p,15,8,adversarial,independent_au,0.7,125,60.106702739623515,33.8626547990516,38.03571044698765,38.03571044698765,0,434380800,45000000,479380800,798968.0,45.717315673828125,0.3343998840229729,0.03920186740715625,0.3343998840229729,0.3940991605534968,0.4623630336,11.2,24.223389817295292,8.97122304,3.9105331199999998,1,HEADROOM
720p,15,8,adversarial,raw_gather,0.2,125,41.76189800326166,2221.640105724982,4143.3261734332955,4314.777423433294,580,651571200,1866240000,2517811200,4196352.0,240.1171875,0.34850399588071285,0.9943703673473466,0.9943703673473466,0.4017892080999935,0.4623630336,3.2,6.920968519227226,8.97122304,3.9105331199999998,1,INTERCONNECT
720p,15,8,adversarial,raw_gather,0.3,125,41.783640312097006,2214.1640865249824,4135.850154233296,4307.301404233294,577,651571200,1866240000,2517811200,4196352.0,240.1171875,0.348685435946205,0.9948880619124233,0.9948880619124233,0.4036442748074533,0.4623630336,4.8,10.381452778840838,8.97122304,3.9105331199999998,1,INTERCONNECT
720p,15,8,adversarial,raw_gather,0.4,125,41.794519958425454,2210.4260769249827,4132.112144633296,4303.563394633295,578,648675328,1866240000,2514915328,4191525.546666667,239.841015625,0.3472260855132665,0.9951471113913379,0.9951471113913379,0.32759436805647846,0.4623630336,6.4,13.841937038454452,8.97122304,3.9105331199999998,1,INTERCONNECT
720p,15,8,adversarial,raw_gather,0.5,125,41.80105046618159,2208.1832711649827,4129.869338873295,4301.320588873294,577,648675328,1866240000,2514915328,4191525.546666667,239.841015625,0.34728034053633733,0.9953026058421872,0.9953026058421872,0.2807897695913571,0.4623630336,8.0,17.302421298068065,8.97122304,3.9105331199999998,1,INTERCONNECT
720p,15,8,adversarial,raw_gather,0.6,125,41.80540527192564,2206.688067324982,4128.374135033295,4299.825385033293,577,648675328,1866240000,2514915328,4191525.546666667,239.841015625,0.3473165199721385,0.9954062958082682,0.9954062958082682,0.2495785771611797,0.4623630336,9.6,20.762905557681677,8.97122304,3.9105331199999998,1,INTERCONNECT
720p,15,8,adversarial,raw_gather,0.7,125,41.808516403025926,2205.620064582125,4127.306132290438,4298.757382290436,577,434380800,1866240000,2300620800,3834368.0,219.404296875,0.23259906797595867,0.9954803732981087,0.9954803732981087,0.2741241902720087,0.4623630336,11.2,24.223389817295292,8.97122304,3.9105331199999998,1,INTERCONNECT
720p,15,16,optimistic,owner_only,0.2,125,60.217249226041545,20.172647303281224,21.814055303281748,21.814055303281748,0,217190400,15000000,232190400,386984.0,22.143402099609375,0.16750745124550248,0.016302908736385405,0.16750745124550248,0.15681242277748642,0.02708619264,0.4,14.767671681153635,0.506068992,0.2875392,1,HEADROOM
720p,15,16,optimistic,owner_only,0.3,125,60.233994219159435,18.907474823280836,20.309266823281632,20.309266823282087,0,217190400,15000000,232190400,386984.0,22.143402099609375,0.16755403110682715,0.016307442189807824,0.16755403110682715,0.13419617345294224,0.02708619264,0.6,22.15150752173045,0.506068992,0.2875392,1,HEADROOM
720p,15,16,optimistic,owner_only,0.4,125,60.24237020849403,18.27488858327888,19.556872583281802,19.556872583281802,0,217190400,15000000,232190400,386984.0,22.143402099609375,0.167577330753409,0.01630970986213517,0.167577330753409,0.12288333135165128,0.02708619264,0.8,29.53534336230727,0.506068992,0.2875392,1,HEADROOM
720p,15,16,optimistic,owner_only,0.5,125,60.24739692034251,17.89533683927948,19.105436039281813,19.105436039281813,0,217190400,15000000,232190400,386984.0,22.143402099609375,0.16759131365200877,0.016311070768280225,0.16759131365200877,0.11609411575461955,0.02708619264,1.0,36.91917920288409,0.506068992,0.2875392,1,HEADROOM
720p,15,16,optimistic,owner_only,0.6,125,60.250748527640994,17.642302343281017,18.804478343281517,18.804478343281517,0,217190400,15000000,232190400,386984.0,22.143402099609375,0.16760063688087357,0.01631197816522395,0.16760063688087357,0.1115673425414475,0.02708619264,1.2,44.3030150434609,0.506068992,0.2875392,1,HEADROOM
720p,15,16,optimistic,owner_only,0.7,125,60.25314276117237,17.46156341756432,18.589508560424292,18.589508560424292,0,217190400,15000000,232190400,386984.0,22.143402099609375,0.1676072969651797,0.016312626367711733,0.1676072969651797,0.10833362473070901,0.02708619264,1.4,51.68685088403772,0.506068992,0.2875392,1,HEADROOM
720p,15,16,optimistic,finishing_owner,0.2,125,60.18295352742416,20.172647303281224,21.814055303281748,21.814055303281748,0,218638336,16382400,235020736,391701.2266666667,22.413323974609376,0.16852813059266492,0.017351527175083346,0.16852813059266492,0.1564297198088661,0.02708619264,6.4,236.28274689845816,0.506068992,0.2875392,1,HEADROOM
720p,15,16,optimistic,finishing_owner,0.3,125,60.18549943478972,18.907474823280836,20.309266823281632,20.309266823282087,0,218638336,16382400,235020736,391701.2266666667,22.413323974609376,0.1685352598042412,0.0173522611932438,0.1685352598042412,0.1338370284693318,0.02708619264,9.6,354.4241203476872,0.506068992,0.2875392,1,HEADROOM
720p,15,16,optimistic,finishing_owner,0.4,125,60.188407051724056,18.27488858327888,19.556872583281802,19.556872583281802,0,218638336,16382400,235020736,391701.2266666667,22.413323974609376,0.1685434018979355,0.017353099496970913,0.1685434018979355,0.12254329398554765,0.02708619264,12.8,472.5654937969163,0.506068992,0.2875392,1,HEADROOM
720p,15,16,optimistic,finishing_owner,0.5,125,60.18917093974025,17.89533683927948,19.105436039281813,19.105436039281813,0,218638336,16382400,235020736,391701.2266666667,22.413323974609376,0.1685455409856972,0.017353319735807577,0.1685455409856972,0.1157646430426682,0.02708619264,16.0,590.7068672461454,0.506068992,0.2875392,1,HEADROOM
720p,15,16,optimistic,finishing_owner,0.6,125,60.18968020919001,17.642302343281017,18.804478343281517,18.804478343281517,0,218638336,16382400,235020736,391701.2266666667,22.413323974609376,0.16854696707437022,0.017353466564804475,0.16854696707437022,0.11124544682214,0.02708619264,19.2,708.8482406953744,0.506068992,0.2875392,1,HEADROOM
720p,15,16,optimistic,finishing_owner,0.7,125,60.19004397835905,17.46156341756432,18.589508560424292,18.589508560424292,0,218638336,16382400,235020736,391701.2266666667,22.413323974609376,0.1685479857239119,0.01735357144418065,0.1685479857239119,0.1080174026999462,0.02708619264,22.4,826.9896141446035,0.506068992,0.2875392,1,HEADROOM
720p,15,16,optimistic,independent_au,0.2,125,60.23452812992839,20.23940450542966,21.880812505430185,21.880812505430185,0,218638336,20250000,238888336,398147.2266666667,22.782167053222658,0.16867255307173348,0.02032867530875237,0.16867255307173348,0.15656377438987493,0.02708619264,6.4,236.28274689845816,0.506068992,0.2875392,1,HEADROOM
720p,15,16,optimistic,independent_au,0.3,125,60.248432266908615,18.974232025429274,20.37602402543007,20.376024025430524,0,218638336,20250000,238888336,398147.2266666667,22.782167053222658,0.16871148831959754,0.020333367844659837,0.16871148831959754,0.13397697485713367,0.02708619264,9.6,354.4241203476872,0.506068992,0.2875392,1,HEADROOM
720p,15,16,optimistic,independent_au,0.4,125,60.251749876635714,18.341645785427318,19.62362978543024,19.62362978543024,0,218638336,20250000,238888336,398147.2266666667,22.782167053222658,0.16872077850116182,0.020334487511618926,0.16872077850116182,0.12267225965842804,0.02708619264,12.8,472.5654937969163,0.506068992,0.2875392,1,HEADROOM
720p,15,16,optimistic,independent_au,0.5,125,60.25251537335354,17.962094041427918,19.17219324143025,19.17219324143025,0,218638336,20250000,238888336,398147.2266666667,22.782167053222658,0.168722922093712,0.020334745860687304,0.168722922093712,0.11588647634974802,0.02708619264,16.0,590.7068672461454,0.506068992,0.2875392,1,HEADROOM
720p,15,16,optimistic,independent_au,0.6,125,60.25302571530507,17.709059545429454,18.871235545429954,18.871235545429954,0,218638336,20250000,238888336,398147.2266666667,22.782167053222658,0.16872435118567267,0.020334918097046604,0.16872435118567267,0.11136252501739631,0.02708619264,19.2,708.8482406953744,0.506068992,0.2875392,1,HEADROOM
720p,15,16,optimistic,independent_au,0.7,125,60.25339025056351,17.52832061971276,18.65626576257273,18.65626576257273,0,218638336,20250000,238888336,398147.2266666667,22.782167053222658,0.16872537198046653,0.020335041124803895,0.16872537198046653,0.10813108428816216,0.02708619264,22.4,826.9896141446035,0.506068992,0.2875392,1,HEADROOM
720p,15,16,optimistic,raw_gather,0.2,125,41.83170046562091,2197.6663406049825,4119.352408313296,4290.803658313294,576,218638336,1866240000,2084878336,3474797.2266666666,198.8294921875,0.11713978569979858,0.9960323966960245,0.9960323966960245,0.10873047598077172,0.02708619264,6.4,236.28274689845816,0.506068992,0.2875392,1,INTERCONNECT
720p,15,16,optimistic,raw_gather,0.3,125,41.83293045408746,2197.2446164449825,4118.930684153296,4290.381934153294,576,218638336,1866240000,2084878336,3474797.2266666666,198.8294921875,0.11714322999165813,0.9960616832979702,0.9960616832979702,0.09302564831592879,0.02708619264,9.6,354.4241203476872,0.506068992,0.2875392,1,INTERCONNECT
720p,15,16,optimistic,raw_gather,0.4,125,41.8335454754454,2197.0337543649825,4118.719822073295,4290.1710720732935,576,218638336,1866240000,2084878336,3474797.2266666666,198.8294921875,0.1171449522135441,0.9960763272447938,0.9960763272447938,0.08517288814853988,0.02708619264,12.8,472.5654937969163,0.506068992,0.2875392,1,INTERCONNECT
720p,15,16,optimistic,raw_gather,0.5,125,41.833914496940494,2196.9072371169827,4118.5933048252955,4290.044554825294,576,218638336,1866240000,2084878336,3474797.2266666666,198.8294921875,0.11714598557098294,0.9960851138195711,0.9960851138195711,0.08046112121505022,0.02708619264,16.0,590.7068672461454,0.506068992,0.2875392,1,INTERCONNECT
720p,15,16,optimistic,raw_gather,0.6,125,41.834160514887486,2196.8228922849826,4118.508959993296,4289.9602099932945,576,218638336,1866240000,2084878336,3474797.2266666666,198.8294921875,0.11714667448607047,0.9960909716222097,0.9960909716222097,0.07731989707759263,0.02708619264,19.2,708.8482406953744,0.506068992,0.2875392,1,INTERCONNECT
720p,15,16,optimistic,raw_gather,0.7,125,41.834336243764064,2196.762645976411,4118.448713684724,4289.899963684722,576,218638336,1866240000,2084878336,3474797.2266666666,198.8294921875,0.11714716657323677,0.996095155809134,0.996095155809134,0.0750761429307534,0.02708619264,22.4,826.9896141446035,0.506068992,0.2875392,1,INTERCONNECT
720p,15,16,median,owner_only,0.2,125,60.00513784249975,36.56680538327964,40.641237383282714,40.641237383282714,0,217190400,15000000,232190400,386984.0,22.143402099609375,0.16691741703281585,0.016245482789961824,0.16691741703281585,0.4386919750880791,0.12180160512,0.4,3.2840289715879893,2.3233167359999998,1.1501568,1,HEADROOM
720p,15,16,median,owner_only,0.3,125,60.08069607382817,30.75851354328097,33.87448154328149,33.874481543283764,0,217190400,15000000,232190400,386984.0,22.143402099609375,0.16712759878161898,0.016265939037390296,0.16712759878161898,0.33760652402412783,0.12180160512,0.6,4.926043457381984,2.3233167359999998,1.1501568,1,HEADROOM
720p,15,16,median,owner_only,0.4,125,60.11854659141563,27.854367623280268,30.49110362328156,30.49110362328156,0,217190400,15000000,232190400,386984.0,22.143402099609375,0.1672328882760892,0.01627618649209446,0.1672328882760892,0.2869682735508664,0.12180160512,0.8,6.568057943175979,2.3233167359999998,1.1501568,1,HEADROOM
720p,15,16,median,owner_only,0.5,125,60.141279802423334,26.1118800712793,28.461076871281875,28.461076871281875,0,217190400,15000000,232190400,386984.0,22.143402099609375,0.167296125675397,0.016282341164868572,0.167296125675397,0.25655468593188663,0.12180160512,1.0,8.210072428969973,2.3233167359999998,1.1501568,1,HEADROOM
720p,15,16,median,owner_only,0.6,125,60.156444830314975,24.95022170328093,27.107725703282085,27.107725703282995,0,217190400,15000000,232190400,386984.0,22.143402099609375,0.1673383105178275,0.016286446866621476,0.1673383105178275,0.2362661792017021,0.12180160512,1.2,9.852086914763968,2.3233167359999998,1.1501568,1,HEADROOM
720p,15,16,median,owner_only,0.7,125,60.167281676342824,24.1204657261369,26.141046297566845,26.141046297567073,0,217190400,15000000,232190400,386984.0,22.143402099609375,0.16736845557561403,0.016289380778649224,0.16736845557561403,0.22176812320473135,0.12180160512,1.4,11.494101400557962,2.3233167359999998,1.1501568,1,HEADROOM
720p,15,16,median,finishing_owner,0.2,125,60.01817881921778,37.55189415820312,41.73182656656263,41.73182656656263,0,434380800,223742400,658123200,1096872.0,62.763519287109375,0.33390738672454057,0.17555507792005032,0.33390738672454057,0.31249564335261515,0.12180160512,6.4,52.54446354540783,2.3233167359999998,1.1501568,1,HEADROOM
720p,15,16,median,finishing_owner,0.3,125,60.03143076218089,27.42084698328108,39.52499442328144,39.524994423281896,0,434380800,223742400,658123200,1096872.0,62.763519287109375,0.3339811130809694,0.1755938402738113,0.3339811130809694,0.2401627024100725,0.12180160512,9.6,78.81669531811174,2.3233167359999998,1.1501568,1,HEADROOM
720p,15,16,median,finishing_owner,0.4,125,60.05273760163758,35.70809586328096,35.97883072656259,35.978830726562705,0,432932864,223742400,656675264,1094458.7733333334,62.625433349609374,0.3329859868427739,0.17565616345546461,0.3329859868427739,0.24623416273615287,0.12180160512,12.8,105.08892709081566,2.3233167359999998,1.1501568,1,HEADROOM
720p,15,16,median,finishing_owner,0.5,125,60.05446592073564,35.42055666328088,35.69129152656228,35.69129152656262,0,432932864,223742400,656675264,1094458.7733333334,62.625433349609374,0.3329955701867384,0.1756612188436803,0.3329955701867384,0.22016770079981476,0.12180160512,16.0,131.36115886351956,2.3233167359999998,1.1501568,1,HEADROOM
720p,15,16,median,finishing_owner,0.6,125,60.05561818873658,35.22886386328082,35.49959872656268,35.49959872656291,0,432932864,223742400,656675264,1094458.7733333334,62.625433349609374,0.3330019593891749,0.17566458926415404,0.3330019593891749,0.20278922594476664,0.12180160512,19.2,157.63339063622348,2.3233167359999998,1.1501568,1,HEADROOM
720p,15,16,median,finishing_owner,0.7,125,60.121539579972854,24.1204657261369,35.09194043470961,35.091940434709954,0,432932864,222360000,655292864,1092154.7733333334,62.493597412109374,0.3333674864307641,0.1748005874878226,0.3333674864307641,0.19100693367230293,0.12180160512,22.4,183.9056224089274,2.3233167359999998,1.1501568,1,HEADROOM
720p,15,16,median,independent_au,0.2,125,60.14719816030399,29.698233013906247,32.40409343390729,32.40409343390729,0,434380800,27000000,461380800,768968.0,44.000701904296875,0.3346251777649649,0.025461677564965146,0.3346251777649649,0.31316740618832384,0.12180160512,6.4,52.54446354540783,2.3233167359999998,1.1501568,1,HEADROOM
720p,15,16,median,independent_au,0.3,125,60.15887407800931,26.68323781390616,29.130707313906896,29.130707313906896,0,434380800,27000000,461380800,768968.0,44.000701904296875,0.33469013600337366,0.02546662024660255,0.33469013600337366,0.24067255417846878,0.12180160512,9.6,78.81669531811174,2.3233167359999998,1.1501568,1,HEADROOM
720p,15,16,median,independent_au,0.4,125,60.182845632296576,25.31380875390596,28.006955513906632,28.006955513906632,0,432932864,27000000,459932864,766554.7733333333,43.862615966796874,0.3337074219132706,0.025476767950978845,0.3337074219132706,0.24676764452689298,0.12180160512,12.8,105.08892709081566,2.3233167359999998,1.1501568,1,HEADROOM
720p,15,16,median,independent_au,0.5,125,60.19159516618868,25.026269553905877,26.26446796190703,26.26446796190703,0,432932864,27000000,459932864,766554.7733333333,43.862615966796874,0.33375593713995017,0.025480471827761444,0.33375593713995017,0.2206704349465751,0.12180160512,16.0,131.36115886351956,2.3233167359999998,1.1501568,1,HEADROOM
720p,15,16,median,independent_au,0.6,125,60.19742960228627,24.83457675390582,25.25789950781268,25.25789950781291,0,432932864,27000000,459932864,766554.7733333333,43.862615966796874,0.333788288462125,0.02548294167731777,0.333788288462125,0.20326807917534198,0.12180160512,19.2,157.63339063622348,2.3233167359999998,1.1501568,1,HEADROOM
720p,15,16,median,independent_au,0.7,125,60.2041626051363,24.2730536167619,24.697653325334613,24.697653325334954,0,432932864,27000000,459932864,766554.7733333333,43.862615966796874,0.33382562224053325,0.025485791910626297,0.33382562224053325,0.19126942812599546,0.12180160512,22.4,183.9056224089274,2.3233167359999998,1.1501568,1,HEADROOM
720p,15,16,median,raw_gather,0.2,125,41.815768762025314,2203.131059964983,4124.8171276732955,4296.268377673294,577,434380800,1866240000,2300620800,3834368.0,219.404296875,0.23263941602197927,0.9956530553654273,0.9956530553654273,0.21772146070832069,0.12180160512,6.4,52.54446354540783,2.3233167359999998,1.1501568,1,INTERCONNECT
720p,15,16,median,raw_gather,0.3,125,41.821411822438236,2201.1949626849823,4122.881030393295,4294.332280393293,576,434380800,1866240000,2300620800,3834368.0,219.404296875,0.23267081083589533,0.9957874192790436,0.9957874192790436,0.1673114092794352,0.12180160512,9.6,78.81669531811174,2.3233167359999998,1.1501568,1,INTERCONNECT
720p,15,16,median,raw_gather,0.4,125,41.824233923833766,2200.226914044982,4121.912981753296,4293.364231753294,576,432932864,1866240000,2299172864,3831954.7733333334,219.2662109375,0.23191088971589255,0.995854614836131,0.995854614836131,0.171491852555201,0.12180160512,12.8,105.08892709081566,2.3233167359999998,1.1501568,1,INTERCONNECT
720p,15,16,median,raw_gather,0.5,125,41.825927367495986,2199.6460848609827,4121.332152569295,4292.783402569294,576,432932864,1866240000,2299172864,3831954.7733333334,219.2662109375,0.23192027967930717,0.9958949365235302,0.9958949365235302,0.15333944147427758,0.12180160512,16.0,131.36115886351956,2.3233167359999998,1.1501568,1,INTERCONNECT
720p,15,16,median,raw_gather,0.6,125,41.82705640612479,2199.2588654049828,4120.944933113296,4292.396183113295,576,432932864,1866240000,2299172864,3831954.7733333334,219.2662109375,0.23192654007736746,0.9959218194625189,0.9959218194625189,0.14123701741758027,0.12180160512,19.2,157.63339063622348,2.3233167359999998,1.1501568,1,INTERCONNECT
720p,15,16,median,raw_gather,0.7,125,41.827862899607695,2198.9822800792676,4120.668347787581,4292.11959778758,576,432932864,1866240000,2299172864,3831954.7733333334,219.2662109375,0.23193101199720018,0.9959410224503908,0.9959410224503908,0.1328876786977842,0.12180160512,22.4,183.9056224089274,2.3233167359999998,1.1501568,1,INTERCONNECT
720p,15,16,adversarial,owner_only,0.2,125,43.18606687110243,1971.5742519966511,3687.887653596603,3842.346025863264,574,217190400,15000000,232190400,386984.0,22.143402099609375,0.1201314919540993,0.011691973910002904,0.1201314919540993,0.9952076404513086,0.4623630336,0.4,0.8651210649034032,8.97122304,3.9105331199999998,1,COMPUTE_CAPACITY
720p,15,16,adversarial,owner_only,0.3,125,59.58593158872506,69.66588506328048,77.88936026328156,77.88936026328156,0,217190400,15000000,232190400,386984.0,22.143402099609375,0.16575130313657355,0.016131989042159487,0.16575130313657355,0.9904932226372497,0.4623630336,0.6,1.2976815973551048,8.97122304,3.9105331199999998,1,NODE_QUEUE_HEADROOM_LOW
720p,15,16,adversarial,owner_only,0.4,125,59.728631786998605,58.45185626328066,65.0459426632824,65.0459426632824,0,217190400,15000000,232190400,386984.0,22.143402099609375,0.16614825495373978,0.016170622960829283,0.16614825495373978,0.8010853789493978,0.4623630336,0.8,1.7302421298068065,8.97122304,3.9105331199999998,1,NODE_QUEUE_HEADROOM_LOW
720p,15,16,adversarial,owner_only,0.5,125,59.81458045571724,51.723438983279266,57.33989210328218,57.33989210328218,0,217190400,15000000,232190400,386984.0,22.143402099609375,0.16638733997705196,0.016193892261904028,0.16638733997705196,0.6870045843409429,0.4623630336,1.0,2.162802662258508,8.97122304,3.9105331199999998,1,HEADROOM
720p,15,16,adversarial,owner_only,0.6,125,59.872017121194645,47.237827463280155,52.20252506328143,52.20252506328325,0,217190400,15000000,232190400,386984.0,22.143402099609375,0.16654711262634792,0.016209442369679382,0.16654711262634792,0.6107681453708219,0.4623630336,1.2,2.5953631947102096,8.97122304,3.9105331199999998,1,HEADROOM
720p,15,16,adversarial,owner_only,0.7,125,59.91311089180791,44.03381923470897,48.53297717756732,48.53297717756868,0,217190400,15000000,232190400,386984.0,22.143402099609375,0.16666142393857103,0.016220567886048077,0.16666142393857103,0.556223844977204,0.4623630336,1.4,3.0279237271619115,8.97122304,3.9105331199999998,1,HEADROOM
720p,15,16,adversarial,finishing_owner,0.2,125,59.84055146649565,60.24087232656166,71.09701246328132,71.09701246328143,0,651571200,429720000,1081291200,1802152.0,103.11996459960938,0.4993707733338749,0.3317663316440518,0.4993707733338749,0.5757230618233007,0.4623630336,6.4,13.841937038454452,8.97122304,3.9105331199999998,1,HEADROOM
720p,15,16,adversarial,finishing_owner,0.3,125,59.82473615051106,63.239319926562075,63.51005478984371,63.51005478984405,0,651571200,431102400,1082673600,1804456.0,103.25180053710938,0.4992387941595492,0.3327302554963992,0.4992387941595492,0.5779274390323784,0.4623630336,9.6,20.762905557681677,8.97122304,3.9105331199999998,1,HEADROOM
720p,15,16,adversarial,finishing_owner,0.4,125,59.90963385807271,59.57371852656206,59.84445338984369,59.84445338984392,0,648675328,428337600,1077012928,1795021.5466666666,102.71195678710937,0.49772524411727515,0.3310962372975612,0.49772524411727515,0.4695844972918242,0.4623630336,12.8,27.683874076908904,8.97122304,3.9105331199999998,1,HEADROOM
720p,15,16,adversarial,finishing_owner,0.5,125,59.9230531935801,46.64867033492146,57.60164762984368,57.60164762984391,0,648675328,428337600,1077012928,1795021.5466666666,102.71195678710937,0.49783673106204823,0.331170400519858,0.49783673106204823,0.4025205135227067,0.4623630336,16.0,34.60484259613613,8.97122304,3.9105331199999998,1,HEADROOM
720p,15,16,adversarial,finishing_owner,0.6,125,59.93200275756886,45.15346649492176,56.10644378984398,56.10644378984398,0,648675328,428337600,1077012928,1795021.5466666666,102.71195678710937,0.4979110834430292,0.3312198611286334,0.4979110834430292,0.35779449756222753,0.4623630336,19.2,41.525811115363354,8.97122304,3.9105331199999998,1,HEADROOM
720p,15,16,adversarial,finishing_owner,0.7,125,60.00310386799446,40.90697265513358,44.24342750412961,44.24342750413052,0,434380800,223742400,658123200,1096872.0,62.763519287109375,0.3338235181755941,0.17551098320926906,0.3338235181755941,0.39341989806724526,0.4623630336,22.4,48.446779634590584,8.97122304,3.9105331199999998,1,HEADROOM
720p,15,16,adversarial,independent_au,0.2,125,59.935934193967626,50.45693677968666,60.93160718984382,60.93160718984393,0,651571200,45000000,696571200,1160952.0,66.43020629882812,0.5001667443804828,0.03909049137787853,0.5001667443804828,0.5766407344476242,0.4623630336,6.4,13.841937038454452,8.97122304,3.9105331199999998,1,HEADROOM
720p,15,16,adversarial,independent_au,0.3,125,60.01250782894724,42.908509379687075,50.624596389843646,50.62459638984387,0,651571200,45000000,696571200,1160952.0,66.43020629882812,0.5008057531192002,0.03914043305407326,0.5008057531192002,0.5797413777511121,0.4623630336,9.6,20.762905557681677,8.97122304,3.9105331199999998,1,HEADROOM
720p,15,16,adversarial,independent_au,0.4,125,60.04703688965904,40.62691598984338,43.14857718984422,43.14857718984422,0,648675328,45000000,693675328,1156125.5466666666,66.15403442382812,0.4988667793434923,0.03916295306595249,0.4988667793434923,0.470661491580701,0.4623630336,12.8,27.683874076908904,8.97122304,3.9105331199999998,1,HEADROOM
720p,15,16,adversarial,independent_au,0.5,125,60.08156337137385,38.66296566984238,39.649282709843646,39.649282709843874,0,648675328,45000000,693675328,1156125.5466666666,66.15403442382812,0.4991536230518135,0.03918547139579804,0.4991536230518135,0.4035852723219287,0.4623630336,16.0,34.60484259613613,8.97122304,3.9105331199999998,1,HEADROOM
720p,15,16,adversarial,independent_au,0.6,125,60.09448295153928,35.67255798984297,38.99752718984382,38.997527189843936,0,648675328,45000000,693675328,1156125.5466666666,66.15403442382812,0.4992609580625225,0.03919389760528078,0.4992609580625225,0.35876450551608513,0.4623630336,19.2,41.525811115363354,8.97122304,3.9105331199999998,1,HEADROOM
720p,15,16,adversarial,independent_au,0.7,125,60.106702739623515,33.8626547990516,38.03571044698765,38.03571044698765,0,434380800,45000000,479380800,798968.0,45.717315673828125,0.3343998840229729,0.03920186740715625,0.3343998840229729,0.3940991605534968,0.4623630336,22.4,48.446779634590584,8.97122304,3.9105331199999998,1,HEADROOM
720p,15,16,adversarial,raw_gather,0.2,125,41.76189800326166,2221.640105724982,4143.3261734332955,4314.777423433294,580,651571200,1866240000,2517811200,4196352.0,240.1171875,0.34850399588071285,0.9943703673473466,0.9943703673473466,0.4017892080999935,0.4623630336,6.4,13.841937038454452,8.97122304,3.9105331199999998,1,INTERCONNECT
720p,15,16,adversarial,raw_gather,0.3,125,41.783640312097006,2214.1640865249824,4135.850154233296,4307.301404233294,577,651571200,1866240000,2517811200,4196352.0,240.1171875,0.348685435946205,0.9948880619124233,0.9948880619124233,0.4036442748074533,0.4623630336,9.6,20.762905557681677,8.97122304,3.9105331199999998,1,INTERCONNECT
720p,15,16,adversarial,raw_gather,0.4,125,41.794519958425454,2210.4260769249827,4132.112144633296,4303.563394633295,578,648675328,1866240000,2514915328,4191525.546666667,239.841015625,0.3472260855132665,0.9951471113913379,0.9951471113913379,0.32759436805647846,0.4623630336,12.8,27.683874076908904,8.97122304,3.9105331199999998,1,INTERCONNECT
720p,15,16,adversarial,raw_gather,0.5,125,41.80105046618159,2208.1832711649827,4129.869338873295,4301.320588873294,577,648675328,1866240000,2514915328,4191525.546666667,239.841015625,0.34728034053633733,0.9953026058421872,0.9953026058421872,0.2807897695913571,0.4623630336,16.0,34.60484259613613,8.97122304,3.9105331199999998,1,INTERCONNECT
720p,15,16,adversarial,raw_gather,0.6,125,41.80540527192564,2206.688067324982,4128.374135033295,4299.825385033293,577,648675328,1866240000,2514915328,4191525.546666667,239.841015625,0.3473165199721385,0.9954062958082682,0.9954062958082682,0.2495785771611797,0.4623630336,19.2,41.525811115363354,8.97122304,3.9105331199999998,1,INTERCONNECT
720p,15,16,adversarial,raw_gather,0.7,125,41.808516403025926,2205.620064582125,4127.306132290438,4298.757382290436,577,434380800,1866240000,2300620800,3834368.0,219.404296875,0.23259906797595867,0.9954803732981087,0.9954803732981087,0.2741241902720087,0.4623630336,22.4,48.446779634590584,8.97122304,3.9105331199999998,1,INTERCONNECT
